英文原名,中文翻译,拆词,未收录词
ResData.GameDataMgr.levelDatabin,资源数据.游戏数据管理器.等级数据表,Res|Data|Game|Data|Mgr|level|Databin,
ResData.GameDataMgr.trainLevelDatabin,资源数据.游戏数据管理器.训练等级数据表,Res|Data|Game|Data|Mgr|train|Level|Databin,
ResData.GameDataMgr.burnMap,资源数据.游戏数据管理器.burn地图,Res|Data|Game|Data|Mgr|burn|Map,burn
ResData.GameDataMgr.arenaLevelDatabin,资源数据.游戏数据管理器.arena等级数据表,Res|Data|Game|Data|Mgr|arena|Level|Databin,arena
ResData.GameDataMgr.pvpLevelDatabin,资源数据.游戏数据管理器.竞技等级数据表,Res|Data|Game|Data|Mgr|pvp|Level|Databin,
ResData.GameDataMgr.cpLevelDatabin,资源数据.游戏数据管理器.战力等级数据表,Res|Data|Game|Data|Mgr|cp|Level|Databin,
ResData.GameDataMgr.rankLevelDatabin,资源数据.游戏数据管理器.排行等级数据表,Res|Data|Game|Data|Mgr|rank|Level|Databin,
ResData.GameDataMgr.entertainLevelDatabin,资源数据.游戏数据管理器.entertain等级数据表,Res|Data|Game|Data|Mgr|entertain|Level|Databin,entertain
ResData.GameDataMgr.uinionBattleLevelDatabin,资源数据.游戏数据管理器.uinion战斗等级数据表,Res|Data|Game|Data|Mgr|uinion|Battle|Level|Databin,uinion
ResData.GameDataMgr.ResBranchFillInHeroConfDatabin,资源数据.游戏数据管理器.资源分支Fill内英雄配置数据表,Res|Data|Game|Data|Mgr|Res|Branch|Fill|In|Hero|Conf|Databin,Fill
ResData.GameDataMgr.guildMatchLevelDatabin,资源数据.游戏数据管理器.公会匹配等级数据表,Res|Data|Game|Data|Mgr|guild|Match|Level|Databin,
ResData.GameDataMgr.rank10V10Databin,资源数据.游戏数据管理器.排行10V10数据表,Res|Data|Game|Data|Mgr|rank|10|V|10|Databin,
ResData.GameDataMgr.guildLevelDatabin,资源数据.游戏数据管理器.公会等级数据表,Res|Data|Game|Data|Mgr|guild|Level|Databin,
ResData.GameDataMgr.guildLevelUpRankPointDatabin,资源数据.游戏数据管理器.公会等级上排行点数据表,Res|Data|Game|Data|Mgr|guild|Level|Up|Rank|Point|Databin,
ResData.GameDataMgr.Master2V2Databin,资源数据.游戏数据管理器.主2V2数据表,Res|Data|Game|Data|Mgr|Master|2|V|2|Databin,
ResData.GameDataMgr.ResMaster2V2RankConfigDatabin,资源数据.游戏数据管理器.资源主2V2排行配置数据表,Res|Data|Game|Data|Mgr|Res|Master|2|V|2|Rank|Config|Databin,
ResData.GameDataMgr.GuildFightDatabin,资源数据.游戏数据管理器.公会战斗数据表,Res|Data|Game|Data|Mgr|Guild|Fight|Databin,
ResData.GameDataMgr.GuildPersonalPointsDatabin,资源数据.游戏数据管理器.公会Personal积分数据表,Res|Data|Game|Data|Mgr|Guild|Personal|Points|Databin,Personal
ResData.GameDataMgr.GuildCombatDatabin,资源数据.游戏数据管理器.公会Combat数据表,Res|Data|Game|Data|Mgr|Guild|Combat|Databin,Combat
ResData.GameDataMgr.GuildMemberRewardDatabin,资源数据.游戏数据管理器.公会成员奖励数据表,Res|Data|Game|Data|Mgr|Guild|Member|Reward|Databin,
ResData.GameDataMgr.GuildMoneyDonateDatabin,资源数据.游戏数据管理器.公会货币Donate数据表,Res|Data|Game|Data|Mgr|Guild|Money|Donate|Databin,Donate
ResData.GameDataMgr.ResGuildMatchConWinAddtionDatabin,资源数据.游戏数据管理器.资源公会匹配Con胜利Addtion数据表,Res|Data|Game|Data|Mgr|Res|Guild|Match|Con|Win|Addtion|Databin,Con Addtion
ResData.GameDataMgr.RewardIconOfGuildDatabin,资源数据.游戏数据管理器.奖励图标的公会数据表,Res|Data|Game|Data|Mgr|Reward|Icon|Of|Guild|Databin,
ResData.GameDataMgr.GuildBindRewardDatabin,资源数据.游戏数据管理器.公会绑定奖励数据表,Res|Data|Game|Data|Mgr|Guild|Bind|Reward|Databin,
ResData.GameDataMgr.playerInfoSkinInfoDatabin,资源数据.游戏数据管理器.玩家信息皮肤信息数据表,Res|Data|Game|Data|Mgr|player|Info|Skin|Info|Databin,
ResData.GameDataMgr.ResSkinKolStoreDatabin,资源数据.游戏数据管理器.资源皮肤KOL商店数据表,Res|Data|Game|Data|Mgr|Res|Skin|Kol|Store|Databin,
ResData.GameDataMgr.ResSkinKolTipsDatabin,资源数据.游戏数据管理器.资源皮肤KOL提示数据表,Res|Data|Game|Data|Mgr|Res|Skin|Kol|Tips|Databin,
ResData.GameDataMgr.ResSkinKolFeatureDatabin,资源数据.游戏数据管理器.资源皮肤KOL特性数据表,Res|Data|Game|Data|Mgr|Res|Skin|Kol|Feature|Databin,
ResData.GameDataMgr.mallRankDatabin,资源数据.游戏数据管理器.商城排行数据表,Res|Data|Game|Data|Mgr|mall|Rank|Databin,
ResData.GameDataMgr.guildMatchSeasonConfNormal,资源数据.游戏数据管理器.公会匹配赛季配置普通,Res|Data|Game|Data|Mgr|guild|Match|Season|Conf|Normal,
ResData.GameDataMgr.guildMatchSeasonConfPioneer,资源数据.游戏数据管理器.公会匹配赛季配置Pioneer,Res|Data|Game|Data|Mgr|guild|Match|Season|Conf|Pioneer,Pioneer
ResData.GameDataMgr.guildMatchSeasonConfExp,资源数据.游戏数据管理器.公会匹配赛季配置经验,Res|Data|Game|Data|Mgr|guild|Match|Season|Conf|Exp,
ResData.GameDataMgr.proj8BanCampConfDatabin,资源数据.游戏数据管理器.项目8禁用阵营配置数据表,Res|Data|Game|Data|Mgr|proj|8|Ban|Camp|Conf|Databin,
ResData.GameDataMgr.proj8BanHeroQualityDatabin,资源数据.游戏数据管理器.项目8禁用英雄品质数据表,Res|Data|Game|Data|Mgr|proj|8|Ban|Hero|Quality|Databin,
ResData.GameDataMgr.proj8NBTaskDatabin,资源数据.游戏数据管理器.项目8NB任务数据表,Res|Data|Game|Data|Mgr|proj|8|NB|Task|Databin,NB
ResData.GameDataMgr.rankScoreDatabin,资源数据.游戏数据管理器.排行得分数据表,Res|Data|Game|Data|Mgr|rank|Score|Databin,
ResData.GameDataMgr.settleDatabin,资源数据.游戏数据管理器.结算数据表,Res|Data|Game|Data|Mgr|settle|Databin,
ResData.GameDataMgr.ResMasterMatchSettleRankNoShowDatabin,资源数据.游戏数据管理器.资源主匹配结算排行无显示数据表,Res|Data|Game|Data|Mgr|Res|Master|Match|Settle|Rank|No|Show|Databin,
ResData.GameDataMgr.heroDatabin,资源数据.游戏数据管理器.英雄数据表,Res|Data|Game|Data|Mgr|hero|Databin,
ResData.GameDataMgr.ladderWeeklyTaskEffectDatabin,资源数据.游戏数据管理器.天梯每周任务效果数据表,Res|Data|Game|Data|Mgr|ladder|Weekly|Task|Effect|Databin,
ResData.GameDataMgr.heroLabelInfoDatabin,资源数据.游戏数据管理器.英雄标签信息数据表,Res|Data|Game|Data|Mgr|hero|Label|Info|Databin,
ResData.GameDataMgr.chessHeroDatabin,资源数据.游戏数据管理器.棋盘英雄数据表,Res|Data|Game|Data|Mgr|chess|Hero|Databin,
ResData.GameDataMgr.chessQualityStarInfoDatabin,资源数据.游戏数据管理器.棋盘品质星信息数据表,Res|Data|Game|Data|Mgr|chess|Quality|Star|Info|Databin,
ResData.GameDataMgr.chessQualityChanceDatabin,资源数据.游戏数据管理器.棋盘品质概率数据表,Res|Data|Game|Data|Mgr|chess|Quality|Chance|Databin,
ResData.GameDataMgr.fastChessQualityChanceDatabin,资源数据.游戏数据管理器.快速棋盘品质概率数据表,Res|Data|Game|Data|Mgr|fast|Chess|Quality|Chance|Databin,
ResData.GameDataMgr.chessPhaseDatabin,资源数据.游戏数据管理器.棋盘阶段数据表,Res|Data|Game|Data|Mgr|chess|Phase|Databin,
ResData.GameDataMgr.chessRoundInfoDatabin,资源数据.游戏数据管理器.棋盘圆信息数据表,Res|Data|Game|Data|Mgr|chess|Round|Info|Databin,
ResData.GameDataMgr.chessPresetFormationDatabin,资源数据.游戏数据管理器.棋盘预设Formation数据表,Res|Data|Game|Data|Mgr|chess|Preset|Formation|Databin,Formation
ResData.GameDataMgr.chessCardPoolDatabin,资源数据.游戏数据管理器.棋盘卡牌池数据表,Res|Data|Game|Data|Mgr|chess|Card|Pool|Databin,
ResData.GameDataMgr.fastChessCardPoolDatabin,资源数据.游戏数据管理器.快速棋盘卡牌池数据表,Res|Data|Game|Data|Mgr|fast|Chess|Card|Pool|Databin,
ResData.GameDataMgr.chessEquipDatabin,资源数据.游戏数据管理器.棋盘装备数据表,Res|Data|Game|Data|Mgr|chess|Equip|Databin,
ResData.GameDataMgr.chessRecommendArrangeDatabin,资源数据.游戏数据管理器.棋盘推荐Arrange数据表,Res|Data|Game|Data|Mgr|chess|Recommend|Arrange|Databin,Arrange
ResData.GameDataMgr.proj8CardStrategyDatabin,资源数据.游戏数据管理器.项目8卡牌策略数据表,Res|Data|Game|Data|Mgr|proj|8|Card|Strategy|Databin,
ResData.GameDataMgr.proj8CardFilterDatabin,资源数据.游戏数据管理器.项目8卡牌过滤数据表,Res|Data|Game|Data|Mgr|proj|8|Card|Filter|Databin,
ResData.GameDataMgr.proj8HelpDescMainDatabin,资源数据.游戏数据管理器.项目8帮助描述主数据表,Res|Data|Game|Data|Mgr|proj|8|Help|Desc|Main|Databin,
ResData.GameDataMgr.proj8HelpDescItemsDatabin,资源数据.游戏数据管理器.项目8帮助描述Items数据表,Res|Data|Game|Data|Mgr|proj|8|Help|Desc|Items|Databin,Items
ResData.GameDataMgr.proj8HelpOperateDatabin,资源数据.游戏数据管理器.项目8帮助操作数据表,Res|Data|Game|Data|Mgr|proj|8|Help|Operate|Databin,
ResData.GameDataMgr.proj8EffectDegreeDatabin,资源数据.游戏数据管理器.项目8效果程度数据表,Res|Data|Game|Data|Mgr|proj|8|Effect|Degree|Databin,
ResData.GameDataMgr.chessArrangeProbabilityRegionDatabin,资源数据.游戏数据管理器.棋盘Arrange概率区域数据表,Res|Data|Game|Data|Mgr|chess|Arrange|Probability|Region|Databin,Arrange
ResData.GameDataMgr.chessMonsterDropDatabin,资源数据.游戏数据管理器.棋盘野怪掉落数据表,Res|Data|Game|Data|Mgr|chess|Monster|Drop|Databin,
ResData.GameDataMgr.chessDropDatabin,资源数据.游戏数据管理器.棋盘掉落数据表,Res|Data|Game|Data|Mgr|chess|Drop|Databin,
ResData.GameDataMgr.chessDropEquipGroupDatabin,资源数据.游戏数据管理器.棋盘掉落装备分组数据表,Res|Data|Game|Data|Mgr|chess|Drop|Equip|Group|Databin,
ResData.GameDataMgr.chessEquipPickDatabin,资源数据.游戏数据管理器.棋盘装备拾取数据表,Res|Data|Game|Data|Mgr|chess|Equip|Pick|Databin,
ResData.GameDataMgr.chessEquipRefreshCostDatabin,资源数据.游戏数据管理器.棋盘装备刷新消耗数据表,Res|Data|Game|Data|Mgr|chess|Equip|Refresh|Cost|Databin,
ResData.GameDataMgr.chessHeroAIDatabin,资源数据.游戏数据管理器.棋盘英雄AI数据表,Res|Data|Game|Data|Mgr|chess|Hero|AI|Databin,
ResData.GameDataMgr.chessHeroActionWaitTimeDatabin,资源数据.游戏数据管理器.棋盘英雄动作等待时间数据表,Res|Data|Game|Data|Mgr|chess|Hero|Action|Wait|Time|Databin,
ResData.GameDataMgr.chessTargetPosDatabin,资源数据.游戏数据管理器.棋盘目标位置数据表,Res|Data|Game|Data|Mgr|chess|Target|Pos|Databin,
ResData.GameDataMgr.chessTalentInfoDatabin,资源数据.游戏数据管理器.棋盘天赋信息数据表,Res|Data|Game|Data|Mgr|chess|Talent|Info|Databin,
ResData.GameDataMgr.chessPlayerRandomTalentDatabin,资源数据.游戏数据管理器.棋盘玩家随机天赋数据表,Res|Data|Game|Data|Mgr|chess|Player|Random|Talent|Databin,
ResData.GameDataMgr.chessTalentCPRelationDatabin,资源数据.游戏数据管理器.棋盘天赋战力关系数据表,Res|Data|Game|Data|Mgr|chess|Talent|CP|Relation|Databin,
ResData.GameDataMgr.chessTalentPositionDatabin,资源数据.游戏数据管理器.棋盘天赋位置数据表,Res|Data|Game|Data|Mgr|chess|Talent|Position|Databin,
ResData.GameDataMgr.chessTalentRebuildDatabin,资源数据.游戏数据管理器.棋盘天赋Rebuild数据表,Res|Data|Game|Data|Mgr|chess|Talent|Rebuild|Databin,Rebuild
ResData.GameDataMgr.chessNumenBattleInteractDatabin,资源数据.游戏数据管理器.棋盘Numen战斗交互数据表,Res|Data|Game|Data|Mgr|chess|Numen|Battle|Interact|Databin,Numen
ResData.GameDataMgr.chessHeroAnimDatabin,资源数据.游戏数据管理器.棋盘英雄动画数据表,Res|Data|Game|Data|Mgr|chess|Hero|Anim|Databin,
ResData.GameDataMgr.proj8SeasonExtRewardDatabin,资源数据.游戏数据管理器.项目8赛季扩展奖励数据表,Res|Data|Game|Data|Mgr|proj|8|Season|Ext|Reward|Databin,
ResData.GameDataMgr.heroEnergyDatabin,资源数据.游戏数据管理器.英雄能量数据表,Res|Data|Game|Data|Mgr|hero|Energy|Databin,
ResData.GameDataMgr.errorCodeDatabin,资源数据.游戏数据管理器.错误码数据表,Res|Data|Game|Data|Mgr|error|Code|Databin,
ResData.GameDataMgr.ChessHeroEnergyDatabin,资源数据.游戏数据管理器.棋盘英雄能量数据表,Res|Data|Game|Data|Mgr|Chess|Hero|Energy|Databin,
ResData.GameDataMgr.skillBeanDatabin,资源数据.游戏数据管理器.技能豆数据表,Res|Data|Game|Data|Mgr|skill|Bean|Databin,
ResData.GameDataMgr.ChessSkillBeanDatabin,资源数据.游戏数据管理器.棋盘技能豆数据表,Res|Data|Game|Data|Mgr|Chess|Skill|Bean|Databin,
ResData.GameDataMgr.skillDatabin,资源数据.游戏数据管理器.技能数据表,Res|Data|Game|Data|Mgr|skill|Databin,
ResData.GameDataMgr.legacySkillDatabin,资源数据.游戏数据管理器.legacy技能数据表,Res|Data|Game|Data|Mgr|legacy|Skill|Databin,legacy
ResData.GameDataMgr.skillEffectTagDatabin,资源数据.游戏数据管理器.技能效果标签数据表,Res|Data|Game|Data|Mgr|skill|Effect|Tag|Databin,
ResData.GameDataMgr.svr2GamecoreCfgDatabin,资源数据.游戏数据管理器.服务端2游戏核心配置数据表,Res|Data|Game|Data|Mgr|svr|2|Gamecore|Cfg|Databin,
ResData.GameDataMgr.miniIconMutexPriorityDatabin,资源数据.游戏数据管理器.迷你图标Mutex优先级数据表,Res|Data|Game|Data|Mgr|mini|Icon|Mutex|Priority|Databin,Mutex
ResData.GameDataMgr.ChessSkillDatabin,资源数据.游戏数据管理器.棋盘技能数据表,Res|Data|Game|Data|Mgr|Chess|Skill|Databin,
ResData.GameDataMgr.skillIndicatorDatabin,资源数据.游戏数据管理器.技能指示器数据表,Res|Data|Game|Data|Mgr|skill|Indicator|Databin,
ResData.GameDataMgr.skillDynamicIndicatorDatabin,资源数据.游戏数据管理器.技能动态指示器数据表,Res|Data|Game|Data|Mgr|skill|Dynamic|Indicator|Databin,
ResData.GameDataMgr.skillMultiIndicatorDatabin,资源数据.游戏数据管理器.技能多重指示器数据表,Res|Data|Game|Data|Mgr|skill|Multi|Indicator|Databin,
ResData.GameDataMgr.skillSpecialDynamicIndicatorDatabin,资源数据.游戏数据管理器.技能特殊动态指示器数据表,Res|Data|Game|Data|Mgr|skill|Special|Dynamic|Indicator|Databin,
ResData.GameDataMgr.skillChangeIndicatorDatabin,资源数据.游戏数据管理器.技能变更指示器数据表,Res|Data|Game|Data|Mgr|skill|Change|Indicator|Databin,
ResData.GameDataMgr.skillIndicatorScaleDatabin,资源数据.游戏数据管理器.技能指示器缩放数据表,Res|Data|Game|Data|Mgr|skill|Indicator|Scale|Databin,
ResData.GameDataMgr.skillIndicatorSizeAdgInfoDatabin,资源数据.游戏数据管理器.技能指示器尺寸ADG信息数据表,Res|Data|Game|Data|Mgr|skill|Indicator|Size|Adg|Info|Databin,
ResData.GameDataMgr.monsterDatabin,资源数据.游戏数据管理器.野怪数据表,Res|Data|Game|Data|Mgr|monster|Databin,
ResData.GameDataMgr.legacyMonsterDatabin,资源数据.游戏数据管理器.legacy野怪数据表,Res|Data|Game|Data|Mgr|legacy|Monster|Databin,legacy
ResData.GameDataMgr.ChessNormalMonsterDatabin,资源数据.游戏数据管理器.棋盘普通野怪数据表,Res|Data|Game|Data|Mgr|Chess|Normal|Monster|Databin,
ResData.GameDataMgr.dropItemToMonsterDatabin,资源数据.游戏数据管理器.掉落道具到野怪数据表,Res|Data|Game|Data|Mgr|drop|Item|To|Monster|Databin,
ResData.GameDataMgr.breakMeterConfigDatabin,资源数据.游戏数据管理器.打断Meter配置数据表,Res|Data|Game|Data|Mgr|break|Meter|Config|Databin,Meter
ResData.GameDataMgr.organDatabin,资源数据.游戏数据管理器.器官数据表,Res|Data|Game|Data|Mgr|organ|Databin,
ResData.GameDataMgr.skillCombineDatabin,资源数据.游戏数据管理器.技能合并数据表,Res|Data|Game|Data|Mgr|skill|Combine|Databin,
ResData.GameDataMgr.skillCombineHurtInfoDatabin,资源数据.游戏数据管理器.技能合并伤害信息数据表,Res|Data|Game|Data|Mgr|skill|Combine|Hurt|Info|Databin,
ResData.GameDataMgr.legacySkillCombineDatabin,资源数据.游戏数据管理器.legacy技能合并数据表,Res|Data|Game|Data|Mgr|legacy|Skill|Combine|Databin,legacy
ResData.GameDataMgr.legacySkillCombineHurtInfoDatabin,资源数据.游戏数据管理器.legacy技能合并伤害信息数据表,Res|Data|Game|Data|Mgr|legacy|Skill|Combine|Hurt|Info|Databin,legacy
ResData.GameDataMgr.skillCombineShowPriorityDatabin,资源数据.游戏数据管理器.技能合并显示优先级数据表,Res|Data|Game|Data|Mgr|skill|Combine|Show|Priority|Databin,
ResData.GameDataMgr.ChessSkillCombineDatabin,资源数据.游戏数据管理器.棋盘技能合并数据表,Res|Data|Game|Data|Mgr|Chess|Skill|Combine|Databin,
ResData.GameDataMgr.ChessSkillCombineHurtInfoDatabin,资源数据.游戏数据管理器.棋盘技能合并伤害信息数据表,Res|Data|Game|Data|Mgr|Chess|Skill|Combine|Hurt|Info|Databin,
ResData.GameDataMgr.soldierWaveDatabin,资源数据.游戏数据管理器.小兵波次数据表,Res|Data|Game|Data|Mgr|soldier|Wave|Databin,
ResData.GameDataMgr.heroLvlUpDatabin,资源数据.游戏数据管理器.英雄等级上数据表,Res|Data|Game|Data|Mgr|hero|Lvl|Up|Databin,
ResData.GameDataMgr.itemDatabin,资源数据.游戏数据管理器.道具数据表,Res|Data|Game|Data|Mgr|item|Databin,
ResData.GameDataMgr.ResPresentSplitCheckDatabin,资源数据.游戏数据管理器.资源礼物分裂检查数据表,Res|Data|Game|Data|Mgr|Res|Present|Split|Check|Databin,
ResData.GameDataMgr.towerHitDatabin,资源数据.游戏数据管理器.防御塔命中数据表,Res|Data|Game|Data|Mgr|tower|Hit|Databin,
ResData.GameDataMgr.battleDynamicPropertyDB,资源数据.游戏数据管理器.战斗动态属性DB,Res|Data|Game|Data|Mgr|battle|Dynamic|Property|DB,DB
ResData.GameDataMgr.battleDynamicDifficultyDB,资源数据.游戏数据管理器.战斗动态难度DB,Res|Data|Game|Data|Mgr|battle|Dynamic|Difficulty|DB,DB
ResData.GameDataMgr.actorLinesDatabin,资源数据.游戏数据管理器.角色Lines数据表,Res|Data|Game|Data|Mgr|actor|Lines|Databin,Lines
ResData.GameDataMgr.acntExpDatabin,资源数据.游戏数据管理器.账号经验数据表,Res|Data|Game|Data|Mgr|acnt|Exp|Databin,
ResData.GameDataMgr.globalInfoDatabin,资源数据.游戏数据管理器.全局信息数据表,Res|Data|Game|Data|Mgr|global|Info|Databin,
ResData.GameDataMgr.miscInfoDatabin,资源数据.游戏数据管理器.杂项信息数据表,Res|Data|Game|Data|Mgr|misc|Info|Databin,
ResData.GameDataMgr.logicTextMapDatabin,资源数据.游戏数据管理器.逻辑文本地图数据表,Res|Data|Game|Data|Mgr|logic|Text|Map|Databin,
ResData.GameDataMgr.RedPointConfbin,资源数据.游戏数据管理器.红点Confbin,Res|Data|Game|Data|Mgr|Red|Point|Confbin,Confbin
ResData.GameDataMgr.multiAreaGlobalInfoDatabin,资源数据.游戏数据管理器.多重区域全局信息数据表,Res|Data|Game|Data|Mgr|multi|Area|Global|Info|Databin,
ResData.GameDataMgr.battleConfDatabin,资源数据.游戏数据管理器.战斗配置数据表,Res|Data|Game|Data|Mgr|battle|Conf|Databin,
ResData.GameDataMgr.globalFuncOpenTimeDatabin,资源数据.游戏数据管理器.全局函数打开时间数据表,Res|Data|Game|Data|Mgr|global|Func|Open|Time|Databin,
ResData.GameDataMgr.taskDatabin,资源数据.游戏数据管理器.任务数据表,Res|Data|Game|Data|Mgr|task|Databin,
ResData.GameDataMgr.taskTriggerInfoDatabin,资源数据.游戏数据管理器.任务触发信息数据表,Res|Data|Game|Data|Mgr|task|Trigger|Info|Databin,
ResData.GameDataMgr.midasTaskDatabin,资源数据.游戏数据管理器.midas任务数据表,Res|Data|Game|Data|Mgr|midas|Task|Databin,midas
ResData.GameDataMgr.taskRewardDatabin,资源数据.游戏数据管理器.任务奖励数据表,Res|Data|Game|Data|Mgr|task|Reward|Databin,
ResData.GameDataMgr.resHorizontalTaskDatabin,资源数据.游戏数据管理器.资源水平任务数据表,Res|Data|Game|Data|Mgr|res|Horizontal|Task|Databin,
ResData.GameDataMgr.resHorizontalTaskFilterDatabin,资源数据.游戏数据管理器.资源水平任务过滤数据表,Res|Data|Game|Data|Mgr|res|Horizontal|Task|Filter|Databin,
ResData.GameDataMgr.resHorizontalTaskBlueprintDatabin,资源数据.游戏数据管理器.资源水平任务蓝图数据表,Res|Data|Game|Data|Mgr|res|Horizontal|Task|Blueprint|Databin,
ResData.GameDataMgr.usualTaskWeatherDatabin,资源数据.游戏数据管理器.usual任务天气数据表,Res|Data|Game|Data|Mgr|usual|Task|Weather|Databin,usual
ResData.GameDataMgr.usualTaskWorldViewSloganDatabin,资源数据.游戏数据管理器.usual任务世界视图Slogan数据表,Res|Data|Game|Data|Mgr|usual|Task|World|View|Slogan|Databin,usual Slogan
ResData.GameDataMgr.usualTaskWorldViewBgDatabin,资源数据.游戏数据管理器.usual任务世界视图背景数据表,Res|Data|Game|Data|Mgr|usual|Task|World|View|Bg|Databin,usual
ResData.GameDataMgr.resPvpLevelRewardDatabin,资源数据.游戏数据管理器.资源竞技等级奖励数据表,Res|Data|Game|Data|Mgr|res|Pvp|Level|Reward|Databin,
ResData.GameDataMgr.resPvpLevelUnlockInfoDatabin,资源数据.游戏数据管理器.资源竞技等级解锁信息数据表,Res|Data|Game|Data|Mgr|res|Pvp|Level|Unlock|Info|Databin,
ResData.GameDataMgr.equipInfoDatabin,资源数据.游戏数据管理器.装备信息数据表,Res|Data|Game|Data|Mgr|equip|Info|Databin,
ResData.GameDataMgr.ResTaskDyncValueDatabin,资源数据.游戏数据管理器.资源任务Dync值数据表,Res|Data|Game|Data|Mgr|Res|Task|Dync|Value|Databin,Dync
ResData.GameDataMgr.wantedInfoDatabin,资源数据.游戏数据管理器.wanted信息数据表,Res|Data|Game|Data|Mgr|wanted|Info|Databin,wanted
ResData.GameDataMgr.wantedScoreInfoDatabin,资源数据.游戏数据管理器.wanted得分信息数据表,Res|Data|Game|Data|Mgr|wanted|Score|Info|Databin,wanted
ResData.GameDataMgr.wantedTeamEcoInfoDatabin,资源数据.游戏数据管理器.wanted队伍Eco信息数据表,Res|Data|Game|Data|Mgr|wanted|Team|Eco|Info|Databin,wanted Eco
ResData.GameDataMgr.wantedPersonalEcoDiffInfoDatabin,资源数据.游戏数据管理器.wantedPersonalEco差异信息数据表,Res|Data|Game|Data|Mgr|wanted|Personal|Eco|Diff|Info|Databin,wanted Personal Eco
ResData.GameDataMgr.wantedGhostLikeInfoDatabin,资源数据.游戏数据管理器.wanted幽灵点赞信息数据表,Res|Data|Game|Data|Mgr|wanted|Ghost|Like|Info|Databin,wanted
ResData.GameDataMgr.wantedExInfoDatabin,资源数据.游戏数据管理器.wanted扩展信息数据表,Res|Data|Game|Data|Mgr|wanted|Ex|Info|Databin,wanted
ResData.GameDataMgr.ResTaskMediaDatabin,资源数据.游戏数据管理器.资源任务Media数据表,Res|Data|Game|Data|Mgr|Res|Task|Media|Databin,Media
ResData.GameDataMgr.evaluateCondInfoDatabin,资源数据.游戏数据管理器.求值条件信息数据表,Res|Data|Game|Data|Mgr|evaluate|Cond|Info|Databin,
ResData.GameDataMgr.addWinLoseCondDatabin,资源数据.游戏数据管理器.添加胜利失败条件数据表,Res|Data|Game|Data|Mgr|add|Win|Lose|Cond|Databin,
ResData.GameDataMgr.textBubbleDatabin,资源数据.游戏数据管理器.文本气泡数据表,Res|Data|Game|Data|Mgr|text|Bubble|Databin,
ResData.GameDataMgr.guideTipDatabin,资源数据.游戏数据管理器.引导提示数据表,Res|Data|Game|Data|Mgr|guide|Tip|Databin,
ResData.GameDataMgr.currencyExchangeDatabin,资源数据.游戏数据管理器.货币交换数据表,Res|Data|Game|Data|Mgr|currency|Exchange|Databin,
ResData.GameDataMgr.ResToRebateMapDatabin,资源数据.游戏数据管理器.资源到返利地图数据表,Res|Data|Game|Data|Mgr|Res|To|Rebate|Map|Databin,
ResData.GameDataMgr.heroSkinToGiftShopProductMapDatabin,资源数据.游戏数据管理器.英雄皮肤到礼包商店商品地图数据表,Res|Data|Game|Data|Mgr|hero|Skin|To|Gift|Shop|Product|Map|Databin,
ResData.GameDataMgr.resShopInfoDatabin,资源数据.游戏数据管理器.资源商店信息数据表,Res|Data|Game|Data|Mgr|res|Shop|Info|Databin,
ResData.GameDataMgr.s_textDatabin,资源数据.游戏数据管理器.s文本数据表,Res|Data|Game|Data|Mgr|s|text|Databin,
ResData.GameDataMgr.s_ruleTextDatabin,资源数据.游戏数据管理器.s规则文本数据表,Res|Data|Game|Data|Mgr|s|rule|Text|Databin,
ResData.GameDataMgr.s_DistrictNameConvertDatabin,资源数据.游戏数据管理器.sDistrict名称转换数据表,Res|Data|Game|Data|Mgr|s|District|Name|Convert|Databin,District
ResData.GameDataMgr.ResCityChatSubChannelDatabin,资源数据.游戏数据管理器.资源城市聊天子频道数据表,Res|Data|Game|Data|Mgr|Res|City|Chat|Sub|Channel|Databin,
ResData.GameDataMgr.randomSkillPassiveDatabin,资源数据.游戏数据管理器.随机技能被动数据表,Res|Data|Game|Data|Mgr|random|Skill|Passive|Databin,
ResData.GameDataMgr.skillPassiveDatabin,资源数据.游戏数据管理器.技能被动数据表,Res|Data|Game|Data|Mgr|skill|Passive|Databin,
ResData.GameDataMgr.legacySkillPassiveDatabin,资源数据.游戏数据管理器.legacy技能被动数据表,Res|Data|Game|Data|Mgr|legacy|Skill|Passive|Databin,legacy
ResData.GameDataMgr.ChessSkillPassiveDatabin,资源数据.游戏数据管理器.棋盘技能被动数据表,Res|Data|Game|Data|Mgr|Chess|Skill|Passive|Databin,
ResData.GameDataMgr.skillMarkDatabin,资源数据.游戏数据管理器.技能标记数据表,Res|Data|Game|Data|Mgr|skill|Mark|Databin,
ResData.GameDataMgr.ChessSkillMarkDatabin,资源数据.游戏数据管理器.棋盘技能标记数据表,Res|Data|Game|Data|Mgr|Chess|Skill|Mark|Databin,
ResData.GameDataMgr.monsterOrganLvDynamicInfobin,资源数据.游戏数据管理器.野怪器官等级动态Infobin,Res|Data|Game|Data|Mgr|monster|Organ|Lv|Dynamic|Infobin,Infobin
ResData.GameDataMgr.unlockConditionDatabin,资源数据.游戏数据管理器.解锁条件数据表,Res|Data|Game|Data|Mgr|unlock|Condition|Databin,
ResData.GameDataMgr.specialFunUnlockDatabin,资源数据.游戏数据管理器.特殊Fun解锁数据表,Res|Data|Game|Data|Mgr|special|Fun|Unlock|Databin,Fun
ResData.GameDataMgr.licenseDatabin,资源数据.游戏数据管理器.license数据表,Res|Data|Game|Data|Mgr|license|Databin,license
ResData.GameDataMgr.newbieMainLineDatabin,资源数据.游戏数据管理器.新手主线数据表,Res|Data|Game|Data|Mgr|newbie|Main|Line|Databin,
ResData.GameDataMgr.newbieWeakMainLineDataBin,资源数据.游戏数据管理器.新手Weak主线数据二进制,Res|Data|Game|Data|Mgr|newbie|Weak|Main|Line|Data|Bin,Weak
ResData.GameDataMgr.newbieWeakDatabin,资源数据.游戏数据管理器.新手Weak数据表,Res|Data|Game|Data|Mgr|newbie|Weak|Databin,Weak
ResData.GameDataMgr.newbieScriptDatabin,资源数据.游戏数据管理器.新手脚本数据表,Res|Data|Game|Data|Mgr|newbie|Script|Databin,
ResData.GameDataMgr.newbieSpecialTipDatabin,资源数据.游戏数据管理器.新手特殊提示数据表,Res|Data|Game|Data|Mgr|newbie|Special|Tip|Databin,
ResData.GameDataMgr.newbieBannerGuideDatabin,资源数据.游戏数据管理器.新手横幅引导数据表,Res|Data|Game|Data|Mgr|newbie|Banner|Guide|Databin,
ResData.GameDataMgr.battleRepeatGuideMainLineDatabin,资源数据.游戏数据管理器.战斗Repeat引导主线数据表,Res|Data|Game|Data|Mgr|battle|Repeat|Guide|Main|Line|Databin,Repeat
ResData.GameDataMgr.battleRepeatGuideScriptDatabin,资源数据.游戏数据管理器.战斗Repeat引导脚本数据表,Res|Data|Game|Data|Mgr|battle|Repeat|Guide|Script|Databin,Repeat
ResData.GameDataMgr.HeroGuideTipsConfDatabin,资源数据.游戏数据管理器.英雄引导提示配置数据表,Res|Data|Game|Data|Mgr|Hero|Guide|Tips|Conf|Databin,
ResData.GameDataMgr.WeightBubbleHintDatabin,资源数据.游戏数据管理器.权重气泡Hint数据表,Res|Data|Game|Data|Mgr|Weight|Bubble|Hint|Databin,Hint
ResData.GameDataMgr.commonBubbleTipsDatabin,资源数据.游戏数据管理器.通用气泡提示数据表,Res|Data|Game|Data|Mgr|common|Bubble|Tips|Databin,
ResData.GameDataMgr.commonGuideTipsBoxDatabin,资源数据.游戏数据管理器.通用引导提示盒数据表,Res|Data|Game|Data|Mgr|common|Guide|Tips|Box|Databin,
ResData.GameDataMgr.battleWikiDatabin,资源数据.游戏数据管理器.战斗Wiki数据表,Res|Data|Game|Data|Mgr|battle|Wiki|Databin,Wiki
ResData.GameDataMgr.guideLevelIntroTextDatabin,资源数据.游戏数据管理器.引导等级开场文本数据表,Res|Data|Game|Data|Mgr|guide|Level|Intro|Text|Databin,
ResData.GameDataMgr.comboGuideTaskStepDatabin,资源数据.游戏数据管理器.连击引导任务步长数据表,Res|Data|Game|Data|Mgr|combo|Guide|Task|Step|Databin,
ResData.GameDataMgr.condGuideTaskStepDatabin,资源数据.游戏数据管理器.条件引导任务步长数据表,Res|Data|Game|Data|Mgr|cond|Guide|Task|Step|Databin,
ResData.GameDataMgr.soulLvlUpDatabin,资源数据.游戏数据管理器.灵魂等级上数据表,Res|Data|Game|Data|Mgr|soul|Lvl|Up|Databin,
ResData.GameDataMgr.incomeAllocDatabin,资源数据.游戏数据管理器.收益Alloc数据表,Res|Data|Game|Data|Mgr|income|Alloc|Databin,Alloc
ResData.GameDataMgr.incomeAssistAllocDatabin,资源数据.游戏数据管理器.收益助攻Alloc数据表,Res|Data|Game|Data|Mgr|income|Assist|Alloc|Databin,Alloc
ResData.GameDataMgr.shopTypeDatabin,资源数据.游戏数据管理器.商店类型数据表,Res|Data|Game|Data|Mgr|shop|Type|Databin,
ResData.GameDataMgr.shopRefreshCostDatabin,资源数据.游戏数据管理器.商店刷新消耗数据表,Res|Data|Game|Data|Mgr|shop|Refresh|Cost|Databin,
ResData.GameDataMgr.shopStoreInfoDatabin,资源数据.游戏数据管理器.商店商店信息数据表,Res|Data|Game|Data|Mgr|shop|Store|Info|Databin,
ResData.GameDataMgr.refreshInfoDatabin,资源数据.游戏数据管理器.刷新信息数据表,Res|Data|Game|Data|Mgr|refresh|Info|Databin,
ResData.GameDataMgr.heroProficiencyDatabin,资源数据.游戏数据管理器.英雄熟练度数据表,Res|Data|Game|Data|Mgr|hero|Proficiency|Databin,
ResData.GameDataMgr.heroProficiencyExemptLimitDatabin,资源数据.游戏数据管理器.英雄熟练度Exempt限制数据表,Res|Data|Game|Data|Mgr|hero|Proficiency|Exempt|Limit|Databin,Exempt
ResData.GameDataMgr.rankGradeDatabin,资源数据.游戏数据管理器.排行等级数据表,Res|Data|Game|Data|Mgr|rank|Grade|Databin,
ResData.GameDataMgr.ResRank5V5PointsDatabin,资源数据.游戏数据管理器.资源排行5V5积分数据表,Res|Data|Game|Data|Mgr|Res|Rank|5|V|5|Points|Databin,
ResData.GameDataMgr.ResMasterMatchBranchRewardDatabin,资源数据.游戏数据管理器.资源主匹配分支奖励数据表,Res|Data|Game|Data|Mgr|Res|Master|Match|Branch|Reward|Databin,
ResData.GameDataMgr.rankKingSubGradeDatabin,资源数据.游戏数据管理器.排行King子等级数据表,Res|Data|Game|Data|Mgr|rank|King|Sub|Grade|Databin,King
ResData.GameDataMgr.rankKingTitleDatabin,资源数据.游戏数据管理器.排行King标题数据表,Res|Data|Game|Data|Mgr|rank|King|Title|Databin,King
ResData.GameDataMgr.teamRangeRuleDatabin,资源数据.游戏数据管理器.队伍范围规则数据表,Res|Data|Game|Data|Mgr|team|Range|Rule|Databin,
ResData.GameDataMgr.rankRewardDatabin,资源数据.游戏数据管理器.排行奖励数据表,Res|Data|Game|Data|Mgr|rank|Reward|Databin,
ResData.GameDataMgr.soulAdditionDatabin,资源数据.游戏数据管理器.灵魂附加数据表,Res|Data|Game|Data|Mgr|soul|Addition|Databin,
ResData.GameDataMgr.incomeDamageRule,资源数据.游戏数据管理器.收益伤害规则,Res|Data|Game|Data|Mgr|income|Damage|Rule,
ResData.GameDataMgr.guildMiscDatabin,资源数据.游戏数据管理器.公会杂项数据表,Res|Data|Game|Data|Mgr|guild|Misc|Databin,
ResData.GameDataMgr.guildIconDatabin,资源数据.游戏数据管理器.公会图标数据表,Res|Data|Game|Data|Mgr|guild|Icon|Databin,
ResData.GameDataMgr.guildBuildingDatabin,资源数据.游戏数据管理器.公会建筑数据表,Res|Data|Game|Data|Mgr|guild|Building|Databin,
ResData.GameDataMgr.guildRankRewardDatabin,资源数据.游戏数据管理器.公会排行奖励数据表,Res|Data|Game|Data|Mgr|guild|Rank|Reward|Databin,
ResData.GameDataMgr.guildGradeDatabin,资源数据.游戏数据管理器.公会等级数据表,Res|Data|Game|Data|Mgr|guild|Grade|Databin,
ResData.GameDataMgr.guildStarLevel,资源数据.游戏数据管理器.公会星等级,Res|Data|Game|Data|Mgr|guild|Star|Level,
ResData.GameDataMgr.rechargeCondDatabin,资源数据.游戏数据管理器.recharge条件数据表,Res|Data|Game|Data|Mgr|recharge|Cond|Databin,recharge
ResData.GameDataMgr.groupIcon,资源数据.游戏数据管理器.分组图标,Res|Data|Game|Data|Mgr|group|Icon,
ResData.GameDataMgr.group,资源数据.游戏数据管理器.分组,Res|Data|Game|Data|Mgr|group,
ResData.GameDataMgr.GuildPkActivityInfoDatabin,资源数据.游戏数据管理器.公会Pk活动信息数据表,Res|Data|Game|Data|Mgr|Guild|Pk|Activity|Info|Databin,Pk
ResData.GameDataMgr.GuildPkSkinInfoDatabin,资源数据.游戏数据管理器.公会Pk皮肤信息数据表,Res|Data|Game|Data|Mgr|Guild|Pk|Skin|Info|Databin,Pk
ResData.GameDataMgr.symbolInfoDatabin,资源数据.游戏数据管理器.铭文信息数据表,Res|Data|Game|Data|Mgr|symbol|Info|Databin,
ResData.GameDataMgr.symbolPosDatabin,资源数据.游戏数据管理器.铭文位置数据表,Res|Data|Game|Data|Mgr|symbol|Pos|Databin,
ResData.GameDataMgr.heroSymbolLvlDatabin,资源数据.游戏数据管理器.英雄铭文等级数据表,Res|Data|Game|Data|Mgr|hero|Symbol|Lvl|Databin,
ResData.GameDataMgr.symbolPageRcmdDataBin,资源数据.游戏数据管理器.铭文页推荐数据二进制,Res|Data|Game|Data|Mgr|symbol|Page|Rcmd|Data|Bin,
ResData.GameDataMgr.roleSymbolPageDataBin,资源数据.游戏数据管理器.角色铭文页数据二进制,Res|Data|Game|Data|Mgr|role|Symbol|Page|Data|Bin,
ResData.GameDataMgr.resSymbolExpCardDataBin,资源数据.游戏数据管理器.资源铭文经验卡牌数据二进制,Res|Data|Game|Data|Mgr|res|Symbol|Exp|Card|Data|Bin,
ResData.GameDataMgr.symbolCountRuleDatabin,资源数据.游戏数据管理器.铭文计数规则数据表,Res|Data|Game|Data|Mgr|symbol|Count|Rule|Databin,
ResData.GameDataMgr.heroTrainSymbolPageDataBin,资源数据.游戏数据管理器.英雄训练铭文页数据二进制,Res|Data|Game|Data|Mgr|hero|Train|Symbol|Page|Data|Bin,
ResData.GameDataMgr.symbolCoinEffectDataBin,资源数据.游戏数据管理器.铭文金币效果数据二进制,Res|Data|Game|Data|Mgr|symbol|Coin|Effect|Data|Bin,
ResData.GameDataMgr.heroSymbolRcmdDatabin,资源数据.游戏数据管理器.英雄铭文推荐数据表,Res|Data|Game|Data|Mgr|hero|Symbol|Rcmd|Databin,
ResData.GameDataMgr.symbolGetAccessDatabin,资源数据.游戏数据管理器.铭文获取Access数据表,Res|Data|Game|Data|Mgr|symbol|Get|Access|Databin,Access
ResData.GameDataMgr.gameTaskDatabin,资源数据.游戏数据管理器.游戏任务数据表,Res|Data|Game|Data|Mgr|game|Task|Databin,
ResData.GameDataMgr.gameTaskGroupDatabin,资源数据.游戏数据管理器.游戏任务分组数据表,Res|Data|Game|Data|Mgr|game|Task|Group|Databin,
ResData.GameDataMgr.shenfuBin,资源数据.游戏数据管理器.神符二进制,Res|Data|Game|Data|Mgr|shenfu|Bin,
ResData.GameDataMgr.charmLib,资源数据.游戏数据管理器.charm库,Res|Data|Game|Data|Mgr|charm|Lib,charm
ResData.GameDataMgr.InteractItemDataBin,资源数据.游戏数据管理器.交互道具数据二进制,Res|Data|Game|Data|Mgr|Interact|Item|Data|Bin,
ResData.GameDataMgr.talentLib,资源数据.游戏数据管理器.天赋库,Res|Data|Game|Data|Mgr|talent|Lib,
ResData.GameDataMgr.miShuLib,资源数据.游戏数据管理器.miShu库,Res|Data|Game|Data|Mgr|mi|Shu|Lib,mi Shu
ResData.GameDataMgr.mishuBannerInfoDatabin,资源数据.游戏数据管理器.秘书横幅信息数据表,Res|Data|Game|Data|Mgr|mishu|Banner|Info|Databin,
ResData.GameDataMgr.jueWuEntryInfoDatabin,资源数据.游戏数据管理器.jueWu入口信息数据表,Res|Data|Game|Data|Mgr|jue|Wu|Entry|Info|Databin,jue Wu
ResData.GameDataMgr.oneKeyAwardInfoDatabin,资源数据.游戏数据管理器.一键奖励信息数据表,Res|Data|Game|Data|Mgr|one|Key|Award|Info|Databin,
ResData.GameDataMgr.mishuTipsInfoDatabin,资源数据.游戏数据管理器.秘书提示信息数据表,Res|Data|Game|Data|Mgr|mishu|Tips|Info|Databin,
ResData.GameDataMgr.mishuGreetingInfoDatabin,资源数据.游戏数据管理器.秘书问候信息数据表,Res|Data|Game|Data|Mgr|mishu|Greeting|Info|Databin,
ResData.GameDataMgr.xiaodajiFuncCardInfoDatabin,资源数据.游戏数据管理器.xiaodaji函数卡牌信息数据表,Res|Data|Game|Data|Mgr|xiaodaji|Func|Card|Info|Databin,xiaodaji
ResData.GameDataMgr.ResMiShuCardRankInfoDatabin,资源数据.游戏数据管理器.资源MiShu卡牌排行信息数据表,Res|Data|Game|Data|Mgr|Res|Mi|Shu|Card|Rank|Info|Databin,Mi Shu
ResData.GameDataMgr.ResXiaoDaJiIntimacyBehaviorInfoDatabin,资源数据.游戏数据管理器.资源Xiao大Ji亲密度行为信息数据表,Res|Data|Game|Data|Mgr|Res|Xiao|Da|Ji|Intimacy|Behavior|Info|Databin,Xiao Ji
ResData.GameDataMgr.ResXiaoDaJiIntimacyLevelInfoDatabin,资源数据.游戏数据管理器.资源Xiao大Ji亲密度等级信息数据表,Res|Data|Game|Data|Mgr|Res|Xiao|Da|Ji|Intimacy|Level|Info|Databin,Xiao Ji
ResData.GameDataMgr.acntPvpExpDatabin,资源数据.游戏数据管理器.账号竞技经验数据表,Res|Data|Game|Data|Mgr|acnt|Pvp|Exp|Databin,
ResData.GameDataMgr.burnRewrad,资源数据.游戏数据管理器.burnRewrad,Res|Data|Game|Data|Mgr|burn|Rewrad,burn Rewrad
ResData.GameDataMgr.burnBuffMap,资源数据.游戏数据管理器.burn增益地图,Res|Data|Game|Data|Mgr|burn|Buff|Map,burn
ResData.GameDataMgr.battleParam,资源数据.游戏数据管理器.战斗参数,Res|Data|Game|Data|Mgr|battle|Param,
ResData.GameDataMgr.propertyValInfo,资源数据.游戏数据管理器.属性值信息,Res|Data|Game|Data|Mgr|property|Val|Info,
ResData.GameDataMgr.heroSkinDatabin,资源数据.游戏数据管理器.英雄皮肤数据表,Res|Data|Game|Data|Mgr|hero|Skin|Databin,
ResData.GameDataMgr.seriesSkinDatabin,资源数据.游戏数据管理器.系列皮肤数据表,Res|Data|Game|Data|Mgr|series|Skin|Databin,
ResData.GameDataMgr.HeroSkinVoiceDatabin,资源数据.游戏数据管理器.英雄皮肤语音数据表,Res|Data|Game|Data|Mgr|Hero|Skin|Voice|Databin,
ResData.GameDataMgr.HeroSkinExtraDatabin,资源数据.游戏数据管理器.英雄皮肤额外数据表,Res|Data|Game|Data|Mgr|Hero|Skin|Extra|Databin,
ResData.GameDataMgr.skinQualityPicDatabin,资源数据.游戏数据管理器.皮肤品质图片数据表,Res|Data|Game|Data|Mgr|skin|Quality|Pic|Databin,
ResData.GameDataMgr.npcOfArena,资源数据.游戏数据管理器.NPC的Arena,Res|Data|Game|Data|Mgr|npc|Of|Arena,Arena
ResData.GameDataMgr.robotBattleListInfo,资源数据.游戏数据管理器.robot战斗列表信息,Res|Data|Game|Data|Mgr|robot|Battle|List|Info,robot
ResData.GameDataMgr.robotHeroInfo,资源数据.游戏数据管理器.robot英雄信息,Res|Data|Game|Data|Mgr|robot|Hero|Info,robot
ResData.GameDataMgr.settingStrategyInfo,资源数据.游戏数据管理器.设置策略信息,Res|Data|Game|Data|Mgr|setting|Strategy|Info,
ResData.GameDataMgr.robotName,资源数据.游戏数据管理器.robot名称,Res|Data|Game|Data|Mgr|robot|Name,robot
ResData.GameDataMgr.robotSubNameA,资源数据.游戏数据管理器.robot子名称A,Res|Data|Game|Data|Mgr|robot|Sub|Name|A,robot
ResData.GameDataMgr.robotSubNameB,资源数据.游戏数据管理器.robot子名称,Res|Data|Game|Data|Mgr|robot|Sub|Name|B,robot
ResData.GameDataMgr.robotSubNameC,资源数据.游戏数据管理器.robot子名称C,Res|Data|Game|Data|Mgr|robot|Sub|Name|C,robot
ResData.GameDataMgr.arenaRewardDatabin,资源数据.游戏数据管理器.arena奖励数据表,Res|Data|Game|Data|Mgr|arena|Reward|Databin,arena
ResData.GameDataMgr.randomRewardDB,资源数据.游戏数据管理器.随机奖励DB,Res|Data|Game|Data|Mgr|random|Reward|DB,DB
ResData.GameDataMgr.randomRewardDiscountDB,资源数据.游戏数据管理器.随机奖励折扣DB,Res|Data|Game|Data|Mgr|random|Reward|Discount|DB,DB
ResData.GameDataMgr.cdDatabin,资源数据.游戏数据管理器.冷却数据表,Res|Data|Game|Data|Mgr|cd|Databin,
ResData.GameDataMgr.mall94ClassifyDatabin,资源数据.游戏数据管理器.商城94Classify数据表,Res|Data|Game|Data|Mgr|mall|94|Classify|Databin,Classify
ResData.GameDataMgr.mall94HomeTabDatabin,资源数据.游戏数据管理器.商城94基地页签数据表,Res|Data|Game|Data|Mgr|mall|94|Home|Tab|Databin,
ResData.GameDataMgr.signalDatabin,资源数据.游戏数据管理器.信号数据表,Res|Data|Game|Data|Mgr|signal|Databin,
ResData.GameDataMgr.inBattleMsgDatabin,资源数据.游戏数据管理器.内战斗消息数据表,Res|Data|Game|Data|Mgr|in|Battle|Msg|Databin,
ResData.GameDataMgr.inBattleEventDatabin,资源数据.游戏数据管理器.内战斗事件数据表,Res|Data|Game|Data|Mgr|in|Battle|Event|Databin,
ResData.GameDataMgr.inBattleChannelDatabin,资源数据.游戏数据管理器.内战斗频道数据表,Res|Data|Game|Data|Mgr|in|Battle|Channel|Databin,
ResData.GameDataMgr.inBattleHeroActDatabin,资源数据.游戏数据管理器.内战斗英雄活动数据表,Res|Data|Game|Data|Mgr|in|Battle|Hero|Act|Databin,
ResData.GameDataMgr.inBattleDefaultDatabin,资源数据.游戏数据管理器.内战斗默认数据表,Res|Data|Game|Data|Mgr|in|Battle|Default|Databin,
ResData.GameDataMgr.viciousMsgConditionDatabin,资源数据.游戏数据管理器.vicious消息条件数据表,Res|Data|Game|Data|Mgr|vicious|Msg|Condition|Databin,vicious
ResData.GameDataMgr.iosDianQuanBuyInfo,资源数据.游戏数据管理器.iosDianQuan购买信息,Res|Data|Game|Data|Mgr|ios|Dian|Quan|Buy|Info,ios Dian Quan
ResData.GameDataMgr.androidDianQuanBuyInfo,资源数据.游戏数据管理器.AndroidDianQuan购买信息,Res|Data|Game|Data|Mgr|android|Dian|Quan|Buy|Info,Dian Quan
ResData.GameDataMgr.liteDianQuanBuyInfo,资源数据.游戏数据管理器.liteDianQuan购买信息,Res|Data|Game|Data|Mgr|lite|Dian|Quan|Buy|Info,lite Dian Quan
ResData.GameDataMgr.iOSLiteDianQuanBuyInfo,资源数据.游戏数据管理器.iOSLiteDianQuan购买信息,Res|Data|Game|Data|Mgr|i|OS|Lite|Dian|Quan|Buy|Info,OS Lite Dian Quan
ResData.GameDataMgr.iosAppStoreBuyInfo,资源数据.游戏数据管理器.iosApp商店购买信息,Res|Data|Game|Data|Mgr|ios|App|Store|Buy|Info,ios App
ResData.GameDataMgr.clashAdditionDB,资源数据.游戏数据管理器.clash附加DB,Res|Data|Game|Data|Mgr|clash|Addition|DB,clash DB
ResData.GameDataMgr.achieveDatabin,资源数据.游戏数据管理器.成就数据表,Res|Data|Game|Data|Mgr|achieve|Databin,
ResData.GameDataMgr.settleAchievementWeightDatabin,资源数据.游戏数据管理器.结算成就权重数据表,Res|Data|Game|Data|Mgr|settle|Achievement|Weight|Databin,
ResData.GameDataMgr.trophyDatabin,资源数据.游戏数据管理器.trophy数据表,Res|Data|Game|Data|Mgr|trophy|Databin,trophy
ResData.GameDataMgr.addedSkiilDatabin,资源数据.游戏数据管理器.addedSkiil数据表,Res|Data|Game|Data|Mgr|added|Skiil|Databin,added Skiil
ResData.GameDataMgr.callMonsterDatabin,资源数据.游戏数据管理器.调用野怪数据表,Res|Data|Game|Data|Mgr|call|Monster|Databin,
ResData.GameDataMgr.ChessCallMonsterDatabin,资源数据.游戏数据管理器.棋盘调用野怪数据表,Res|Data|Game|Data|Mgr|Chess|Call|Monster|Databin,
ResData.GameDataMgr.InBattleOpenFuncOfflineParamDatabin,资源数据.游戏数据管理器.内战斗打开函数离线参数数据表,Res|Data|Game|Data|Mgr|In|Battle|Open|Func|Offline|Param|Databin,
ResData.GameDataMgr.resVipDianQuan,资源数据.游戏数据管理器.资源VIPDianQuan,Res|Data|Game|Data|Mgr|res|Vip|Dian|Quan,Dian Quan
ResData.GameDataMgr.vipShareHeroSkinDatabin,资源数据.游戏数据管理器.VIP共享英雄皮肤数据表,Res|Data|Game|Data|Mgr|vip|Share|Hero|Skin|Databin,
ResData.GameDataMgr.vipProfitCfgDatabin,资源数据.游戏数据管理器.VIP收益配置数据表,Res|Data|Game|Data|Mgr|vip|Profit|Cfg|Databin,
ResData.GameDataMgr.vipFestivalCfgDatabin,资源数据.游戏数据管理器.VIP节日配置数据表,Res|Data|Game|Data|Mgr|vip|Festival|Cfg|Databin,
ResData.GameDataMgr.VipExpResourceDatabin,资源数据.游戏数据管理器.VIP经验资源数据表,Res|Data|Game|Data|Mgr|Vip|Exp|Resource|Databin,
ResData.GameDataMgr.VipLobbyEntryRuleDatabin,资源数据.游戏数据管理器.VIP大厅入口规则数据表,Res|Data|Game|Data|Mgr|Vip|Lobby|Entry|Rule|Databin,
ResData.GameDataMgr.VipMainFirstPayEntryRuleDatabin,资源数据.游戏数据管理器.VIP主首个支付入口规则数据表,Res|Data|Game|Data|Mgr|Vip|Main|First|Pay|Entry|Rule|Databin,
ResData.GameDataMgr.ResVipRotateDatabinNormal,资源数据.游戏数据管理器.资源VIP旋转数据表普通,Res|Data|Game|Data|Mgr|Res|Vip|Rotate|Databin|Normal,
ResData.GameDataMgr.ResVipRotateDatabinExp,资源数据.游戏数据管理器.资源VIP旋转数据表经验,Res|Data|Game|Data|Mgr|Res|Vip|Rotate|Databin|Exp,
ResData.GameDataMgr.resActivityEntryPoXiaoDatabin,资源数据.游戏数据管理器.资源活动入口PoXiao数据表,Res|Data|Game|Data|Mgr|res|Activity|Entry|Po|Xiao|Databin,Po Xiao
ResData.GameDataMgr.summerHolidaysNickNameA,资源数据.游戏数据管理器.summerHolidaysNick名称A,Res|Data|Game|Data|Mgr|summer|Holidays|Nick|Name|A,summer Holidays Nick
ResData.GameDataMgr.summerHolidaysNickNameB,资源数据.游戏数据管理器.summerHolidaysNick名称,Res|Data|Game|Data|Mgr|summer|Holidays|Nick|Name|B,summer Holidays Nick
ResData.GameDataMgr.summerHolidaysHighLight,资源数据.游戏数据管理器.summerHolidays高光,Res|Data|Game|Data|Mgr|summer|Holidays|High|Light,summer Holidays
ResData.GameDataMgr.summerHolidaysAchivement,资源数据.游戏数据管理器.summerHolidaysAchivement,Res|Data|Game|Data|Mgr|summer|Holidays|Achivement,summer Holidays Achivement
ResData.GameDataMgr.socialProfileDimensionSceneDataBin,资源数据.游戏数据管理器.socialProfile维度场景数据二进制,Res|Data|Game|Data|Mgr|social|Profile|Dimension|Scene|Data|Bin,social Profile
ResData.GameDataMgr.resNobeInfoDatabin,资源数据.游戏数据管理器.资源Nobe信息数据表,Res|Data|Game|Data|Mgr|res|Nobe|Info|Databin,Nobe
ResData.GameDataMgr.m_selectHeroChatDatabin,资源数据.游戏数据管理器.m选择英雄聊天数据表,Res|Data|Game|Data|Mgr|m|select|Hero|Chat|Databin,
ResData.GameDataMgr.selectHeroIntelligentTemplateChatDatabin,资源数据.游戏数据管理器.选择英雄Intelligent模板聊天数据表,Res|Data|Game|Data|Mgr|select|Hero|Intelligent|Template|Chat|Databin,Intelligent
ResData.GameDataMgr.m_equipInBattleDatabin,资源数据.游戏数据管理器.m装备内战斗数据表,Res|Data|Game|Data|Mgr|m|equip|In|Battle|Databin,
ResData.GameDataMgr.m_pveEquipInBattleDatabin,资源数据.游戏数据管理器.mpve装备内战斗数据表,Res|Data|Game|Data|Mgr|m|pve|Equip|In|Battle|Databin,pve
ResData.GameDataMgr.pveTalentDatabin,资源数据.游戏数据管理器.pve天赋数据表,Res|Data|Game|Data|Mgr|pve|Talent|Databin,pve
ResData.GameDataMgr.pveTalentUnlockDatabin,资源数据.游戏数据管理器.pve天赋解锁数据表,Res|Data|Game|Data|Mgr|pve|Talent|Unlock|Databin,pve
ResData.GameDataMgr.equipChgInfoDatabin,资源数据.游戏数据管理器.装备变化信息数据表,Res|Data|Game|Data|Mgr|equip|Chg|Info|Databin,
ResData.GameDataMgr.m_heroTypeRecommendEquipGroupDatabin,资源数据.游戏数据管理器.m英雄类型推荐装备分组数据表,Res|Data|Game|Data|Mgr|m|hero|Type|Recommend|Equip|Group|Databin,
ResData.GameDataMgr.ResFaBaoEquipExchangeInfoDatabin,资源数据.游戏数据管理器.资源FaBao装备交换信息数据表,Res|Data|Game|Data|Mgr|Res|Fa|Bao|Equip|Exchange|Info|Databin,Fa Bao
ResData.GameDataMgr.mapProgramDatabin,资源数据.游戏数据管理器.地图Program数据表,Res|Data|Game|Data|Mgr|map|Program|Databin,Program
ResData.GameDataMgr.mapProgram_OB_Databin,资源数据.游戏数据管理器.地图ProgramOB数据表,Res|Data|Game|Data|Mgr|map|Program|OB|Databin,Program OB
ResData.GameDataMgr.mapProgram_OB_PC_Databin,资源数据.游戏数据管理器.地图ProgramOBPC数据表,Res|Data|Game|Data|Mgr|map|Program|OB|PC|Databin,Program OB PC
ResData.GameDataMgr.mapProgram_OB_PC_Competition_Databin,资源数据.游戏数据管理器.地图ProgramOBPC比赛数据表,Res|Data|Game|Data|Mgr|map|Program|OB|PC|Competition|Databin,Program OB PC
ResData.GameDataMgr.globalProgramDatabin,资源数据.游戏数据管理器.全局Program数据表,Res|Data|Game|Data|Mgr|global|Program|Databin,Program
ResData.GameDataMgr.heroIntimacyAdditionBuffDatabin,资源数据.游戏数据管理器.英雄亲密度附加增益数据表,Res|Data|Game|Data|Mgr|hero|Intimacy|Addition|Buff|Databin,
ResData.GameDataMgr.m_pveTalentUpgradeDatabin,资源数据.游戏数据管理器.mpve天赋升级数据表,Res|Data|Game|Data|Mgr|m|pve|Talent|Upgrade|Databin,pve
ResData.GameDataMgr.m_pveTalentRaceDatabin,资源数据.游戏数据管理器.mpve天赋Race数据表,Res|Data|Game|Data|Mgr|m|pve|Talent|Race|Databin,pve Race
ResData.GameDataMgr.m_pveTalentGenreDatabin,资源数据.游戏数据管理器.mpve天赋Genre数据表,Res|Data|Game|Data|Mgr|m|pve|Talent|Genre|Databin,pve Genre
ResData.GameDataMgr.m_pveSuitDatabin,资源数据.游戏数据管理器.mpve套装数据表,Res|Data|Game|Data|Mgr|m|pve|Suit|Databin,pve
ResData.GameDataMgr.m_pveSyntheticSuit,资源数据.游戏数据管理器.mpveSynthetic套装,Res|Data|Game|Data|Mgr|m|pve|Synthetic|Suit,pve Synthetic
ResData.GameDataMgr.m_mutexRecommendEquipDatabin,资源数据.游戏数据管理器.mmutex推荐装备数据表,Res|Data|Game|Data|Mgr|m|mutex|Recommend|Equip|Databin,mutex
ResData.GameDataMgr.m_mutexBuyEquipGroupDatabin,资源数据.游戏数据管理器.mmutex购买装备分组数据表,Res|Data|Game|Data|Mgr|m|mutex|Buy|Equip|Group|Databin,mutex
ResData.GameDataMgr.m_heroEquipPriceTypeWeightDatabin,资源数据.游戏数据管理器.m英雄装备价格类型权重数据表,Res|Data|Game|Data|Mgr|m|hero|Equip|Price|Type|Weight|Databin,
ResData.GameDataMgr.m_recommendEquipInBattleDatabin,资源数据.游戏数据管理器.m推荐装备内战斗数据表,Res|Data|Game|Data|Mgr|m|recommend|Equip|In|Battle|Databin,
ResData.GameDataMgr.m_recommendEquipSimpleDatabin,资源数据.游戏数据管理器.m推荐装备简单数据表,Res|Data|Game|Data|Mgr|m|recommend|Equip|Simple|Databin,
ResData.GameDataMgr.m_professionalEquipInBattleDatabin,资源数据.游戏数据管理器.mprofessional装备内战斗数据表,Res|Data|Game|Data|Mgr|m|professional|Equip|In|Battle|Databin,professional
ResData.GameDataMgr.m_recommendEquipReplace,资源数据.游戏数据管理器.m推荐装备替换,Res|Data|Game|Data|Mgr|m|recommend|Equip|Replace,
ResData.GameDataMgr.changeNameDatabin,资源数据.游戏数据管理器.变更名称数据表,Res|Data|Game|Data|Mgr|change|Name|Databin,
ResData.GameDataMgr.robotPlayerSkillDatabin,资源数据.游戏数据管理器.robot玩家技能数据表,Res|Data|Game|Data|Mgr|robot|Player|Skill|Databin,robot
ResData.GameDataMgr.robotRookieHeroSkinDatabin,资源数据.游戏数据管理器.robotRookie英雄皮肤数据表,Res|Data|Game|Data|Mgr|robot|Rookie|Hero|Skin|Databin,robot Rookie
ResData.GameDataMgr.robotVeteranHeroSkinDatabin,资源数据.游戏数据管理器.robotVeteran英雄皮肤数据表,Res|Data|Game|Data|Mgr|robot|Veteran|Hero|Skin|Databin,robot Veteran
ResData.GameDataMgr.WarmBattleHeroBin,资源数据.游戏数据管理器.热身战斗英雄二进制,Res|Data|Game|Data|Mgr|Warm|Battle|Hero|Bin,
ResData.GameDataMgr.ResOfflineGameHeroDatabin,资源数据.游戏数据管理器.资源离线游戏英雄数据表,Res|Data|Game|Data|Mgr|Res|Offline|Game|Hero|Databin,
ResData.GameDataMgr.NewbieDynamicWarmBattleHeroBin,资源数据.游戏数据管理器.新手动态热身战斗英雄二进制,Res|Data|Game|Data|Mgr|Newbie|Dynamic|Warm|Battle|Hero|Bin,
ResData.GameDataMgr.banHeroBin,资源数据.游戏数据管理器.禁用英雄二进制,Res|Data|Game|Data|Mgr|ban|Hero|Bin,
ResData.GameDataMgr.commonRewardDatabin,资源数据.游戏数据管理器.通用奖励数据表,Res|Data|Game|Data|Mgr|common|Reward|Databin,
ResData.GameDataMgr.banHeroSkinBin,资源数据.游戏数据管理器.禁用英雄皮肤二进制,Res|Data|Game|Data|Mgr|ban|Hero|Skin|Bin,
ResData.GameDataMgr.unionBattleWinCntRewardDatabin,资源数据.游戏数据管理器.union战斗胜利计数奖励数据表,Res|Data|Game|Data|Mgr|union|Battle|Win|Cnt|Reward|Databin,union
ResData.GameDataMgr.speakerDatabin,资源数据.游戏数据管理器.说话者数据表,Res|Data|Game|Data|Mgr|speaker|Databin,
ResData.GameDataMgr.CreditValueRewardDatabin,资源数据.游戏数据管理器.信誉值奖励数据表,Res|Data|Game|Data|Mgr|Credit|Value|Reward|Databin,
ResData.GameDataMgr.ResCreditRuleDatabin,资源数据.游戏数据管理器.资源信誉规则数据表,Res|Data|Game|Data|Mgr|Res|Credit|Rule|Databin,
ResData.GameDataMgr.ResViolationRateRuleDatabin,资源数据.游戏数据管理器.资源违规速率规则数据表,Res|Data|Game|Data|Mgr|Res|Violation|Rate|Rule|Databin,
ResData.GameDataMgr.ResViolationBlackRateRuleDatabin,资源数据.游戏数据管理器.资源违规黑速率规则数据表,Res|Data|Game|Data|Mgr|Res|Violation|Black|Rate|Rule|Databin,
ResData.GameDataMgr.ResViolationVoteScorePoolConfDatabin,资源数据.游戏数据管理器.资源违规投票得分池配置数据表,Res|Data|Game|Data|Mgr|Res|Violation|Vote|Score|Pool|Conf|Databin,
ResData.GameDataMgr.resHonor,资源数据.游戏数据管理器.资源荣誉,Res|Data|Game|Data|Mgr|res|Honor,
ResData.GameDataMgr.resMatchBadgeDatabin,资源数据.游戏数据管理器.资源匹配徽章数据表,Res|Data|Game|Data|Mgr|res|Match|Badge|Databin,
ResData.GameDataMgr.BlindBoxGiftInfoDatabin,资源数据.游戏数据管理器.Blind盒礼包信息数据表,Res|Data|Game|Data|Mgr|Blind|Box|Gift|Info|Databin,Blind
ResData.GameDataMgr.ResGvoiceViolationConfDatabin,资源数据.游戏数据管理器.资源Gvoice违规配置数据表,Res|Data|Game|Data|Mgr|Res|Gvoice|Violation|Conf|Databin,Gvoice
ResData.GameDataMgr.battleInteractionDatabin,资源数据.游戏数据管理器.战斗交互数据表,Res|Data|Game|Data|Mgr|battle|Interaction|Databin,
ResData.GameDataMgr.killActionDatabin,资源数据.游戏数据管理器.击杀动作数据表,Res|Data|Game|Data|Mgr|kill|Action|Databin,
ResData.GameDataMgr.buffRmvInfoDatabin,资源数据.游戏数据管理器.增益移除信息数据表,Res|Data|Game|Data|Mgr|buff|Rmv|Info|Databin,
ResData.GameDataMgr.buffKillShowDatabin,资源数据.游戏数据管理器.增益击杀显示数据表,Res|Data|Game|Data|Mgr|buff|Kill|Show|Databin,
ResData.GameDataMgr.hurtPropertyBonusDatabin,资源数据.游戏数据管理器.伤害属性Bonus数据表,Res|Data|Game|Data|Mgr|hurt|Property|Bonus|Databin,Bonus
ResData.GameDataMgr.floatTextDatabin,资源数据.游戏数据管理器.浮点文本数据表,Res|Data|Game|Data|Mgr|float|Text|Databin,
ResData.GameDataMgr.digitFloatTextDatabin,资源数据.游戏数据管理器.数字浮点文本数据表,Res|Data|Game|Data|Mgr|digit|Float|Text|Databin,
ResData.GameDataMgr.MPVEDigitFloatTextDatabin,资源数据.游戏数据管理器.MPVE数字浮点文本数据表,Res|Data|Game|Data|Mgr|MPVE|Digit|Float|Text|Databin,MPVE
ResData.GameDataMgr.Project8DigitFloatTextDatabin,资源数据.游戏数据管理器.项目8数字浮点文本数据表,Res|Data|Game|Data|Mgr|Project|8|Digit|Float|Text|Databin,
ResData.GameDataMgr.RogueMowDigitFloatTextDatabin,资源数据.游戏数据管理器.肉鸽Mow数字浮点文本数据表,Res|Data|Game|Data|Mgr|Rogue|Mow|Digit|Float|Text|Databin,Mow
ResData.GameDataMgr.recruimentReward,资源数据.游戏数据管理器.recruiment奖励,Res|Data|Game|Data|Mgr|recruiment|Reward,recruiment
ResData.GameDataMgr.intimacyRelaDatabin,资源数据.游戏数据管理器.亲密度Rela数据表,Res|Data|Game|Data|Mgr|intimacy|Rela|Databin,Rela
ResData.GameDataMgr.killNotifyDatabin,资源数据.游戏数据管理器.击杀通知数据表,Res|Data|Game|Data|Mgr|kill|Notify|Databin,
ResData.GameDataMgr.SimpleBoardCastDatabin,资源数据.游戏数据管理器.简单BoardCast数据表,Res|Data|Game|Data|Mgr|Simple|Board|Cast|Databin,Board Cast
ResData.GameDataMgr.multiKillDatabin,资源数据.游戏数据管理器.多重击杀数据表,Res|Data|Game|Data|Mgr|multi|Kill|Databin,
ResData.GameDataMgr.equipVoiceDatabin,资源数据.游戏数据管理器.装备语音数据表,Res|Data|Game|Data|Mgr|equip|Voice|Databin,
ResData.GameDataMgr.aiParamConfDataBin,资源数据.游戏数据管理器.AI参数配置数据二进制,Res|Data|Game|Data|Mgr|ai|Param|Conf|Data|Bin,
ResData.GameDataMgr.resDeadSkillInfoDatabin,资源数据.游戏数据管理器.资源死亡技能信息数据表,Res|Data|Game|Data|Mgr|res|Dead|Skill|Info|Databin,
ResData.GameDataMgr.famousMentorDatabin,资源数据.游戏数据管理器.famousMentor数据表,Res|Data|Game|Data|Mgr|famous|Mentor|Databin,famous Mentor
ResData.GameDataMgr.speedAdjusterDatabin,资源数据.游戏数据管理器.速度Adjuster数据表,Res|Data|Game|Data|Mgr|speed|Adjuster|Databin,Adjuster
ResData.GameDataMgr.defeatBarrageTextDatabin,资源数据.游戏数据管理器.defeat弹幕文本数据表,Res|Data|Game|Data|Mgr|defeat|Barrage|Text|Databin,defeat
ResData.GameDataMgr.wealWealStorageActivityDatabin,资源数据.游戏数据管理器.福利福利Storage活动数据表,Res|Data|Game|Data|Mgr|weal|Weal|Storage|Activity|Databin,Storage
ResData.GameDataMgr.wealResWealStepLoginDatabin,资源数据.游戏数据管理器.福利资源福利步长登录数据表,Res|Data|Game|Data|Mgr|weal|Res|Weal|Step|Login|Databin,
ResData.GameDataMgr.wealResWealMultiOptRewardbin,资源数据.游戏数据管理器.福利资源福利多重可选Rewardbin,Res|Data|Game|Data|Mgr|weal|Res|Weal|Multi|Opt|Rewardbin,Rewardbin
ResData.GameDataMgr.wealResWealStampInfobin,资源数据.游戏数据管理器.福利资源福利StampInfobin,Res|Data|Game|Data|Mgr|weal|Res|Weal|Stamp|Infobin,Stamp Infobin
ResData.GameDataMgr.wealResWealFundbin,资源数据.游戏数据管理器.福利资源福利Fundbin,Res|Data|Game|Data|Mgr|weal|Res|Weal|Fundbin,Fundbin
ResData.GameDataMgr.wealResWealWeightExbin,资源数据.游戏数据管理器.福利资源福利权重Exbin,Res|Data|Game|Data|Mgr|weal|Res|Weal|Weight|Exbin,Exbin
ResData.GameDataMgr.ResTsWealPackCfgDatabin,资源数据.游戏数据管理器.资源时间戳福利打包配置数据表,Res|Data|Game|Data|Mgr|Res|Ts|Weal|Pack|Cfg|Databin,
ResData.GameDataMgr.overLimitConvertDatabin,资源数据.游戏数据管理器.超过限制转换数据表,Res|Data|Game|Data|Mgr|over|Limit|Convert|Databin,
ResData.GameDataMgr.wealStepDatabin,资源数据.游戏数据管理器.福利步长数据表,Res|Data|Game|Data|Mgr|weal|Step|Databin,
ResData.GameDataMgr.friendCoinShopDatabin,资源数据.游戏数据管理器.友方金币商店数据表,Res|Data|Game|Data|Mgr|friend|Coin|Shop|Databin,
ResData.GameDataMgr.wealCheckInDatabin,资源数据.游戏数据管理器.福利检查内数据表,Res|Data|Game|Data|Mgr|weal|Check|In|Databin,
ResData.GameDataMgr.wealFixTimeDatabin,资源数据.游戏数据管理器.福利固定时间数据表,Res|Data|Game|Data|Mgr|weal|Fix|Time|Databin,
ResData.GameDataMgr.wealMultipleDatabin,资源数据.游戏数据管理器.福利多重数据表,Res|Data|Game|Data|Mgr|weal|Multiple|Databin,
ResData.GameDataMgr.wealExchangeDatabin,资源数据.游戏数据管理器.福利交换数据表,Res|Data|Game|Data|Mgr|weal|Exchange|Databin,
ResData.GameDataMgr.wealPointExchangeDatabin,资源数据.游戏数据管理器.福利点交换数据表,Res|Data|Game|Data|Mgr|weal|Point|Exchange|Databin,
ResData.GameDataMgr.wealResPVPSpecItemLimitDatabin,资源数据.游戏数据管理器.福利资源竞技规格道具限制数据表,Res|Data|Game|Data|Mgr|weal|Res|PVP|Spec|Item|Limit|Databin,
ResData.GameDataMgr.wealConditionDatabin,资源数据.游戏数据管理器.福利条件数据表,Res|Data|Game|Data|Mgr|weal|Condition|Databin,
ResData.GameDataMgr.wealNoticeDatabin,资源数据.游戏数据管理器.福利公告数据表,Res|Data|Game|Data|Mgr|weal|Notice|Databin,
ResData.GameDataMgr.wealNewbieDatabin,资源数据.游戏数据管理器.福利新手数据表,Res|Data|Game|Data|Mgr|weal|Newbie|Databin,
ResData.GameDataMgr.wealCheckFillDatabin,资源数据.游戏数据管理器.福利检查Fill数据表,Res|Data|Game|Data|Mgr|weal|Check|Fill|Databin,Fill
ResData.GameDataMgr.specSaleDatabin,资源数据.游戏数据管理器.规格出售数据表,Res|Data|Game|Data|Mgr|spec|Sale|Databin,
ResData.GameDataMgr.specSaleTabInfoDatabin,资源数据.游戏数据管理器.规格出售页签信息数据表,Res|Data|Game|Data|Mgr|spec|Sale|Tab|Info|Databin,
ResData.GameDataMgr.SpecialSaleSelfSelectionDatabin,资源数据.游戏数据管理器.特殊出售自身选择数据表,Res|Data|Game|Data|Mgr|Special|Sale|Self|Selection|Databin,
ResData.GameDataMgr.optionalDiscountDatabin,资源数据.游戏数据管理器.optional折扣数据表,Res|Data|Game|Data|Mgr|optional|Discount|Databin,optional
ResData.GameDataMgr.heroPromotionDatabin,资源数据.游戏数据管理器.英雄晋级数据表,Res|Data|Game|Data|Mgr|hero|Promotion|Databin,
ResData.GameDataMgr.skinPromotionDatabin,资源数据.游戏数据管理器.皮肤晋级数据表,Res|Data|Game|Data|Mgr|skin|Promotion|Databin,
ResData.GameDataMgr.mallRoulettePriceDatabin,资源数据.游戏数据管理器.商城Roulette价格数据表,Res|Data|Game|Data|Mgr|mall|Roulette|Price|Databin,Roulette
ResData.GameDataMgr.mallRouletteRewardForClientDatabin,资源数据.游戏数据管理器.商城Roulette奖励用于客户端数据表,Res|Data|Game|Data|Mgr|mall|Roulette|Reward|For|Client|Databin,Roulette
ResData.GameDataMgr.mallRouletteExternRewardDatabin,资源数据.游戏数据管理器.商城Roulette外部奖励数据表,Res|Data|Game|Data|Mgr|mall|Roulette|Extern|Reward|Databin,Roulette
ResData.GameDataMgr.mallResLuckyNumberLevelDatabin,资源数据.游戏数据管理器.商城资源幸运数字等级数据表,Res|Data|Game|Data|Mgr|mall|Res|Lucky|Number|Level|Databin,
ResData.GameDataMgr.ResNewLuckyDrawDatabin,资源数据.游戏数据管理器.资源新幸运抽奖数据表,Res|Data|Game|Data|Mgr|Res|New|Lucky|Draw|Databin,
ResData.GameDataMgr.ResNewLuckyDrawPoolDatabin,资源数据.游戏数据管理器.资源新幸运抽奖池数据表,Res|Data|Game|Data|Mgr|Res|New|Lucky|Draw|Pool|Databin,
ResData.GameDataMgr.ResNewLuckyDrawDiscountDatabin,资源数据.游戏数据管理器.资源新幸运抽奖折扣数据表,Res|Data|Game|Data|Mgr|Res|New|Lucky|Draw|Discount|Databin,
ResData.GameDataMgr.ResStashBoxCfgDatabin,资源数据.游戏数据管理器.资源Stash盒配置数据表,Res|Data|Game|Data|Mgr|Res|Stash|Box|Cfg|Databin,Stash
ResData.GameDataMgr.randDrawRateDatabin,资源数据.游戏数据管理器.随机抽奖速率数据表,Res|Data|Game|Data|Mgr|rand|Draw|Rate|Databin,
ResData.GameDataMgr.redDotInfoDatabin,资源数据.游戏数据管理器.红Dot信息数据表,Res|Data|Game|Data|Mgr|red|Dot|Info|Databin,Dot
ResData.GameDataMgr.ResActivityClientReportGrayCfgDatabin,资源数据.游戏数据管理器.资源活动客户端举报灰度配置数据表,Res|Data|Game|Data|Mgr|Res|Activity|Client|Report|Gray|Cfg|Databin,
ResData.GameDataMgr.matchTimeInfoDatabin,资源数据.游戏数据管理器.匹配时间信息数据表,Res|Data|Game|Data|Mgr|match|Time|Info|Databin,
ResData.GameDataMgr.pkAIMatchTimeInfoDatabin,资源数据.游戏数据管理器.pkAI匹配时间信息数据表,Res|Data|Game|Data|Mgr|pk|AI|Match|Time|Info|Databin,pk
ResData.GameDataMgr.rareExchangeDatabin,资源数据.游戏数据管理器.稀有交换数据表,Res|Data|Game|Data|Mgr|rare|Exchange|Databin,
ResData.GameDataMgr.rareExchangeTabInfoDatabin,资源数据.游戏数据管理器.稀有交换页签信息数据表,Res|Data|Game|Data|Mgr|rare|Exchange|Tab|Info|Databin,
ResData.GameDataMgr.resWealParamDatabin,资源数据.游戏数据管理器.资源福利参数数据表,Res|Data|Game|Data|Mgr|res|Weal|Param|Databin,
ResData.GameDataMgr.heroShopInfoDatabin,资源数据.游戏数据管理器.英雄商店信息数据表,Res|Data|Game|Data|Mgr|hero|Shop|Info|Databin,
ResData.GameDataMgr.heroVedioIntroDatabin,资源数据.游戏数据管理器.英雄Vedio开场数据表,Res|Data|Game|Data|Mgr|hero|Vedio|Intro|Databin,Vedio
ResData.GameDataMgr.skinShopInfoDatabin,资源数据.游戏数据管理器.皮肤商店信息数据表,Res|Data|Game|Data|Mgr|skin|Shop|Info|Databin,
ResData.GameDataMgr.skinFeatureDatabin,资源数据.游戏数据管理器.皮肤特性数据表,Res|Data|Game|Data|Mgr|skin|Feature|Databin,
ResData.GameDataMgr.skinInstallmentDatabin,资源数据.游戏数据管理器.皮肤Installment数据表,Res|Data|Game|Data|Mgr|skin|Installment|Databin,Installment
ResData.GameDataMgr.huoyueduDatabin,资源数据.游戏数据管理器.huoyuedu数据表,Res|Data|Game|Data|Mgr|huoyuedu|Databin,huoyuedu
ResData.GameDataMgr.headImageDatabin,资源数据.游戏数据管理器.头部图片数据表,Res|Data|Game|Data|Mgr|head|Image|Databin,
ResData.GameDataMgr.svr2CltCfgDatabin,资源数据.游戏数据管理器.服务端2客户端配置数据表,Res|Data|Game|Data|Mgr|svr|2|Clt|Cfg|Databin,
ResData.GameDataMgr.svr2BannerImageDatabin,资源数据.游戏数据管理器.服务端2横幅图片数据表,Res|Data|Game|Data|Mgr|svr|2|Banner|Image|Databin,
ResData.GameDataMgr.shopPromotionDatabin,资源数据.游戏数据管理器.商店晋级数据表,Res|Data|Game|Data|Mgr|shop|Promotion|Databin,
ResData.GameDataMgr.rankSeasonDatabinNormal,资源数据.游戏数据管理器.排行赛季数据表普通,Res|Data|Game|Data|Mgr|rank|Season|Databin|Normal,
ResData.GameDataMgr.rankSeasonDatabinPioneer,资源数据.游戏数据管理器.排行赛季数据表Pioneer,Res|Data|Game|Data|Mgr|rank|Season|Databin|Pioneer,Pioneer
ResData.GameDataMgr.rankSeasonDatabinExp,资源数据.游戏数据管理器.排行赛季数据表经验,Res|Data|Game|Data|Mgr|rank|Season|Databin|Exp,
ResData.GameDataMgr.guildMatchSeasonRewardDatabin,资源数据.游戏数据管理器.公会匹配赛季奖励数据表,Res|Data|Game|Data|Mgr|guild|Match|Season|Reward|Databin,
ResData.GameDataMgr.redEnvelopeDataBin,资源数据.游戏数据管理器.红Envelope数据二进制,Res|Data|Game|Data|Mgr|red|Envelope|Data|Bin,Envelope
ResData.GameDataMgr.RedEnvelopeCatalog,资源数据.游戏数据管理器.红EnvelopeCatalog,Res|Data|Game|Data|Mgr|Red|Envelope|Catalog,Envelope Catalog
ResData.GameDataMgr.redEnvelopeDisplayConf,资源数据.游戏数据管理器.红Envelope显示配置,Res|Data|Game|Data|Mgr|red|Envelope|Display|Conf,Envelope
ResData.GameDataMgr.redEnvelopeCoverConfDatabin,资源数据.游戏数据管理器.红EnvelopeCover配置数据表,Res|Data|Game|Data|Mgr|red|Envelope|Cover|Conf|Databin,Envelope Cover
ResData.GameDataMgr.commonMsgDatabin,资源数据.游戏数据管理器.通用消息数据表,Res|Data|Game|Data|Mgr|common|Msg|Databin,
ResData.GameDataMgr.guildHuoYueRewardDatabin,资源数据.游戏数据管理器.公会HuoYue奖励数据表,Res|Data|Game|Data|Mgr|guild|Huo|Yue|Reward|Databin,Huo Yue
ResData.GameDataMgr.socialEnumDatabin,资源数据.游戏数据管理器.social枚举数据表,Res|Data|Game|Data|Mgr|social|Enum|Databin,social
ResData.GameDataMgr.socialTagsDataBin,资源数据.游戏数据管理器.social标签数据二进制,Res|Data|Game|Data|Mgr|social|Tags|Data|Bin,social
ResData.GameDataMgr.socialIntimacyTitleDataBin,资源数据.游戏数据管理器.social亲密度标题数据二进制,Res|Data|Game|Data|Mgr|social|Intimacy|Title|Data|Bin,social
ResData.GameDataMgr.relationResourceDataBin,资源数据.游戏数据管理器.关系资源数据二进制,Res|Data|Game|Data|Mgr|relation|Resource|Data|Bin,
ResData.GameDataMgr.intimacyRelationCfg,资源数据.游戏数据管理器.亲密度关系配置,Res|Data|Game|Data|Mgr|intimacy|Relation|Cfg,
ResData.GameDataMgr.sendCoinTagDataBin,资源数据.游戏数据管理器.发送金币标签数据二进制,Res|Data|Game|Data|Mgr|send|Coin|Tag|Data|Bin,
ResData.GameDataMgr.friendTagDataBin,资源数据.游戏数据管理器.友方标签数据二进制,Res|Data|Game|Data|Mgr|friend|Tag|Data|Bin,
ResData.GameDataMgr.askForTemplateDatabin,资源数据.游戏数据管理器.ask用于模板数据表,Res|Data|Game|Data|Mgr|ask|For|Template|Databin,ask
ResData.GameDataMgr.heroMvpParam,资源数据.游戏数据管理器.英雄MVP参数,Res|Data|Game|Data|Mgr|hero|Mvp|Param,
ResData.GameDataMgr.heroJobBuffDatabin,资源数据.游戏数据管理器.英雄Job增益数据表,Res|Data|Game|Data|Mgr|hero|Job|Buff|Databin,Job
ResData.GameDataMgr.heroDynamicBuffDatabin,资源数据.游戏数据管理器.英雄动态增益数据表,Res|Data|Game|Data|Mgr|hero|Dynamic|Buff|Databin,
ResData.GameDataMgr.heroBuffDatabin,资源数据.游戏数据管理器.英雄增益数据表,Res|Data|Game|Data|Mgr|hero|Buff|Databin,
ResData.GameDataMgr.androidDevicFuncConfigDatabin,资源数据.游戏数据管理器.AndroidDevic函数配置数据表,Res|Data|Game|Data|Mgr|android|Devic|Func|Config|Databin,Devic
ResData.GameDataMgr.iosDevicFuncConfigDatabin,资源数据.游戏数据管理器.iosDevic函数配置数据表,Res|Data|Game|Data|Mgr|ios|Devic|Func|Config|Databin,ios Devic
ResData.GameDataMgr.battleKillSkinDatabin,资源数据.游戏数据管理器.战斗击杀皮肤数据表,Res|Data|Game|Data|Mgr|battle|Kill|Skin|Databin,
ResData.GameDataMgr.skinFlagDatabin,资源数据.游戏数据管理器.皮肤标记数据表,Res|Data|Game|Data|Mgr|skin|Flag|Databin,
ResData.GameDataMgr.eftTransDatabin,资源数据.游戏数据管理器.eft变换数据表,Res|Data|Game|Data|Mgr|eft|Trans|Databin,eft
ResData.GameDataMgr.pveBanHeroDatabin,资源数据.游戏数据管理器.pve禁用英雄数据表,Res|Data|Game|Data|Mgr|pve|Ban|Hero|Databin,pve
ResData.GameDataMgr.giftSkinDatabin,资源数据.游戏数据管理器.礼包皮肤数据表,Res|Data|Game|Data|Mgr|gift|Skin|Databin,
ResData.GameDataMgr.heroCampBuffDatabin,资源数据.游戏数据管理器.英雄阵营增益数据表,Res|Data|Game|Data|Mgr|hero|Camp|Buff|Databin,
ResData.GameDataMgr.branchEvaluate,资源数据.游戏数据管理器.分支求值,Res|Data|Game|Data|Mgr|branch|Evaluate,
ResData.GameDataMgr.face2face,资源数据.游戏数据管理器.face2face,Res|Data|Game|Data|Mgr|face|2|face,face face
ResData.GameDataMgr.face2facetest,资源数据.游戏数据管理器.face2facetest,Res|Data|Game|Data|Mgr|face|2|facetest,face facetest
ResData.GameDataMgr.competitionMain,资源数据.游戏数据管理器.比赛主,Res|Data|Game|Data|Mgr|competition|Main,
ResData.GameDataMgr.competitionStep,资源数据.游戏数据管理器.比赛步长,Res|Data|Game|Data|Mgr|competition|Step,
ResData.GameDataMgr.competitionMisc,资源数据.游戏数据管理器.比赛杂项,Res|Data|Game|Data|Mgr|competition|Misc,
ResData.GameDataMgr.competitionMatchLevelDatabin,资源数据.游戏数据管理器.比赛匹配等级数据表,Res|Data|Game|Data|Mgr|competition|Match|Level|Databin,
ResData.GameDataMgr.customTeamLuckInfoDatabin,资源数据.游戏数据管理器.自定义队伍幸运信息数据表,Res|Data|Game|Data|Mgr|custom|Team|Luck|Info|Databin,
ResData.GameDataMgr.competitionStatisticShare,资源数据.游戏数据管理器.比赛统计共享,Res|Data|Game|Data|Mgr|competition|Statistic|Share,
ResData.GameDataMgr.competitionWonderShow,资源数据.游戏数据管理器.比赛Wonder显示,Res|Data|Game|Data|Mgr|competition|Wonder|Show,Wonder
ResData.GameDataMgr.officialCompetition,资源数据.游戏数据管理器.official比赛,Res|Data|Game|Data|Mgr|official|Competition,official
ResData.GameDataMgr.officialCompetitionRoom,资源数据.游戏数据管理器.official比赛房间,Res|Data|Game|Data|Mgr|official|Competition|Room,official
ResData.GameDataMgr.officialCompetitionStep,资源数据.游戏数据管理器.official比赛步长,Res|Data|Game|Data|Mgr|official|Competition|Step,official
ResData.GameDataMgr.competitionReward,资源数据.游戏数据管理器.比赛奖励,Res|Data|Game|Data|Mgr|competition|Reward,
ResData.GameDataMgr.customTeamHonorReward,资源数据.游戏数据管理器.自定义队伍荣誉奖励,Res|Data|Game|Data|Mgr|custom|Team|Honor|Reward,
ResData.GameDataMgr.customTeamSimilarPlayer,资源数据.游戏数据管理器.自定义队伍Similar玩家,Res|Data|Game|Data|Mgr|custom|Team|Similar|Player,Similar
ResData.GameDataMgr.honorTitleLevel,资源数据.游戏数据管理器.荣誉标题等级,Res|Data|Game|Data|Mgr|honor|Title|Level,
ResData.GameDataMgr.ResHonorTitleSwitchDatabin,资源数据.游戏数据管理器.资源荣誉标题切换数据表,Res|Data|Game|Data|Mgr|Res|Honor|Title|Switch|Databin,
ResData.GameDataMgr.ResHonorTitleColorDatabin,资源数据.游戏数据管理器.资源荣誉标题颜色数据表,Res|Data|Game|Data|Mgr|Res|Honor|Title|Color|Databin,
ResData.GameDataMgr.questionDatabin,资源数据.游戏数据管理器.题目数据表,Res|Data|Game|Data|Mgr|question|Databin,
ResData.GameDataMgr.questionAwardDatabin,资源数据.游戏数据管理器.题目奖励数据表,Res|Data|Game|Data|Mgr|question|Award|Databin,
ResData.GameDataMgr.questionBankRuleDatabin,资源数据.游戏数据管理器.题目银行规则数据表,Res|Data|Game|Data|Mgr|question|Bank|Rule|Databin,
ResData.GameDataMgr.questionLvExpDatabin,资源数据.游戏数据管理器.题目等级经验数据表,Res|Data|Game|Data|Mgr|question|Lv|Exp|Databin,
ResData.GameDataMgr.HeroRecommendQuestionDatabin,资源数据.游戏数据管理器.英雄推荐题目数据表,Res|Data|Game|Data|Mgr|Hero|Recommend|Question|Databin,
ResData.GameDataMgr.CpuPerfInfoDatabin,资源数据.游戏数据管理器.CpuPerf信息数据表,Res|Data|Game|Data|Mgr|Cpu|Perf|Info|Databin,Cpu Perf
ResData.GameDataMgr.DevicePerfInfoDatabin,资源数据.游戏数据管理器.设备Perf信息数据表,Res|Data|Game|Data|Mgr|Device|Perf|Info|Databin,Perf
ResData.GameDataMgr.ExtraGpuScoreDatabin,资源数据.游戏数据管理器.额外Gpu得分数据表,Res|Data|Game|Data|Mgr|Extra|Gpu|Score|Databin,Gpu
ResData.GameDataMgr.IOSDeviceModelDefaultQualityDatabin,资源数据.游戏数据管理器.IOS设备模型默认品质数据表,Res|Data|Game|Data|Mgr|IOS|Device|Model|Default|Quality|Databin,IOS
ResData.GameDataMgr.IOSSOCDefaultQualityDatabin,资源数据.游戏数据管理器.IOSSOC默认品质数据表,Res|Data|Game|Data|Mgr|IOSSOC|Default|Quality|Databin,IOSSOC
ResData.GameDataMgr.AndroidDeviceModelDefaultQualityDatabin,资源数据.游戏数据管理器.Android设备模型默认品质数据表,Res|Data|Game|Data|Mgr|Android|Device|Model|Default|Quality|Databin,
ResData.GameDataMgr.AndroidSOCDefaultQualityDatabin,资源数据.游戏数据管理器.AndroidSOC默认品质数据表,Res|Data|Game|Data|Mgr|Android|SOC|Default|Quality|Databin,SOC
ResData.GameDataMgr.HarmonyDeviceModelDefaultQualityDatabin,资源数据.游戏数据管理器.Harmony设备模型默认品质数据表,Res|Data|Game|Data|Mgr|Harmony|Device|Model|Default|Quality|Databin,Harmony
ResData.GameDataMgr.HarmonySOCDefaultQualityDatabin,资源数据.游戏数据管理器.HarmonySOC默认品质数据表,Res|Data|Game|Data|Mgr|Harmony|SOC|Default|Quality|Databin,Harmony SOC
ResData.GameDataMgr.androidDeviceScoreDatabin,资源数据.游戏数据管理器.Android设备得分数据表,Res|Data|Game|Data|Mgr|android|Device|Score|Databin,
ResData.GameDataMgr.iOSDeviceScoreDatabin,资源数据.游戏数据管理器.iOS设备得分数据表,Res|Data|Game|Data|Mgr|i|OS|Device|Score|Databin,OS
ResData.GameDataMgr.lobbyCustomMusicDatabin,资源数据.游戏数据管理器.大厅自定义音乐数据表,Res|Data|Game|Data|Mgr|lobby|Custom|Music|Databin,
ResData.GameDataMgr.ExpCardExchangeDatabin,资源数据.游戏数据管理器.经验卡牌交换数据表,Res|Data|Game|Data|Mgr|Exp|Card|Exchange|Databin,
ResData.GameDataMgr.ResBackFlowLobbyFuncDatabin,资源数据.游戏数据管理器.资源返回流动大厅函数数据表,Res|Data|Game|Data|Mgr|Res|Back|Flow|Lobby|Func|Databin,
ResData.GameDataMgr.ResBackflowPrivilegeDatabin,资源数据.游戏数据管理器.资源回流特权数据表,Res|Data|Game|Data|Mgr|Res|Backflow|Privilege|Databin,
ResData.GameDataMgr.ResNewbieCareerChapterConfDatabin,资源数据.游戏数据管理器.资源新手职业章节配置数据表,Res|Data|Game|Data|Mgr|Res|Newbie|Career|Chapter|Conf|Databin,
ResData.GameDataMgr.ResNewbieCareerTargetConfDatabin,资源数据.游戏数据管理器.资源新手职业目标配置数据表,Res|Data|Game|Data|Mgr|Res|Newbie|Career|Target|Conf|Databin,
ResData.GameDataMgr.ResNewbieCareerRankConfDatabin,资源数据.游戏数据管理器.资源新手职业排行配置数据表,Res|Data|Game|Data|Mgr|Res|Newbie|Career|Rank|Conf|Databin,
ResData.GameDataMgr.ResHeroDataConfDatabin,资源数据.游戏数据管理器.资源英雄数据配置数据表,Res|Data|Game|Data|Mgr|Res|Hero|Data|Conf|Databin,
ResData.GameDataMgr.ResNewbieDestinyHeroConfDatabin,资源数据.游戏数据管理器.资源新手Destiny英雄配置数据表,Res|Data|Game|Data|Mgr|Res|Newbie|Destiny|Hero|Conf|Databin,Destiny
ResData.GameDataMgr.ResNewbieDestinyHeroSpeJobConfDatabin,资源数据.游戏数据管理器.资源新手Destiny英雄SpeJob配置数据表,Res|Data|Game|Data|Mgr|Res|Newbie|Destiny|Hero|Spe|Job|Conf|Databin,Destiny Spe Job
ResData.GameDataMgr.ResNewbieDestinyHeroRelationConfDatabin,资源数据.游戏数据管理器.资源新手Destiny英雄关系配置数据表,Res|Data|Game|Data|Mgr|Res|Newbie|Destiny|Hero|Relation|Conf|Databin,Destiny
ResData.GameDataMgr.ResNewbieDestinyHeroQuestionConfDatabin,资源数据.游戏数据管理器.资源新手Destiny英雄题目配置数据表,Res|Data|Game|Data|Mgr|Res|Newbie|Destiny|Hero|Question|Conf|Databin,Destiny
ResData.GameDataMgr.ResNewbieDestinyHeroTaskVideoConfDatabin,资源数据.游戏数据管理器.资源新手Destiny英雄任务视频配置数据表,Res|Data|Game|Data|Mgr|Res|Newbie|Destiny|Hero|Task|Video|Conf|Databin,Destiny
ResData.GameDataMgr.ResNewbieLobbyFuncDatabin,资源数据.游戏数据管理器.资源新手大厅函数数据表,Res|Data|Game|Data|Mgr|Res|Newbie|Lobby|Func|Databin,
ResData.GameDataMgr.UserBackflowEnterGameRewardDatabin,资源数据.游戏数据管理器.用户回流进入游戏奖励数据表,Res|Data|Game|Data|Mgr|User|Backflow|Enter|Game|Reward|Databin,
ResData.GameDataMgr.levelSwitchDatabin,资源数据.游戏数据管理器.等级切换数据表,Res|Data|Game|Data|Mgr|level|Switch|Databin,
ResData.GameDataMgr.sceneBrightnessSetDatabin,资源数据.游戏数据管理器.场景Brightness设置数据表,Res|Data|Game|Data|Mgr|scene|Brightness|Set|Databin,Brightness
ResData.GameDataMgr.RenderCullingExcludesDatabin,资源数据.游戏数据管理器.渲染CullingExcludes数据表,Res|Data|Game|Data|Mgr|Render|Culling|Excludes|Databin,Culling Excludes
ResData.GameDataMgr.UserBackflowNewContentDatabin,资源数据.游戏数据管理器.用户回流新内容数据表,Res|Data|Game|Data|Mgr|User|Backflow|New|Content|Databin,
ResData.GameDataMgr.ResBackflowSelfPickBatchCfgDatabin,资源数据.游戏数据管理器.资源回流自身拾取批次配置数据表,Res|Data|Game|Data|Mgr|Res|Backflow|Self|Pick|Batch|Cfg|Databin,
ResData.GameDataMgr.UserBackflowHeroDialogueDatabin,资源数据.游戏数据管理器.用户回流英雄Dialogue数据表,Res|Data|Game|Data|Mgr|User|Backflow|Hero|Dialogue|Databin,Dialogue
ResData.GameDataMgr.UserBackflowDiscountDatabin,资源数据.游戏数据管理器.用户回流折扣数据表,Res|Data|Game|Data|Mgr|User|Backflow|Discount|Databin,
ResData.GameDataMgr.UserBackflowNodeDatabin,资源数据.游戏数据管理器.用户回流节点数据表,Res|Data|Game|Data|Mgr|User|Backflow|Node|Databin,
ResData.GameDataMgr.UserBackflowWelcomeDatabin,资源数据.游戏数据管理器.用户回流Welcome数据表,Res|Data|Game|Data|Mgr|User|Backflow|Welcome|Databin,Welcome
ResData.GameDataMgr.UBFStandbyTipsInfoDatabin,资源数据.游戏数据管理器.UBFStandby提示信息数据表,Res|Data|Game|Data|Mgr|UBF|Standby|Tips|Info|Databin,UBF Standby
ResData.GameDataMgr.ResBackflowHeroAdjustVideoDatabin,资源数据.游戏数据管理器.资源回流英雄调整视频数据表,Res|Data|Game|Data|Mgr|Res|Backflow|Hero|Adjust|Video|Databin,
ResData.GameDataMgr.ResBlockRedPointDatabin,资源数据.游戏数据管理器.资源阻挡红点数据表,Res|Data|Game|Data|Mgr|Res|Block|Red|Point|Databin,
ResData.GameDataMgr.ResUbfBlockBubbleDatabin,资源数据.游戏数据管理器.资源Ubf阻挡气泡数据表,Res|Data|Game|Data|Mgr|Res|Ubf|Block|Bubble|Databin,Ubf
ResData.GameDataMgr.ResBlockWindowDatabin,资源数据.游戏数据管理器.资源阻挡窗口数据表,Res|Data|Game|Data|Mgr|Res|Block|Window|Databin,
ResData.GameDataMgr.ResBackflowLevelDatabin,资源数据.游戏数据管理器.资源回流等级数据表,Res|Data|Game|Data|Mgr|Res|Backflow|Level|Databin,
ResData.GameDataMgr.ResBackflowTaskPoolDatabin,资源数据.游戏数据管理器.资源回流任务池数据表,Res|Data|Game|Data|Mgr|Res|Backflow|Task|Pool|Databin,
ResData.GameDataMgr.ResBackFlowDynamicRewardsTaskPoolDatabin,资源数据.游戏数据管理器.资源返回流动动态奖励任务池数据表,Res|Data|Game|Data|Mgr|Res|Back|Flow|Dynamic|Rewards|Task|Pool|Databin,
ResData.GameDataMgr.ResBackflowContentRecommendDatabin,资源数据.游戏数据管理器.资源回流内容推荐数据表,Res|Data|Game|Data|Mgr|Res|Backflow|Content|Recommend|Databin,
ResData.GameDataMgr.ResBackflowCarnivalV2TaskDatabin,资源数据.游戏数据管理器.资源回流嘉年华V2任务数据表,Res|Data|Game|Data|Mgr|Res|Backflow|Carnival|V|2|Task|Databin,
ResData.GameDataMgr.ResBackflowGlobalDatabin,资源数据.游戏数据管理器.资源回流全局数据表,Res|Data|Game|Data|Mgr|Res|Backflow|Global|Databin,
ResData.GameDataMgr.ResBackflowProtectStarEffectConfDatabin,资源数据.游戏数据管理器.资源回流保护星效果配置数据表,Res|Data|Game|Data|Mgr|Res|Backflow|Protect|Star|Effect|Conf|Databin,
ResData.GameDataMgr.ResNewBieBlockRedPointDatabin,资源数据.游戏数据管理器.资源新Bie阻挡红点数据表,Res|Data|Game|Data|Mgr|Res|New|Bie|Block|Red|Point|Databin,Bie
ResData.GameDataMgr.ResNewbieDynamicRewardsTaskPoolDatabin,资源数据.游戏数据管理器.资源新手动态奖励任务池数据表,Res|Data|Game|Data|Mgr|Res|Newbie|Dynamic|Rewards|Task|Pool|Databin,
ResData.GameDataMgr.ResNewbieFuncTaskPoolDatabin,资源数据.游戏数据管理器.资源新手函数任务池数据表,Res|Data|Game|Data|Mgr|Res|Newbie|Func|Task|Pool|Databin,
ResData.GameDataMgr.ResNewbieChallengeDefaultConfDatabin,资源数据.游戏数据管理器.资源新手挑战默认配置数据表,Res|Data|Game|Data|Mgr|Res|Newbie|Challenge|Default|Conf|Databin,
ResData.GameDataMgr.ResNewbieBackflowRestartNewbieConfDatabin,资源数据.游戏数据管理器.资源新手回流重启新手配置数据表,Res|Data|Game|Data|Mgr|Res|Newbie|Backflow|Restart|Newbie|Conf|Databin,
ResData.GameDataMgr.ResNewbieCarnivalRewardDatabin,资源数据.游戏数据管理器.资源新手嘉年华奖励数据表,Res|Data|Game|Data|Mgr|Res|Newbie|Carnival|Reward|Databin,
ResData.GameDataMgr.HeroTaoShaLevelValueDatabin,资源数据.游戏数据管理器.英雄TaoSha等级值数据表,Res|Data|Game|Data|Mgr|Hero|Tao|Sha|Level|Value|Databin,Tao Sha
ResData.GameDataMgr.HeroPVELevelValueDatabin,资源数据.游戏数据管理器.英雄PVE等级值数据表,Res|Data|Game|Data|Mgr|Hero|PVE|Level|Value|Databin,
ResData.GameDataMgr.TaoShaBuffFPDatabin,资源数据.游戏数据管理器.TaoSha增益FP数据表,Res|Data|Game|Data|Mgr|Tao|Sha|Buff|FP|Databin,Tao Sha FP
ResData.GameDataMgr.TaoShaEquipFPDatabin,资源数据.游戏数据管理器.TaoSha装备FP数据表,Res|Data|Game|Data|Mgr|Tao|Sha|Equip|FP|Databin,Tao Sha FP
ResData.GameDataMgr.PVEEquipFPDatabin,资源数据.游戏数据管理器.PVE装备FP数据表,Res|Data|Game|Data|Mgr|PVE|Equip|FP|Databin,FP
ResData.GameDataMgr.ResTaoShaMaxAddBuffDatabin,资源数据.游戏数据管理器.资源TaoSha最大添加增益数据表,Res|Data|Game|Data|Mgr|Res|Tao|Sha|Max|Add|Buff|Databin,Tao Sha
ResData.GameDataMgr.BattleTaskDatabin,资源数据.游戏数据管理器.战斗任务数据表,Res|Data|Game|Data|Mgr|Battle|Task|Databin,
ResData.GameDataMgr.levelActivityDataBin,资源数据.游戏数据管理器.等级活动数据二进制,Res|Data|Game|Data|Mgr|level|Activity|Data|Bin,
ResData.GameDataMgr.chessPresetDatabin,资源数据.游戏数据管理器.棋盘预设数据表,Res|Data|Game|Data|Mgr|chess|Preset|Databin,
ResData.GameDataMgr.chessPresetAITestDatabin,资源数据.游戏数据管理器.棋盘预设AI测试数据表,Res|Data|Game|Data|Mgr|chess|Preset|AI|Test|Databin,
ResData.GameDataMgr.chessPickCardTestDatabin,资源数据.游戏数据管理器.棋盘拾取卡牌测试数据表,Res|Data|Game|Data|Mgr|chess|Pick|Card|Test|Databin,
ResData.GameDataMgr.chessSkinDatabin,资源数据.游戏数据管理器.棋盘皮肤数据表,Res|Data|Game|Data|Mgr|chess|Skin|Databin,
ResData.GameDataMgr.chessMoveTestDatabin,资源数据.游戏数据管理器.棋盘移动测试数据表,Res|Data|Game|Data|Mgr|chess|Move|Test|Databin,
ResData.GameDataMgr.chessGlobalEffectDatabin,资源数据.游戏数据管理器.棋盘全局效果数据表,Res|Data|Game|Data|Mgr|chess|Global|Effect|Databin,
ResData.GameDataMgr.chessSimulateDatabin,资源数据.游戏数据管理器.棋盘Simulate数据表,Res|Data|Game|Data|Mgr|chess|Simulate|Databin,Simulate
ResData.GameDataMgr.chessAILevelDatabin,资源数据.游戏数据管理器.棋盘AI等级数据表,Res|Data|Game|Data|Mgr|chess|AI|Level|Databin,
ResData.GameDataMgr.project8DrawItemRoundInfoDatabin,资源数据.游戏数据管理器.项目8抽奖道具圆信息数据表,Res|Data|Game|Data|Mgr|project|8|Draw|Item|Round|Info|Databin,
ResData.GameDataMgr.project8DrawItemRandomInfoDatabin,资源数据.游戏数据管理器.项目8抽奖道具随机信息数据表,Res|Data|Game|Data|Mgr|project|8|Draw|Item|Random|Info|Databin,
ResData.GameDataMgr.project8HeroRandomParamInfoDatabin,资源数据.游戏数据管理器.项目8英雄随机参数信息数据表,Res|Data|Game|Data|Mgr|project|8|Hero|Random|Param|Info|Databin,
ResData.GameDataMgr.project8DrawItemInfoDatabin,资源数据.游戏数据管理器.项目8抽奖道具信息数据表,Res|Data|Game|Data|Mgr|project|8|Draw|Item|Info|Databin,
ResData.GameDataMgr.project8ChestInfoDatabin,资源数据.游戏数据管理器.项目8Chest信息数据表,Res|Data|Game|Data|Mgr|project|8|Chest|Info|Databin,Chest
ResData.GameDataMgr.masterLevelDatabin,资源数据.游戏数据管理器.主等级数据表,Res|Data|Game|Data|Mgr|master|Level|Databin,
ResData.GameDataMgr.customTeamTask,资源数据.游戏数据管理器.自定义队伍任务,Res|Data|Game|Data|Mgr|custom|Team|Task,
ResData.GameDataMgr.customTeamTaskReward,资源数据.游戏数据管理器.自定义队伍任务奖励,Res|Data|Game|Data|Mgr|custom|Team|Task|Reward,
ResData.GameDataMgr.customTeamExpInfo,资源数据.游戏数据管理器.自定义队伍经验信息,Res|Data|Game|Data|Mgr|custom|Team|Exp|Info,
ResData.GameDataMgr.customTeamShop,资源数据.游戏数据管理器.自定义队伍商店,Res|Data|Game|Data|Mgr|custom|Team|Shop,
ResData.GameDataMgr.customTeamImg,资源数据.游戏数据管理器.自定义队伍图片,Res|Data|Game|Data|Mgr|custom|Team|Img,
ResData.GameDataMgr.customTeamRoom,资源数据.游戏数据管理器.自定义队伍房间,Res|Data|Game|Data|Mgr|custom|Team|Room,
ResData.GameDataMgr.TuoGuanRankToRankDatabin,资源数据.游戏数据管理器.TuoGuan排行到排行数据表,Res|Data|Game|Data|Mgr|Tuo|Guan|Rank|To|Rank|Databin,Tuo Guan
ResData.GameDataMgr.resWanderShopDatabin,资源数据.游戏数据管理器.资源Wander商店数据表,Res|Data|Game|Data|Mgr|res|Wander|Shop|Databin,Wander
ResData.GameDataMgr.resWanderShop_AccumulatedRewardDatabin,资源数据.游戏数据管理器.资源Wander商店Accumulated奖励数据表,Res|Data|Game|Data|Mgr|res|Wander|Shop|Accumulated|Reward|Databin,Wander Accumulated
ResData.GameDataMgr.resAlmightyLvlInfoDatabin,资源数据.游戏数据管理器.资源Almighty等级信息数据表,Res|Data|Game|Data|Mgr|res|Almighty|Lvl|Info|Databin,Almighty
ResData.GameDataMgr.CareerTargetInfoDatabin,资源数据.游戏数据管理器.职业目标信息数据表,Res|Data|Game|Data|Mgr|Career|Target|Info|Databin,
ResData.GameDataMgr.CareerTitleInfoDatabin,资源数据.游戏数据管理器.职业标题信息数据表,Res|Data|Game|Data|Mgr|Career|Title|Info|Databin,
ResData.GameDataMgr.LoverPlayCareerTitleDatabin,资源数据.游戏数据管理器.Lover播放职业标题数据表,Res|Data|Game|Data|Mgr|Lover|Play|Career|Title|Databin,Lover
ResData.GameDataMgr.ResTableGameSeasonCoinRewardDatabin,资源数据.游戏数据管理器.资源表游戏赛季金币奖励数据表,Res|Data|Game|Data|Mgr|Res|Table|Game|Season|Coin|Reward|Databin,
ResData.GameDataMgr.ResTableGameSeasonGradeInheritDatabin,资源数据.游戏数据管理器.资源表游戏赛季等级继承数据表,Res|Data|Game|Data|Mgr|Res|Table|Game|Season|Grade|Inherit|Databin,
ResData.GameDataMgr.CareerExploreInfoDatabin,资源数据.游戏数据管理器.职业Explore信息数据表,Res|Data|Game|Data|Mgr|Career|Explore|Info|Databin,Explore
ResData.GameDataMgr.CareerExploreRewardDatabin,资源数据.游戏数据管理器.职业Explore奖励数据表,Res|Data|Game|Data|Mgr|Career|Explore|Reward|Databin,Explore
ResData.GameDataMgr.GameModeSwitchDatabin,资源数据.游戏数据管理器.游戏模式切换数据表,Res|Data|Game|Data|Mgr|Game|Mode|Switch|Databin,
ResData.GameDataMgr.WorkShopDatabin,资源数据.游戏数据管理器.Work商店数据表,Res|Data|Game|Data|Mgr|Work|Shop|Databin,Work
ResData.GameDataMgr.socialFriendPlayModeDataBin,资源数据.游戏数据管理器.social友方播放模式数据二进制,Res|Data|Game|Data|Mgr|social|Friend|Play|Mode|Data|Bin,social
ResData.GameDataMgr.resCltWifiPrivilegeDatabin,资源数据.游戏数据管理器.资源客户端Wifi特权数据表,Res|Data|Game|Data|Mgr|res|Clt|Wifi|Privilege|Databin,Wifi
ResData.GameDataMgr.resWifiSymbolPageInfoDatabin,资源数据.游戏数据管理器.资源Wifi铭文页信息数据表,Res|Data|Game|Data|Mgr|res|Wifi|Symbol|Page|Info|Databin,Wifi
ResData.GameDataMgr.resBattleGlobalTextConfDatabin,资源数据.游戏数据管理器.资源战斗全局文本配置数据表,Res|Data|Game|Data|Mgr|res|Battle|Global|Text|Conf|Databin,
ResData.GameDataMgr.resSrv2CltGlobalTextConfDatabin,资源数据.游戏数据管理器.资源服务端2客户端全局文本配置数据表,Res|Data|Game|Data|Mgr|res|Srv|2|Clt|Global|Text|Conf|Databin,
ResData.GameDataMgr.resTxtTmpltDatabin,资源数据.游戏数据管理器.资源文本Tmplt数据表,Res|Data|Game|Data|Mgr|res|Txt|Tmplt|Databin,Tmplt
ResData.GameDataMgr.AIReuseParamsDatabin,资源数据.游戏数据管理器.AIReuse参数数据表,Res|Data|Game|Data|Mgr|AI|Reuse|Params|Databin,Reuse
ResData.GameDataMgr.BattleRoyaleParamByGradeMMR,资源数据.游戏数据管理器.战斗Royale参数由等级MMR,Res|Data|Game|Data|Mgr|Battle|Royale|Param|By|Grade|MMR,Royale
ResData.GameDataMgr.AutoChessParamByMMR,资源数据.游戏数据管理器.自动棋盘参数由MMR,Res|Data|Game|Data|Mgr|Auto|Chess|Param|By|MMR,
ResData.GameDataMgr.BattleRoyaleAchieve,资源数据.游戏数据管理器.战斗Royale成就,Res|Data|Game|Data|Mgr|Battle|Royale|Achieve,Royale
ResData.GameDataMgr.battleProj8Achieve,资源数据.游戏数据管理器.战斗项目8成就,Res|Data|Game|Data|Mgr|battle|Proj|8|Achieve,
ResData.GameDataMgr.proj8ActivityInfobin,资源数据.游戏数据管理器.项目8活动Infobin,Res|Data|Game|Data|Mgr|proj|8|Activity|Infobin,Infobin
ResData.GameDataMgr.proj8TaskExtraInfobin,资源数据.游戏数据管理器.项目8任务额外Infobin,Res|Data|Game|Data|Mgr|proj|8|Task|Extra|Infobin,Infobin
ResData.GameDataMgr.BattleRoyaleJumpTarget,资源数据.游戏数据管理器.战斗Royale跳转目标,Res|Data|Game|Data|Mgr|Battle|Royale|Jump|Target,Royale
ResData.GameDataMgr.shortTipsDatabin,资源数据.游戏数据管理器.short提示数据表,Res|Data|Game|Data|Mgr|short|Tips|Databin,short
ResData.GameDataMgr.PKAIBuffDescDatabin,资源数据.游戏数据管理器.PKAI增益描述数据表,Res|Data|Game|Data|Mgr|PKAI|Buff|Desc|Databin,PKAI
ResData.GameDataMgr.petInfoDatabin,资源数据.游戏数据管理器.宠物信息数据表,Res|Data|Game|Data|Mgr|pet|Info|Databin,
ResData.GameDataMgr.petCustomDialogDatabin,资源数据.游戏数据管理器.宠物自定义对话数据表,Res|Data|Game|Data|Mgr|pet|Custom|Dialog|Databin,
ResData.GameDataMgr.petDialogTypeDatabin,资源数据.游戏数据管理器.宠物对话类型数据表,Res|Data|Game|Data|Mgr|pet|Dialog|Type|Databin,
ResData.GameDataMgr.sceneSkinInfoDatabin,资源数据.游戏数据管理器.场景皮肤信息数据表,Res|Data|Game|Data|Mgr|scene|Skin|Info|Databin,
ResData.GameDataMgr.petShopDatabin,资源数据.游戏数据管理器.宠物商店数据表,Res|Data|Game|Data|Mgr|pet|Shop|Databin,
ResData.GameDataMgr.petPromotionDatabin,资源数据.游戏数据管理器.宠物晋级数据表,Res|Data|Game|Data|Mgr|pet|Promotion|Databin,
ResData.GameDataMgr.sceneSkinShopDatabin,资源数据.游戏数据管理器.场景皮肤商店数据表,Res|Data|Game|Data|Mgr|scene|Skin|Shop|Databin,
ResData.GameDataMgr.heroActionDatabin,资源数据.游戏数据管理器.英雄动作数据表,Res|Data|Game|Data|Mgr|hero|Action|Databin,
ResData.GameDataMgr.heroActionShopDatabin,资源数据.游戏数据管理器.英雄动作商店数据表,Res|Data|Game|Data|Mgr|hero|Action|Shop|Databin,
ResData.GameDataMgr.heroActionPromotionDatabin,资源数据.游戏数据管理器.英雄动作晋级数据表,Res|Data|Game|Data|Mgr|hero|Action|Promotion|Databin,
ResData.GameDataMgr.heroResAnimNameReflectDatabin,资源数据.游戏数据管理器.英雄资源动画名称反射数据表,Res|Data|Game|Data|Mgr|hero|Res|Anim|Name|Reflect|Databin,
ResData.GameDataMgr.animActionDatabin,资源数据.游戏数据管理器.动画动作数据表,Res|Data|Game|Data|Mgr|anim|Action|Databin,
ResData.GameDataMgr.CampColorDatabin,资源数据.游戏数据管理器.阵营颜色数据表,Res|Data|Game|Data|Mgr|Camp|Color|Databin,
ResData.GameDataMgr.MultiGearTextEffectDatabin,资源数据.游戏数据管理器.多重Gear文本效果数据表,Res|Data|Game|Data|Mgr|Multi|Gear|Text|Effect|Databin,Gear
ResData.GameDataMgr.MultiGearPropDatabin,资源数据.游戏数据管理器.多重Gear属性数据表,Res|Data|Game|Data|Mgr|Multi|Gear|Prop|Databin,Gear
ResData.GameDataMgr.s_ShareTeamInfoDatabin,资源数据.游戏数据管理器.s共享队伍信息数据表,Res|Data|Game|Data|Mgr|s|Share|Team|Info|Databin,
ResData.GameDataMgr.resShareRelationDataBin,资源数据.游戏数据管理器.资源共享关系数据二进制,Res|Data|Game|Data|Mgr|res|Share|Relation|Data|Bin,
ResData.GameDataMgr.resShareToRelationDataBin,资源数据.游戏数据管理器.资源共享到关系数据二进制,Res|Data|Game|Data|Mgr|res|Share|To|Relation|Data|Bin,
ResData.GameDataMgr.competitionEffectMaterialDatabin,资源数据.游戏数据管理器.比赛效果材质数据表,Res|Data|Game|Data|Mgr|competition|Effect|Material|Databin,
ResData.GameDataMgr.competitionEffectBindObjDatabin,资源数据.游戏数据管理器.比赛效果绑定对象数据表,Res|Data|Game|Data|Mgr|competition|Effect|Bind|Obj|Databin,
ResData.GameDataMgr.competitionCustomEffectBindObjDatabin,资源数据.游戏数据管理器.比赛自定义效果绑定对象数据表,Res|Data|Game|Data|Mgr|competition|Custom|Effect|Bind|Obj|Databin,
ResData.GameDataMgr.competitionEffectFensiTaiDatabin,资源数据.游戏数据管理器.比赛效果FensiTai数据表,Res|Data|Game|Data|Mgr|competition|Effect|Fensi|Tai|Databin,Fensi Tai
ResData.GameDataMgr.competitionEffectFensiTaiObjDatabin,资源数据.游戏数据管理器.比赛效果FensiTai对象数据表,Res|Data|Game|Data|Mgr|competition|Effect|Fensi|Tai|Obj|Databin,Fensi Tai
ResData.GameDataMgr.competitionEffectDisplayPolicyDatabin,资源数据.游戏数据管理器.比赛效果显示Policy数据表,Res|Data|Game|Data|Mgr|competition|Effect|Display|Policy|Databin,Policy
ResData.GameDataMgr.competitionEffectBindObjInfoByAreaDatabin,资源数据.游戏数据管理器.比赛效果绑定对象信息由区域数据表,Res|Data|Game|Data|Mgr|competition|Effect|Bind|Obj|Info|By|Area|Databin,
ResData.GameDataMgr.competitionInteractItemReplacementDatabin,资源数据.游戏数据管理器.比赛交互道具替换数据表,Res|Data|Game|Data|Mgr|competition|Interact|Item|Replacement|Databin,
ResData.GameDataMgr.competitionEffectTeamMemberInfoDatabin,资源数据.游戏数据管理器.比赛效果队伍成员信息数据表,Res|Data|Game|Data|Mgr|competition|Effect|Team|Member|Info|Databin,
ResData.GameDataMgr.TaoShaOBRankSocreDatabin,资源数据.游戏数据管理器.TaoShaOB排行Socre数据表,Res|Data|Game|Data|Mgr|Tao|Sha|OB|Rank|Socre|Databin,Tao Sha OB Socre
ResData.GameDataMgr.PopularityRewardDatabin,资源数据.游戏数据管理器.人气奖励数据表,Res|Data|Game|Data|Mgr|Popularity|Reward|Databin,
ResData.GameDataMgr.intimacyMultipleDatabin,资源数据.游戏数据管理器.亲密度多重数据表,Res|Data|Game|Data|Mgr|intimacy|Multiple|Databin,
ResData.GameDataMgr.intimacyPropDecorateDatabin,资源数据.游戏数据管理器.亲密度属性Decorate数据表,Res|Data|Game|Data|Mgr|intimacy|Prop|Decorate|Databin,Decorate
ResData.GameDataMgr.ResPveOutputDatabin,资源数据.游戏数据管理器.资源Pve输出数据表,Res|Data|Game|Data|Mgr|Res|Pve|Output|Databin,Pve
ResData.GameDataMgr.PopularityConfigDatabin,资源数据.游戏数据管理器.人气配置数据表,Res|Data|Game|Data|Mgr|Popularity|Config|Databin,
ResData.GameDataMgr.DefineRewardInfo,资源数据.游戏数据管理器.Define奖励信息,Res|Data|Game|Data|Mgr|Define|Reward|Info,Define
ResData.GameDataMgr.ConvertMvpScoreDatabin,资源数据.游戏数据管理器.转换MVP得分数据表,Res|Data|Game|Data|Mgr|Convert|Mvp|Score|Databin,
ResData.GameDataMgr.OfflineHeroConfigDatabin,资源数据.游戏数据管理器.离线英雄配置数据表,Res|Data|Game|Data|Mgr|Offline|Hero|Config|Databin,
ResData.GameDataMgr.OfflineHeroForAIConfigDatabin,资源数据.游戏数据管理器.离线英雄用于AI配置数据表,Res|Data|Game|Data|Mgr|Offline|Hero|For|AI|Config|Databin,
ResData.GameDataMgr.ResOfflineModeSwitchDatabin,资源数据.游戏数据管理器.资源离线模式切换数据表,Res|Data|Game|Data|Mgr|Res|Offline|Mode|Switch|Databin,
ResData.GameDataMgr.ResOfflineAutoTestDatabin,资源数据.游戏数据管理器.资源离线自动测试数据表,Res|Data|Game|Data|Mgr|Res|Offline|Auto|Test|Databin,
ResData.GameDataMgr.UBFCumulativeLoginRewardDatabin,资源数据.游戏数据管理器.UBFCumulative登录奖励数据表,Res|Data|Game|Data|Mgr|UBF|Cumulative|Login|Reward|Databin,UBF Cumulative
ResData.GameDataMgr.ResSceneParticleCullParamsDatabin,资源数据.游戏数据管理器.资源场景粒子剔除参数数据表,Res|Data|Game|Data|Mgr|Res|Scene|Particle|Cull|Params|Databin,
ResData.GameDataMgr.ResSceneParticleCullWhiteListDatabin,资源数据.游戏数据管理器.资源场景粒子剔除白列表数据表,Res|Data|Game|Data|Mgr|Res|Scene|Particle|Cull|White|List|Databin,
ResData.GameDataMgr.ResSceneParticleCullBlackListDatabin,资源数据.游戏数据管理器.资源场景粒子剔除黑列表数据表,Res|Data|Game|Data|Mgr|Res|Scene|Particle|Cull|Black|List|Databin,
ResData.GameDataMgr.BattlePassLevelAwardDatabin,资源数据.游戏数据管理器.战斗通行证等级奖励数据表,Res|Data|Game|Data|Mgr|Battle|Pass|Level|Award|Databin,
ResData.GameDataMgr.BattlePassLevelAwardExtendDatabin,资源数据.游戏数据管理器.战斗通行证等级奖励延长数据表,Res|Data|Game|Data|Mgr|Battle|Pass|Level|Award|Extend|Databin,
ResData.GameDataMgr.BattlePassExchangeDatabin,资源数据.游戏数据管理器.战斗通行证交换数据表,Res|Data|Game|Data|Mgr|Battle|Pass|Exchange|Databin,
ResData.GameDataMgr.BattlePassExchangeTabInfoDataBin,资源数据.游戏数据管理器.战斗通行证交换页签信息数据二进制,Res|Data|Game|Data|Mgr|Battle|Pass|Exchange|Tab|Info|Data|Bin,
ResData.GameDataMgr.BattlePassExchangeRewardCategoryInfoDatabin,资源数据.游戏数据管理器.战斗通行证交换奖励分类信息数据表,Res|Data|Game|Data|Mgr|Battle|Pass|Exchange|Reward|Category|Info|Databin,
ResData.GameDataMgr.BattlePassRightsDatabin,资源数据.游戏数据管理器.战斗通行证Rights数据表,Res|Data|Game|Data|Mgr|Battle|Pass|Rights|Databin,Rights
ResData.GameDataMgr.BattlePassExchangeSortDatabin,资源数据.游戏数据管理器.战斗通行证交换排序数据表,Res|Data|Game|Data|Mgr|Battle|Pass|Exchange|Sort|Databin,
ResData.GameDataMgr.BattlePassLevelAwardPriceDatabin,资源数据.游戏数据管理器.战斗通行证等级奖励价格数据表,Res|Data|Game|Data|Mgr|Battle|Pass|Level|Award|Price|Databin,
ResData.GameDataMgr.battlePassLevelInheritDatabin,资源数据.游戏数据管理器.战斗通行证等级继承数据表,Res|Data|Game|Data|Mgr|battle|Pass|Level|Inherit|Databin,
ResData.GameDataMgr.BattlePassExchangeDiscountDatabin,资源数据.游戏数据管理器.战斗通行证交换折扣数据表,Res|Data|Game|Data|Mgr|Battle|Pass|Exchange|Discount|Databin,
ResData.GameDataMgr.ResRoomCustomMapIDDatabin,资源数据.游戏数据管理器.资源房间自定义地图ID数据表,Res|Data|Game|Data|Mgr|Res|Room|Custom|Map|ID|Databin,
ResData.GameDataMgr.RoomCustomDefineDatabin,资源数据.游戏数据管理器.房间自定义Define数据表,Res|Data|Game|Data|Mgr|Room|Custom|Define|Databin,Define
ResData.GameDataMgr.RoomCustomDefineTemplateDatabin,资源数据.游戏数据管理器.房间自定义Define模板数据表,Res|Data|Game|Data|Mgr|Room|Custom|Define|Template|Databin,Define
ResData.GameDataMgr.ResRoomCustomBattleEffectDatabin,资源数据.游戏数据管理器.资源房间自定义战斗效果数据表,Res|Data|Game|Data|Mgr|Res|Room|Custom|Battle|Effect|Databin,
ResData.GameDataMgr.ResRoomCustomBattleEffectCDDatabin,资源数据.游戏数据管理器.资源房间自定义战斗效果冷却数据表,Res|Data|Game|Data|Mgr|Res|Room|Custom|Battle|Effect|CD|Databin,
ResData.GameDataMgr.ResRoomCustomBattleEffectRandomTargetRuleDatabin,资源数据.游戏数据管理器.资源房间自定义战斗效果随机目标规则数据表,Res|Data|Game|Data|Mgr|Res|Room|Custom|Battle|Effect|Random|Target|Rule|Databin,
ResData.GameDataMgr.ResRoomSuperWaveInfoDatabin,资源数据.游戏数据管理器.资源房间超级波次信息数据表,Res|Data|Game|Data|Mgr|Res|Room|Super|Wave|Info|Databin,
ResData.GameDataMgr.ResSvrBuffDatabin,资源数据.游戏数据管理器.资源服务端增益数据表,Res|Data|Game|Data|Mgr|Res|Svr|Buff|Databin,
ResData.GameDataMgr.ResHeroAbilityDatabin,资源数据.游戏数据管理器.资源英雄能力数据表,Res|Data|Game|Data|Mgr|Res|Hero|Ability|Databin,
ResData.GameDataMgr.ResMvpAbilityDescDatabin,资源数据.游戏数据管理器.资源MVP能力描述数据表,Res|Data|Game|Data|Mgr|Res|Mvp|Ability|Desc|Databin,
ResData.GameDataMgr.ResSettleAIPDThumbDescribeDatabin,资源数据.游戏数据管理器.资源结算AIPDThumbDescribe数据表,Res|Data|Game|Data|Mgr|Res|Settle|AIPD|Thumb|Describe|Databin,AIPD Thumb Describe
ResData.GameDataMgr.ResSettleShowHeroParamDatabin,资源数据.游戏数据管理器.资源结算显示英雄参数数据表,Res|Data|Game|Data|Mgr|Res|Settle|Show|Hero|Param|Databin,
ResData.GameDataMgr.ResAIGameReviewGrayConfDatabin,资源数据.游戏数据管理器.资源AI游戏回顾灰度配置数据表,Res|Data|Game|Data|Mgr|Res|AI|Game|Review|Gray|Conf|Databin,
ResData.GameDataMgr.HeroEventDatabin,资源数据.游戏数据管理器.英雄事件数据表,Res|Data|Game|Data|Mgr|Hero|Event|Databin,
ResData.GameDataMgr.HeroEventDialogDatabin,资源数据.游戏数据管理器.英雄事件对话数据表,Res|Data|Game|Data|Mgr|Hero|Event|Dialog|Databin,
ResData.GameDataMgr.HeroEventTransitionDatabin,资源数据.游戏数据管理器.英雄事件过渡数据表,Res|Data|Game|Data|Mgr|Hero|Event|Transition|Databin,
ResData.GameDataMgr.HeroEventMemoryDatabin,资源数据.游戏数据管理器.英雄事件内存数据表,Res|Data|Game|Data|Mgr|Hero|Event|Memory|Databin,
ResData.GameDataMgr.BattlePassLevelAwardConfDatabin,资源数据.游戏数据管理器.战斗通行证等级奖励配置数据表,Res|Data|Game|Data|Mgr|Battle|Pass|Level|Award|Conf|Databin,
ResData.GameDataMgr.BattlePassSeasonDataBin,资源数据.游戏数据管理器.战斗通行证赛季数据二进制,Res|Data|Game|Data|Mgr|Battle|Pass|Season|Data|Bin,
ResData.GameDataMgr.BattlePassRewardRangeDataBin,资源数据.游戏数据管理器.战斗通行证奖励范围数据二进制,Res|Data|Game|Data|Mgr|Battle|Pass|Reward|Range|Data|Bin,
ResData.GameDataMgr.BattlePassTreasureDataBin,资源数据.游戏数据管理器.战斗通行证宝藏数据二进制,Res|Data|Game|Data|Mgr|Battle|Pass|Treasure|Data|Bin,
ResData.GameDataMgr.BattlePassContinuousSubscribeDataBin,资源数据.游戏数据管理器.战斗通行证持续订阅数据二进制,Res|Data|Game|Data|Mgr|Battle|Pass|Continuous|Subscribe|Data|Bin,
ResData.GameDataMgr.BattlePassLimitedRewardTipDataBin,资源数据.游戏数据管理器.战斗通行证受限奖励提示数据二进制,Res|Data|Game|Data|Mgr|Battle|Pass|Limited|Reward|Tip|Data|Bin,
ResData.GameDataMgr.TeamInfoDatabin,资源数据.游戏数据管理器.队伍信息数据表,Res|Data|Game|Data|Mgr|Team|Info|Databin,
ResData.GameDataMgr.ResChannelIDDatabin,资源数据.游戏数据管理器.资源频道ID数据表,Res|Data|Game|Data|Mgr|Res|Channel|ID|Databin,
ResData.GameDataMgr.TrialDataBin,资源数据.游戏数据管理器.试炼数据二进制,Res|Data|Game|Data|Mgr|Trial|Data|Bin,
ResData.GameDataMgr.TrainHeroRCMDLevelDataBin,资源数据.游戏数据管理器.训练英雄推荐等级数据二进制,Res|Data|Game|Data|Mgr|Train|Hero|RCMD|Level|Data|Bin,
ResData.GameDataMgr.taskPoolDatabinNormal,资源数据.游戏数据管理器.任务池数据表普通,Res|Data|Game|Data|Mgr|task|Pool|Databin|Normal,
ResData.GameDataMgr.taskPoolDatabinPioneer,资源数据.游戏数据管理器.任务池数据表Pioneer,Res|Data|Game|Data|Mgr|task|Pool|Databin|Pioneer,Pioneer
ResData.GameDataMgr.taskPoolDatabinExp,资源数据.游戏数据管理器.任务池数据表经验,Res|Data|Game|Data|Mgr|task|Pool|Databin|Exp,
ResData.GameDataMgr.customGameModeDataBin,资源数据.游戏数据管理器.自定义游戏模式数据二进制,Res|Data|Game|Data|Mgr|custom|Game|Mode|Data|Bin,
ResData.GameDataMgr.rankYearThemeDatabinNormal,资源数据.游戏数据管理器.排行年主题数据表普通,Res|Data|Game|Data|Mgr|rank|Year|Theme|Databin|Normal,
ResData.GameDataMgr.rankYearThemeDatabinPioneer,资源数据.游戏数据管理器.排行年主题数据表Pioneer,Res|Data|Game|Data|Mgr|rank|Year|Theme|Databin|Pioneer,Pioneer
ResData.GameDataMgr.rankYearThemeDatabinExp,资源数据.游戏数据管理器.排行年主题数据表经验,Res|Data|Game|Data|Mgr|rank|Year|Theme|Databin|Exp,
ResData.GameDataMgr.honorChallengeDatabin,资源数据.游戏数据管理器.荣誉挑战数据表,Res|Data|Game|Data|Mgr|honor|Challenge|Databin,
ResData.GameDataMgr.exploreElementDatabin,资源数据.游戏数据管理器.explore元素数据表,Res|Data|Game|Data|Mgr|explore|Element|Databin,explore
ResData.GameDataMgr.lobbyActivityGameModeDataBin,资源数据.游戏数据管理器.大厅活动游戏模式数据二进制,Res|Data|Game|Data|Mgr|lobby|Activity|Game|Mode|Data|Bin,
ResData.GameDataMgr.lobbyActiveEntryConfDataBin,资源数据.游戏数据管理器.大厅激活入口配置数据二进制,Res|Data|Game|Data|Mgr|lobby|Active|Entry|Conf|Data|Bin,
ResData.GameDataMgr.workShopHallGuideBin,资源数据.游戏数据管理器.work商店大厅引导二进制,Res|Data|Game|Data|Mgr|work|Shop|Hall|Guide|Bin,work
ResData.GameDataMgr.workShopHallBin,资源数据.游戏数据管理器.work商店大厅二进制,Res|Data|Game|Data|Mgr|work|Shop|Hall|Bin,work
ResData.GameDataMgr.ResGameplayStoreLobbyDatabin,资源数据.游戏数据管理器.资源玩法商店大厅数据表,Res|Data|Game|Data|Mgr|Res|Gameplay|Store|Lobby|Databin,
ResData.GameDataMgr.ResGameplayStoreDetailDatabin,资源数据.游戏数据管理器.资源玩法商店细节数据表,Res|Data|Game|Data|Mgr|Res|Gameplay|Store|Detail|Databin,
ResData.GameDataMgr.ResGameplayStoreStrategyDatabin,资源数据.游戏数据管理器.资源玩法商店策略数据表,Res|Data|Game|Data|Mgr|Res|Gameplay|Store|Strategy|Databin,
ResData.GameDataMgr.ResGameplayStoreDetailStrategyContentDatabin,资源数据.游戏数据管理器.资源玩法商店细节策略内容数据表,Res|Data|Game|Data|Mgr|Res|Gameplay|Store|Detail|Strategy|Content|Databin,
ResData.GameDataMgr.ResGamePlayStoreEntryDatabin,资源数据.游戏数据管理器.资源游戏播放商店入口数据表,Res|Data|Game|Data|Mgr|Res|Game|Play|Store|Entry|Databin,
ResData.GameDataMgr.workShopCalanderBin,资源数据.游戏数据管理器.work商店Calander二进制,Res|Data|Game|Data|Mgr|work|Shop|Calander|Bin,work Calander
ResData.GameDataMgr.resNominateBuffConfbin,资源数据.游戏数据管理器.资源Nominate增益Confbin,Res|Data|Game|Data|Mgr|res|Nominate|Buff|Confbin,Nominate Confbin
ResData.GameDataMgr.proPlayerDatabin,资源数据.游戏数据管理器.pro玩家数据表,Res|Data|Game|Data|Mgr|pro|Player|Databin,pro
ResData.GameDataMgr.proClubDatabin,资源数据.游戏数据管理器.proClub数据表,Res|Data|Game|Data|Mgr|pro|Club|Databin,pro Club
ResData.GameDataMgr.proCompetitionDatabin,资源数据.游戏数据管理器.pro比赛数据表,Res|Data|Game|Data|Mgr|pro|Competition|Databin,pro
ResData.GameDataMgr.gameAnchorDatabin,资源数据.游戏数据管理器.游戏锚点数据表,Res|Data|Game|Data|Mgr|game|Anchor|Databin,
ResData.GameDataMgr.livePlatformDatabin,资源数据.游戏数据管理器.live平台数据表,Res|Data|Game|Data|Mgr|live|Platform|Databin,live
ResData.GameDataMgr.AnchorTitleInfoDatatBin,资源数据.游戏数据管理器.锚点标题信息Datat二进制,Res|Data|Game|Data|Mgr|Anchor|Title|Info|Datat|Bin,Datat
ResData.GameDataMgr.saibaoHostDatabin,资源数据.游戏数据管理器.saibao宿主数据表,Res|Data|Game|Data|Mgr|saibao|Host|Databin,saibao
ResData.GameDataMgr.mallAvatarRecommendDatabin,资源数据.游戏数据管理器.商城角色推荐数据表,Res|Data|Game|Data|Mgr|mall|Avatar|Recommend|Databin,
ResData.GameDataMgr.mallHotRecommendDatabin,资源数据.游戏数据管理器.商城热门推荐数据表,Res|Data|Game|Data|Mgr|mall|Hot|Recommend|Databin,
ResData.GameDataMgr.mallHotRecommendDistributionDatabin,资源数据.游戏数据管理器.商城热门推荐Distribution数据表,Res|Data|Game|Data|Mgr|mall|Hot|Recommend|Distribution|Databin,Distribution
ResData.GameDataMgr.mallHotRecommendVideoPosterDatabin,资源数据.游戏数据管理器.商城热门推荐视频Poster数据表,Res|Data|Game|Data|Mgr|mall|Hot|Recommend|Video|Poster|Databin,Poster
ResData.GameDataMgr.ResVideoGuideConfDataBin,资源数据.游戏数据管理器.资源视频引导配置数据二进制,Res|Data|Game|Data|Mgr|Res|Video|Guide|Conf|Data|Bin,
ResData.GameDataMgr.chessStreakWinLoseRewardDatabin,资源数据.游戏数据管理器.棋盘连胜胜利失败奖励数据表,Res|Data|Game|Data|Mgr|chess|Streak|Win|Lose|Reward|Databin,
ResData.GameDataMgr.chessSettlePhraseDatabin,资源数据.游戏数据管理器.棋盘结算Phrase数据表,Res|Data|Game|Data|Mgr|chess|Settle|Phrase|Databin,Phrase
ResData.GameDataMgr.hiddenItemDatabin,资源数据.游戏数据管理器.hidden道具数据表,Res|Data|Game|Data|Mgr|hidden|Item|Databin,hidden
ResData.GameDataMgr.skinIconDatabin,资源数据.游戏数据管理器.皮肤图标数据表,Res|Data|Game|Data|Mgr|skin|Icon|Databin,
ResData.GameDataMgr.ResTongCaiMianLiuConfigDataBin,资源数据.游戏数据管理器.资源TongCaiMianLiu配置数据二进制,Res|Data|Game|Data|Mgr|Res|Tong|Cai|Mian|Liu|Config|Data|Bin,Tong Cai Mian Liu
ResData.GameDataMgr.chessBountyEntryInfoDatabin,资源数据.游戏数据管理器.棋盘Bounty入口信息数据表,Res|Data|Game|Data|Mgr|chess|Bounty|Entry|Info|Databin,Bounty
ResData.GameDataMgr.chessBountyBaseRewardInfoDatabin,资源数据.游戏数据管理器.棋盘Bounty基础奖励信息数据表,Res|Data|Game|Data|Mgr|chess|Bounty|Base|Reward|Info|Databin,Bounty
ResData.GameDataMgr.chessBountyFlagInfoDatabin,资源数据.游戏数据管理器.棋盘Bounty标记信息数据表,Res|Data|Game|Data|Mgr|chess|Bounty|Flag|Info|Databin,Bounty
ResData.GameDataMgr.Project8ShopInfoDatabin,资源数据.游戏数据管理器.项目8商店信息数据表,Res|Data|Game|Data|Mgr|Project|8|Shop|Info|Databin,
ResData.GameDataMgr.heroSoulLevelThreatDataBin,资源数据.游戏数据管理器.英雄灵魂等级Threat数据二进制,Res|Data|Game|Data|Mgr|hero|Soul|Level|Threat|Data|Bin,Threat
ResData.GameDataMgr.heroIncomingThreatInfoDataBin,资源数据.游戏数据管理器.英雄IncomingThreat信息数据二进制,Res|Data|Game|Data|Mgr|hero|Incoming|Threat|Info|Data|Bin,Incoming Threat
ResData.GameDataMgr.ResInBattleMsgFunctionAreaDataBin,资源数据.游戏数据管理器.资源内战斗消息功能区域数据二进制,Res|Data|Game|Data|Mgr|Res|In|Battle|Msg|Function|Area|Data|Bin,
ResData.GameDataMgr.ResInBattleMsgFunctionAreaConditionDataBin,资源数据.游戏数据管理器.资源内战斗消息功能区域条件数据二进制,Res|Data|Game|Data|Mgr|Res|In|Battle|Msg|Function|Area|Condition|Data|Bin,
ResData.GameDataMgr.drawRewardPoolDatabin,资源数据.游戏数据管理器.抽奖奖励池数据表,Res|Data|Game|Data|Mgr|draw|Reward|Pool|Databin,
ResData.GameDataMgr.albumDatabin,资源数据.游戏数据管理器.相册数据表,Res|Data|Game|Data|Mgr|album|Databin,
ResData.GameDataMgr.albumExtraDatabin,资源数据.游戏数据管理器.相册额外数据表,Res|Data|Game|Data|Mgr|album|Extra|Databin,
ResData.GameDataMgr.storyDatabin,资源数据.游戏数据管理器.剧情数据表,Res|Data|Game|Data|Mgr|story|Databin,
ResData.GameDataMgr.heroClueDatabin,资源数据.游戏数据管理器.英雄Clue数据表,Res|Data|Game|Data|Mgr|hero|Clue|Databin,Clue
ResData.GameDataMgr.commonConditonDatabin,资源数据.游戏数据管理器.通用Conditon数据表,Res|Data|Game|Data|Mgr|common|Conditon|Databin,Conditon
ResData.GameDataMgr.ResUGCLevelInfoDatabin,资源数据.游戏数据管理器.资源UGC等级信息数据表,Res|Data|Game|Data|Mgr|Res|UGC|Level|Info|Databin,
ResData.GameDataMgr.ugcHistoryDetailDatabin,资源数据.游戏数据管理器.UGC历史细节数据表,Res|Data|Game|Data|Mgr|ugc|History|Detail|Databin,
ResData.GameDataMgr.campPlayerConfDatabin,资源数据.游戏数据管理器.阵营玩家配置数据表,Res|Data|Game|Data|Mgr|camp|Player|Conf|Databin,
ResData.GameDataMgr.herotest_heroDatabin,资源数据.游戏数据管理器.herotest英雄数据表,Res|Data|Game|Data|Mgr|herotest|hero|Databin,herotest
ResData.GameDataMgr.herotest_heroEnergyDatabin,资源数据.游戏数据管理器.herotest英雄能量数据表,Res|Data|Game|Data|Mgr|herotest|hero|Energy|Databin,herotest
ResData.GameDataMgr.herotest_skillBeanDatabin,资源数据.游戏数据管理器.herotest技能豆数据表,Res|Data|Game|Data|Mgr|herotest|skill|Bean|Databin,herotest
ResData.GameDataMgr.herotest_NormalMonsterDatabin,资源数据.游戏数据管理器.herotest普通野怪数据表,Res|Data|Game|Data|Mgr|herotest|Normal|Monster|Databin,herotest
ResData.GameDataMgr.herotest_skillDatabin,资源数据.游戏数据管理器.herotest技能数据表,Res|Data|Game|Data|Mgr|herotest|skill|Databin,herotest
ResData.GameDataMgr.herotest_skillCombineDatabin,资源数据.游戏数据管理器.herotest技能合并数据表,Res|Data|Game|Data|Mgr|herotest|skill|Combine|Databin,herotest
ResData.GameDataMgr.herotest_skillCombineHurtInfoDatabin,资源数据.游戏数据管理器.herotest技能合并伤害信息数据表,Res|Data|Game|Data|Mgr|herotest|skill|Combine|Hurt|Info|Databin,herotest
ResData.GameDataMgr.herotest_skillPassiveDatabin,资源数据.游戏数据管理器.herotest技能被动数据表,Res|Data|Game|Data|Mgr|herotest|skill|Passive|Databin,herotest
ResData.GameDataMgr.herotest_skillMarkDatabin,资源数据.游戏数据管理器.herotest技能标记数据表,Res|Data|Game|Data|Mgr|herotest|skill|Mark|Databin,herotest
ResData.GameDataMgr.herotest_callMonsterDatabin,资源数据.游戏数据管理器.herotest调用野怪数据表,Res|Data|Game|Data|Mgr|herotest|call|Monster|Databin,herotest
ResData.GameDataMgr.herotest_heroSkinDatabin,资源数据.游戏数据管理器.herotest英雄皮肤数据表,Res|Data|Game|Data|Mgr|herotest|hero|Skin|Databin,herotest
ResData.GameDataMgr.herotest_equipInBattleDatabin,资源数据.游戏数据管理器.herotest装备内战斗数据表,Res|Data|Game|Data|Mgr|herotest|equip|In|Battle|Databin,herotest
ResData.GameDataMgr.privilegeHeroSkinDatabin,资源数据.游戏数据管理器.特权英雄皮肤数据表,Res|Data|Game|Data|Mgr|privilege|Hero|Skin|Databin,
ResData.GameDataMgr.previewPrivilegeHeroSkinDatabin,资源数据.游戏数据管理器.预览特权英雄皮肤数据表,Res|Data|Game|Data|Mgr|preview|Privilege|Hero|Skin|Databin,
ResData.GameDataMgr.AdvanceSkinCommercialDatabin,资源数据.游戏数据管理器.Advance皮肤商业数据表,Res|Data|Game|Data|Mgr|Advance|Skin|Commercial|Databin,Advance
ResData.GameDataMgr.AdvanceSkinCommercialResDatabin,资源数据.游戏数据管理器.Advance皮肤商业资源数据表,Res|Data|Game|Data|Mgr|Advance|Skin|Commercial|Res|Databin,Advance
ResData.GameDataMgr.AdvanceSkinCommercialIconDatabin,资源数据.游戏数据管理器.Advance皮肤商业图标数据表,Res|Data|Game|Data|Mgr|Advance|Skin|Commercial|Icon|Databin,Advance
ResData.GameDataMgr.multiPosterHeroSkinGetJumpDatabin,资源数据.游戏数据管理器.多重Poster英雄皮肤获取跳转数据表,Res|Data|Game|Data|Mgr|multi|Poster|Hero|Skin|Get|Jump|Databin,Poster
ResData.GameDataMgr.herotest_suitRecommendDatabin,资源数据.游戏数据管理器.herotest套装推荐数据表,Res|Data|Game|Data|Mgr|herotest|suit|Recommend|Databin,herotest
ResData.GameDataMgr.skinBattleFeatureInfoDatabin,资源数据.游戏数据管理器.皮肤战斗特性信息数据表,Res|Data|Game|Data|Mgr|skin|Battle|Feature|Info|Databin,
ResData.GameDataMgr.LoadingRamdomChatContentDatabin,资源数据.游戏数据管理器.加载Ramdom聊天内容数据表,Res|Data|Game|Data|Mgr|Loading|Ramdom|Chat|Content|Databin,Ramdom
ResData.GameDataMgr.competitionWatchDelayDatabin,资源数据.游戏数据管理器.比赛观察延迟数据表,Res|Data|Game|Data|Mgr|competition|Watch|Delay|Databin,
ResData.GameDataMgr.settingExtraDatabin,资源数据.游戏数据管理器.设置额外数据表,Res|Data|Game|Data|Mgr|setting|Extra|Databin,
ResData.GameDataMgr.graphicTotalQualityDatabin,资源数据.游戏数据管理器.graphic总计品质数据表,Res|Data|Game|Data|Mgr|graphic|Total|Quality|Databin,graphic
ResData.GameDataMgr.renderToGfxSettingDatabin,资源数据.游戏数据管理器.渲染到Gfx设置数据表,Res|Data|Game|Data|Mgr|render|To|Gfx|Setting|Databin,Gfx
ResData.GameDataMgr.settingDependentPackageGroupDatabin,资源数据.游戏数据管理器.设置Dependent礼包分组数据表,Res|Data|Game|Data|Mgr|setting|Dependent|Package|Group|Databin,Dependent
ResData.GameDataMgr.OpSettingInfoDatabin,资源数据.游戏数据管理器.操作设置信息数据表,Res|Data|Game|Data|Mgr|Op|Setting|Info|Databin,
ResData.GameDataMgr.heroRecommendOpSettingInfoDatabin,资源数据.游戏数据管理器.英雄推荐操作设置信息数据表,Res|Data|Game|Data|Mgr|hero|Recommend|Op|Setting|Info|Databin,
ResData.GameDataMgr.ResSettingSettleTipDatabin,资源数据.游戏数据管理器.资源设置结算提示数据表,Res|Data|Game|Data|Mgr|Res|Setting|Settle|Tip|Databin,
ResData.GameDataMgr.OPEPRoblemDatabin,资源数据.游戏数据管理器.OPEPRoblem数据表,Res|Data|Game|Data|Mgr|OPEP|Roblem|Databin,OPEP Roblem
ResData.GameDataMgr.battleUIOffsetDatabin,资源数据.游戏数据管理器.战斗UI偏移数据表,Res|Data|Game|Data|Mgr|battle|UI|Offset|Databin,
ResData.GameDataMgr.opSettingHeroAdaptRcmdDatabin,资源数据.游戏数据管理器.操作设置英雄Adapt推荐数据表,Res|Data|Game|Data|Mgr|op|Setting|Hero|Adapt|Rcmd|Databin,Adapt
ResData.GameDataMgr.opSettingMasterRmcdDatabin,资源数据.游戏数据管理器.操作设置主Rmcd数据表,Res|Data|Game|Data|Mgr|op|Setting|Master|Rmcd|Databin,Rmcd
ResData.GameDataMgr.tameMonsterBuffDatabin,资源数据.游戏数据管理器.驯服野怪增益数据表,Res|Data|Game|Data|Mgr|tame|Monster|Buff|Databin,
ResData.GameDataMgr.tameMonsterLayerDatabin,资源数据.游戏数据管理器.驯服野怪层数据表,Res|Data|Game|Data|Mgr|tame|Monster|Layer|Databin,
ResData.GameDataMgr.mountEquipInheritDatabin,资源数据.游戏数据管理器.坐骑装备继承数据表,Res|Data|Game|Data|Mgr|mount|Equip|Inherit|Databin,
ResData.GameDataMgr.socialIntimacyLevelDataBin,资源数据.游戏数据管理器.social亲密度等级数据二进制,Res|Data|Game|Data|Mgr|social|Intimacy|Level|Data|Bin,social
ResData.GameDataMgr.surveyChoiceDatabin,资源数据.游戏数据管理器.surveyChoice数据表,Res|Data|Game|Data|Mgr|survey|Choice|Databin,survey Choice
ResData.GameDataMgr.surveyDatabin,资源数据.游戏数据管理器.survey数据表,Res|Data|Game|Data|Mgr|survey|Databin,survey
ResData.GameDataMgr.questionnaireRewardDatabin,资源数据.游戏数据管理器.questionnaire奖励数据表,Res|Data|Game|Data|Mgr|questionnaire|Reward|Databin,questionnaire
ResData.GameDataMgr.settleSurveyRuleConfDatabin,资源数据.游戏数据管理器.结算Survey规则配置数据表,Res|Data|Game|Data|Mgr|settle|Survey|Rule|Conf|Databin,Survey
ResData.GameDataMgr.gameSuggestConfDatabin,资源数据.游戏数据管理器.游戏Suggest配置数据表,Res|Data|Game|Data|Mgr|game|Suggest|Conf|Databin,Suggest
ResData.GameDataMgr.gameSuggestGameTypeConfDatabin,资源数据.游戏数据管理器.游戏Suggest游戏类型配置数据表,Res|Data|Game|Data|Mgr|game|Suggest|Game|Type|Conf|Databin,Suggest
ResData.GameDataMgr.gameBugReportConfDatabin,资源数据.游戏数据管理器.游戏Bug举报配置数据表,Res|Data|Game|Data|Mgr|game|Bug|Report|Conf|Databin,Bug
ResData.GameDataMgr.FuncReportConfDatabin,资源数据.游戏数据管理器.函数举报配置数据表,Res|Data|Game|Data|Mgr|Func|Report|Conf|Databin,
ResData.GameDataMgr.masterMatchFightValueDatabin,资源数据.游戏数据管理器.主匹配战斗值数据表,Res|Data|Game|Data|Mgr|master|Match|Fight|Value|Databin,
ResData.GameDataMgr.fightValueRatioDatabin,资源数据.游戏数据管理器.战斗值比例数据表,Res|Data|Game|Data|Mgr|fight|Value|Ratio|Databin,
ResData.GameDataMgr.fightValueSpeedUpDatabin,资源数据.游戏数据管理器.战斗值速度上数据表,Res|Data|Game|Data|Mgr|fight|Value|Speed|Up|Databin,
ResData.GameDataMgr.fightValueLevelDatabin,资源数据.游戏数据管理器.战斗值等级数据表,Res|Data|Game|Data|Mgr|fight|Value|Level|Databin,
ResData.GameDataMgr.breakingNewsPveAttrUpgradeConfDatabin,资源数据.游戏数据管理器.breakingNewsPve属性升级配置数据表,Res|Data|Game|Data|Mgr|breaking|News|Pve|Attr|Upgrade|Conf|Databin,breaking News Pve
ResData.GameDataMgr.YearStoryCommonConfigDatain,资源数据.游戏数据管理器.年剧情通用配置Datain,Res|Data|Game|Data|Mgr|Year|Story|Common|Config|Datain,Datain
ResData.GameDataMgr.YearStoryVideoConfigDatain,资源数据.游戏数据管理器.年剧情视频配置Datain,Res|Data|Game|Data|Mgr|Year|Story|Video|Config|Datain,Datain
ResData.GameDataMgr.breakingNewsDialogDatain,资源数据.游戏数据管理器.breakingNews对话Datain,Res|Data|Game|Data|Mgr|breaking|News|Dialog|Datain,breaking News Datain
ResData.GameDataMgr.ResYearStoryRecordConfDataBin,资源数据.游戏数据管理器.资源年剧情记录配置数据二进制,Res|Data|Game|Data|Mgr|Res|Year|Story|Record|Conf|Data|Bin,
ResData.GameDataMgr.ResCompetitionYearStageAwardDataBin,资源数据.游戏数据管理器.资源比赛年阶段奖励数据二进制,Res|Data|Game|Data|Mgr|Res|Competition|Year|Stage|Award|Data|Bin,
ResData.GameDataMgr.YearStoryAllTaskConfigDatain,资源数据.游戏数据管理器.年剧情全部任务配置Datain,Res|Data|Game|Data|Mgr|Year|Story|All|Task|Config|Datain,Datain
ResData.GameDataMgr.YearStoryChapterConfigDatain,资源数据.游戏数据管理器.年剧情章节配置Datain,Res|Data|Game|Data|Mgr|Year|Story|Chapter|Config|Datain,Datain
ResData.GameDataMgr.YearStorySectionConfigDatain,资源数据.游戏数据管理器.年剧情Section配置Datain,Res|Data|Game|Data|Mgr|Year|Story|Section|Config|Datain,Section Datain
ResData.GameDataMgr.YearStoryEventConfigDatain,资源数据.游戏数据管理器.年剧情事件配置Datain,Res|Data|Game|Data|Mgr|Year|Story|Event|Config|Datain,Datain
ResData.GameDataMgr.YearStorySubTaskDisplayConfigDatain,资源数据.游戏数据管理器.年剧情子任务显示配置Datain,Res|Data|Game|Data|Mgr|Year|Story|Sub|Task|Display|Config|Datain,Datain
ResData.GameDataMgr.YearStoryFirstMapConfigDatain,资源数据.游戏数据管理器.年剧情首个地图配置Datain,Res|Data|Game|Data|Mgr|Year|Story|First|Map|Config|Datain,Datain
ResData.GameDataMgr.YearStorySecondMapConfigDatain,资源数据.游戏数据管理器.年剧情秒地图配置Datain,Res|Data|Game|Data|Mgr|Year|Story|Second|Map|Config|Datain,Datain
ResData.GameDataMgr.YearStoryMapNodeCellConfigDatain,资源数据.游戏数据管理器.年剧情地图节点格子配置Datain,Res|Data|Game|Data|Mgr|Year|Story|Map|Node|Cell|Config|Datain,Datain
ResData.GameDataMgr.YearStoryMapTaskBubbleConfigDatain,资源数据.游戏数据管理器.年剧情地图任务气泡配置Datain,Res|Data|Game|Data|Mgr|Year|Story|Map|Task|Bubble|Config|Datain,Datain
ResData.GameDataMgr.YearStorySubNodeDetailConfDataBin,资源数据.游戏数据管理器.年剧情子节点细节配置数据二进制,Res|Data|Game|Data|Mgr|Year|Story|Sub|Node|Detail|Conf|Data|Bin,
ResData.GameDataMgr.breakingNewsTaskReviewCommonDatain,资源数据.游戏数据管理器.breakingNews任务回顾通用Datain,Res|Data|Game|Data|Mgr|breaking|News|Task|Review|Common|Datain,breaking News Datain
ResData.GameDataMgr.breakingNewsTaskReviewDatain,资源数据.游戏数据管理器.breakingNews任务回顾Datain,Res|Data|Game|Data|Mgr|breaking|News|Task|Review|Datain,breaking News Datain
ResData.GameDataMgr.HeroicEntranceCommonConfigDatain,资源数据.游戏数据管理器.Heroic入口通用配置Datain,Res|Data|Game|Data|Mgr|Heroic|Entrance|Common|Config|Datain,Heroic Datain
ResData.GameDataMgr.HeroicEntranceContentConfigDatain,资源数据.游戏数据管理器.Heroic入口内容配置Datain,Res|Data|Game|Data|Mgr|Heroic|Entrance|Content|Config|Datain,Heroic Datain
ResData.GameDataMgr.HeroicEntranceProjectConfigDatain,资源数据.游戏数据管理器.Heroic入口项目配置Datain,Res|Data|Game|Data|Mgr|Heroic|Entrance|Project|Config|Datain,Heroic Datain
ResData.GameDataMgr.ugcAwardConfConfDatabin,资源数据.游戏数据管理器.UGC奖励配置配置数据表,Res|Data|Game|Data|Mgr|ugc|Award|Conf|Conf|Databin,
ResData.GameDataMgr.heroFeatureUIShowDatabin,资源数据.游戏数据管理器.英雄特性UI显示数据表,Res|Data|Game|Data|Mgr|hero|Feature|UI|Show|Databin,
ResData.GameDataMgr.heroNewFeatureUIShowDatabin,资源数据.游戏数据管理器.英雄新特性UI显示数据表,Res|Data|Game|Data|Mgr|hero|New|Feature|UI|Show|Databin,
ResData.GameDataMgr.heroFeatureCoordinateStyleDatabin,资源数据.游戏数据管理器.英雄特性坐标风格数据表,Res|Data|Game|Data|Mgr|hero|Feature|Coordinate|Style|Databin,
ResData.GameDataMgr.heroFeatureBGCoordinateStyleDatabin,资源数据.游戏数据管理器.英雄特性背景坐标风格数据表,Res|Data|Game|Data|Mgr|hero|Feature|BG|Coordinate|Style|Databin,
ResData.GameDataMgr.heroFeatureFunctionCombineDatabin,资源数据.游戏数据管理器.英雄特性功能合并数据表,Res|Data|Game|Data|Mgr|hero|Feature|Function|Combine|Databin,
ResData.GameDataMgr.heroIDPoolDatabin,资源数据.游戏数据管理器.英雄ID池数据表,Res|Data|Game|Data|Mgr|hero|ID|Pool|Databin,
ResData.GameDataMgr.AIHeroCfgDatabin,资源数据.游戏数据管理器.AI英雄配置数据表,Res|Data|Game|Data|Mgr|AI|Hero|Cfg|Databin,
ResData.GameDataMgr.suitRecommendDatain,资源数据.游戏数据管理器.套装推荐Datain,Res|Data|Game|Data|Mgr|suit|Recommend|Datain,Datain
ResData.GameDataMgr.pickWhiteListHeroDatabin,资源数据.游戏数据管理器.拾取白列表英雄数据表,Res|Data|Game|Data|Mgr|pick|White|List|Hero|Databin,
ResData.GameDataMgr.skinShareDatabin,资源数据.游戏数据管理器.皮肤共享数据表,Res|Data|Game|Data|Mgr|skin|Share|Databin,
ResData.GameDataMgr.wishAssistStepDatabin,资源数据.游戏数据管理器.心愿助攻步长数据表,Res|Data|Game|Data|Mgr|wish|Assist|Step|Databin,
ResData.GameDataMgr.resAuthority,资源数据.游戏数据管理器.资源Authority,Res|Data|Game|Data|Mgr|res|Authority,Authority
ResData.GameDataMgr.posFightValueGradeDatabin,资源数据.游戏数据管理器.位置战斗值等级数据表,Res|Data|Game|Data|Mgr|pos|Fight|Value|Grade|Databin,
ResData.GameDataMgr.chBranchShowCondDatabin,资源数据.游戏数据管理器.ch分支显示条件数据表,Res|Data|Game|Data|Mgr|ch|Branch|Show|Cond|Databin,ch
ResData.GameDataMgr.soundMapInfoDatabin,资源数据.游戏数据管理器.音效地图信息数据表,Res|Data|Game|Data|Mgr|sound|Map|Info|Databin,
ResData.GameDataMgr.highlightInfoDatabin,资源数据.游戏数据管理器.高亮信息数据表,Res|Data|Game|Data|Mgr|highlight|Info|Databin,
ResData.GameDataMgr.highlightConditionDatabin,资源数据.游戏数据管理器.高亮条件数据表,Res|Data|Game|Data|Mgr|highlight|Condition|Databin,
ResData.GameDataMgr.highlightSkinInfoDatabin,资源数据.游戏数据管理器.高亮皮肤信息数据表,Res|Data|Game|Data|Mgr|highlight|Skin|Info|Databin,
ResData.GameDataMgr.highlightExtendParamDatabin,资源数据.游戏数据管理器.高亮延长参数数据表,Res|Data|Game|Data|Mgr|highlight|Extend|Param|Databin,
ResData.GameDataMgr.highlightRelyDatabin,资源数据.游戏数据管理器.高亮依赖数据表,Res|Data|Game|Data|Mgr|highlight|Rely|Databin,
ResData.GameDataMgr.highlightSkinSpecialEffectDatabin,资源数据.游戏数据管理器.高亮皮肤特殊效果数据表,Res|Data|Game|Data|Mgr|highlight|Skin|Special|Effect|Databin,
ResData.GameDataMgr.highlightCustomParamDatabin,资源数据.游戏数据管理器.高亮自定义参数数据表,Res|Data|Game|Data|Mgr|highlight|Custom|Param|Databin,
ResData.GameDataMgr.highlightVedioDatabin,资源数据.游戏数据管理器.高亮Vedio数据表,Res|Data|Game|Data|Mgr|highlight|Vedio|Databin,Vedio
ResData.GameDataMgr.esportsHighlightInfoDatabin,资源数据.游戏数据管理器.电竞高亮信息数据表,Res|Data|Game|Data|Mgr|esports|Highlight|Info|Databin,
ResData.GameDataMgr.esportsHighlightContributionDatabin,资源数据.游戏数据管理器.电竞高亮Contribution数据表,Res|Data|Game|Data|Mgr|esports|Highlight|Contribution|Databin,Contribution
ResData.GameDataMgr.highlightInfoValidStartTimeDatabin,资源数据.游戏数据管理器.高亮信息有效开始时间数据表,Res|Data|Game|Data|Mgr|highlight|Info|Valid|Start|Time|Databin,
ResData.GameDataMgr.highlightUiInfoDatabin,资源数据.游戏数据管理器.高亮UI信息数据表,Res|Data|Game|Data|Mgr|highlight|Ui|Info|Databin,
ResData.GameDataMgr.esportsHighlightUiInfoDatabin,资源数据.游戏数据管理器.电竞高亮UI信息数据表,Res|Data|Game|Data|Mgr|esports|Highlight|Ui|Info|Databin,
ResData.GameDataMgr.highlightAtuoToolInfoDatabin,资源数据.游戏数据管理器.高亮AtuoTool信息数据表,Res|Data|Game|Data|Mgr|highlight|Atuo|Tool|Info|Databin,Atuo Tool
ResData.GameDataMgr.highlightInfoExpireTimeDatabin,资源数据.游戏数据管理器.高亮信息Expire时间数据表,Res|Data|Game|Data|Mgr|highlight|Info|Expire|Time|Databin,Expire
ResData.GameDataMgr.highlightConditionListParamDatabin,资源数据.游戏数据管理器.高亮条件列表参数数据表,Res|Data|Game|Data|Mgr|highlight|Condition|List|Param|Databin,
ResData.GameDataMgr.highlightMapInfoDatabin,资源数据.游戏数据管理器.高亮地图信息数据表,Res|Data|Game|Data|Mgr|highlight|Map|Info|Databin,
ResData.GameDataMgr.crazyPowerGlobalDatabin,资源数据.游戏数据管理器.crazy威力全局数据表,Res|Data|Game|Data|Mgr|crazy|Power|Global|Databin,crazy
ResData.GameDataMgr.battleBehaviorDatabin,资源数据.游戏数据管理器.战斗行为数据表,Res|Data|Game|Data|Mgr|battle|Behavior|Databin,
ResData.GameDataMgr.interactionEffectDatabin,资源数据.游戏数据管理器.交互效果数据表,Res|Data|Game|Data|Mgr|interaction|Effect|Databin,
ResData.GameDataMgr.clientStateTagDatabin,资源数据.游戏数据管理器.客户端状态标签数据表,Res|Data|Game|Data|Mgr|client|State|Tag|Databin,
ResData.GameDataMgr.soldierSkinBattlePreviewDatabin,资源数据.游戏数据管理器.小兵皮肤战斗预览数据表,Res|Data|Game|Data|Mgr|soldier|Skin|Battle|Preview|Databin,
ResData.GameDataMgr.skillBattlePreviewDatabin,资源数据.游戏数据管理器.技能战斗预览数据表,Res|Data|Game|Data|Mgr|skill|Battle|Preview|Databin,
ResData.GameDataMgr.battlePreviewModelReplaceDatabin,资源数据.游戏数据管理器.战斗预览模型替换数据表,Res|Data|Game|Data|Mgr|battle|Preview|Model|Replace|Databin,
ResData.GameDataMgr.heroTrickTrainDatabin,资源数据.游戏数据管理器.英雄技巧训练数据表,Res|Data|Game|Data|Mgr|hero|Trick|Train|Databin,
ResData.GameDataMgr.heroTrickTrainStepDatabin,资源数据.游戏数据管理器.英雄技巧训练步长数据表,Res|Data|Game|Data|Mgr|hero|Trick|Train|Step|Databin,
ResData.GameDataMgr.soldierSkinButtleDatabin,资源数据.游戏数据管理器.小兵皮肤Buttle数据表,Res|Data|Game|Data|Mgr|soldier|Skin|Buttle|Databin,Buttle
ResData.GameDataMgr.ResBloodEffectConfigDatabin,资源数据.游戏数据管理器.资源血量效果配置数据表,Res|Data|Game|Data|Mgr|Res|Blood|Effect|Config|Databin,
ResData.GameDataMgr.ResBloodDecorationDatabin,资源数据.游戏数据管理器.资源血量Decoration数据表,Res|Data|Game|Data|Mgr|Res|Blood|Decoration|Databin,Decoration
ResData.GameDataMgr.heroPracticeLevelDatabin,资源数据.游戏数据管理器.英雄练习等级数据表,Res|Data|Game|Data|Mgr|hero|Practice|Level|Databin,
ResData.GameDataMgr.heroPracticeRewardDatabin,资源数据.游戏数据管理器.英雄练习奖励数据表,Res|Data|Game|Data|Mgr|hero|Practice|Reward|Databin,
ResData.GameDataMgr.heroPracticeCampDatabin,资源数据.游戏数据管理器.英雄练习阵营数据表,Res|Data|Game|Data|Mgr|hero|Practice|Camp|Databin,
ResData.GameDataMgr.settleAchievementInfoDatabin,资源数据.游戏数据管理器.结算成就信息数据表,Res|Data|Game|Data|Mgr|settle|Achievement|Info|Databin,
ResData.GameDataMgr.emojiInfoDatabin,资源数据.游戏数据管理器.表情信息数据表,Res|Data|Game|Data|Mgr|emoji|Info|Databin,
ResData.GameDataMgr.emojiPkgInfoDatabin,资源数据.游戏数据管理器.表情Pkg信息数据表,Res|Data|Game|Data|Mgr|emoji|Pkg|Info|Databin,Pkg
ResData.GameDataMgr.emojiEggInfoDatabin,资源数据.游戏数据管理器.表情Egg信息数据表,Res|Data|Game|Data|Mgr|emoji|Egg|Info|Databin,Egg
ResData.GameDataMgr.emojiReplyInfoDatabin,资源数据.游戏数据管理器.表情Reply信息数据表,Res|Data|Game|Data|Mgr|emoji|Reply|Info|Databin,Reply
ResData.GameDataMgr.commResShopInfoDatabin,资源数据.游戏数据管理器.通信资源商店信息数据表,Res|Data|Game|Data|Mgr|comm|Res|Shop|Info|Databin,
ResData.GameDataMgr.commResPromotionInfoDatabin,资源数据.游戏数据管理器.通信资源晋级信息数据表,Res|Data|Game|Data|Mgr|comm|Res|Promotion|Info|Databin,
ResData.GameDataMgr.campHeroTipsDatabin,资源数据.游戏数据管理器.阵营英雄提示数据表,Res|Data|Game|Data|Mgr|camp|Hero|Tips|Databin,
ResData.GameDataMgr.commResExposeDatabin,资源数据.游戏数据管理器.通信资源暴露数据表,Res|Data|Game|Data|Mgr|comm|Res|Expose|Databin,
ResData.GameDataMgr.commResExposeWebViewDatabin,资源数据.游戏数据管理器.通信资源暴露Web视图数据表,Res|Data|Game|Data|Mgr|comm|Res|Expose|Web|View|Databin,Web
ResData.GameDataMgr.BornEffectDatabin,资源数据.游戏数据管理器.出生效果数据表,Res|Data|Game|Data|Mgr|Born|Effect|Databin,
ResData.GameDataMgr.ResPKAISingleTrainingLevelInfoBin,资源数据.游戏数据管理器.资源PKAI单个训练等级信息二进制,Res|Data|Game|Data|Mgr|Res|PKAI|Single|Training|Level|Info|Bin,PKAI
ResData.GameDataMgr.ResOfflinePKAISingleTrainingLevelInfoBin,资源数据.游戏数据管理器.资源离线PKAI单个训练等级信息二进制,Res|Data|Game|Data|Mgr|Res|Offline|PKAI|Single|Training|Level|Info|Bin,PKAI
ResData.GameDataMgr.Res1V1SingleTrainingLevelInfoBin,资源数据.游戏数据管理器.资源1V1单个训练等级信息二进制,Res|Data|Game|Data|Mgr|Res|1|V|1|Single|Training|Level|Info|Bin,
ResData.GameDataMgr.ResMeleeSingleTrainingLevelInfoBin,资源数据.游戏数据管理器.资源近战单个训练等级信息二进制,Res|Data|Game|Data|Mgr|Res|Melee|Single|Training|Level|Info|Bin,
ResData.GameDataMgr.ResMapExtraFuncInfoConfBin,资源数据.游戏数据管理器.资源地图额外函数信息配置二进制,Res|Data|Game|Data|Mgr|Res|Map|Extra|Func|Info|Conf|Bin,
ResData.GameDataMgr.InteractiveSkillDatabin,资源数据.游戏数据管理器.交互技能数据表,Res|Data|Game|Data|Mgr|Interactive|Skill|Databin,
ResData.GameDataMgr.ResRelayAreaDatabin,资源数据.游戏数据管理器.资源Relay区域数据表,Res|Data|Game|Data|Mgr|Res|Relay|Area|Databin,Relay
ResData.GameDataMgr.aiOverallSenseLanguageDatabin,资源数据.游戏数据管理器.AI总体Sense语言数据表,Res|Data|Game|Data|Mgr|ai|Overall|Sense|Language|Databin,Sense
ResData.GameDataMgr.aiHCIResponseLanguageDatabin,资源数据.游戏数据管理器.AIHCI响应语言数据表,Res|Data|Game|Data|Mgr|ai|HCI|Response|Language|Databin,HCI
ResData.GameDataMgr.specialburnRewrad,资源数据.游戏数据管理器.specialburnRewrad,Res|Data|Game|Data|Mgr|specialburn|Rewrad,specialburn Rewrad
ResData.GameDataMgr.battleKillNotifyInfoDatabin,资源数据.游戏数据管理器.战斗击杀通知信息数据表,Res|Data|Game|Data|Mgr|battle|Kill|Notify|Info|Databin,
ResData.GameDataMgr.battleThumbUpReplaceInfoDatabin,资源数据.游戏数据管理器.战斗Thumb上替换信息数据表,Res|Data|Game|Data|Mgr|battle|Thumb|Up|Replace|Info|Databin,Thumb
ResData.GameDataMgr.nationMatchMsgBoardDatabin,资源数据.游戏数据管理器.国家匹配消息Board数据表,Res|Data|Game|Data|Mgr|nation|Match|Msg|Board|Databin,Board
ResData.GameDataMgr.paintDatabin,资源数据.游戏数据管理器.paint数据表,Res|Data|Game|Data|Mgr|paint|Databin,paint
ResData.GameDataMgr.skyScreenDatabin,资源数据.游戏数据管理器.sky屏幕数据表,Res|Data|Game|Data|Mgr|sky|Screen|Databin,sky
ResData.GameDataMgr.skyScreenRuleDatabin,资源数据.游戏数据管理器.sky屏幕规则数据表,Res|Data|Game|Data|Mgr|sky|Screen|Rule|Databin,sky
ResData.GameDataMgr.PickEffectDatabin,资源数据.游戏数据管理器.拾取效果数据表,Res|Data|Game|Data|Mgr|Pick|Effect|Databin,
ResData.GameDataMgr.skinGroupDatabin,资源数据.游戏数据管理器.皮肤分组数据表,Res|Data|Game|Data|Mgr|skin|Group|Databin,
ResData.GameDataMgr.skinBookInfoDatabin,资源数据.游戏数据管理器.皮肤Book信息数据表,Res|Data|Game|Data|Mgr|skin|Book|Info|Databin,Book
ResData.GameDataMgr.qualityPrivilegeDatabin,资源数据.游戏数据管理器.品质特权数据表,Res|Data|Game|Data|Mgr|quality|Privilege|Databin,
ResData.GameDataMgr.skinBookQualityDisplayDatabin,资源数据.游戏数据管理器.皮肤Book品质显示数据表,Res|Data|Game|Data|Mgr|skin|Book|Quality|Display|Databin,Book
ResData.GameDataMgr.battleUISkinDatabin,资源数据.游戏数据管理器.战斗UI皮肤数据表,Res|Data|Game|Data|Mgr|battle|UI|Skin|Databin,
ResData.GameDataMgr.giftGreetingDatabin,资源数据.游戏数据管理器.礼包问候数据表,Res|Data|Game|Data|Mgr|gift|Greeting|Databin,
ResData.GameDataMgr.giftRecomReasonDatabin,资源数据.游戏数据管理器.礼包Recom原因数据表,Res|Data|Game|Data|Mgr|gift|Recom|Reason|Databin,Recom
ResData.GameDataMgr.videoBustLodDatabin,资源数据.游戏数据管理器.视频BustLOD数据表,Res|Data|Game|Data|Mgr|video|Bust|Lod|Databin,Bust
ResData.GameDataMgr.heroPreSettingRuleDatabin,资源数据.游戏数据管理器.英雄预设置规则数据表,Res|Data|Game|Data|Mgr|hero|Pre|Setting|Rule|Databin,
ResData.GameDataMgr.battleResultBarrageTextDatabin,资源数据.游戏数据管理器.战斗结果弹幕文本数据表,Res|Data|Game|Data|Mgr|battle|Result|Barrage|Text|Databin,
ResData.GameDataMgr.heroSkinCollectionCfgDatabin,资源数据.游戏数据管理器.英雄皮肤收集配置数据表,Res|Data|Game|Data|Mgr|hero|Skin|Collection|Cfg|Databin,
ResData.GameDataMgr.CollectorNameConditionDatabin,资源数据.游戏数据管理器.Collector名称条件数据表,Res|Data|Game|Data|Mgr|Collector|Name|Condition|Databin,Collector
ResData.GameDataMgr.CollectorAchievementInfoDatabin,资源数据.游戏数据管理器.Collector成就信息数据表,Res|Data|Game|Data|Mgr|Collector|Achievement|Info|Databin,Collector
ResData.GameDataMgr.heroSkinCollectionCardCfgDatabin,资源数据.游戏数据管理器.英雄皮肤收集卡牌配置数据表,Res|Data|Game|Data|Mgr|hero|Skin|Collection|Card|Cfg|Databin,
ResData.GameDataMgr.HerosCollectorDatabin,资源数据.游戏数据管理器.HerosCollector数据表,Res|Data|Game|Data|Mgr|Heros|Collector|Databin,Heros Collector
ResData.GameDataMgr.eSportsLevelInfoDatabin,资源数据.游戏数据管理器.eSports等级信息数据表,Res|Data|Game|Data|Mgr|e|Sports|Level|Info|Databin,Sports
ResData.GameDataMgr.ResESportsTripartiteDatabin,资源数据.游戏数据管理器.资源ESportsTripartite数据表,Res|Data|Game|Data|Mgr|Res|E|Sports|Tripartite|Databin,Sports Tripartite
ResData.GameDataMgr.ResESportsPrincipalGameEntryDatabin,资源数据.游戏数据管理器.资源ESportsPrincipal游戏入口数据表,Res|Data|Game|Data|Mgr|Res|E|Sports|Principal|Game|Entry|Databin,Sports Principal
ResData.GameDataMgr.ESportsNationalSeasonDatabinNormal,资源数据.游戏数据管理器.ESports全国赛季数据表普通,Res|Data|Game|Data|Mgr|E|Sports|National|Season|Databin|Normal,Sports
ResData.GameDataMgr.ESportsNationalSeasonDatabinPioneer,资源数据.游戏数据管理器.ESports全国赛季数据表Pioneer,Res|Data|Game|Data|Mgr|E|Sports|National|Season|Databin|Pioneer,Sports Pioneer
ResData.GameDataMgr.ESportsNationalSeasonDatabinCE,资源数据.游戏数据管理器.ESports全国赛季数据表CE,Res|Data|Game|Data|Mgr|E|Sports|National|Season|Databin|CE,Sports CE
ResData.GameDataMgr.eSportsScoreAwardDatabin,资源数据.游戏数据管理器.eSports得分奖励数据表,Res|Data|Game|Data|Mgr|e|Sports|Score|Award|Databin,Sports
ResData.GameDataMgr.ESportsNationalStageInfoDatabin,资源数据.游戏数据管理器.ESports全国阶段信息数据表,Res|Data|Game|Data|Mgr|E|Sports|National|Stage|Info|Databin,Sports
ResData.GameDataMgr.ESportsNationalTeamStageInfoDatabin,资源数据.游戏数据管理器.ESports全国队伍阶段信息数据表,Res|Data|Game|Data|Mgr|E|Sports|National|Team|Stage|Info|Databin,Sports
ResData.GameDataMgr.ESportsNotifyRuleDatabin,资源数据.游戏数据管理器.ESports通知规则数据表,Res|Data|Game|Data|Mgr|E|Sports|Notify|Rule|Databin,Sports
ResData.GameDataMgr.eSportsBigAwardPreviewDatabin,资源数据.游戏数据管理器.eSports大奖励预览数据表,Res|Data|Game|Data|Mgr|e|Sports|Big|Award|Preview|Databin,Sports
ResData.GameDataMgr.eSportsDrawRewardLimitDatabin,资源数据.游戏数据管理器.eSports抽奖奖励限制数据表,Res|Data|Game|Data|Mgr|e|Sports|Draw|Reward|Limit|Databin,Sports
ResData.GameDataMgr.esportsCityBadgeDatabin,资源数据.游戏数据管理器.电竞城市徽章数据表,Res|Data|Game|Data|Mgr|esports|City|Badge|Databin,
ResData.GameDataMgr.esportsDatabin,资源数据.游戏数据管理器.电竞数据表,Res|Data|Game|Data|Mgr|esports|Databin,
ResData.GameDataMgr.MapCommonCondDatabin,资源数据.游戏数据管理器.地图通用条件数据表,Res|Data|Game|Data|Mgr|Map|Common|Cond|Databin,
ResData.GameDataMgr.ResNoneAdultControlDatabin,资源数据.游戏数据管理器.资源无Adult控制数据表,Res|Data|Game|Data|Mgr|Res|None|Adult|Control|Databin,Adult
ResData.GameDataMgr.AIAntiHackerScreenShotKeywordsDatabin,资源数据.游戏数据管理器.AIAntiHacker屏幕ShotKeywords数据表,Res|Data|Game|Data|Mgr|AI|Anti|Hacker|Screen|Shot|Keywords|Databin,Anti Hacker Shot Keywords
ResData.GameDataMgr.treasureRefreshDatabin,资源数据.游戏数据管理器.宝藏刷新数据表,Res|Data|Game|Data|Mgr|treasure|Refresh|Databin,
ResData.GameDataMgr.treasureInsureNodeDatabin,资源数据.游戏数据管理器.宝藏Insure节点数据表,Res|Data|Game|Data|Mgr|treasure|Insure|Node|Databin,Insure
ResData.GameDataMgr.treasureInsureRefreshDatabin,资源数据.游戏数据管理器.宝藏Insure刷新数据表,Res|Data|Game|Data|Mgr|treasure|Insure|Refresh|Databin,Insure
ResData.GameDataMgr.ResItemMakingInfoDatabin,资源数据.游戏数据管理器.资源道具制作信息数据表,Res|Data|Game|Data|Mgr|Res|Item|Making|Info|Databin,
ResData.GameDataMgr.esportsConclusionDatabin,资源数据.游戏数据管理器.电竞结论数据表,Res|Data|Game|Data|Mgr|esports|Conclusion|Databin,
ResData.GameDataMgr.esportsConclusionGroupDatabin,资源数据.游戏数据管理器.电竞结论分组数据表,Res|Data|Game|Data|Mgr|esports|Conclusion|Group|Databin,
ResData.GameDataMgr.ResEsportsLabelInfoDatabin,资源数据.游戏数据管理器.资源电竞标签信息数据表,Res|Data|Game|Data|Mgr|Res|Esports|Label|Info|Databin,
ResData.GameDataMgr.ResChannelRankCodeDatabin,资源数据.游戏数据管理器.资源频道排行码数据表,Res|Data|Game|Data|Mgr|Res|Channel|Rank|Code|Databin,
ResData.GameDataMgr.ResChannel5RankTipsDatabin,资源数据.游戏数据管理器.资源频道5排行提示数据表,Res|Data|Game|Data|Mgr|Res|Channel|5|Rank|Tips|Databin,
ResData.GameDataMgr.ResBattleUIBlockConfigDatabin,资源数据.游戏数据管理器.资源战斗UI阻挡配置数据表,Res|Data|Game|Data|Mgr|Res|Battle|UI|Block|Config|Databin,
ResData.GameDataMgr.wealResWealInfoSyncDatabin,资源数据.游戏数据管理器.福利资源福利信息同步数据表,Res|Data|Game|Data|Mgr|weal|Res|Weal|Info|Sync|Databin,
ResData.GameDataMgr.ResHeroShowVibrationDatabin,资源数据.游戏数据管理器.资源英雄显示震动数据表,Res|Data|Game|Data|Mgr|Res|Hero|Show|Vibration|Databin,
ResData.GameDataMgr.ResVideoPlayDatabin,资源数据.游戏数据管理器.资源视频播放数据表,Res|Data|Game|Data|Mgr|Res|Video|Play|Databin,
ResData.GameDataMgr.lobbyBottomVideoPlayConfigDatabin,资源数据.游戏数据管理器.大厅Bottom视频播放配置数据表,Res|Data|Game|Data|Mgr|lobby|Bottom|Video|Play|Config|Databin,Bottom
ResData.GameDataMgr.ResTeamFightForbidHeroDatabin,资源数据.游戏数据管理器.资源队伍战斗禁止英雄数据表,Res|Data|Game|Data|Mgr|Res|Team|Fight|Forbid|Hero|Databin,
ResData.GameDataMgr.esportsThemeDatabin,资源数据.游戏数据管理器.电竞主题数据表,Res|Data|Game|Data|Mgr|esports|Theme|Databin,
ResData.GameDataMgr.RegionConvertInfoDatabin,资源数据.游戏数据管理器.区域转换信息数据表,Res|Data|Game|Data|Mgr|Region|Convert|Info|Databin,
ResData.GameDataMgr.esportsCertiInfoDatabin,资源数据.游戏数据管理器.电竞Certi信息数据表,Res|Data|Game|Data|Mgr|esports|Certi|Info|Databin,Certi
ResData.GameDataMgr.esportsCertiKeywordsDatabin,资源数据.游戏数据管理器.电竞CertiKeywords数据表,Res|Data|Game|Data|Mgr|esports|Certi|Keywords|Databin,Certi Keywords
ResData.GameDataMgr.esportsTrialQRCodeDatabin,资源数据.游戏数据管理器.电竞试炼QR码数据表,Res|Data|Game|Data|Mgr|esports|Trial|QR|Code|Databin,QR
ResData.GameDataMgr.esportsPlayerCardPartsDatabin,资源数据.游戏数据管理器.电竞玩家卡牌Parts数据表,Res|Data|Game|Data|Mgr|esports|Player|Card|Parts|Databin,Parts
ResData.GameDataMgr.esportsPlayerCardBgEffectDatabin,资源数据.游戏数据管理器.电竞玩家卡牌背景效果数据表,Res|Data|Game|Data|Mgr|esports|Player|Card|Bg|Effect|Databin,
ResData.GameDataMgr.customStatusCfgDataBin,资源数据.游戏数据管理器.自定义状态配置数据二进制,Res|Data|Game|Data|Mgr|custom|Status|Cfg|Data|Bin,
ResData.GameDataMgr.ResPreLoadOfflineBaseReourceInfoDatabin,资源数据.游戏数据管理器.资源预加载离线基础Reource信息数据表,Res|Data|Game|Data|Mgr|Res|Pre|Load|Offline|Base|Reource|Info|Databin,Reource
ResData.GameDataMgr.ResPreLoadOfflineAGEReourceInfoDatabin,资源数据.游戏数据管理器.资源预加载离线AGEReource信息数据表,Res|Data|Game|Data|Mgr|Res|Pre|Load|Offline|AGE|Reource|Info|Databin,Reource
ResData.GameDataMgr.ResPreLoadOfflineSoldierReourceInfoDatabin,资源数据.游戏数据管理器.资源预加载离线小兵Reource信息数据表,Res|Data|Game|Data|Mgr|Res|Pre|Load|Offline|Soldier|Reource|Info|Databin,Reource
ResData.GameDataMgr.ResPreLoadOfflineSceneReourceInfoDatabin,资源数据.游戏数据管理器.资源预加载离线场景Reource信息数据表,Res|Data|Game|Data|Mgr|Res|Pre|Load|Offline|Scene|Reource|Info|Databin,Reource
ResData.GameDataMgr.ResPreLoadOfflineFormReourceInfoDatabin,资源数据.游戏数据管理器.资源预加载离线形态Reource信息数据表,Res|Data|Game|Data|Mgr|Res|Pre|Load|Offline|Form|Reource|Info|Databin,Reource
ResData.GameDataMgr.ResPreLoadOfflineBaseReourceInfoDatabin1,资源数据.游戏数据管理器.资源预加载离线基础Reource信息数据表1,Res|Data|Game|Data|Mgr|Res|Pre|Load|Offline|Base|Reource|Info|Databin|1,Reource
ResData.GameDataMgr.ResPreLoadOfflineAGEReourceInfoDatabin1,资源数据.游戏数据管理器.资源预加载离线AGEReource信息数据表1,Res|Data|Game|Data|Mgr|Res|Pre|Load|Offline|AGE|Reource|Info|Databin|1,Reource
ResData.GameDataMgr.ResPreLoadOfflineSoldierReourceInfoDatabin1,资源数据.游戏数据管理器.资源预加载离线小兵Reource信息数据表1,Res|Data|Game|Data|Mgr|Res|Pre|Load|Offline|Soldier|Reource|Info|Databin|1,Reource
ResData.GameDataMgr.ResPreLoadOfflineSceneReourceInfoDatabin1,资源数据.游戏数据管理器.资源预加载离线场景Reource信息数据表1,Res|Data|Game|Data|Mgr|Res|Pre|Load|Offline|Scene|Reource|Info|Databin|1,Reource
ResData.GameDataMgr.ResPreLoadOfflineBaseReourceInfoDatabin2,资源数据.游戏数据管理器.资源预加载离线基础Reource信息数据表2,Res|Data|Game|Data|Mgr|Res|Pre|Load|Offline|Base|Reource|Info|Databin|2,Reource
ResData.GameDataMgr.ResPreLoadOfflineAGEReourceInfoDatabin2,资源数据.游戏数据管理器.资源预加载离线AGEReource信息数据表2,Res|Data|Game|Data|Mgr|Res|Pre|Load|Offline|AGE|Reource|Info|Databin|2,Reource
ResData.GameDataMgr.ResPreLoadOfflineSoldierReourceInfoDatabin2,资源数据.游戏数据管理器.资源预加载离线小兵Reource信息数据表2,Res|Data|Game|Data|Mgr|Res|Pre|Load|Offline|Soldier|Reource|Info|Databin|2,Reource
ResData.GameDataMgr.ResPreLoadOfflineSceneReourceInfoDatabin2,资源数据.游戏数据管理器.资源预加载离线场景Reource信息数据表2,Res|Data|Game|Data|Mgr|Res|Pre|Load|Offline|Scene|Reource|Info|Databin|2,Reource
ResData.GameDataMgr.ResPreLoadOfflineBaseReourceInfoDatabin3,资源数据.游戏数据管理器.资源预加载离线基础Reource信息数据表3,Res|Data|Game|Data|Mgr|Res|Pre|Load|Offline|Base|Reource|Info|Databin|3,Reource
ResData.GameDataMgr.ResPreLoadOfflineAGEReourceInfoDatabin3,资源数据.游戏数据管理器.资源预加载离线AGEReource信息数据表3,Res|Data|Game|Data|Mgr|Res|Pre|Load|Offline|AGE|Reource|Info|Databin|3,Reource
ResData.GameDataMgr.ResPreLoadOfflineSoldierReourceInfoDatabin3,资源数据.游戏数据管理器.资源预加载离线小兵Reource信息数据表3,Res|Data|Game|Data|Mgr|Res|Pre|Load|Offline|Soldier|Reource|Info|Databin|3,Reource
ResData.GameDataMgr.ResPreLoadOfflineSceneReourceInfoDatabin3,资源数据.游戏数据管理器.资源预加载离线场景Reource信息数据表3,Res|Data|Game|Data|Mgr|Res|Pre|Load|Offline|Scene|Reource|Info|Databin|3,Reource
ResData.GameDataMgr.ResPreLoadOfflineBaseReourceInfoDatabin4,资源数据.游戏数据管理器.资源预加载离线基础Reource信息数据表4,Res|Data|Game|Data|Mgr|Res|Pre|Load|Offline|Base|Reource|Info|Databin|4,Reource
ResData.GameDataMgr.ResPreLoadOfflineAGEReourceInfoDatabin4,资源数据.游戏数据管理器.资源预加载离线AGEReource信息数据表4,Res|Data|Game|Data|Mgr|Res|Pre|Load|Offline|AGE|Reource|Info|Databin|4,Reource
ResData.GameDataMgr.ResPreLoadOfflineSoldierReourceInfoDatabin4,资源数据.游戏数据管理器.资源预加载离线小兵Reource信息数据表4,Res|Data|Game|Data|Mgr|Res|Pre|Load|Offline|Soldier|Reource|Info|Databin|4,Reource
ResData.GameDataMgr.ResPreLoadOfflineSceneReourceInfoDatabin4,资源数据.游戏数据管理器.资源预加载离线场景Reource信息数据表4,Res|Data|Game|Data|Mgr|Res|Pre|Load|Offline|Scene|Reource|Info|Databin|4,Reource
ResData.GameDataMgr.ResPreLoadOfflineBaseReourceInfoDatabin10v10,资源数据.游戏数据管理器.资源预加载离线基础Reource信息数据表10v10,Res|Data|Game|Data|Mgr|Res|Pre|Load|Offline|Base|Reource|Info|Databin|10|v|10,Reource
ResData.GameDataMgr.ResPreLoadOfflineAGEReourceInfoDatabin10v10,资源数据.游戏数据管理器.资源预加载离线AGEReource信息数据表10v10,Res|Data|Game|Data|Mgr|Res|Pre|Load|Offline|AGE|Reource|Info|Databin|10|v|10,Reource
ResData.GameDataMgr.ResPreLoadOfflineSoldierReourceInfoDatabin10v10,资源数据.游戏数据管理器.资源预加载离线小兵Reource信息数据表10v10,Res|Data|Game|Data|Mgr|Res|Pre|Load|Offline|Soldier|Reource|Info|Databin|10|v|10,Reource
ResData.GameDataMgr.ResPreLoadOfflineSceneReourceInfoDatabin10v10,资源数据.游戏数据管理器.资源预加载离线场景Reource信息数据表10v10,Res|Data|Game|Data|Mgr|Res|Pre|Load|Offline|Scene|Reource|Info|Databin|10|v|10,Reource
ResData.GameDataMgr.HeroSkinPosterDatabin,资源数据.游戏数据管理器.英雄皮肤Poster数据表,Res|Data|Game|Data|Mgr|Hero|Skin|Poster|Databin,Poster
ResData.GameDataMgr.HeroSkinIdleActionDatabin,资源数据.游戏数据管理器.英雄皮肤待机动作数据表,Res|Data|Game|Data|Mgr|Hero|Skin|Idle|Action|Databin,
ResData.GameDataMgr.HeroSkinRootBoneDatabin,资源数据.游戏数据管理器.英雄皮肤根骨骼数据表,Res|Data|Game|Data|Mgr|Hero|Skin|Root|Bone|Databin,
ResData.GameDataMgr.starVipConfDatabin,资源数据.游戏数据管理器.星VIP配置数据表,Res|Data|Game|Data|Mgr|star|Vip|Conf|Databin,
ResData.GameDataMgr.starVipNewConfDatabin,资源数据.游戏数据管理器.星VIP新配置数据表,Res|Data|Game|Data|Mgr|star|Vip|New|Conf|Databin,
ResData.GameDataMgr.battleSoundReplacementDatabin,资源数据.游戏数据管理器.战斗音效替换数据表,Res|Data|Game|Data|Mgr|battle|Sound|Replacement|Databin,
ResData.GameDataMgr.battleSoundReplacementDetailDatabin,资源数据.游戏数据管理器.战斗音效替换细节数据表,Res|Data|Game|Data|Mgr|battle|Sound|Replacement|Detail|Databin,
ResData.GameDataMgr.levelSettingAdapterDeviceDatabin,资源数据.游戏数据管理器.等级设置Adapter设备数据表,Res|Data|Game|Data|Mgr|level|Setting|Adapter|Device|Databin,Adapter
ResData.GameDataMgr.birthdayBlessGiftInfoDatabin,资源数据.游戏数据管理器.birthdayBless礼包信息数据表,Res|Data|Game|Data|Mgr|birthday|Bless|Gift|Info|Databin,birthday Bless
ResData.GameDataMgr.inviteSortingCfgDatabin,资源数据.游戏数据管理器.邀请排序配置数据表,Res|Data|Game|Data|Mgr|invite|Sorting|Cfg|Databin,
ResData.GameDataMgr.loadingHintDatabin,资源数据.游戏数据管理器.加载Hint数据表,Res|Data|Game|Data|Mgr|loading|Hint|Databin,Hint
ResData.GameDataMgr.deadHintDatabin,资源数据.游戏数据管理器.死亡Hint数据表,Res|Data|Game|Data|Mgr|dead|Hint|Databin,Hint
ResData.GameDataMgr.ResMagicLotteryPoolDatabin,资源数据.游戏数据管理器.资源魔法抽奖池数据表,Res|Data|Game|Data|Mgr|Res|Magic|Lottery|Pool|Databin,
ResData.GameDataMgr.ResMagicLotteryPriceDatabin,资源数据.游戏数据管理器.资源魔法抽奖价格数据表,Res|Data|Game|Data|Mgr|Res|Magic|Lottery|Price|Databin,
ResData.GameDataMgr.afterGameInteractionCfgDatabin,资源数据.游戏数据管理器.之后游戏交互配置数据表,Res|Data|Game|Data|Mgr|after|Game|Interaction|Cfg|Databin,
ResData.GameDataMgr.settleConditionCfgDatabin,资源数据.游戏数据管理器.结算条件配置数据表,Res|Data|Game|Data|Mgr|settle|Condition|Cfg|Databin,
ResData.GameDataMgr.thumbsUpCfgDatabin,资源数据.游戏数据管理器.thumbs上配置数据表,Res|Data|Game|Data|Mgr|thumbs|Up|Cfg|Databin,thumbs
ResData.GameDataMgr.heroHealWhiteListCfgDatabin,资源数据.游戏数据管理器.英雄Heal白列表配置数据表,Res|Data|Game|Data|Mgr|hero|Heal|White|List|Cfg|Databin,Heal
ResData.GameDataMgr.PatDatabin,资源数据.游戏数据管理器.Pat数据表,Res|Data|Game|Data|Mgr|Pat|Databin,Pat
ResData.GameDataMgr.VibrationWhiteListCfgDatabin,资源数据.游戏数据管理器.震动白列表配置数据表,Res|Data|Game|Data|Mgr|Vibration|White|List|Cfg|Databin,
ResData.GameDataMgr.SignatureDatabin,资源数据.游戏数据管理器.Signature数据表,Res|Data|Game|Data|Mgr|Signature|Databin,Signature
ResData.GameDataMgr.InviteSkinDatabin,资源数据.游戏数据管理器.邀请皮肤数据表,Res|Data|Game|Data|Mgr|Invite|Skin|Databin,
ResData.GameDataMgr.NameCardSkinDatabin,资源数据.游戏数据管理器.名称卡牌皮肤数据表,Res|Data|Game|Data|Mgr|Name|Card|Skin|Databin,
ResData.GameDataMgr.BroadcastManDatabin,资源数据.游戏数据管理器.广播Man数据表,Res|Data|Game|Data|Mgr|Broadcast|Man|Databin,Man
ResData.GameDataMgr.BroadcastVoiceDatabin,资源数据.游戏数据管理器.广播语音数据表,Res|Data|Game|Data|Mgr|Broadcast|Voice|Databin,
ResData.GameDataMgr.DefaultBroadcastVoiceDatabin,资源数据.游戏数据管理器.默认广播语音数据表,Res|Data|Game|Data|Mgr|Default|Broadcast|Voice|Databin,
ResData.GameDataMgr.VoicePackageDatabin,资源数据.游戏数据管理器.语音礼包数据表,Res|Data|Game|Data|Mgr|Voice|Package|Databin,
ResData.GameDataMgr.VoiceDatabin,资源数据.游戏数据管理器.语音数据表,Res|Data|Game|Data|Mgr|Voice|Databin,
ResData.GameDataMgr.HeroExclusiveBroadcastDatabin,资源数据.游戏数据管理器.英雄Exclusive广播数据表,Res|Data|Game|Data|Mgr|Hero|Exclusive|Broadcast|Databin,Exclusive
ResData.GameDataMgr.heroZhoubianCfgDatabin,资源数据.游戏数据管理器.英雄Zhoubian配置数据表,Res|Data|Game|Data|Mgr|hero|Zhoubian|Cfg|Databin,Zhoubian
ResData.GameDataMgr.shopZhoubianCfgDatabin,资源数据.游戏数据管理器.商店Zhoubian配置数据表,Res|Data|Game|Data|Mgr|shop|Zhoubian|Cfg|Databin,Zhoubian
ResData.GameDataMgr.shopBubbleJumpCfgDatabin,资源数据.游戏数据管理器.商店气泡跳转配置数据表,Res|Data|Game|Data|Mgr|shop|Bubble|Jump|Cfg|Databin,
ResData.GameDataMgr.heroCaptureOffsetCfgDatabin,资源数据.游戏数据管理器.英雄Capture偏移配置数据表,Res|Data|Game|Data|Mgr|hero|Capture|Offset|Cfg|Databin,Capture
ResData.GameDataMgr.CustomizeRecommendOfficalConfDatabin,资源数据.游戏数据管理器.Customize推荐Offical配置数据表,Res|Data|Game|Data|Mgr|Customize|Recommend|Offical|Conf|Databin,Customize Offical
ResData.GameDataMgr.CustomizeRecommendHeroSelectConfDatabin,资源数据.游戏数据管理器.Customize推荐英雄选择配置数据表,Res|Data|Game|Data|Mgr|Customize|Recommend|Hero|Select|Conf|Databin,Customize
ResData.GameDataMgr.heroPracticeSuitConfDatabin,资源数据.游戏数据管理器.英雄练习套装配置数据表,Res|Data|Game|Data|Mgr|hero|Practice|Suit|Conf|Databin,
ResData.GameDataMgr.heroPracticeSkillComboDatabin,资源数据.游戏数据管理器.英雄练习技能连击数据表,Res|Data|Game|Data|Mgr|hero|Practice|Skill|Combo|Databin,
ResData.GameDataMgr.sacredAnimalDialogDatabin,资源数据.游戏数据管理器.神圣动物对话数据表,Res|Data|Game|Data|Mgr|sacred|Animal|Dialog|Databin,
ResData.GameDataMgr.heroPracticeAIHeroPoolDatabin,资源数据.游戏数据管理器.英雄练习AI英雄池数据表,Res|Data|Game|Data|Mgr|hero|Practice|AI|Hero|Pool|Databin,
ResData.GameDataMgr.heroPracticeSimulativeDifficultyDatabin,资源数据.游戏数据管理器.英雄练习Simulative难度数据表,Res|Data|Game|Data|Mgr|hero|Practice|Simulative|Difficulty|Databin,Simulative
ResData.GameDataMgr.heroPracticeAbilityTestDifficultyDatabin,资源数据.游戏数据管理器.英雄练习能力测试难度数据表,Res|Data|Game|Data|Mgr|hero|Practice|Ability|Test|Difficulty|Databin,
ResData.GameDataMgr.nationalTipsDatabin,资源数据.游戏数据管理器.全国提示数据表,Res|Data|Game|Data|Mgr|national|Tips|Databin,
ResData.GameDataMgr.heroPracticeBranchTipsDatabin,资源数据.游戏数据管理器.英雄练习分支提示数据表,Res|Data|Game|Data|Mgr|hero|Practice|Branch|Tips|Databin,
ResData.GameDataMgr.heroPracticePerformerHeroDatabin,资源数据.游戏数据管理器.英雄练习Performer英雄数据表,Res|Data|Game|Data|Mgr|hero|Practice|Performer|Hero|Databin,Performer
ResData.GameDataMgr.situationalChallengeInfoDatabin,资源数据.游戏数据管理器.situational挑战信息数据表,Res|Data|Game|Data|Mgr|situational|Challenge|Info|Databin,situational
ResData.GameDataMgr.skillQTEDatabin,资源数据.游戏数据管理器.技能QTE数据表,Res|Data|Game|Data|Mgr|skill|QTE|Databin,QTE
ResData.GameDataMgr.heroPracticeTargetDatabin,资源数据.游戏数据管理器.英雄练习目标数据表,Res|Data|Game|Data|Mgr|hero|Practice|Target|Databin,
ResData.GameDataMgr.heroPracticeLevelEntryDatabin,资源数据.游戏数据管理器.英雄练习等级入口数据表,Res|Data|Game|Data|Mgr|hero|Practice|Level|Entry|Databin,
ResData.GameDataMgr.heroPracticeComboLevelEnemyDatabin,资源数据.游戏数据管理器.英雄练习连击等级敌方数据表,Res|Data|Game|Data|Mgr|hero|Practice|Combo|Level|Enemy|Databin,
ResData.GameDataMgr.heroPracticeTrickDatabin,资源数据.游戏数据管理器.英雄练习技巧数据表,Res|Data|Game|Data|Mgr|hero|Practice|Trick|Databin,
ResData.GameDataMgr.heroPracticeTrickStepDatabin,资源数据.游戏数据管理器.英雄练习技巧步长数据表,Res|Data|Game|Data|Mgr|hero|Practice|Trick|Step|Databin,
ResData.GameDataMgr.timeBackHeroBanDatabin,资源数据.游戏数据管理器.时间返回英雄禁用数据表,Res|Data|Game|Data|Mgr|time|Back|Hero|Ban|Databin,
ResData.GameDataMgr.timeBackSkinBanDatabin,资源数据.游戏数据管理器.时间返回皮肤禁用数据表,Res|Data|Game|Data|Mgr|time|Back|Skin|Ban|Databin,
ResData.GameDataMgr.heroTrainLevelFinishRewardInfoDatabin,资源数据.游戏数据管理器.英雄训练等级结束奖励信息数据表,Res|Data|Game|Data|Mgr|hero|Train|Level|Finish|Reward|Info|Databin,
ResData.GameDataMgr.heroPracticeLobbyTipsInfoDatabin,资源数据.游戏数据管理器.英雄练习大厅提示信息数据表,Res|Data|Game|Data|Mgr|hero|Practice|Lobby|Tips|Info|Databin,
ResData.GameDataMgr.heroPracticeCertificateDatabin,资源数据.游戏数据管理器.英雄练习Certificate数据表,Res|Data|Game|Data|Mgr|hero|Practice|Certificate|Databin,Certificate
ResData.GameDataMgr.heroPracticeLobbyCfgDatabin,资源数据.游戏数据管理器.英雄练习大厅配置数据表,Res|Data|Game|Data|Mgr|hero|Practice|Lobby|Cfg|Databin,
ResData.GameDataMgr.heroPracticeSliceCfgDatabin,资源数据.游戏数据管理器.英雄练习Slice配置数据表,Res|Data|Game|Data|Mgr|hero|Practice|Slice|Cfg|Databin,Slice
ResData.GameDataMgr.heroPracticeBattleAchievementCfgDatabin,资源数据.游戏数据管理器.英雄练习战斗成就配置数据表,Res|Data|Game|Data|Mgr|hero|Practice|Battle|Achievement|Cfg|Databin,
ResData.GameDataMgr.heroPracticeNewHeroLoadingCfgDatabin,资源数据.游戏数据管理器.英雄练习新英雄加载配置数据表,Res|Data|Game|Data|Mgr|hero|Practice|New|Hero|Loading|Cfg|Databin,
ResData.GameDataMgr.heroPracticeAbilityGraphDatabin,资源数据.游戏数据管理器.英雄练习能力图数据表,Res|Data|Game|Data|Mgr|hero|Practice|Ability|Graph|Databin,
ResData.GameDataMgr.ResGangUpShareCfgDatabin,资源数据.游戏数据管理器.资源Gang上共享配置数据表,Res|Data|Game|Data|Mgr|Res|Gang|Up|Share|Cfg|Databin,Gang
ResData.GameDataMgr.ResGangUpSharePoolCfgDatabin,资源数据.游戏数据管理器.资源Gang上共享池配置数据表,Res|Data|Game|Data|Mgr|Res|Gang|Up|Share|Pool|Cfg|Databin,Gang
ResData.GameDataMgr.ResGangUpPlayerTagCfgDatabin,资源数据.游戏数据管理器.资源Gang上玩家标签配置数据表,Res|Data|Game|Data|Mgr|Res|Gang|Up|Player|Tag|Cfg|Databin,Gang
ResData.GameDataMgr.newHeroPracticeLobbyInfoDatabin,资源数据.游戏数据管理器.新英雄练习大厅信息数据表,Res|Data|Game|Data|Mgr|new|Hero|Practice|Lobby|Info|Databin,
ResData.GameDataMgr.newHeroPracticeTargetInfoDatabin,资源数据.游戏数据管理器.新英雄练习目标信息数据表,Res|Data|Game|Data|Mgr|new|Hero|Practice|Target|Info|Databin,
ResData.GameDataMgr.newHeroPracticeHeroInfoDatabin,资源数据.游戏数据管理器.新英雄练习英雄信息数据表,Res|Data|Game|Data|Mgr|new|Hero|Practice|Hero|Info|Databin,
ResData.GameDataMgr.newHeroPracticeSkillIntroDatabin,资源数据.游戏数据管理器.新英雄练习技能开场数据表,Res|Data|Game|Data|Mgr|new|Hero|Practice|Skill|Intro|Databin,
ResData.GameDataMgr.ResTeachingLevelConfDatabin,资源数据.游戏数据管理器.资源教学等级配置数据表,Res|Data|Game|Data|Mgr|Res|Teaching|Level|Conf|Databin,
ResData.GameDataMgr.skinDistributionDatabin,资源数据.游戏数据管理器.皮肤Distribution数据表,Res|Data|Game|Data|Mgr|skin|Distribution|Databin,Distribution
ResData.GameDataMgr.resSchemaToPackageDatabin,资源数据.游戏数据管理器.资源Schema到礼包数据表,Res|Data|Game|Data|Mgr|res|Schema|To|Package|Databin,Schema
ResData.GameDataMgr.endGameShareTextCfgDatabin,资源数据.游戏数据管理器.结束游戏共享文本配置数据表,Res|Data|Game|Data|Mgr|end|Game|Share|Text|Cfg|Databin,
ResData.GameDataMgr.ResSeasonReviewPerformDatabin,资源数据.游戏数据管理器.资源赛季回顾表现数据表,Res|Data|Game|Data|Mgr|Res|Season|Review|Perform|Databin,
ResData.GameDataMgr.SeasonReviewMoodTypeDatabin,资源数据.游戏数据管理器.赛季回顾心情类型数据表,Res|Data|Game|Data|Mgr|Season|Review|Mood|Type|Databin,
ResData.GameDataMgr.SeasonReviewMoodDatabin,资源数据.游戏数据管理器.赛季回顾心情数据表,Res|Data|Game|Data|Mgr|Season|Review|Mood|Databin,
ResData.GameDataMgr.SeasonReviewStyleDatabin,资源数据.游戏数据管理器.赛季回顾风格数据表,Res|Data|Game|Data|Mgr|Season|Review|Style|Databin,
ResData.GameDataMgr.SeasonReviewTeamworkTitleDatabin,资源数据.游戏数据管理器.赛季回顾Teamwork标题数据表,Res|Data|Game|Data|Mgr|Season|Review|Teamwork|Title|Databin,Teamwork
ResData.GameDataMgr.SeasonReviewDataTitleDatabin,资源数据.游戏数据管理器.赛季回顾数据标题数据表,Res|Data|Game|Data|Mgr|Season|Review|Data|Title|Databin,
ResData.GameDataMgr.SeasonReviewJobTitleDatabin,资源数据.游戏数据管理器.赛季回顾Job标题数据表,Res|Data|Game|Data|Mgr|Season|Review|Job|Title|Databin,Job
ResData.GameDataMgr.SeasonReviewLuckDatabin,资源数据.游戏数据管理器.赛季回顾幸运数据表,Res|Data|Game|Data|Mgr|Season|Review|Luck|Databin,
ResData.GameDataMgr.SeasonReviewPerformLevelDatabin,资源数据.游戏数据管理器.赛季回顾表现等级数据表,Res|Data|Game|Data|Mgr|Season|Review|Perform|Level|Databin,
ResData.GameDataMgr.SeasonReviewGradeGroupDatabin,资源数据.游戏数据管理器.赛季回顾等级分组数据表,Res|Data|Game|Data|Mgr|Season|Review|Grade|Group|Databin,
ResData.GameDataMgr.SeasonReviewFateHeroDatabin,资源数据.游戏数据管理器.赛季回顾Fate英雄数据表,Res|Data|Game|Data|Mgr|Season|Review|Fate|Hero|Databin,Fate
ResData.GameDataMgr.SeasonReviewActionDatabin,资源数据.游戏数据管理器.赛季回顾动作数据表,Res|Data|Game|Data|Mgr|Season|Review|Action|Databin,
ResData.GameDataMgr.SeasonReviewImageDatabin,资源数据.游戏数据管理器.赛季回顾图片数据表,Res|Data|Game|Data|Mgr|Season|Review|Image|Databin,
ResData.GameDataMgr.SeasonReviewFriendDatabin,资源数据.游戏数据管理器.赛季回顾友方数据表,Res|Data|Game|Data|Mgr|Season|Review|Friend|Databin,
ResData.GameDataMgr.SeasonReviewPosterOffsetDatabin,资源数据.游戏数据管理器.赛季回顾Poster偏移数据表,Res|Data|Game|Data|Mgr|Season|Review|Poster|Offset|Databin,Poster
ResData.GameDataMgr.friendExperienceMilestoneCfgDatabin,资源数据.游戏数据管理器.友方经验里程碑配置数据表,Res|Data|Game|Data|Mgr|friend|Experience|Milestone|Cfg|Databin,
ResData.GameDataMgr.ResGrowthBadgeDatabin,资源数据.游戏数据管理器.资源成长徽章数据表,Res|Data|Game|Data|Mgr|Res|Growth|Badge|Databin,
ResData.GameDataMgr.ResGrowthBadgeRewardDatabin,资源数据.游戏数据管理器.资源成长徽章奖励数据表,Res|Data|Game|Data|Mgr|Res|Growth|Badge|Reward|Databin,
ResData.GameDataMgr.ResGrowthBadgeExpSkinDatabin,资源数据.游戏数据管理器.资源成长徽章经验皮肤数据表,Res|Data|Game|Data|Mgr|Res|Growth|Badge|Exp|Skin|Databin,
ResData.GameDataMgr.heroBadgeDatabin,资源数据.游戏数据管理器.英雄徽章数据表,Res|Data|Game|Data|Mgr|hero|Badge|Databin,
ResData.GameDataMgr.badgeGradeConvertDatabin,资源数据.游戏数据管理器.徽章等级转换数据表,Res|Data|Game|Data|Mgr|badge|Grade|Convert|Databin,
ResData.GameDataMgr.heroRoadStarGraphDatabin,资源数据.游戏数据管理器.英雄道路星图数据表,Res|Data|Game|Data|Mgr|hero|Road|Star|Graph|Databin,
ResData.GameDataMgr.heroAbilityClassDatabin,资源数据.游戏数据管理器.英雄能力职业数据表,Res|Data|Game|Data|Mgr|hero|Ability|Class|Databin,
ResData.GameDataMgr.heroFightStyleDatabin,资源数据.游戏数据管理器.英雄战斗风格数据表,Res|Data|Game|Data|Mgr|hero|Fight|Style|Databin,
ResData.GameDataMgr.heroTitleDatabin,资源数据.游戏数据管理器.英雄标题数据表,Res|Data|Game|Data|Mgr|hero|Title|Databin,
ResData.GameDataMgr.actorPropertyAdjusterDatabin,资源数据.游戏数据管理器.角色属性Adjuster数据表,Res|Data|Game|Data|Mgr|actor|Property|Adjuster|Databin,Adjuster
ResData.GameDataMgr.ResBattleRecordDatabin,资源数据.游戏数据管理器.资源战斗记录数据表,Res|Data|Game|Data|Mgr|Res|Battle|Record|Databin,
ResData.GameDataMgr.CanyonWikiMapConfbin,资源数据.游戏数据管理器.峡谷Wiki地图Confbin,Res|Data|Game|Data|Mgr|Canyon|Wiki|Map|Confbin,Wiki Confbin
ResData.GameDataMgr.CanyonWikiMapBranchConfbin,资源数据.游戏数据管理器.峡谷Wiki地图分支Confbin,Res|Data|Game|Data|Mgr|Canyon|Wiki|Map|Branch|Confbin,Wiki Confbin
ResData.GameDataMgr.CanyonWikiMapTimingConfbin,资源数据.游戏数据管理器.峡谷Wiki地图时机Confbin,Res|Data|Game|Data|Mgr|Canyon|Wiki|Map|Timing|Confbin,Wiki Confbin
ResData.GameDataMgr.CanyonWikiMapEffectConfbin,资源数据.游戏数据管理器.峡谷Wiki地图效果Confbin,Res|Data|Game|Data|Mgr|Canyon|Wiki|Map|Effect|Confbin,Wiki Confbin
ResData.GameDataMgr.CanyonWikiMapCamConfbin,资源数据.游戏数据管理器.峡谷Wiki地图CamConfbin,Res|Data|Game|Data|Mgr|Canyon|Wiki|Map|Cam|Confbin,Wiki Cam Confbin
ResData.GameDataMgr.CanyonWikiTimingChangeConfbin,资源数据.游戏数据管理器.峡谷Wiki时机变更Confbin,Res|Data|Game|Data|Mgr|Canyon|Wiki|Timing|Change|Confbin,Wiki Confbin
ResData.GameDataMgr.BranchGuideSwitchDatabin,资源数据.游戏数据管理器.分支引导切换数据表,Res|Data|Game|Data|Mgr|Branch|Guide|Switch|Databin,
ResData.GameDataMgr.skinVideoIntroDatabin,资源数据.游戏数据管理器.皮肤视频开场数据表,Res|Data|Game|Data|Mgr|skin|Video|Intro|Databin,
ResData.GameDataMgr.lobbyAtmosphereTriggerDatabin,资源数据.游戏数据管理器.大厅Atmosphere触发数据表,Res|Data|Game|Data|Mgr|lobby|Atmosphere|Trigger|Databin,Atmosphere
ResData.GameDataMgr.SacredAnimalPostcardDatabin,资源数据.游戏数据管理器.神圣动物Postcard数据表,Res|Data|Game|Data|Mgr|Sacred|Animal|Postcard|Databin,Postcard
ResData.GameDataMgr.watchSkillCameraMovementDatabin,资源数据.游戏数据管理器.观察技能相机移动数据表,Res|Data|Game|Data|Mgr|watch|Skill|Camera|Movement|Databin,
ResData.GameDataMgr.resJinliActConfbin,资源数据.游戏数据管理器.资源锦鲤活动Confbin,Res|Data|Game|Data|Mgr|res|Jinli|Act|Confbin,Confbin
ResData.GameDataMgr.ResNatalHeroInfoDatabin,资源数据.游戏数据管理器.资源Natal英雄信息数据表,Res|Data|Game|Data|Mgr|Res|Natal|Hero|Info|Databin,Natal
ResData.GameDataMgr.ResSkillMoveDestInfoDatabin,资源数据.游戏数据管理器.资源技能移动目标信息数据表,Res|Data|Game|Data|Mgr|Res|Skill|Move|Dest|Info|Databin,
ResData.GameDataMgr.ResChatEmojiDatabin,资源数据.游戏数据管理器.资源聊天表情数据表,Res|Data|Game|Data|Mgr|Res|Chat|Emoji|Databin,
ResData.GameDataMgr.PerfOptimiSwitchDatabin,资源数据.游戏数据管理器.PerfOptimi切换数据表,Res|Data|Game|Data|Mgr|Perf|Optimi|Switch|Databin,Perf Optimi
ResData.GameDataMgr.PreLoadNumDatabin,资源数据.游戏数据管理器.预加载数量数据表,Res|Data|Game|Data|Mgr|Pre|Load|Num|Databin,
ResData.GameDataMgr.ResDidiDatabin,资源数据.游戏数据管理器.资源Didi数据表,Res|Data|Game|Data|Mgr|Res|Didi|Databin,Didi
ResData.GameDataMgr.ResAdulthoodHeroWordDatabin,资源数据.游戏数据管理器.资源Adulthood英雄Word数据表,Res|Data|Game|Data|Mgr|Res|Adulthood|Hero|Word|Databin,Adulthood Word
ResData.GameDataMgr.ResAdulthoodSeasonDatabin,资源数据.游戏数据管理器.资源Adulthood赛季数据表,Res|Data|Game|Data|Mgr|Res|Adulthood|Season|Databin,Adulthood
ResData.GameDataMgr.ResAdulthoodGrowthDatabin,资源数据.游戏数据管理器.资源Adulthood成长数据表,Res|Data|Game|Data|Mgr|Res|Adulthood|Growth|Databin,Adulthood
ResData.GameDataMgr.NetworkDeviceInfoDatabin,资源数据.游戏数据管理器.Network设备信息数据表,Res|Data|Game|Data|Mgr|Network|Device|Info|Databin,Network
ResData.GameDataMgr.ResDLCPackageGroupsDatabin,资源数据.游戏数据管理器.资源DLC礼包Groups数据表,Res|Data|Game|Data|Mgr|Res|DLC|Package|Groups|Databin,DLC Groups
ResData.GameDataMgr.ResDLCPackageGroupTypesDatabin,资源数据.游戏数据管理器.资源DLC礼包分组类型数据表,Res|Data|Game|Data|Mgr|Res|DLC|Package|Group|Types|Databin,DLC
ResData.GameDataMgr.ResDLCRemovablePackageGroupsDatabin,资源数据.游戏数据管理器.资源DLCRemovable礼包Groups数据表,Res|Data|Game|Data|Mgr|Res|DLC|Removable|Package|Groups|Databin,DLC Removable Groups
ResData.GameDataMgr.ResNotActiveDatabin,资源数据.游戏数据管理器.资源非激活数据表,Res|Data|Game|Data|Mgr|Res|Not|Active|Databin,
ResData.GameDataMgr.ResComplaintMarkDatabin,资源数据.游戏数据管理器.资源举报标记数据表,Res|Data|Game|Data|Mgr|Res|Complaint|Mark|Databin,
ResData.GameDataMgr.PreciseLockScaleDatabin,资源数据.游戏数据管理器.精确锁定缩放数据表,Res|Data|Game|Data|Mgr|Precise|Lock|Scale|Databin,
ResData.GameDataMgr.ResRankSmartGuideDatabin,资源数据.游戏数据管理器.资源排行智能引导数据表,Res|Data|Game|Data|Mgr|Res|Rank|Smart|Guide|Databin,
ResData.GameDataMgr.ResPlayerGroupRecommendTagCfgDatabin,资源数据.游戏数据管理器.资源玩家分组推荐标签配置数据表,Res|Data|Game|Data|Mgr|Res|Player|Group|Recommend|Tag|Cfg|Databin,
ResData.GameDataMgr.PosFightValue2LvDatabin,资源数据.游戏数据管理器.位置战斗值2等级数据表,Res|Data|Game|Data|Mgr|Pos|Fight|Value|2|Lv|Databin,
ResData.GameDataMgr.ResPosLvAwardConfDatabin,资源数据.游戏数据管理器.资源位置等级奖励配置数据表,Res|Data|Game|Data|Mgr|Res|Pos|Lv|Award|Conf|Databin,
ResData.GameDataMgr.ResPosTitleConfDatabin,资源数据.游戏数据管理器.资源位置标题配置数据表,Res|Data|Game|Data|Mgr|Res|Pos|Title|Conf|Databin,
ResData.GameDataMgr.ResPosTitleConditionDatabin,资源数据.游戏数据管理器.资源位置标题条件数据表,Res|Data|Game|Data|Mgr|Res|Pos|Title|Condition|Databin,
ResData.GameDataMgr.ResFightValue5V5InfoDatabin,资源数据.游戏数据管理器.资源战斗值5V5信息数据表,Res|Data|Game|Data|Mgr|Res|Fight|Value|5|V|5|Info|Databin,
ResData.GameDataMgr.ResFightValue5V5MvpValueDatabin,资源数据.游戏数据管理器.资源战斗值5V5MVP值数据表,Res|Data|Game|Data|Mgr|Res|Fight|Value|5|V|5|Mvp|Value|Databin,
ResData.GameDataMgr.ResPrayerCheckInBatchDatabin,资源数据.游戏数据管理器.资源Prayer检查内批次数据表,Res|Data|Game|Data|Mgr|Res|Prayer|Check|In|Batch|Databin,Prayer
ResData.GameDataMgr.ResPrayerCheckInDatabin,资源数据.游戏数据管理器.资源Prayer检查内数据表,Res|Data|Game|Data|Mgr|Res|Prayer|Check|In|Databin,Prayer
ResData.GameDataMgr.ResPrayerCheckInQualityDatabin,资源数据.游戏数据管理器.资源Prayer检查内品质数据表,Res|Data|Game|Data|Mgr|Res|Prayer|Check|In|Quality|Databin,Prayer
ResData.GameDataMgr.ResPrayerCheckInBatchPioneerDatabin,资源数据.游戏数据管理器.资源Prayer检查内批次Pioneer数据表,Res|Data|Game|Data|Mgr|Res|Prayer|Check|In|Batch|Pioneer|Databin,Prayer Pioneer
ResData.GameDataMgr.ResPrayerCheckInPioneerDatabin,资源数据.游戏数据管理器.资源Prayer检查内Pioneer数据表,Res|Data|Game|Data|Mgr|Res|Prayer|Check|In|Pioneer|Databin,Prayer Pioneer
ResData.GameDataMgr.ResPrayerCheckInQualityPioneerDatabin,资源数据.游戏数据管理器.资源Prayer检查内品质Pioneer数据表,Res|Data|Game|Data|Mgr|Res|Prayer|Check|In|Quality|Pioneer|Databin,Prayer Pioneer
ResData.GameDataMgr.ResPrayerCheckInSexagenaryYearDatabin,资源数据.游戏数据管理器.资源Prayer检查内Sexagenary年数据表,Res|Data|Game|Data|Mgr|Res|Prayer|Check|In|Sexagenary|Year|Databin,Prayer Sexagenary
ResData.GameDataMgr.ResPrayerCheckInZodiacHourDatabin,资源数据.游戏数据管理器.资源Prayer检查内ZodiacHour数据表,Res|Data|Game|Data|Mgr|Res|Prayer|Check|In|Zodiac|Hour|Databin,Prayer Zodiac Hour
ResData.GameDataMgr.ResPrayerCheckInWeatherDatabin,资源数据.游戏数据管理器.资源Prayer检查内天气数据表,Res|Data|Game|Data|Mgr|Res|Prayer|Check|In|Weather|Databin,Prayer
ResData.GameDataMgr.ResPrayerCheckInFestivalDatabin,资源数据.游戏数据管理器.资源Prayer检查内节日数据表,Res|Data|Game|Data|Mgr|Res|Prayer|Check|In|Festival|Databin,Prayer
ResData.GameDataMgr.ResPrayerCheckInAnswerDatabin,资源数据.游戏数据管理器.资源Prayer检查内Answer数据表,Res|Data|Game|Data|Mgr|Res|Prayer|Check|In|Answer|Databin,Prayer Answer
ResData.GameDataMgr.KnowledgePointConfDatabin,资源数据.游戏数据管理器.Knowledge点配置数据表,Res|Data|Game|Data|Mgr|Knowledge|Point|Conf|Databin,Knowledge
ResData.GameDataMgr.AIJungleReflectConfDatabin,资源数据.游戏数据管理器.AI野区反射配置数据表,Res|Data|Game|Data|Mgr|AI|Jungle|Reflect|Conf|Databin,
ResData.GameDataMgr.AIJungleParamConfDatabin,资源数据.游戏数据管理器.AI野区参数配置数据表,Res|Data|Game|Data|Mgr|AI|Jungle|Param|Conf|Databin,
ResData.GameDataMgr.AIJungleWeightConfDatabin,资源数据.游戏数据管理器.AI野区权重配置数据表,Res|Data|Game|Data|Mgr|AI|Jungle|Weight|Conf|Databin,
ResData.GameDataMgr.ResMallProductShowCurrencyCfgDatabin,资源数据.游戏数据管理器.资源商城商品显示货币配置数据表,Res|Data|Game|Data|Mgr|Res|Mall|Product|Show|Currency|Cfg|Databin,
ResData.GameDataMgr.KeepSakeDatabin,资源数据.游戏数据管理器.保持Sake数据表,Res|Data|Game|Data|Mgr|Keep|Sake|Databin,Sake
ResData.GameDataMgr.soldierSkinDatabin,资源数据.游戏数据管理器.小兵皮肤数据表,Res|Data|Game|Data|Mgr|soldier|Skin|Databin,
ResData.GameDataMgr.CommResPrivilegeDatabin,资源数据.游戏数据管理器.通信资源特权数据表,Res|Data|Game|Data|Mgr|Comm|Res|Privilege|Databin,
ResData.GameDataMgr.resHeroCpDatabin,资源数据.游戏数据管理器.资源英雄战力数据表,Res|Data|Game|Data|Mgr|res|Hero|Cp|Databin,
ResData.GameDataMgr.HopeSeedGrowCfgDatabin,资源数据.游戏数据管理器.HopeSeed成长配置数据表,Res|Data|Game|Data|Mgr|Hope|Seed|Grow|Cfg|Databin,Hope Seed
ResData.GameDataMgr.ResHopeSeedChatCfgDatabin,资源数据.游戏数据管理器.资源HopeSeed聊天配置数据表,Res|Data|Game|Data|Mgr|Res|Hope|Seed|Chat|Cfg|Databin,Hope Seed
ResData.GameDataMgr.ResLotteryInfoDatabin,资源数据.游戏数据管理器.资源抽奖信息数据表,Res|Data|Game|Data|Mgr|Res|Lottery|Info|Databin,
ResData.GameDataMgr.ResLotteryPoolInfoDatabin,资源数据.游戏数据管理器.资源抽奖池信息数据表,Res|Data|Game|Data|Mgr|Res|Lottery|Pool|Info|Databin,
ResData.GameDataMgr.ResTokenInfoDatabin,资源数据.游戏数据管理器.资源令牌信息数据表,Res|Data|Game|Data|Mgr|Res|Token|Info|Databin,
ResData.GameDataMgr.ResTokenExchangeDatabin,资源数据.游戏数据管理器.资源令牌交换数据表,Res|Data|Game|Data|Mgr|Res|Token|Exchange|Databin,
ResData.GameDataMgr.ResPlayLotteryInfoDatabin,资源数据.游戏数据管理器.资源播放抽奖信息数据表,Res|Data|Game|Data|Mgr|Res|Play|Lottery|Info|Databin,
ResData.GameDataMgr.ResPlayLotteryPoolInfoDatabin,资源数据.游戏数据管理器.资源播放抽奖池信息数据表,Res|Data|Game|Data|Mgr|Res|Play|Lottery|Pool|Info|Databin,
ResData.GameDataMgr.ExchangeShopConfDatabin,资源数据.游戏数据管理器.交换商店配置数据表,Res|Data|Game|Data|Mgr|Exchange|Shop|Conf|Databin,
ResData.GameDataMgr.ExchangeShopProductConfDatabin,资源数据.游戏数据管理器.交换商店商品配置数据表,Res|Data|Game|Data|Mgr|Exchange|Shop|Product|Conf|Databin,
ResData.GameDataMgr.ResLotteryDiscountInfoDatabin,资源数据.游戏数据管理器.资源抽奖折扣信息数据表,Res|Data|Game|Data|Mgr|Res|Lottery|Discount|Info|Databin,
ResData.GameDataMgr.ResLotteryDrawCountRewardDatabin,资源数据.游戏数据管理器.资源抽奖抽奖计数奖励数据表,Res|Data|Game|Data|Mgr|Res|Lottery|Draw|Count|Reward|Databin,
ResData.GameDataMgr.RankingSettleCfgDatabin,资源数据.游戏数据管理器.排行结算配置数据表,Res|Data|Game|Data|Mgr|Ranking|Settle|Cfg|Databin,
ResData.GameDataMgr.ResRankingNumberLevelCfgDatabin,资源数据.游戏数据管理器.资源排行数字等级配置数据表,Res|Data|Game|Data|Mgr|Res|Ranking|Number|Level|Cfg|Databin,
ResData.GameDataMgr.ugcPveActorPropertyConfigDatabin,资源数据.游戏数据管理器.UGCPve角色属性配置数据表,Res|Data|Game|Data|Mgr|ugc|Pve|Actor|Property|Config|Databin,Pve
ResData.GameDataMgr.resUltimateAwakenTalentCfgDatabin,资源数据.游戏数据管理器.资源终极觉醒天赋配置数据表,Res|Data|Game|Data|Mgr|res|Ultimate|Awaken|Talent|Cfg|Databin,
ResData.GameDataMgr.ResAwakenTalSkillBurningCfgDatabin,资源数据.游戏数据管理器.资源觉醒Tal技能Burning配置数据表,Res|Data|Game|Data|Mgr|Res|Awaken|Tal|Skill|Burning|Cfg|Databin,Tal Burning
ResData.GameDataMgr.resUltimateAwakenMonsterConfDatabin,资源数据.游戏数据管理器.资源终极觉醒野怪配置数据表,Res|Data|Game|Data|Mgr|res|Ultimate|Awaken|Monster|Conf|Databin,
ResData.GameDataMgr.resUltimateAwakenMonsterInfoConfDatabin,资源数据.游戏数据管理器.资源终极觉醒野怪信息配置数据表,Res|Data|Game|Data|Mgr|res|Ultimate|Awaken|Monster|Info|Conf|Databin,
ResData.GameDataMgr.ResUltiAwakenHeroCfgDatabin,资源数据.游戏数据管理器.资源Ulti觉醒英雄配置数据表,Res|Data|Game|Data|Mgr|Res|Ulti|Awaken|Hero|Cfg|Databin,Ulti
ResData.GameDataMgr.heroAcquisitionDatabin,资源数据.游戏数据管理器.英雄获取数据表,Res|Data|Game|Data|Mgr|hero|Acquisition|Databin,
ResData.GameDataMgr.BattleEventsCfgDatabin,资源数据.游戏数据管理器.战斗Events配置数据表,Res|Data|Game|Data|Mgr|Battle|Events|Cfg|Databin,Events
ResData.GameDataMgr.BattleEventsNodeCfgDatabin,资源数据.游戏数据管理器.战斗Events节点配置数据表,Res|Data|Game|Data|Mgr|Battle|Events|Node|Cfg|Databin,Events
ResData.GameDataMgr.BattleProgressCfgDatabin,资源数据.游戏数据管理器.战斗进度配置数据表,Res|Data|Game|Data|Mgr|Battle|Progress|Cfg|Databin,
ResData.GameDataMgr.m_equipSwitchGroupInBattleDatabin,资源数据.游戏数据管理器.m装备切换分组内战斗数据表,Res|Data|Game|Data|Mgr|m|equip|Switch|Group|In|Battle|Databin,
ResData.GameDataMgr.m_heroEquipLibraryInBattleDatabin,资源数据.游戏数据管理器.m英雄装备Library内战斗数据表,Res|Data|Game|Data|Mgr|m|hero|Equip|Library|In|Battle|Databin,Library
ResData.GameDataMgr.m_heroEquipLibraryIndexInBattleDatabin,资源数据.游戏数据管理器.m英雄装备Library索引内战斗数据表,Res|Data|Game|Data|Mgr|m|hero|Equip|Library|Index|In|Battle|Databin,Library
ResData.GameDataMgr.ugcPveActorCustomPropertyConfigDatabin,资源数据.游戏数据管理器.UGCPve角色自定义属性配置数据表,Res|Data|Game|Data|Mgr|ugc|Pve|Actor|Custom|Property|Config|Databin,Pve
ResData.GameDataMgr.ugcPveActorHurtTagConfigDatabin,资源数据.游戏数据管理器.UGCPve角色伤害标签配置数据表,Res|Data|Game|Data|Mgr|ugc|Pve|Actor|Hurt|Tag|Config|Databin,Pve
ResData.GameDataMgr.ResRogueMowUnlockTabDatabin,资源数据.游戏数据管理器.资源肉鸽Mow解锁页签数据表,Res|Data|Game|Data|Mgr|Res|Rogue|Mow|Unlock|Tab|Databin,Mow
ResData.GameDataMgr.ResRogueMowSeasonConfbin,资源数据.游戏数据管理器.资源肉鸽Mow赛季Confbin,Res|Data|Game|Data|Mgr|Res|Rogue|Mow|Season|Confbin,Mow Confbin
ResData.GameDataMgr.ResRogueMowAchievementAwardConfbin,资源数据.游戏数据管理器.资源肉鸽Mow成就奖励Confbin,Res|Data|Game|Data|Mgr|Res|Rogue|Mow|Achievement|Award|Confbin,Mow Confbin
ResData.GameDataMgr.ResRogueMowAchievementConfDatabin,资源数据.游戏数据管理器.资源肉鸽Mow成就配置数据表,Res|Data|Game|Data|Mgr|Res|Rogue|Mow|Achievement|Conf|Databin,Mow
ResData.GameDataMgr.ResRogueMowDifficultyConfDatabin,资源数据.游戏数据管理器.资源肉鸽Mow难度配置数据表,Res|Data|Game|Data|Mgr|Res|Rogue|Mow|Difficulty|Conf|Databin,Mow
ResData.GameDataMgr.ResRogueMowGlobalConfDatabin,资源数据.游戏数据管理器.资源肉鸽Mow全局配置数据表,Res|Data|Game|Data|Mgr|Res|Rogue|Mow|Global|Conf|Databin,Mow
ResData.GameDataMgr.ResRogueMowInifinitLevelAwardConfDatabin,资源数据.游戏数据管理器.资源肉鸽MowInifinit等级奖励配置数据表,Res|Data|Game|Data|Mgr|Res|Rogue|Mow|Inifinit|Level|Award|Conf|Databin,Mow Inifinit
ResData.GameDataMgr.ResRogueMowHeroConfDatabin,资源数据.游戏数据管理器.资源肉鸽Mow英雄配置数据表,Res|Data|Game|Data|Mgr|Res|Rogue|Mow|Hero|Conf|Databin,Mow
ResData.GameDataMgr.ResRogueMowApolloRankRewardDatabin,资源数据.游戏数据管理器.资源肉鸽MowApollo排行奖励数据表,Res|Data|Game|Data|Mgr|Res|Rogue|Mow|Apollo|Rank|Reward|Databin,Mow
ResData.GameDataMgr.ResRogueMowWeaponConfDatabin,资源数据.游戏数据管理器.资源肉鸽Mow武器配置数据表,Res|Data|Game|Data|Mgr|Res|Rogue|Mow|Weapon|Conf|Databin,Mow
ResData.GameDataMgr.ResRogueMowItemConfDatabin,资源数据.游戏数据管理器.资源肉鸽Mow道具配置数据表,Res|Data|Game|Data|Mgr|Res|Rogue|Mow|Item|Conf|Databin,Mow
ResData.GameDataMgr.ResRogueMowSkillConfDatabin,资源数据.游戏数据管理器.资源肉鸽Mow技能配置数据表,Res|Data|Game|Data|Mgr|Res|Rogue|Mow|Skill|Conf|Databin,Mow
ResData.GameDataMgr.ResRogueMowHeroSkillConfDatabin,资源数据.游戏数据管理器.资源肉鸽Mow英雄技能配置数据表,Res|Data|Game|Data|Mgr|Res|Rogue|Mow|Hero|Skill|Conf|Databin,Mow
ResData.GameDataMgr.ResRogueMowStrategyConfDatabin,资源数据.游戏数据管理器.资源肉鸽Mow策略配置数据表,Res|Data|Game|Data|Mgr|Res|Rogue|Mow|Strategy|Conf|Databin,Mow
ResData.GameDataMgr.ResRogueMowTalentConfDatabin,资源数据.游戏数据管理器.资源肉鸽Mow天赋配置数据表,Res|Data|Game|Data|Mgr|Res|Rogue|Mow|Talent|Conf|Databin,Mow
ResData.GameDataMgr.ResRogueMowTaskConfDatabin,资源数据.游戏数据管理器.资源肉鸽Mow任务配置数据表,Res|Data|Game|Data|Mgr|Res|Rogue|Mow|Task|Conf|Databin,Mow
ResData.GameDataMgr.ResRogueMowChapterMonsterConfDatabin,资源数据.游戏数据管理器.资源肉鸽Mow章节野怪配置数据表,Res|Data|Game|Data|Mgr|Res|Rogue|Mow|Chapter|Monster|Conf|Databin,Mow
ResData.GameDataMgr.ResRogueMowLevelBossConfDatabin,资源数据.游戏数据管理器.资源肉鸽Mow等级首领配置数据表,Res|Data|Game|Data|Mgr|Res|Rogue|Mow|Level|Boss|Conf|Databin,Mow
ResData.GameDataMgr.ResRogueMowAssetsPreloadConfDatabin,资源数据.游戏数据管理器.资源肉鸽MowAssets预加载配置数据表,Res|Data|Game|Data|Mgr|Res|Rogue|Mow|Assets|Preload|Conf|Databin,Mow Assets
ResData.GameDataMgr.ResRogueMowDrawConfbin,资源数据.游戏数据管理器.资源肉鸽Mow抽奖Confbin,Res|Data|Game|Data|Mgr|Res|Rogue|Mow|Draw|Confbin,Mow Confbin
ResData.GameDataMgr.ChatAtmosphereOnTimeDatabin,资源数据.游戏数据管理器.聊天Atmosphere开时间数据表,Res|Data|Game|Data|Mgr|Chat|Atmosphere|On|Time|Databin,Atmosphere
ResData.GameDataMgr.SpecialHandShakeCfgDatabin,资源数据.游戏数据管理器.特殊手抖动配置数据表,Res|Data|Game|Data|Mgr|Special|Hand|Shake|Cfg|Databin,
ResData.GameDataMgr.resCouponsPayNewbieRewardInfoFirstPayDatabin,资源数据.游戏数据管理器.资源点券支付新手奖励信息首个支付数据表,Res|Data|Game|Data|Mgr|res|Coupons|Pay|Newbie|Reward|Info|First|Pay|Databin,
ResData.GameDataMgr.resCouponsPayNewbieRewardInfoSecondPayDatabin,资源数据.游戏数据管理器.资源点券支付新手奖励信息秒支付数据表,Res|Data|Game|Data|Mgr|res|Coupons|Pay|Newbie|Reward|Info|Second|Pay|Databin,
ResData.GameDataMgr.resCouponsPayNewbieAcntChooseRewardPoolDatabin,资源数据.游戏数据管理器.资源点券支付新手账号选择奖励池数据表,Res|Data|Game|Data|Mgr|res|Coupons|Pay|Newbie|Acnt|Choose|Reward|Pool|Databin,
ResData.GameDataMgr.ResChatAtmosphereInfoDatabin,资源数据.游戏数据管理器.资源聊天Atmosphere信息数据表,Res|Data|Game|Data|Mgr|Res|Chat|Atmosphere|Info|Databin,Atmosphere
ResData.GameDataMgr.ResChatHeroReplyInfoDatabin,资源数据.游戏数据管理器.资源聊天英雄Reply信息数据表,Res|Data|Game|Data|Mgr|Res|Chat|Hero|Reply|Info|Databin,Reply
ResData.GameDataMgr.ResChatResourceDisplayInfoDatabin,资源数据.游戏数据管理器.资源聊天资源显示信息数据表,Res|Data|Game|Data|Mgr|Res|Chat|Resource|Display|Info|Databin,
ResData.GameDataMgr.ResChatCopywritingInfoDatabin,资源数据.游戏数据管理器.资源聊天Copywriting信息数据表,Res|Data|Game|Data|Mgr|Res|Chat|Copywriting|Info|Databin,Copywriting
ResData.GameDataMgr.ResSacredAnimalBatchDatabin,资源数据.游戏数据管理器.资源神圣动物批次数据表,Res|Data|Game|Data|Mgr|Res|Sacred|Animal|Batch|Databin,
ResData.GameDataMgr.ResSacredAnimalRightsRuleDatabin,资源数据.游戏数据管理器.资源神圣动物Rights规则数据表,Res|Data|Game|Data|Mgr|Res|Sacred|Animal|Rights|Rule|Databin,Rights
ResData.GameDataMgr.ResSacredAnimalAppearanceLevelDatabin,资源数据.游戏数据管理器.资源神圣动物外观等级数据表,Res|Data|Game|Data|Mgr|Res|Sacred|Animal|Appearance|Level|Databin,
ResData.GameDataMgr.ResSacredAnimalAppearanceProbDatabin,资源数据.游戏数据管理器.资源神圣动物外观概率数据表,Res|Data|Game|Data|Mgr|Res|Sacred|Animal|Appearance|Prob|Databin,
ResData.GameDataMgr.ResSacredAnimalAppearanceAttributeDatabin,资源数据.游戏数据管理器.资源神圣动物外观属性数据表,Res|Data|Game|Data|Mgr|Res|Sacred|Animal|Appearance|Attribute|Databin,
ResData.GameDataMgr.ResSacredAnimalAppearanceLockPriceDatabin,资源数据.游戏数据管理器.资源神圣动物外观锁定价格数据表,Res|Data|Game|Data|Mgr|Res|Sacred|Animal|Appearance|Lock|Price|Databin,
ResData.GameDataMgr.ResSacredAnimalInteractDatabin,资源数据.游戏数据管理器.资源神圣动物交互数据表,Res|Data|Game|Data|Mgr|Res|Sacred|Animal|Interact|Databin,
ResData.GameDataMgr.ResSacredAnimalActionDatabin,资源数据.游戏数据管理器.资源神圣动物动作数据表,Res|Data|Game|Data|Mgr|Res|Sacred|Animal|Action|Databin,
ResData.GameDataMgr.ResSacredAreaAnimalActionDatabin,资源数据.游戏数据管理器.资源神圣区域动物动作数据表,Res|Data|Game|Data|Mgr|Res|Sacred|Area|Animal|Action|Databin,
ResData.GameDataMgr.ResSacredAnimalBubbleTextDatabin,资源数据.游戏数据管理器.资源神圣动物气泡文本数据表,Res|Data|Game|Data|Mgr|Res|Sacred|Animal|Bubble|Text|Databin,
ResData.GameDataMgr.ResSacredAnimalStartTextDatabin,资源数据.游戏数据管理器.资源神圣动物开始文本数据表,Res|Data|Game|Data|Mgr|Res|Sacred|Animal|Start|Text|Databin,
ResData.GameDataMgr.ResSacredAnimalEndTextDatabin,资源数据.游戏数据管理器.资源神圣动物结束文本数据表,Res|Data|Game|Data|Mgr|Res|Sacred|Animal|End|Text|Databin,
ResData.GameDataMgr.ResSacredAnimalSuitEffectDatabin,资源数据.游戏数据管理器.资源神圣动物套装效果数据表,Res|Data|Game|Data|Mgr|Res|Sacred|Animal|Suit|Effect|Databin,
ResData.GameDataMgr.ResSacredAnimalSuitColorDatabin,资源数据.游戏数据管理器.资源神圣动物套装颜色数据表,Res|Data|Game|Data|Mgr|Res|Sacred|Animal|Suit|Color|Databin,
ResData.GameDataMgr.ResSacredAnimalSuitDatabin,资源数据.游戏数据管理器.资源神圣动物套装数据表,Res|Data|Game|Data|Mgr|Res|Sacred|Animal|Suit|Databin,
ResData.GameDataMgr.ResSacredAnimalComeInContentDatabin,资源数据.游戏数据管理器.资源神圣动物Come内内容数据表,Res|Data|Game|Data|Mgr|Res|Sacred|Animal|Come|In|Content|Databin,Come
ResData.GameDataMgr.ResSacredAnimalPropRuleDatabin,资源数据.游戏数据管理器.资源神圣动物属性规则数据表,Res|Data|Game|Data|Mgr|Res|Sacred|Animal|Prop|Rule|Databin,
ResData.GameDataMgr.ResSacredAnimalIntimacyRuleDatabin,资源数据.游戏数据管理器.资源神圣动物亲密度规则数据表,Res|Data|Game|Data|Mgr|Res|Sacred|Animal|Intimacy|Rule|Databin,
ResData.GameDataMgr.ResSacredFlowerDatabin,资源数据.游戏数据管理器.资源神圣Flower数据表,Res|Data|Game|Data|Mgr|Res|Sacred|Flower|Databin,Flower
ResData.GameDataMgr.ResSacredAnimalInteractRuleDatabin,资源数据.游戏数据管理器.资源神圣动物交互规则数据表,Res|Data|Game|Data|Mgr|Res|Sacred|Animal|Interact|Rule|Databin,
ResData.GameDataMgr.ResSacredAnimalBubbleGamePathDatabin,资源数据.游戏数据管理器.资源神圣动物气泡游戏路径数据表,Res|Data|Game|Data|Mgr|Res|Sacred|Animal|Bubble|Game|Path|Databin,
ResData.GameDataMgr.ResSacredAnimalBubbleGameFinishTipDatabin,资源数据.游戏数据管理器.资源神圣动物气泡游戏结束提示数据表,Res|Data|Game|Data|Mgr|Res|Sacred|Animal|Bubble|Game|Finish|Tip|Databin,
ResData.GameDataMgr.ResSacredAnimalShareTextDatabin,资源数据.游戏数据管理器.资源神圣动物共享文本数据表,Res|Data|Game|Data|Mgr|Res|Sacred|Animal|Share|Text|Databin,
ResData.GameDataMgr.ResLingBaoIntimacyLevelDatabin,资源数据.游戏数据管理器.资源LingBao亲密度等级数据表,Res|Data|Game|Data|Mgr|Res|Ling|Bao|Intimacy|Level|Databin,Ling Bao
ResData.GameDataMgr.ResLingBaoInteractEventTypeDatabin,资源数据.游戏数据管理器.资源LingBao交互事件类型数据表,Res|Data|Game|Data|Mgr|Res|Ling|Bao|Interact|Event|Type|Databin,Ling Bao
ResData.GameDataMgr.ResLingBaoActionConvertDatabin,资源数据.游戏数据管理器.资源LingBao动作转换数据表,Res|Data|Game|Data|Mgr|Res|Ling|Bao|Action|Convert|Databin,Ling Bao
ResData.GameDataMgr.ResLingBaoRightLimitExpDatabin,资源数据.游戏数据管理器.资源LingBao右限制经验数据表,Res|Data|Game|Data|Mgr|Res|Ling|Bao|Right|Limit|Exp|Databin,Ling Bao
ResData.GameDataMgr.ResLingBaoImacyGetWayDatabin,资源数据.游戏数据管理器.资源LingBaoImacy获取路径数据表,Res|Data|Game|Data|Mgr|Res|Ling|Bao|Imacy|Get|Way|Databin,Ling Bao Imacy
ResData.GameDataMgr.ResSacredAnimalDiaryInfoDatabin,资源数据.游戏数据管理器.资源神圣动物日记信息数据表,Res|Data|Game|Data|Mgr|Res|Sacred|Animal|Diary|Info|Databin,
ResData.GameDataMgr.ResSacredAnimalDiaryTagTextDatabin,资源数据.游戏数据管理器.资源神圣动物日记标签文本数据表,Res|Data|Game|Data|Mgr|Res|Sacred|Animal|Diary|Tag|Text|Databin,
ResData.GameDataMgr.ResLingBaoLotteryBatchDatabin,资源数据.游戏数据管理器.资源LingBao抽奖批次数据表,Res|Data|Game|Data|Mgr|Res|Ling|Bao|Lottery|Batch|Databin,Ling Bao
ResData.GameDataMgr.ResLingBaoLotteryExpLevelConfDatabin,资源数据.游戏数据管理器.资源LingBao抽奖经验等级配置数据表,Res|Data|Game|Data|Mgr|Res|Ling|Bao|Lottery|Exp|Level|Conf|Databin,Ling Bao
ResData.GameDataMgr.ResLingBaoLotteryShowCaseConfDatabin,资源数据.游戏数据管理器.资源LingBao抽奖显示情况配置数据表,Res|Data|Game|Data|Mgr|Res|Ling|Bao|Lottery|Show|Case|Conf|Databin,Ling Bao
ResData.GameDataMgr.ResLingBaoLotteryPropRuleDatabin,资源数据.游戏数据管理器.资源LingBao抽奖属性规则数据表,Res|Data|Game|Data|Mgr|Res|Ling|Bao|Lottery|Prop|Rule|Databin,Ling Bao
ResData.GameDataMgr.ResLingBaoLotteryResConfDatabin,资源数据.游戏数据管理器.资源LingBao抽奖资源配置数据表,Res|Data|Game|Data|Mgr|Res|Ling|Bao|Lottery|Res|Conf|Databin,Ling Bao
ResData.GameDataMgr.ResLingBaoLotteryColorPlanConfDatabin,资源数据.游戏数据管理器.资源LingBao抽奖颜色计划配置数据表,Res|Data|Game|Data|Mgr|Res|Ling|Bao|Lottery|Color|Plan|Conf|Databin,Ling Bao
ResData.GameDataMgr.ResLingBaoLotterySpecialSuitDatabin,资源数据.游戏数据管理器.资源LingBao抽奖特殊套装数据表,Res|Data|Game|Data|Mgr|Res|Ling|Bao|Lottery|Special|Suit|Databin,Ling Bao
ResData.GameDataMgr.ResLingBaoLotteryWorkbenchConfDatabin,资源数据.游戏数据管理器.资源LingBao抽奖Workbench配置数据表,Res|Data|Game|Data|Mgr|Res|Ling|Bao|Lottery|Workbench|Conf|Databin,Ling Bao Workbench
ResData.GameDataMgr.ResDimensionLotteryBatchDatabin,资源数据.游戏数据管理器.资源维度抽奖批次数据表,Res|Data|Game|Data|Mgr|Res|Dimension|Lottery|Batch|Databin,
ResData.GameDataMgr.ResDimensionLotteryExpLevelConfDatabin,资源数据.游戏数据管理器.资源维度抽奖经验等级配置数据表,Res|Data|Game|Data|Mgr|Res|Dimension|Lottery|Exp|Level|Conf|Databin,
ResData.GameDataMgr.ResDimensionLotteryLevelDatabin,资源数据.游戏数据管理器.资源维度抽奖等级数据表,Res|Data|Game|Data|Mgr|Res|Dimension|Lottery|Level|Databin,
ResData.GameDataMgr.ResDimensionLotteryAttributeConfDatabin,资源数据.游戏数据管理器.资源维度抽奖属性配置数据表,Res|Data|Game|Data|Mgr|Res|Dimension|Lottery|Attribute|Conf|Databin,
ResData.GameDataMgr.ResDimensionLotteryResourceConfDatabin,资源数据.游戏数据管理器.资源维度抽奖资源配置数据表,Res|Data|Game|Data|Mgr|Res|Dimension|Lottery|Resource|Conf|Databin,
ResData.GameDataMgr.ResDimensionLotteryAttributeDetailDatabin,资源数据.游戏数据管理器.资源维度抽奖属性细节数据表,Res|Data|Game|Data|Mgr|Res|Dimension|Lottery|Attribute|Detail|Databin,
ResData.GameDataMgr.ResDimensionLotteryTypeDetailDatabin,资源数据.游戏数据管理器.资源维度抽奖类型细节数据表,Res|Data|Game|Data|Mgr|Res|Dimension|Lottery|Type|Detail|Databin,
ResData.GameDataMgr.ResDimensionLotteryShowCaseConfDatabin,资源数据.游戏数据管理器.资源维度抽奖显示情况配置数据表,Res|Data|Game|Data|Mgr|Res|Dimension|Lottery|Show|Case|Conf|Databin,
ResData.GameDataMgr.ResDimensionLotteryShowSuitConfDatabin,资源数据.游戏数据管理器.资源维度抽奖显示套装配置数据表,Res|Data|Game|Data|Mgr|Res|Dimension|Lottery|Show|Suit|Conf|Databin,
ResData.GameDataMgr.ResRefreshLotteryInfoDatabin,资源数据.游戏数据管理器.资源刷新抽奖信息数据表,Res|Data|Game|Data|Mgr|Res|Refresh|Lottery|Info|Databin,
ResData.GameDataMgr.ResRefreshLotteryAttributeDatabin,资源数据.游戏数据管理器.资源刷新抽奖属性数据表,Res|Data|Game|Data|Mgr|Res|Refresh|Lottery|Attribute|Databin,
ResData.GameDataMgr.ResRefreshLotteryLockNumPriceDatabin,资源数据.游戏数据管理器.资源刷新抽奖锁定数量价格数据表,Res|Data|Game|Data|Mgr|Res|Refresh|Lottery|Lock|Num|Price|Databin,
ResData.GameDataMgr.ResRefreshLotteryLockLevelPriceDatabin,资源数据.游戏数据管理器.资源刷新抽奖锁定等级价格数据表,Res|Data|Game|Data|Mgr|Res|Refresh|Lottery|Lock|Level|Price|Databin,
ResData.GameDataMgr.ResTeamUpNickNamePrefixDatabin,资源数据.游戏数据管理器.资源队伍上Nick名称Prefix数据表,Res|Data|Game|Data|Mgr|Res|Team|Up|Nick|Name|Prefix|Databin,Nick Prefix
ResData.GameDataMgr.ResTeamUpNickNameDatabin,资源数据.游戏数据管理器.资源队伍上Nick名称数据表,Res|Data|Game|Data|Mgr|Res|Team|Up|Nick|Name|Databin,Nick
ResData.GameDataMgr.ResTeamUpHeadIconGroupDatabin,资源数据.游戏数据管理器.资源队伍上头部图标分组数据表,Res|Data|Game|Data|Mgr|Res|Team|Up|Head|Icon|Group|Databin,
ResData.GameDataMgr.ResTeamUpRecmdSuitGroupDatabin,资源数据.游戏数据管理器.资源队伍上Recmd套装分组数据表,Res|Data|Game|Data|Mgr|Res|Team|Up|Recmd|Suit|Group|Databin,Recmd
ResData.GameDataMgr.ResTeamUpDistrictIconGroupDatabin,资源数据.游戏数据管理器.资源队伍上District图标分组数据表,Res|Data|Game|Data|Mgr|Res|Team|Up|District|Icon|Group|Databin,District
ResData.GameDataMgr.ResDimensionCreateRoleDatabin,资源数据.游戏数据管理器.资源维度创建角色数据表,Res|Data|Game|Data|Mgr|Res|Dimension|Create|Role|Databin,
ResData.GameDataMgr.ResDimensionPartDatabin,资源数据.游戏数据管理器.资源维度部件数据表,Res|Data|Game|Data|Mgr|Res|Dimension|Part|Databin,
ResData.GameDataMgr.ResDimensionOutfitDatabin,资源数据.游戏数据管理器.资源维度外观数据表,Res|Data|Game|Data|Mgr|Res|Dimension|Outfit|Databin,
ResData.GameDataMgr.ResDimensionTagDatabin,资源数据.游戏数据管理器.资源维度标签数据表,Res|Data|Game|Data|Mgr|Res|Dimension|Tag|Databin,
ResData.GameDataMgr.ResDimensionPartDefaultMutexDatabin,资源数据.游戏数据管理器.资源维度部件默认Mutex数据表,Res|Data|Game|Data|Mgr|Res|Dimension|Part|Default|Mutex|Databin,Mutex
ResData.GameDataMgr.ResDimensionPartCustomMutexDatabin,资源数据.游戏数据管理器.资源维度部件自定义Mutex数据表,Res|Data|Game|Data|Mgr|Res|Dimension|Part|Custom|Mutex|Databin,Mutex
ResData.GameDataMgr.ResDimensionPartAttachmentDatabin,资源数据.游戏数据管理器.资源维度部件附着数据表,Res|Data|Game|Data|Mgr|Res|Dimension|Part|Attachment|Databin,
ResData.GameDataMgr.ResDimensionNpcDatabin,资源数据.游戏数据管理器.资源维度NPC数据表,Res|Data|Game|Data|Mgr|Res|Dimension|Npc|Databin,
ResData.GameDataMgr.ResDimensionNpcAssetDatabin,资源数据.游戏数据管理器.资源维度NPC资源数据表,Res|Data|Game|Data|Mgr|Res|Dimension|Npc|Asset|Databin,
ResData.GameDataMgr.ResDimensionActionDatabin,资源数据.游戏数据管理器.资源维度动作数据表,Res|Data|Game|Data|Mgr|Res|Dimension|Action|Databin,
ResData.GameDataMgr.ResDimensionSceneDatabin,资源数据.游戏数据管理器.资源维度场景数据表,Res|Data|Game|Data|Mgr|Res|Dimension|Scene|Databin,
ResData.GameDataMgr.ResDimensionStatePriorityDatabin,资源数据.游戏数据管理器.资源维度状态优先级数据表,Res|Data|Game|Data|Mgr|Res|Dimension|State|Priority|Databin,
ResData.GameDataMgr.ResDimensionRoleSpawnPointDatabin,资源数据.游戏数据管理器.资源维度角色生成点数据表,Res|Data|Game|Data|Mgr|Res|Dimension|Role|Spawn|Point|Databin,
ResData.GameDataMgr.ResDimensionNewRoleSpawnPointDatabin,资源数据.游戏数据管理器.资源维度新角色生成点数据表,Res|Data|Game|Data|Mgr|Res|Dimension|New|Role|Spawn|Point|Databin,
ResData.GameDataMgr.ResDimensionDialogDatabin,资源数据.游戏数据管理器.资源维度对话数据表,Res|Data|Game|Data|Mgr|Res|Dimension|Dialog|Databin,
ResData.GameDataMgr.ResDimensionPartActionDatabin,资源数据.游戏数据管理器.资源维度部件动作数据表,Res|Data|Game|Data|Mgr|Res|Dimension|Part|Action|Databin,
ResData.GameDataMgr.ResDimensionSpecItemDatabin,资源数据.游戏数据管理器.资源维度规格道具数据表,Res|Data|Game|Data|Mgr|Res|Dimension|Spec|Item|Databin,
ResData.GameDataMgr.ResDimensionPropDatabin,资源数据.游戏数据管理器.资源维度属性数据表,Res|Data|Game|Data|Mgr|Res|Dimension|Prop|Databin,
ResData.GameDataMgr.ResDimensionGuideTaskCfgDatabin,资源数据.游戏数据管理器.资源维度引导任务配置数据表,Res|Data|Game|Data|Mgr|Res|Dimension|Guide|Task|Cfg|Databin,
ResData.GameDataMgr.ResDimensionStoryTellerDatabin,资源数据.游戏数据管理器.资源维度剧情Teller数据表,Res|Data|Game|Data|Mgr|Res|Dimension|Story|Teller|Databin,Teller
ResData.GameDataMgr.ResDimensionGraphicSettingsDatabin,资源数据.游戏数据管理器.资源维度GraphicSettings数据表,Res|Data|Game|Data|Mgr|Res|Dimension|Graphic|Settings|Databin,Graphic Settings
ResData.GameDataMgr.ResDimensionGraphicMappingDatabin,资源数据.游戏数据管理器.资源维度Graphic映射数据表,Res|Data|Game|Data|Mgr|Res|Dimension|Graphic|Mapping|Databin,Graphic
ResData.GameDataMgr.ResDimensionRenderingSettingsDatabin,资源数据.游戏数据管理器.资源维度RenderingSettings数据表,Res|Data|Game|Data|Mgr|Res|Dimension|Rendering|Settings|Databin,Rendering Settings
ResData.GameDataMgr.ResDimensionCameraSettingsDatabin,资源数据.游戏数据管理器.资源维度相机Settings数据表,Res|Data|Game|Data|Mgr|Res|Dimension|Camera|Settings|Databin,Settings
ResData.GameDataMgr.ResDimensionOtherSettingsDatabin,资源数据.游戏数据管理器.资源维度其他Settings数据表,Res|Data|Game|Data|Mgr|Res|Dimension|Other|Settings|Databin,Settings
ResData.GameDataMgr.ResDimensionMoveParamDatabin,资源数据.游戏数据管理器.资源维度移动参数数据表,Res|Data|Game|Data|Mgr|Res|Dimension|Move|Param|Databin,
ResData.GameDataMgr.ResDimensionFootstepCfgDatabin,资源数据.游戏数据管理器.资源维度Footstep配置数据表,Res|Data|Game|Data|Mgr|Res|Dimension|Footstep|Cfg|Databin,Footstep
ResData.GameDataMgr.ResDimensionMallRecommendDatabin,资源数据.游戏数据管理器.资源维度商城推荐数据表,Res|Data|Game|Data|Mgr|Res|Dimension|Mall|Recommend|Databin,
ResData.GameDataMgr.ResDimensionSceneAnimCfgDatabin,资源数据.游戏数据管理器.资源维度场景动画配置数据表,Res|Data|Game|Data|Mgr|Res|Dimension|Scene|Anim|Cfg|Databin,
ResData.GameDataMgr.ResDimensionDefaultAnimGroupCfgDatabin,资源数据.游戏数据管理器.资源维度默认动画分组配置数据表,Res|Data|Game|Data|Mgr|Res|Dimension|Default|Anim|Group|Cfg|Databin,
ResData.GameDataMgr.ResDimensionItemDatabin,资源数据.游戏数据管理器.资源维度道具数据表,Res|Data|Game|Data|Mgr|Res|Dimension|Item|Databin,
ResData.GameDataMgr.ResDimensionItemEventDatabin,资源数据.游戏数据管理器.资源维度道具事件数据表,Res|Data|Game|Data|Mgr|Res|Dimension|Item|Event|Databin,
ResData.GameDataMgr.ResDimensionItemProjectileDatabin,资源数据.游戏数据管理器.资源维度道具Projectile数据表,Res|Data|Game|Data|Mgr|Res|Dimension|Item|Projectile|Databin,Projectile
ResData.GameDataMgr.ResDimensionItemBuffDatabin,资源数据.游戏数据管理器.资源维度道具增益数据表,Res|Data|Game|Data|Mgr|Res|Dimension|Item|Buff|Databin,
ResData.GameDataMgr.ResDimensionInteractiveObjectDatabin,资源数据.游戏数据管理器.资源维度交互对象数据表,Res|Data|Game|Data|Mgr|Res|Dimension|Interactive|Object|Databin,
ResData.GameDataMgr.ResDimensionInteractiveObjectModelDatabin,资源数据.游戏数据管理器.资源维度交互对象模型数据表,Res|Data|Game|Data|Mgr|Res|Dimension|Interactive|Object|Model|Databin,
ResData.GameDataMgr.ResDimensionInteractiveObjectButtonDatabin,资源数据.游戏数据管理器.资源维度交互对象按钮数据表,Res|Data|Game|Data|Mgr|Res|Dimension|Interactive|Object|Button|Databin,
ResData.GameDataMgr.ResDimensionJumpParkourPlatformDatabin,资源数据.游戏数据管理器.资源维度跳转Parkour平台数据表,Res|Data|Game|Data|Mgr|Res|Dimension|Jump|Parkour|Platform|Databin,Parkour
ResData.GameDataMgr.ResDimensionMapStarLevelDatabin,资源数据.游戏数据管理器.资源维度地图星等级数据表,Res|Data|Game|Data|Mgr|Res|Dimension|Map|Star|Level|Databin,
ResData.GameDataMgr.ResDimensionSecondaryActionDatabin,资源数据.游戏数据管理器.资源维度次要动作数据表,Res|Data|Game|Data|Mgr|Res|Dimension|Secondary|Action|Databin,
ResData.GameDataMgr.ResDimensionMontageDatabin,资源数据.游戏数据管理器.资源维度蒙太奇数据表,Res|Data|Game|Data|Mgr|Res|Dimension|Montage|Databin,
ResData.GameDataMgr.ResDimensionHeroCfgDatabin,资源数据.游戏数据管理器.资源维度英雄配置数据表,Res|Data|Game|Data|Mgr|Res|Dimension|Hero|Cfg|Databin,
ResData.GameDataMgr.ResDimensionHeroPropertyCfgDatabin,资源数据.游戏数据管理器.资源维度英雄属性配置数据表,Res|Data|Game|Data|Mgr|Res|Dimension|Hero|Property|Cfg|Databin,
ResData.GameDataMgr.ResDimensionPartBattleDatabin,资源数据.游戏数据管理器.资源维度部件战斗数据表,Res|Data|Game|Data|Mgr|Res|Dimension|Part|Battle|Databin,
ResData.GameDataMgr.ResDimensionAnimConfigBattleDatabin,资源数据.游戏数据管理器.资源维度动画配置战斗数据表,Res|Data|Game|Data|Mgr|Res|Dimension|Anim|Config|Battle|Databin,
ResData.GameDataMgr.ResTeamRecruitCfgDatabin,资源数据.游戏数据管理器.资源队伍Recruit配置数据表,Res|Data|Game|Data|Mgr|Res|Team|Recruit|Cfg|Databin,Recruit
ResData.GameDataMgr.PredictGlobalParamCfgDatabin,资源数据.游戏数据管理器.预测全局参数配置数据表,Res|Data|Game|Data|Mgr|Predict|Global|Param|Cfg|Databin,
ResData.GameDataMgr.PredictSkillCfgDatabin,资源数据.游戏数据管理器.预测技能配置数据表,Res|Data|Game|Data|Mgr|Predict|Skill|Cfg|Databin,
ResData.GameDataMgr.PredictHeroGraybitDatabin,资源数据.游戏数据管理器.预测英雄Graybit数据表,Res|Data|Game|Data|Mgr|Predict|Hero|Graybit|Databin,Graybit
ResData.GameDataMgr.PredictHeroParamCfgDatabin,资源数据.游戏数据管理器.预测英雄参数配置数据表,Res|Data|Game|Data|Mgr|Predict|Hero|Param|Cfg|Databin,
ResData.GameDataMgr.ResTokenGamingBaseDatabin,资源数据.游戏数据管理器.资源令牌Gaming基础数据表,Res|Data|Game|Data|Mgr|Res|Token|Gaming|Base|Databin,Gaming
ResData.GameDataMgr.ResTokenGamingMultiplePropDatabin,资源数据.游戏数据管理器.资源令牌Gaming多重属性数据表,Res|Data|Game|Data|Mgr|Res|Token|Gaming|Multiple|Prop|Databin,Gaming
ResData.GameDataMgr.ResTokenGamingRuleDatabin,资源数据.游戏数据管理器.资源令牌Gaming规则数据表,Res|Data|Game|Data|Mgr|Res|Token|Gaming|Rule|Databin,Gaming
ResData.GameDataMgr.ResTokenGamingAwardNumShareDatabin,资源数据.游戏数据管理器.资源令牌Gaming奖励数量共享数据表,Res|Data|Game|Data|Mgr|Res|Token|Gaming|Award|Num|Share|Databin,Gaming
ResData.GameDataMgr.ResTokenGamingAwardDescDatabin,资源数据.游戏数据管理器.资源令牌Gaming奖励描述数据表,Res|Data|Game|Data|Mgr|Res|Token|Gaming|Award|Desc|Databin,Gaming
ResData.GameDataMgr.ResTokenGamingChatStrDatabin,资源数据.游戏数据管理器.资源令牌Gaming聊天字符串数据表,Res|Data|Game|Data|Mgr|Res|Token|Gaming|Chat|Str|Databin,Gaming
ResData.GameDataMgr.ResTokenGamingJumpCfgDatabin,资源数据.游戏数据管理器.资源令牌Gaming跳转配置数据表,Res|Data|Game|Data|Mgr|Res|Token|Gaming|Jump|Cfg|Databin,Gaming
ResData.GameDataMgr.ResExternalLinkConfDatabin,资源数据.游戏数据管理器.资源外部链接配置数据表,Res|Data|Game|Data|Mgr|Res|External|Link|Conf|Databin,
ResData.GameDataMgr.ResRecommendReasonDatabin,资源数据.游戏数据管理器.资源推荐原因数据表,Res|Data|Game|Data|Mgr|Res|Recommend|Reason|Databin,
ResData.GameDataMgr.ResSeasonRecommendReasonDatabin,资源数据.游戏数据管理器.资源赛季推荐原因数据表,Res|Data|Game|Data|Mgr|Res|Season|Recommend|Reason|Databin,
ResData.GameDataMgr.ResFreedomHeroCardConfDatabin,资源数据.游戏数据管理器.资源Freedom英雄卡牌配置数据表,Res|Data|Game|Data|Mgr|Res|Freedom|Hero|Card|Conf|Databin,Freedom
ResData.GameDataMgr.ResFreedomSkinCardConfDatabin,资源数据.游戏数据管理器.资源Freedom皮肤卡牌配置数据表,Res|Data|Game|Data|Mgr|Res|Freedom|Skin|Card|Conf|Databin,Freedom
ResData.GameDataMgr.ResFreedomCardSwitchConfDatabin,资源数据.游戏数据管理器.资源Freedom卡牌切换配置数据表,Res|Data|Game|Data|Mgr|Res|Freedom|Card|Switch|Conf|Databin,Freedom
ResData.GameDataMgr.ResFreedomCardSwitchConfClientOnlyDatabin,资源数据.游戏数据管理器.资源Freedom卡牌切换配置客户端仅数据表,Res|Data|Game|Data|Mgr|Res|Freedom|Card|Switch|Conf|Client|Only|Databin,Freedom
ResData.GameDataMgr.ResTimeLimitEventDatabin,资源数据.游戏数据管理器.资源时间限制事件数据表,Res|Data|Game|Data|Mgr|Res|Time|Limit|Event|Databin,
ResData.GameDataMgr.ResPreSelectViolationConfDatabin,资源数据.游戏数据管理器.资源预选择违规配置数据表,Res|Data|Game|Data|Mgr|Res|Pre|Select|Violation|Conf|Databin,
ResData.GameDataMgr.ResRecommendHighLightSettleSkinDiscountDatabin,资源数据.游戏数据管理器.资源推荐高光结算皮肤折扣数据表,Res|Data|Game|Data|Mgr|Res|Recommend|High|Light|Settle|Skin|Discount|Databin,
ResData.GameDataMgr.ResClanActivityBatchDatabin,资源数据.游戏数据管理器.资源Clan活动批次数据表,Res|Data|Game|Data|Mgr|Res|Clan|Activity|Batch|Databin,Clan
ResData.GameDataMgr.ResClanActivityTypeDatabin,资源数据.游戏数据管理器.资源Clan活动类型数据表,Res|Data|Game|Data|Mgr|Res|Clan|Activity|Type|Databin,Clan
ResData.GameDataMgr.ResHeroInscribeInfoDatabin,资源数据.游戏数据管理器.资源英雄铭文信息数据表,Res|Data|Game|Data|Mgr|Res|Hero|Inscribe|Info|Databin,
ResData.GameDataMgr.ResHeroSkinInscribeDatabin,资源数据.游戏数据管理器.资源英雄皮肤铭文数据表,Res|Data|Game|Data|Mgr|Res|Hero|Skin|Inscribe|Databin,
ResData.GameDataMgr.ResRank10V10GradeDatabin,资源数据.游戏数据管理器.资源排行10V10等级数据表,Res|Data|Game|Data|Mgr|Res|Rank|10|V|10|Grade|Databin,
ResData.GameDataMgr.ResRank10V10RewardDatabin,资源数据.游戏数据管理器.资源排行10V10奖励数据表,Res|Data|Game|Data|Mgr|Res|Rank|10|V|10|Reward|Databin,
ResData.GameDataMgr.ResMall94MainRecommendCfgDatabin,资源数据.游戏数据管理器.资源商城94主推荐配置数据表,Res|Data|Game|Data|Mgr|Res|Mall|94|Main|Recommend|Cfg|Databin,
ResData.GameDataMgr.ResMall94MainRecommendVideoCfgDatabin,资源数据.游戏数据管理器.资源商城94主推荐视频配置数据表,Res|Data|Game|Data|Mgr|Res|Mall|94|Main|Recommend|Video|Cfg|Databin,
ResData.GameDataMgr.ResMall94MainRecommendPosterCfgDatabin,资源数据.游戏数据管理器.资源商城94主推荐Poster配置数据表,Res|Data|Game|Data|Mgr|Res|Mall|94|Main|Recommend|Poster|Cfg|Databin,Poster
ResData.GameDataMgr.ResMall94SortTypeCfgDatabin,资源数据.游戏数据管理器.资源商城94排序类型配置数据表,Res|Data|Game|Data|Mgr|Res|Mall|94|Sort|Type|Cfg|Databin,
ResData.GameDataMgr.ResMall94StarCoinZoneSortTypeCfgDatabin,资源数据.游戏数据管理器.资源商城94星金币区域排序类型配置数据表,Res|Data|Game|Data|Mgr|Res|Mall|94|Star|Coin|Zone|Sort|Type|Cfg|Databin,
ResData.GameDataMgr.ResMall94StarCoinZoneAllPageSortTypeCfgDatabin,资源数据.游戏数据管理器.资源商城94星金币区域全部页排序类型配置数据表,Res|Data|Game|Data|Mgr|Res|Mall|94|Star|Coin|Zone|All|Page|Sort|Type|Cfg|Databin,
ResData.GameDataMgr.ResPartBuyShopDatabin,资源数据.游戏数据管理器.资源部件购买商店数据表,Res|Data|Game|Data|Mgr|Res|Part|Buy|Shop|Databin,
ResData.GameDataMgr.ResPartBuyRuleDescDatabin,资源数据.游戏数据管理器.资源部件购买规则描述数据表,Res|Data|Game|Data|Mgr|Res|Part|Buy|Rule|Desc|Databin,
ResData.GameDataMgr.ResActivityVibeConfDatabin,资源数据.游戏数据管理器.资源活动氛围配置数据表,Res|Data|Game|Data|Mgr|Res|Activity|Vibe|Conf|Databin,
ResData.GameDataMgr.ResActivityGameplayVibeConfDatabin,资源数据.游戏数据管理器.资源活动玩法氛围配置数据表,Res|Data|Game|Data|Mgr|Res|Activity|Gameplay|Vibe|Conf|Databin,
ResData.GameDataMgr.ResLobbyActivityVibeConfDatabin,资源数据.游戏数据管理器.资源大厅活动氛围配置数据表,Res|Data|Game|Data|Mgr|Res|Lobby|Activity|Vibe|Conf|Databin,
ResData.GameDataMgr.ResHolidayAtmosphereDailyDatabin,资源数据.游戏数据管理器.资源HolidayAtmosphere每日数据表,Res|Data|Game|Data|Mgr|Res|Holiday|Atmosphere|Daily|Databin,Holiday Atmosphere
ResData.GameDataMgr.ResHolidayAtmosphereDailyInfoDatabin,资源数据.游戏数据管理器.资源HolidayAtmosphere每日信息数据表,Res|Data|Game|Data|Mgr|Res|Holiday|Atmosphere|Daily|Info|Databin,Holiday Atmosphere
ResData.GameDataMgr.ResCustomLayoutRecommendPresetDatabin,资源数据.游戏数据管理器.资源自定义布局推荐预设数据表,Res|Data|Game|Data|Mgr|Res|Custom|Layout|Recommend|Preset|Databin,
ResData.GameDataMgr.ResSeasonAlbumDiscountRewardPoolLevelRewardDatabin,资源数据.游戏数据管理器.资源赛季相册折扣奖励池等级奖励数据表,Res|Data|Game|Data|Mgr|Res|Season|Album|Discount|Reward|Pool|Level|Reward|Databin,
ResData.GameDataMgr.ResSeasonAlbumRewardBarSortDatabin,资源数据.游戏数据管理器.资源赛季相册奖励条排序数据表,Res|Data|Game|Data|Mgr|Res|Season|Album|Reward|Bar|Sort|Databin,
ResData.GameDataMgr.ResUpGradeGiftDatabin,资源数据.游戏数据管理器.资源上等级礼包数据表,Res|Data|Game|Data|Mgr|Res|Up|Grade|Gift|Databin,
ResData.GameDataMgr.ResUpGradeGiftLevelDatabin,资源数据.游戏数据管理器.资源上等级礼包等级数据表,Res|Data|Game|Data|Mgr|Res|Up|Grade|Gift|Level|Databin,
ResData.GameDataMgr.ResCollectValueCfgDatabin,资源数据.游戏数据管理器.资源收集值配置数据表,Res|Data|Game|Data|Mgr|Res|Collect|Value|Cfg|Databin,
ResData.GameDataMgr.ResCollectValueAdjustDatabin,资源数据.游戏数据管理器.资源收集值调整数据表,Res|Data|Game|Data|Mgr|Res|Collect|Value|Adjust|Databin,
ResData.GameDataMgr.ResCollectValueInheritDatabin,资源数据.游戏数据管理器.资源收集值继承数据表,Res|Data|Game|Data|Mgr|Res|Collect|Value|Inherit|Databin,
ResData.GameDataMgr.ResCollectValuePrivilegeDisplayDatabin,资源数据.游戏数据管理器.资源收集值特权显示数据表,Res|Data|Game|Data|Mgr|Res|Collect|Value|Privilege|Display|Databin,
ResData.GameDataMgr.ResSacredAnimalAssetSuitDatabin,资源数据.游戏数据管理器.资源神圣动物资源套装数据表,Res|Data|Game|Data|Mgr|Res|Sacred|Animal|Asset|Suit|Databin,
ResData.GameDataMgr.ResSacredAnimalAssetActionDatabin,资源数据.游戏数据管理器.资源神圣动物资源动作数据表,Res|Data|Game|Data|Mgr|Res|Sacred|Animal|Asset|Action|Databin,
ResData.GameDataMgr.ResSacredAnimalSuitPartDatabin,资源数据.游戏数据管理器.资源神圣动物套装部件数据表,Res|Data|Game|Data|Mgr|Res|Sacred|Animal|Suit|Part|Databin,
ResData.GameDataMgr.ResSacredAnimalPartInfoDatabin,资源数据.游戏数据管理器.资源神圣动物部件信息数据表,Res|Data|Game|Data|Mgr|Res|Sacred|Animal|Part|Info|Databin,
ResData.GameDataMgr.ResSacredAnimalAssetTreasureActionDatabin,资源数据.游戏数据管理器.资源神圣动物资源宝藏动作数据表,Res|Data|Game|Data|Mgr|Res|Sacred|Animal|Asset|Treasure|Action|Databin,
ResData.GameDataMgr.ResAnni101RebateRewardConfDatabin,资源数据.游戏数据管理器.资源Anni101返利奖励配置数据表,Res|Data|Game|Data|Mgr|Res|Anni|101|Rebate|Reward|Conf|Databin,Anni
ResData.GameDataMgr.ResAnni101EveRewardConfDatabin,资源数据.游戏数据管理器.资源Anni101Eve奖励配置数据表,Res|Data|Game|Data|Mgr|Res|Anni|101|Eve|Reward|Conf|Databin,Anni Eve
ResData.GameDataMgr.ResSeasonHonorRoadConfDatabin,资源数据.游戏数据管理器.资源赛季荣誉道路配置数据表,Res|Data|Game|Data|Mgr|Res|Season|Honor|Road|Conf|Databin,
ResData.GameDataMgr.ResExperienceSeasonHonorRoadConfDatabin,资源数据.游戏数据管理器.资源经验赛季荣誉道路配置数据表,Res|Data|Game|Data|Mgr|Res|Experience|Season|Honor|Road|Conf|Databin,
ResData.GameDataMgr.ResPioneerSeasonHonorRoadConfDatabin,资源数据.游戏数据管理器.资源Pioneer赛季荣誉道路配置数据表,Res|Data|Game|Data|Mgr|Res|Pioneer|Season|Honor|Road|Conf|Databin,Pioneer
ResData.GameDataMgr.ResSeasonHonorRoadAccumuExtraRewardConfDatabin,资源数据.游戏数据管理器.资源赛季荣誉道路Accumu额外奖励配置数据表,Res|Data|Game|Data|Mgr|Res|Season|Honor|Road|Accumu|Extra|Reward|Conf|Databin,Accumu
ResData.GameDataMgr.ResPioneerSeasonHonorRoadAccumuExtraRewardConfDatabin,资源数据.游戏数据管理器.资源Pioneer赛季荣誉道路Accumu额外奖励配置数据表,Res|Data|Game|Data|Mgr|Res|Pioneer|Season|Honor|Road|Accumu|Extra|Reward|Conf|Databin,Pioneer Accumu
ResData.GameDataMgr.ResExperienceSeasonHonorRoadAccumuExtraRewardConfDatabin,资源数据.游戏数据管理器.资源经验赛季荣誉道路Accumu额外奖励配置数据表,Res|Data|Game|Data|Mgr|Res|Experience|Season|Honor|Road|Accumu|Extra|Reward|Conf|Databin,Accumu
ResData.GameDataMgr.ResSeasonHonorRoadAccumuExtraRewardLevelConfDatabin,资源数据.游戏数据管理器.资源赛季荣誉道路Accumu额外奖励等级配置数据表,Res|Data|Game|Data|Mgr|Res|Season|Honor|Road|Accumu|Extra|Reward|Level|Conf|Databin,Accumu
ResData.GameDataMgr.ResPioneerSeasonHonorRoadAccumuExtraRewardLevelConfDatabin,资源数据.游戏数据管理器.资源Pioneer赛季荣誉道路Accumu额外奖励等级配置数据表,Res|Data|Game|Data|Mgr|Res|Pioneer|Season|Honor|Road|Accumu|Extra|Reward|Level|Conf|Databin,Pioneer Accumu
ResData.GameDataMgr.ResExperienceSeasonHonorRoadAccumuExtraRewardLevelConfDatabin,资源数据.游戏数据管理器.资源经验赛季荣誉道路Accumu额外奖励等级配置数据表,Res|Data|Game|Data|Mgr|Res|Experience|Season|Honor|Road|Accumu|Extra|Reward|Level|Conf|Databin,Accumu
ResData.GameDataMgr.ResGameStartSkinDatabin,资源数据.游戏数据管理器.资源游戏开始皮肤数据表,Res|Data|Game|Data|Mgr|Res|Game|Start|Skin|Databin,
ResData.GameDataMgr.ResGameOverSkinDatabin,资源数据.游戏数据管理器.资源游戏超过皮肤数据表,Res|Data|Game|Data|Mgr|Res|Game|Over|Skin|Databin,
ResData.GameDataMgr.ResDimensionSceneCfgDatabin,资源数据.游戏数据管理器.资源维度场景配置数据表,Res|Data|Game|Data|Mgr|Res|Dimension|Scene|Cfg|Databin,
ResData.GameDataMgr.ResLiveGamePlatformDatabin,资源数据.游戏数据管理器.资源Live游戏平台数据表,Res|Data|Game|Data|Mgr|Res|Live|Game|Platform|Databin,Live
ResData.GameDataMgr.ResLiveGamePlatformGiftDatabin,资源数据.游戏数据管理器.资源Live游戏平台礼包数据表,Res|Data|Game|Data|Mgr|Res|Live|Game|Platform|Gift|Databin,Live
ResData.GameDataMgr.ResAnchorDuelGameWhiteListDatabin,资源数据.游戏数据管理器.资源锚点Duel游戏白列表数据表,Res|Data|Game|Data|Mgr|Res|Anchor|Duel|Game|White|List|Databin,Duel
ResData.GameDataMgr.callActorDatabin,资源数据.游戏数据管理器.调用角色数据表,Res|Data|Game|Data|Mgr|call|Actor|Databin,
ResData.GameDataMgr.ResSacredAnimalDeadTeachingForBattleTabDatabin,资源数据.游戏数据管理器.资源神圣动物死亡教学用于战斗页签数据表,Res|Data|Game|Data|Mgr|Res|Sacred|Animal|Dead|Teaching|For|Battle|Tab|Databin,
ResData.GameDataMgr.ResSacredAnimalDeadTeachingForHeroTabDatabin,资源数据.游戏数据管理器.资源神圣动物死亡教学用于英雄页签数据表,Res|Data|Game|Data|Mgr|Res|Sacred|Animal|Dead|Teaching|For|Hero|Tab|Databin,
ResData.GameDataMgr.ResSacredAnimalDeadTeachingForHeroEventsTabDatabin,资源数据.游戏数据管理器.资源神圣动物死亡教学用于英雄Events页签数据表,Res|Data|Game|Data|Mgr|Res|Sacred|Animal|Dead|Teaching|For|Hero|Events|Tab|Databin,Events
ResData.GameDataMgr.ResSkinGoldCardCfgDatabin,资源数据.游戏数据管理器.资源皮肤金币卡牌配置数据表,Res|Data|Game|Data|Mgr|Res|Skin|Gold|Card|Cfg|Databin,
ResData.GameDataMgr.ResSacredAnimalVoiceTimbreDatabin,资源数据.游戏数据管理器.资源神圣动物语音Timbre数据表,Res|Data|Game|Data|Mgr|Res|Sacred|Animal|Voice|Timbre|Databin,Timbre
ResData.GameDataMgr.ResSacredAnimalAIVoiceMultiCharacterDatabin,资源数据.游戏数据管理器.资源神圣动物AI语音多重角色数据表,Res|Data|Game|Data|Mgr|Res|Sacred|Animal|AI|Voice|Multi|Character|Databin,
ResData.GameDataMgr.ResSacredAnimalAIVoiceMultiCharacterAnimationDatabin,资源数据.游戏数据管理器.资源神圣动物AI语音多重角色动画数据表,Res|Data|Game|Data|Mgr|Res|Sacred|Animal|AI|Voice|Multi|Character|Animation|Databin,
ResData.GameDataMgr.ResAIVoicePlaySongInstructionDatabin,资源数据.游戏数据管理器.资源AI语音播放Song说明数据表,Res|Data|Game|Data|Mgr|Res|AI|Voice|Play|Song|Instruction|Databin,Song
ResData.GameDataMgr.ResAIVoiceOneWayEventDisplayDurationDatabin,资源数据.游戏数据管理器.资源AI语音一路径事件显示持续时间数据表,Res|Data|Game|Data|Mgr|Res|AI|Voice|One|Way|Event|Display|Duration|Databin,
ResData.GameDataMgr.ResCommonSubscribeConfDatabin,资源数据.游戏数据管理器.资源通用订阅配置数据表,Res|Data|Game|Data|Mgr|Res|Common|Subscribe|Conf|Databin,
ResData.GameDataMgr.ResDimensionNpcLightCfgDatabin,资源数据.游戏数据管理器.资源维度NPC光配置数据表,Res|Data|Game|Data|Mgr|Res|Dimension|Npc|Light|Cfg|Databin,
ResData.GameDataMgr.ResSeasonAlbumFreeSkinRewardDatabin,资源数据.游戏数据管理器.资源赛季相册免费皮肤奖励数据表,Res|Data|Game|Data|Mgr|Res|Season|Album|Free|Skin|Reward|Databin,
ResData.GameDataMgr.ResSeasonAlbumFreeSkinV2PoolDatabin,资源数据.游戏数据管理器.资源赛季相册免费皮肤V2池数据表,Res|Data|Game|Data|Mgr|Res|Season|Album|Free|Skin|V|2|Pool|Databin,
ResData.GameDataMgr.ResSeasonAlbumFreeSkinV2RewardDatabin,资源数据.游戏数据管理器.资源赛季相册免费皮肤V2奖励数据表,Res|Data|Game|Data|Mgr|Res|Season|Album|Free|Skin|V|2|Reward|Databin,
ResData.GameDataMgr.ResSeasonAlbumUpgradeChestDatabin,资源数据.游戏数据管理器.资源赛季相册升级Chest数据表,Res|Data|Game|Data|Mgr|Res|Season|Album|Upgrade|Chest|Databin,Chest
ResData.GameDataMgr.ResDimensionObjectRefreshConfDatabin,资源数据.游戏数据管理器.资源维度对象刷新配置数据表,Res|Data|Game|Data|Mgr|Res|Dimension|Object|Refresh|Conf|Databin,
ResData.GameDataMgr.ResDimensionObjectResourceConfDatabin,资源数据.游戏数据管理器.资源维度对象资源配置数据表,Res|Data|Game|Data|Mgr|Res|Dimension|Object|Resource|Conf|Databin,
ResData.GameDataMgr.ResGamePlaySkinLodConfigDatabin,资源数据.游戏数据管理器.资源游戏播放皮肤LOD配置数据表,Res|Data|Game|Data|Mgr|Res|Game|Play|Skin|Lod|Config|Databin,
ResData.GameDataMgr.ResGamePlayParticlePreloadConfigDatabin,资源数据.游戏数据管理器.资源游戏播放粒子预加载配置数据表,Res|Data|Game|Data|Mgr|Res|Game|Play|Particle|Preload|Config|Databin,
ResData.GameDataMgr.ResParticlePreloadConfigDatabin,资源数据.游戏数据管理器.资源粒子预加载配置数据表,Res|Data|Game|Data|Mgr|Res|Particle|Preload|Config|Databin,
ResData.GameDataMgr.ResHeroWikiDatabin,资源数据.游戏数据管理器.资源英雄Wiki数据表,Res|Data|Game|Data|Mgr|Res|Hero|Wiki|Databin,Wiki
ResData.GameDataMgr.resUltiAwakenChooseHeroLevelCfgDatabin,资源数据.游戏数据管理器.资源Ulti觉醒选择英雄等级配置数据表,Res|Data|Game|Data|Mgr|res|Ulti|Awaken|Choose|Hero|Level|Cfg|Databin,Ulti
ResData.GameDataMgr.ResAwakenTalentGrowthDatabin,资源数据.游戏数据管理器.资源觉醒天赋成长数据表,Res|Data|Game|Data|Mgr|Res|Awaken|Talent|Growth|Databin,
ResData.GameDataMgr.ResAwakenHeroInfoDatabin,资源数据.游戏数据管理器.资源觉醒英雄信息数据表,Res|Data|Game|Data|Mgr|Res|Awaken|Hero|Info|Databin,
ResData.GameDataMgr.ResAwakenSomeValueConfigDatabin,资源数据.游戏数据管理器.资源觉醒Some值配置数据表,Res|Data|Game|Data|Mgr|Res|Awaken|Some|Value|Config|Databin,Some
ResData.GameDataMgr.ResAwakenAchievementConfigDatabin,资源数据.游戏数据管理器.资源觉醒成就配置数据表,Res|Data|Game|Data|Mgr|Res|Awaken|Achievement|Config|Databin,
ResData.GameDataMgr.ResAwakenAchievementTabConfigDatabin,资源数据.游戏数据管理器.资源觉醒成就页签配置数据表,Res|Data|Game|Data|Mgr|Res|Awaken|Achievement|Tab|Config|Databin,
ResData.GameDataMgr.ResAwakenSettleRewardDatabin,资源数据.游戏数据管理器.资源觉醒结算奖励数据表,Res|Data|Game|Data|Mgr|Res|Awaken|Settle|Reward|Databin,
ResData.GameDataMgr.ResAwakenEffectShopInGameDatabin,资源数据.游戏数据管理器.资源觉醒效果商店内游戏数据表,Res|Data|Game|Data|Mgr|Res|Awaken|Effect|Shop|In|Game|Databin,
ResData.GameDataMgr.ResUltiAwakenHeroTrainLevelCfgDatabin,资源数据.游戏数据管理器.资源Ulti觉醒英雄训练等级配置数据表,Res|Data|Game|Data|Mgr|Res|Ulti|Awaken|Hero|Train|Level|Cfg|Databin,Ulti
ResData.GameDataMgr.ResAwakenUnlockSlotConfigDatabin,资源数据.游戏数据管理器.资源觉醒解锁槽位配置数据表,Res|Data|Game|Data|Mgr|Res|Awaken|Unlock|Slot|Config|Databin,
ResData.GameDataMgr.ResAwakenSuitRecommendCfgDatabin,资源数据.游戏数据管理器.资源觉醒套装推荐配置数据表,Res|Data|Game|Data|Mgr|Res|Awaken|Suit|Recommend|Cfg|Databin,
ResData.GameDataMgr.ResAwakenInGameTaskCfgDatabin,资源数据.游戏数据管理器.资源觉醒内游戏任务配置数据表,Res|Data|Game|Data|Mgr|Res|Awaken|In|Game|Task|Cfg|Databin,
ResData.GameDataMgr.ResAwakenTagTypeConfigDatabin,资源数据.游戏数据管理器.资源觉醒标签类型配置数据表,Res|Data|Game|Data|Mgr|Res|Awaken|Tag|Type|Config|Databin,
ResData.GameDataMgr.ResAwakenTalentTypeConfigDatabin,资源数据.游戏数据管理器.资源觉醒天赋类型配置数据表,Res|Data|Game|Data|Mgr|Res|Awaken|Talent|Type|Config|Databin,
ResData.GameDataMgr.ResPriestBlessingConfigDatabin,资源数据.游戏数据管理器.资源PriestBlessing配置数据表,Res|Data|Game|Data|Mgr|Res|Priest|Blessing|Config|Databin,Priest Blessing
ResData.GameDataMgr.ResTeamBondConfigEffectDatabin,资源数据.游戏数据管理器.资源队伍Bond配置效果数据表,Res|Data|Game|Data|Mgr|Res|Team|Bond|Config|Effect|Databin,Bond
ResData.GameDataMgr.Res5v5ThreeKingdomMechanicDatabin,资源数据.游戏数据管理器.资源5v5三KingdomMechanic数据表,Res|Data|Game|Data|Mgr|Res|5|v|5|Three|Kingdom|Mechanic|Databin,Kingdom Mechanic
ResData.GameDataMgr.Res5v5ThreeKingdomMilitaryConfigDatabin,资源数据.游戏数据管理器.资源5v5三KingdomMilitary配置数据表,Res|Data|Game|Data|Mgr|Res|5|v|5|Three|Kingdom|Military|Config|Databin,Kingdom Military
ResData.GameDataMgr.WasteActionInfoDatabin,资源数据.游戏数据管理器.Waste动作信息数据表,Res|Data|Game|Data|Mgr|Waste|Action|Info|Databin,Waste
ResData.GameDataMgr.WasteActionWhitelistDatabin,资源数据.游戏数据管理器.Waste动作白名单数据表,Res|Data|Game|Data|Mgr|Waste|Action|Whitelist|Databin,Waste
ResData.GameDataMgr.ResSoundBankSplitConfigDatabin,资源数据.游戏数据管理器.资源音效银行分裂配置数据表,Res|Data|Game|Data|Mgr|Res|Sound|Bank|Split|Config|Databin,
ResData.GameDataMgr.ResDimensionMapGatherDatabin,资源数据.游戏数据管理器.资源维度地图聚集数据表,Res|Data|Game|Data|Mgr|Res|Dimension|Map|Gather|Databin,
ResData.GameDataMgr.ResDimensionFireworkTxtAttrDatabin,资源数据.游戏数据管理器.资源维度Firework文本属性数据表,Res|Data|Game|Data|Mgr|Res|Dimension|Firework|Txt|Attr|Databin,Firework
ResData.GameDataMgr.ResDimensionFireworkPatternAttrDatabin,资源数据.游戏数据管理器.资源维度Firework模式属性数据表,Res|Data|Game|Data|Mgr|Res|Dimension|Firework|Pattern|Attr|Databin,Firework
ResData.GameDataMgr.ResOMGKeywordsCfgDatabin,资源数据.游戏数据管理器.资源OMGKeywords配置数据表,Res|Data|Game|Data|Mgr|Res|OMG|Keywords|Cfg|Databin,Keywords
ResData.GameDataMgr.ResOMGWeaponCfgDatabin,资源数据.游戏数据管理器.资源OMG武器配置数据表,Res|Data|Game|Data|Mgr|Res|OMG|Weapon|Cfg|Databin,
ResData.GameDataMgr.ResOMGWeaponPropertyCfgDatabin,资源数据.游戏数据管理器.资源OMG武器属性配置数据表,Res|Data|Game|Data|Mgr|Res|OMG|Weapon|Property|Cfg|Databin,
ResData.GameDataMgr.ResOMGWeaponPropertyRandomCfgDatabin,资源数据.游戏数据管理器.资源OMG武器属性随机配置数据表,Res|Data|Game|Data|Mgr|Res|OMG|Weapon|Property|Random|Cfg|Databin,
ResData.GameDataMgr.ResOMGWeaponRefreshCfgDatabin,资源数据.游戏数据管理器.资源OMG武器刷新配置数据表,Res|Data|Game|Data|Mgr|Res|OMG|Weapon|Refresh|Cfg|Databin,
ResData.GameDataMgr.ResOMGWeaponCarryCfgDatabin,资源数据.游戏数据管理器.资源OMG武器携带配置数据表,Res|Data|Game|Data|Mgr|Res|OMG|Weapon|Carry|Cfg|Databin,
ResData.GameDataMgr.ResOMGArmorCfgDatabin,资源数据.游戏数据管理器.资源OMG护甲配置数据表,Res|Data|Game|Data|Mgr|Res|OMG|Armor|Cfg|Databin,
ResData.GameDataMgr.ResOMGArmorQualityCfgDatabin,资源数据.游戏数据管理器.资源OMG护甲品质配置数据表,Res|Data|Game|Data|Mgr|Res|OMG|Armor|Quality|Cfg|Databin,
ResData.GameDataMgr.ResOMGArmorPropertyCfgDatabin,资源数据.游戏数据管理器.资源OMG护甲属性配置数据表,Res|Data|Game|Data|Mgr|Res|OMG|Armor|Property|Cfg|Databin,
ResData.GameDataMgr.ResOMGProfessionCfgDatabin,资源数据.游戏数据管理器.资源OMGProfession配置数据表,Res|Data|Game|Data|Mgr|Res|OMG|Profession|Cfg|Databin,Profession
ResData.GameDataMgr.ResOMGArmorRandomCfgDatabin,资源数据.游戏数据管理器.资源OMG护甲随机配置数据表,Res|Data|Game|Data|Mgr|Res|OMG|Armor|Random|Cfg|Databin,
ResData.GameDataMgr.ResOMGArmorSkillContactCfgDatabin,资源数据.游戏数据管理器.资源OMG护甲技能Contact配置数据表,Res|Data|Game|Data|Mgr|Res|OMG|Armor|Skill|Contact|Cfg|Databin,Contact
ResData.GameDataMgr.ResCiYuanDZZReforgeCfgDatabin,资源数据.游戏数据管理器.资源CiYuanDZZReforge配置数据表,Res|Data|Game|Data|Mgr|Res|Ci|Yuan|DZZ|Reforge|Cfg|Databin,Ci Yuan DZZ Reforge
ResData.GameDataMgr.ResOMGWeaponQualityCfgDatabin,资源数据.游戏数据管理器.资源OMG武器品质配置数据表,Res|Data|Game|Data|Mgr|Res|OMG|Weapon|Quality|Cfg|Databin,
ResData.GameDataMgr.ResOMGWeaponRecommendCfgDatabin,资源数据.游戏数据管理器.资源OMG武器推荐配置数据表,Res|Data|Game|Data|Mgr|Res|OMG|Weapon|Recommend|Cfg|Databin,
ResData.GameDataMgr.ResOMGGemstoneCfgDatabin,资源数据.游戏数据管理器.资源OMGGemstone配置数据表,Res|Data|Game|Data|Mgr|Res|OMG|Gemstone|Cfg|Databin,Gemstone
ResData.GameDataMgr.ResOMGInventoryItemCfgDatabin,资源数据.游戏数据管理器.资源OMG背包道具配置数据表,Res|Data|Game|Data|Mgr|Res|OMG|Inventory|Item|Cfg|Databin,
ResData.GameDataMgr.ResOMGDrugCfgDatabin,资源数据.游戏数据管理器.资源OMGDrug配置数据表,Res|Data|Game|Data|Mgr|Res|OMG|Drug|Cfg|Databin,Drug
ResData.GameDataMgr.ResOMGTreasureCfgDatabin,资源数据.游戏数据管理器.资源OMG宝藏配置数据表,Res|Data|Game|Data|Mgr|Res|OMG|Treasure|Cfg|Databin,
ResData.GameDataMgr.ResOMGMaterialsCfgDatabin,资源数据.游戏数据管理器.资源OMGMaterials配置数据表,Res|Data|Game|Data|Mgr|Res|OMG|Materials|Cfg|Databin,Materials
ResData.GameDataMgr.mallHotRecommend102Databin,资源数据.游戏数据管理器.商城热门推荐102数据表,Res|Data|Game|Data|Mgr|mall|Hot|Recommend|102|Databin,
ResData.GameDataMgr.mallHotRecommendVideoPoster102Databin,资源数据.游戏数据管理器.商城热门推荐视频Poster102数据表,Res|Data|Game|Data|Mgr|mall|Hot|Recommend|Video|Poster|102|Databin,Poster
ResData.GameDataMgr.mapSkinDatabin,资源数据.游戏数据管理器.地图皮肤数据表,Res|Data|Game|Data|Mgr|map|Skin|Databin,
ResData.GameDataMgr.ResAkaliShopDiscountDatabin,资源数据.游戏数据管理器.资源Akali商店折扣数据表,Res|Data|Game|Data|Mgr|Res|Akali|Shop|Discount|Databin,Akali
ResData.GameDataMgr.resItemTrigger,资源数据.游戏数据管理器.资源道具触发,Res|Data|Game|Data|Mgr|res|Item|Trigger,
ResData.GameDataMgr.ResTeamBanMatchCfgDatabin,资源数据.游戏数据管理器.资源队伍禁用匹配配置数据表,Res|Data|Game|Data|Mgr|Res|Team|Ban|Match|Cfg|Databin,
ResData.GameDataMgr.ResJinLiTicketLotteryRewardLevelDatabin,资源数据.游戏数据管理器.资源JinLi券抽奖奖励等级数据表,Res|Data|Game|Data|Mgr|Res|Jin|Li|Ticket|Lottery|Reward|Level|Databin,Jin Li
ResData.GameDataMgr.ResJinLiIdentityTypeDatabin,资源数据.游戏数据管理器.资源JinLiIdentity类型数据表,Res|Data|Game|Data|Mgr|Res|Jin|Li|Identity|Type|Databin,Jin Li Identity
ResData.GameDataMgr.ResJinLiTicketLotteryBatchDatabin,资源数据.游戏数据管理器.资源JinLi券抽奖批次数据表,Res|Data|Game|Data|Mgr|Res|Jin|Li|Ticket|Lottery|Batch|Databin,Jin Li
ResData.GameDataMgr.ResJinLiTicketLotteryNumberPoolDatabin,资源数据.游戏数据管理器.资源JinLi券抽奖数字池数据表,Res|Data|Game|Data|Mgr|Res|Jin|Li|Ticket|Lottery|Number|Pool|Databin,Jin Li
ResData.GameDataMgr.ResJinLiTicketLotteryTicketLevelDatabin,资源数据.游戏数据管理器.资源JinLi券抽奖券等级数据表,Res|Data|Game|Data|Mgr|Res|Jin|Li|Ticket|Lottery|Ticket|Level|Databin,Jin Li
ResData.GameDataMgr.ResJinLiTicketLotteryNoticeDatabin,资源数据.游戏数据管理器.资源JinLi券抽奖公告数据表,Res|Data|Game|Data|Mgr|Res|Jin|Li|Ticket|Lottery|Notice|Databin,Jin Li
ResData.GameDataMgr.ResJinLiTicketLotteryFutureRewardDatabin,资源数据.游戏数据管理器.资源JinLi券抽奖Future奖励数据表,Res|Data|Game|Data|Mgr|Res|Jin|Li|Ticket|Lottery|Future|Reward|Databin,Jin Li Future
ResData.GameDataMgr.ResJinLiTicketLotteryRewardPoolDatabin,资源数据.游戏数据管理器.资源JinLi券抽奖奖励池数据表,Res|Data|Game|Data|Mgr|Res|Jin|Li|Ticket|Lottery|Reward|Pool|Databin,Jin Li
ResData.GameDataMgr.ResJinLiTicketLotteryRewardDatabin,资源数据.游戏数据管理器.资源JinLi券抽奖奖励数据表,Res|Data|Game|Data|Mgr|Res|Jin|Li|Ticket|Lottery|Reward|Databin,Jin Li
ResData.GameDataMgr.ResJinLiTicketLotteryAllHeroSkinDatabin,资源数据.游戏数据管理器.资源JinLi券抽奖全部英雄皮肤数据表,Res|Data|Game|Data|Mgr|Res|Jin|Li|Ticket|Lottery|All|Hero|Skin|Databin,Jin Li
ResData.GameDataMgr.ResJinLiIdentityTypeValidMapDatabin,资源数据.游戏数据管理器.资源JinLiIdentity类型有效地图数据表,Res|Data|Game|Data|Mgr|Res|Jin|Li|Identity|Type|Valid|Map|Databin,Jin Li Identity
ResData.GameDataMgr.ResJinLiDimensionPlayerInfoDatabin,资源数据.游戏数据管理器.资源JinLi维度玩家信息数据表,Res|Data|Game|Data|Mgr|Res|Jin|Li|Dimension|Player|Info|Databin,Jin Li
ResData.GameDataMgr.ResJinLiBackflowWelfareDatabin,资源数据.游戏数据管理器.资源JinLi回流Welfare数据表,Res|Data|Game|Data|Mgr|Res|Jin|Li|Backflow|Welfare|Databin,Jin Li Welfare
ResData.GameDataMgr.ResJinLiBackflowFreeSkinDataBin,资源数据.游戏数据管理器.资源JinLi回流免费皮肤数据二进制,Res|Data|Game|Data|Mgr|Res|Jin|Li|Backflow|Free|Skin|Data|Bin,Jin Li
ResData.GameDataMgr.ResJinLiBackflowActivityBatchDataBin,资源数据.游戏数据管理器.资源JinLi回流活动批次数据二进制,Res|Data|Game|Data|Mgr|Res|Jin|Li|Backflow|Activity|Batch|Data|Bin,Jin Li
ResData.GameDataMgr.ResJinLiBackflowDisplayTypeDataBin,资源数据.游戏数据管理器.资源JinLi回流显示类型数据二进制,Res|Data|Game|Data|Mgr|Res|Jin|Li|Backflow|Display|Type|Data|Bin,Jin Li
ResData.GameDataMgr.ResCreditChangeFlowTextDatabin,资源数据.游戏数据管理器.资源信誉变更流动文本数据表,Res|Data|Game|Data|Mgr|Res|Credit|Change|Flow|Text|Databin,
ResData.GameDataMgr.DoubleReportViolationTypeDatabin,资源数据.游戏数据管理器.双倍举报违规类型数据表,Res|Data|Game|Data|Mgr|Double|Report|Violation|Type|Databin,
ResData.GameDataMgr.ResJinLiShowContentDatabin,资源数据.游戏数据管理器.资源JinLi显示内容数据表,Res|Data|Game|Data|Mgr|Res|Jin|Li|Show|Content|Databin,Jin Li
ResData.GameDataMgr.ResJinLiDoubleTokenBaseDatabin,资源数据.游戏数据管理器.资源JinLi双倍令牌基础数据表,Res|Data|Game|Data|Mgr|Res|Jin|Li|Double|Token|Base|Databin,Jin Li
ResData.GameDataMgr.ResJinLiBountyBaseDatabin,资源数据.游戏数据管理器.资源JinLiBounty基础数据表,Res|Data|Game|Data|Mgr|Res|Jin|Li|Bounty|Base|Databin,Jin Li Bounty
ResData.GameDataMgr.ResJinLiPrivilegeLevelUnlockDatabin,资源数据.游戏数据管理器.资源JinLi特权等级解锁数据表,Res|Data|Game|Data|Mgr|Res|Jin|Li|Privilege|Level|Unlock|Databin,Jin Li
ResData.GameDataMgr.ResJinLiPrivilegeDisplayInfoDatabin,资源数据.游戏数据管理器.资源JinLi特权显示信息数据表,Res|Data|Game|Data|Mgr|Res|Jin|Li|Privilege|Display|Info|Databin,Jin Li
ResData.GameDataMgr.ResJinLiBountyShareHeroSkinDatabin,资源数据.游戏数据管理器.资源JinLiBounty共享英雄皮肤数据表,Res|Data|Game|Data|Mgr|Res|Jin|Li|Bounty|Share|Hero|Skin|Databin,Jin Li Bounty
ResData.GameDataMgr.ResJinLiOpenConditionDatabin,资源数据.游戏数据管理器.资源JinLi打开条件数据表,Res|Data|Game|Data|Mgr|Res|Jin|Li|Open|Condition|Databin,Jin Li
ResData.GameDataMgr.ResJinLiDoubleTokenChatStrDatabin,资源数据.游戏数据管理器.资源JinLi双倍令牌聊天字符串数据表,Res|Data|Game|Data|Mgr|Res|Jin|Li|Double|Token|Chat|Str|Databin,Jin Li
ResData.GameDataMgr.ResJinLiBattleBoardInfoDatabin,资源数据.游戏数据管理器.资源JinLi战斗Board信息数据表,Res|Data|Game|Data|Mgr|Res|Jin|Li|Battle|Board|Info|Databin,Jin Li Board
ResData.GameDataMgr.ResJinLiScoreDatabin,资源数据.游戏数据管理器.资源JinLi得分数据表,Res|Data|Game|Data|Mgr|Res|Jin|Li|Score|Databin,Jin Li
ResData.GameDataMgr.ResViolationMappingConfDatabin,资源数据.游戏数据管理器.资源违规映射配置数据表,Res|Data|Game|Data|Mgr|Res|Violation|Mapping|Conf|Databin,
ResData.GameDataMgr.ResCurrencyBagConfDatabin,资源数据.游戏数据管理器.资源货币背包配置数据表,Res|Data|Game|Data|Mgr|Res|Currency|Bag|Conf|Databin,
ResData.GameDataMgr.ResDimensionChannelRandomEmoteDatabin,资源数据.游戏数据管理器.资源维度频道随机Emote数据表,Res|Data|Game|Data|Mgr|Res|Dimension|Channel|Random|Emote|Databin,Emote
ResData.GameDataMgr.ResBackflowGuideBlockDatabin,资源数据.游戏数据管理器.资源回流引导阻挡数据表,Res|Data|Game|Data|Mgr|Res|Backflow|Guide|Block|Databin,
ResData.GameDataMgr.BackFlowFreeOfChargeBatchInfobin,资源数据.游戏数据管理器.返回流动免费的蓄力批次Infobin,Res|Data|Game|Data|Mgr|Back|Flow|Free|Of|Charge|Batch|Infobin,Infobin
ResData.GameDataMgr.ResBackflowKeyRewardDatabin,资源数据.游戏数据管理器.资源回流键奖励数据表,Res|Data|Game|Data|Mgr|Res|Backflow|Key|Reward|Databin,
ResData.GameDataMgr.ResItemToSpecSaleItemCollectMapDatabin,资源数据.游戏数据管理器.资源道具到规格出售道具收集地图数据表,Res|Data|Game|Data|Mgr|Res|Item|To|Spec|Sale|Item|Collect|Map|Databin,
ResData.GameDataMgr.ResGradeReevaluateParamConfDatabin,资源数据.游戏数据管理器.资源等级重新评估参数配置数据表,Res|Data|Game|Data|Mgr|Res|Grade|Reevaluate|Param|Conf|Databin,
ResData.GameDataMgr.ResSkin60CardAdPicConfDatabin,资源数据.游戏数据管理器.资源皮肤60卡牌物理图片配置数据表,Res|Data|Game|Data|Mgr|Res|Skin|60|Card|Ad|Pic|Conf|Databin,
ResData.GameDataMgr.ResNewHeroActivityBatchDatabin,资源数据.游戏数据管理器.资源新英雄活动批次数据表,Res|Data|Game|Data|Mgr|Res|New|Hero|Activity|Batch|Databin,
ResData.GameDataMgr.ResDimensionHUD3DConfigDatabin,资源数据.游戏数据管理器.资源维度HUD3D配置数据表,Res|Data|Game|Data|Mgr|Res|Dimension|HUD|3|D|Config|Databin,
ResData.GameDataMgr.ResDimensionGameModeBragGameResourceConfigDatabin,资源数据.游戏数据管理器.资源维度游戏模式炫耀游戏资源配置数据表,Res|Data|Game|Data|Mgr|Res|Dimension|Game|Mode|Brag|Game|Resource|Config|Databin,
ResData.GameDataMgr.ResDimensionBragGameTitleConfDatabin,资源数据.游戏数据管理器.资源维度炫耀游戏标题配置数据表,Res|Data|Game|Data|Mgr|Res|Dimension|Brag|Game|Title|Conf|Databin,
ResData.GameDataMgr.ResDimensionTableGameParamDatabin,资源数据.游戏数据管理器.资源维度表游戏参数数据表,Res|Data|Game|Data|Mgr|Res|Dimension|Table|Game|Param|Databin,
ResData.GameDataMgr.ResDimensionTableGamePunishDatabin,资源数据.游戏数据管理器.资源维度表游戏惩罚数据表,Res|Data|Game|Data|Mgr|Res|Dimension|Table|Game|Punish|Databin,
ResData.GameDataMgr.ResDimensionTableGameTypeDatabin,资源数据.游戏数据管理器.资源维度表游戏类型数据表,Res|Data|Game|Data|Mgr|Res|Dimension|Table|Game|Type|Databin,
ResData.GameDataMgr.TVBattlePassCycleDatabin,资源数据.游戏数据管理器.TV战斗通行证循环数据表,Res|Data|Game|Data|Mgr|TV|Battle|Pass|Cycle|Databin,TV
ResData.GameDataMgr.ResDimensionDeviceGraphicDatabin,资源数据.游戏数据管理器.资源维度设备Graphic数据表,Res|Data|Game|Data|Mgr|Res|Dimension|Device|Graphic|Databin,Graphic
ResData.GameDataMgr.ResDimensionBuffDatabin,资源数据.游戏数据管理器.资源维度增益数据表,Res|Data|Game|Data|Mgr|Res|Dimension|Buff|Databin,
ResData.GameDataMgr.ResBuffToResReplaceCfgDatabin,资源数据.游戏数据管理器.资源增益到资源替换配置数据表,Res|Data|Game|Data|Mgr|Res|Buff|To|Res|Replace|Cfg|Databin,
ResData.GameDataMgr.ResCommanderAIPlayerDatabin,资源数据.游戏数据管理器.资源指挥官AI玩家数据表,Res|Data|Game|Data|Mgr|Res|Commander|AI|Player|Databin,
ResData.GameDataMgr.ResCommanderHeroAbilityEvalutionDatabin,资源数据.游戏数据管理器.资源指挥官英雄能力Evalution数据表,Res|Data|Game|Data|Mgr|Res|Commander|Hero|Ability|Evalution|Databin,Evalution
ResData.GameDataMgr.ResCommanderHeroAbilityLimitDatabin,资源数据.游戏数据管理器.资源指挥官英雄能力限制数据表,Res|Data|Game|Data|Mgr|Res|Commander|Hero|Ability|Limit|Databin,
ResData.GameDataMgr.ResCommanderAILevelDatabin,资源数据.游戏数据管理器.资源指挥官AI等级数据表,Res|Data|Game|Data|Mgr|Res|Commander|AI|Level|Databin,
ResData.GameDataMgr.ResCommanderModeCommandTypeDatabin,资源数据.游戏数据管理器.资源指挥官模式指令类型数据表,Res|Data|Game|Data|Mgr|Res|Commander|Mode|Command|Type|Databin,
ResData.GameDataMgr.ResCommanderModeEventTypeDatabin,资源数据.游戏数据管理器.资源指挥官模式事件类型数据表,Res|Data|Game|Data|Mgr|Res|Commander|Mode|Event|Type|Databin,
ResData.GameDataMgr.ResCommanderChoiceEventDatabin,资源数据.游戏数据管理器.资源指挥官Choice事件数据表,Res|Data|Game|Data|Mgr|Res|Commander|Choice|Event|Databin,Choice
ResData.GameDataMgr.ResCommanderModeStyleTypeDatabin,资源数据.游戏数据管理器.资源指挥官模式风格类型数据表,Res|Data|Game|Data|Mgr|Res|Commander|Mode|Style|Type|Databin,
ResData.GameDataMgr.ResCommanderModeAreaSignalTypeDatabin,资源数据.游戏数据管理器.资源指挥官模式区域信号类型数据表,Res|Data|Game|Data|Mgr|Res|Commander|Mode|Area|Signal|Type|Databin,
ResData.GameDataMgr.ResCommanderModeMissionTypeDatabin,资源数据.游戏数据管理器.资源指挥官模式Mission类型数据表,Res|Data|Game|Data|Mgr|Res|Commander|Mode|Mission|Type|Databin,Mission
ResData.GameDataMgr.ResEnvEntityCfgTabDatabin,资源数据.游戏数据管理器.资源环境实体配置页签数据表,Res|Data|Game|Data|Mgr|Res|Env|Entity|Cfg|Tab|Databin,
ResData.GameDataMgr.ResEnvEntityDestructibleTabDatabin,资源数据.游戏数据管理器.资源环境实体Destructible页签数据表,Res|Data|Game|Data|Mgr|Res|Env|Entity|Destructible|Tab|Databin,Destructible
ResData.GameDataMgr.ResEnvEntityInventoryItemTabDatabin,资源数据.游戏数据管理器.资源环境实体背包道具页签数据表,Res|Data|Game|Data|Mgr|Res|Env|Entity|Inventory|Item|Tab|Databin,
ResData.GameDataMgr.ResEnvEntityInventoryContainerTabDatabin,资源数据.游戏数据管理器.资源环境实体背包Container页签数据表,Res|Data|Game|Data|Mgr|Res|Env|Entity|Inventory|Container|Tab|Databin,Container
ResData.GameDataMgr.ResDimensionGameModeBragGameRankConfigDatabin,资源数据.游戏数据管理器.资源维度游戏模式炫耀游戏排行配置数据表,Res|Data|Game|Data|Mgr|Res|Dimension|Game|Mode|Brag|Game|Rank|Config|Databin,
ResData.GameDataMgr.ResDimensionHouseCustomizedThemeDatabin,资源数据.游戏数据管理器.资源维度家园Customized主题数据表,Res|Data|Game|Data|Mgr|Res|Dimension|House|Customized|Theme|Databin,Customized
ResData.GameDataMgr.ResDimensionHouseResTimeLimitDatabin,资源数据.游戏数据管理器.资源维度家园资源时间限制数据表,Res|Data|Game|Data|Mgr|Res|Dimension|House|Res|Time|Limit|Databin,
ResData.GameDataMgr.ResDimensionHouseCustomizedAreaDatabin,资源数据.游戏数据管理器.资源维度家园Customized区域数据表,Res|Data|Game|Data|Mgr|Res|Dimension|House|Customized|Area|Databin,Customized
ResData.GameDataMgr.ResDimensionHouseCustomizedFunctionAreaDatabin,资源数据.游戏数据管理器.资源维度家园Customized功能区域数据表,Res|Data|Game|Data|Mgr|Res|Dimension|House|Customized|Function|Area|Databin,Customized
ResData.GameDataMgr.ResDimensionHouseDecorativeAreaDatabin,资源数据.游戏数据管理器.资源维度家园Decorative区域数据表,Res|Data|Game|Data|Mgr|Res|Dimension|House|Decorative|Area|Databin,Decorative
ResData.GameDataMgr.ResDimensionHouseDecorationDatabin,资源数据.游戏数据管理器.资源维度家园Decoration数据表,Res|Data|Game|Data|Mgr|Res|Dimension|House|Decoration|Databin,Decoration
ResData.GameDataMgr.ResDimensionHouseSceneItemAreaDatabin,资源数据.游戏数据管理器.资源维度家园场景道具区域数据表,Res|Data|Game|Data|Mgr|Res|Dimension|House|Scene|Item|Area|Databin,
ResData.GameDataMgr.ResDimensionHouseSceneItemDatabin,资源数据.游戏数据管理器.资源维度家园场景道具数据表,Res|Data|Game|Data|Mgr|Res|Dimension|House|Scene|Item|Databin,
ResData.GameDataMgr.ResDimensionHouseWallTypeDatabin,资源数据.游戏数据管理器.资源维度家园墙类型数据表,Res|Data|Game|Data|Mgr|Res|Dimension|House|Wall|Type|Databin,
ResData.GameDataMgr.ResDimensionHouseWallSubTypeDatabin,资源数据.游戏数据管理器.资源维度家园墙子类型数据表,Res|Data|Game|Data|Mgr|Res|Dimension|House|Wall|Sub|Type|Databin,
ResData.GameDataMgr.ResDimensionHouseWallObjFilterConditonDatabin,资源数据.游戏数据管理器.资源维度家园墙对象过滤Conditon数据表,Res|Data|Game|Data|Mgr|Res|Dimension|House|Wall|Obj|Filter|Conditon|Databin,Conditon
ResData.GameDataMgr.ResDimensionHouseWallObjSubFilterConditonDatabin,资源数据.游戏数据管理器.资源维度家园墙对象子过滤Conditon数据表,Res|Data|Game|Data|Mgr|Res|Dimension|House|Wall|Obj|Sub|Filter|Conditon|Databin,Conditon
ResData.GameDataMgr.ResDimensionHouseWallObjDatabin,资源数据.游戏数据管理器.资源维度家园墙对象数据表,Res|Data|Game|Data|Mgr|Res|Dimension|House|Wall|Obj|Databin,
ResData.GameDataMgr.ResDimensionHouseWallItemCfgDatabin,资源数据.游戏数据管理器.资源维度家园墙道具配置数据表,Res|Data|Game|Data|Mgr|Res|Dimension|House|Wall|Item|Cfg|Databin,
ResData.GameDataMgr.ResDimensionHouseItemCfgDatabin,资源数据.游戏数据管理器.资源维度家园道具配置数据表,Res|Data|Game|Data|Mgr|Res|Dimension|House|Item|Cfg|Databin,
ResData.GameDataMgr.Mall94DiscoverTemplateConfDatabin,资源数据.游戏数据管理器.商城94发现模板配置数据表,Res|Data|Game|Data|Mgr|Mall|94|Discover|Template|Conf|Databin,
ResData.GameDataMgr.Mall94DiscoverRecResConfDatabin,资源数据.游戏数据管理器.商城94发现记录资源配置数据表,Res|Data|Game|Data|Mgr|Mall|94|Discover|Rec|Res|Conf|Databin,
ResData.GameDataMgr.Mall94DiscoverTemplateBgConfDatabin,资源数据.游戏数据管理器.商城94发现模板背景配置数据表,Res|Data|Game|Data|Mgr|Mall|94|Discover|Template|Bg|Conf|Databin,
ResData.GameDataMgr.ResSuperSaturdayShareSkinPoolConfDatabin,资源数据.游戏数据管理器.资源超级Saturday共享皮肤池配置数据表,Res|Data|Game|Data|Mgr|Res|Super|Saturday|Share|Skin|Pool|Conf|Databin,Saturday
ResData.GameDataMgr.ResSuperSaturdayShareHeroPoolConfDatabin,资源数据.游戏数据管理器.资源超级Saturday共享英雄池配置数据表,Res|Data|Game|Data|Mgr|Res|Super|Saturday|Share|Hero|Pool|Conf|Databin,Saturday
ResData.GameDataMgr.ResSuperSaturdayShareHeroSkinConfDatabin,资源数据.游戏数据管理器.资源超级Saturday共享英雄皮肤配置数据表,Res|Data|Game|Data|Mgr|Res|Super|Saturday|Share|Hero|Skin|Conf|Databin,Saturday
ResData.GameDataMgr.ResSuperSaturdayPanelConfDatabin,资源数据.游戏数据管理器.资源超级Saturday面板配置数据表,Res|Data|Game|Data|Mgr|Res|Super|Saturday|Panel|Conf|Databin,Saturday
ResData.GameDataMgr.ResSuperSaturdayActivityConfDatabin,资源数据.游戏数据管理器.资源超级Saturday活动配置数据表,Res|Data|Game|Data|Mgr|Res|Super|Saturday|Activity|Conf|Databin,Saturday
ResData.GameDataMgr.ResSuperSaturdayScoreConfDatabin,资源数据.游戏数据管理器.资源超级Saturday得分配置数据表,Res|Data|Game|Data|Mgr|Res|Super|Saturday|Score|Conf|Databin,Saturday
ResData.GameDataMgr.ResCollectValueDatabin,资源数据.游戏数据管理器.资源收集值数据表,Res|Data|Game|Data|Mgr|Res|Collect|Value|Databin,
ResData.GameDataMgr.ResItemCollectValueAdjustDatabin,资源数据.游戏数据管理器.资源道具收集值调整数据表,Res|Data|Game|Data|Mgr|Res|Item|Collect|Value|Adjust|Databin,
ResData.GameDataMgr.ResTotalCollectLevelDatabin,资源数据.游戏数据管理器.资源总计收集等级数据表,Res|Data|Game|Data|Mgr|Res|Total|Collect|Level|Databin,
ResData.GameDataMgr.ResCollectValueTabInfoDatabin,资源数据.游戏数据管理器.资源收集值页签信息数据表,Res|Data|Game|Data|Mgr|Res|Collect|Value|Tab|Info|Databin,
ResData.GameDataMgr.ResCollectValueSubTabSortDatabin,资源数据.游戏数据管理器.资源收集值子页签排序数据表,Res|Data|Game|Data|Mgr|Res|Collect|Value|Sub|Tab|Sort|Databin,
ResData.GameDataMgr.ResCollectValueBlockDatabin,资源数据.游戏数据管理器.资源收集值阻挡数据表,Res|Data|Game|Data|Mgr|Res|Collect|Value|Block|Databin,
ResData.GameDataMgr.ResDimensionHousePosSortDatabin,资源数据.游戏数据管理器.资源维度家园位置排序数据表,Res|Data|Game|Data|Mgr|Res|Dimension|House|Pos|Sort|Databin,
ResData.GameDataMgr.ResBackflowNewsRecommendHeroDatabin,资源数据.游戏数据管理器.资源回流News推荐英雄数据表,Res|Data|Game|Data|Mgr|Res|Backflow|News|Recommend|Hero|Databin,News
ResData.GameDataMgr.ResBackflowRecommendActDatabin,资源数据.游戏数据管理器.资源回流推荐活动数据表,Res|Data|Game|Data|Mgr|Res|Backflow|Recommend|Act|Databin,
ResData.GameDataMgr.ResDynamicIslandFilterConfDatabin,资源数据.游戏数据管理器.资源动态岛屿过滤配置数据表,Res|Data|Game|Data|Mgr|Res|Dynamic|Island|Filter|Conf|Databin,
ResData.GameDataMgr.ResDynamicIslandTemplateShowConfDatabin,资源数据.游戏数据管理器.资源动态岛屿模板显示配置数据表,Res|Data|Game|Data|Mgr|Res|Dynamic|Island|Template|Show|Conf|Databin,
ResData.GameDataMgr.heroSkillRange,资源数据.游戏数据管理器.英雄技能范围,Res|Data|Game|Data|Mgr|hero|Skill|Range,
ResData.GameDataMgr.heroFuncSwitchDatabin,资源数据.游戏数据管理器.英雄函数切换数据表,Res|Data|Game|Data|Mgr|hero|Func|Switch|Databin,
ResData.GameDataMgr.equipRandomPropertyBaseDatabin,资源数据.游戏数据管理器.装备随机属性基础数据表,Res|Data|Game|Data|Mgr|equip|Random|Property|Base|Databin,
ResData.GameDataMgr.equipRandomPropertyRandomDatabin,资源数据.游戏数据管理器.装备随机属性随机数据表,Res|Data|Game|Data|Mgr|equip|Random|Property|Random|Databin,
ResData.GameDataMgr.equipRandomPropertyRandomConstantDatabin,资源数据.游戏数据管理器.装备随机属性随机Constant数据表,Res|Data|Game|Data|Mgr|equip|Random|Property|Random|Constant|Databin,Constant
ResData.GameDataMgr.equipRandomPropertyTriggerConditionDatabin,资源数据.游戏数据管理器.装备随机属性触发条件数据表,Res|Data|Game|Data|Mgr|equip|Random|Property|Trigger|Condition|Databin,
ResData.GameDataMgr.equipRandomPropertyThresholdDatabin,资源数据.游戏数据管理器.装备随机属性阈值数据表,Res|Data|Game|Data|Mgr|equip|Random|Property|Threshold|Databin,
ResData.GameDataMgr.ResCustomTagCfgDatabin,资源数据.游戏数据管理器.资源自定义标签配置数据表,Res|Data|Game|Data|Mgr|Res|Custom|Tag|Cfg|Databin,
ResData.GameDataMgr.ResDimensionVehicleDatabin,资源数据.游戏数据管理器.资源维度Vehicle数据表,Res|Data|Game|Data|Mgr|Res|Dimension|Vehicle|Databin,Vehicle
ResData.GameDataMgr.ResMultiMatchingBtnPriorityCfgDatabin,资源数据.游戏数据管理器.资源多重匹配按钮优先级配置数据表,Res|Data|Game|Data|Mgr|Res|Multi|Matching|Btn|Priority|Cfg|Databin,
ResData.GameDataMgr.NewFlagConfDatabin,资源数据.游戏数据管理器.新标记配置数据表,Res|Data|Game|Data|Mgr|New|Flag|Conf|Databin,
ResData.GameDataMgr.ResCrossInviteConfDatabin,资源数据.游戏数据管理器.资源交叉邀请配置数据表,Res|Data|Game|Data|Mgr|Res|Cross|Invite|Conf|Databin,
ResData.GameDataMgr.ResVoiceRecorderDataBin,资源数据.游戏数据管理器.资源语音录制数据二进制,Res|Data|Game|Data|Mgr|Res|Voice|Recorder|Data|Bin,
ResData.GameDataMgr.ResBackFlowExcitationEventConfDatabin,资源数据.游戏数据管理器.资源返回流动Excitation事件配置数据表,Res|Data|Game|Data|Mgr|Res|Back|Flow|Excitation|Event|Conf|Databin,Excitation
ResData.GameDataMgr.ResBackFlowStoryFlowConfDatabin,资源数据.游戏数据管理器.资源返回流动剧情流动配置数据表,Res|Data|Game|Data|Mgr|Res|Back|Flow|Story|Flow|Conf|Databin,
ResData.GameDataMgr.ResItemTypeGradeCfgDatabin,资源数据.游戏数据管理器.资源道具类型等级配置数据表,Res|Data|Game|Data|Mgr|Res|Item|Type|Grade|Cfg|Databin,
ResData.GameDataMgr.ResSoulMatchGiftDatabin,资源数据.游戏数据管理器.资源灵魂匹配礼包数据表,Res|Data|Game|Data|Mgr|Res|Soul|Match|Gift|Databin,
ResData.GameDataMgr.ResSoulMatchCharismaDatabin,资源数据.游戏数据管理器.资源灵魂匹配Charisma数据表,Res|Data|Game|Data|Mgr|Res|Soul|Match|Charisma|Databin,Charisma
ResData.GameDataMgr.ResStarCoinExchangeConfDatabin,资源数据.游戏数据管理器.资源星金币交换配置数据表,Res|Data|Game|Data|Mgr|Res|Star|Coin|Exchange|Conf|Databin,
ResData.GameDataMgr.ResBackFlowRankBuffParamConfDatabin,资源数据.游戏数据管理器.资源返回流动排行增益参数配置数据表,Res|Data|Game|Data|Mgr|Res|Back|Flow|Rank|Buff|Param|Conf|Databin,
ResData.GameDataMgr.ResBackFlowMeetingParamConfDatabin,资源数据.游戏数据管理器.资源返回流动Meeting参数配置数据表,Res|Data|Game|Data|Mgr|Res|Back|Flow|Meeting|Param|Conf|Databin,Meeting
ResData.GameDataMgr.ResUbfMoreInfoDatabin,资源数据.游戏数据管理器.资源Ubf更多信息数据表,Res|Data|Game|Data|Mgr|Res|Ubf|More|Info|Databin,Ubf
ResData.GameDataMgr.ResShareStructMapDatabin,资源数据.游戏数据管理器.资源共享Struct地图数据表,Res|Data|Game|Data|Mgr|Res|Share|Struct|Map|Databin,Struct
ResData.GameDataMgr.ResShareStructOtherDatabin,资源数据.游戏数据管理器.资源共享Struct其他数据表,Res|Data|Game|Data|Mgr|Res|Share|Struct|Other|Databin,Struct
ResData.GameDataMgr.ResDouYinShareTeamStructDatabin,资源数据.游戏数据管理器.资源DouYin共享队伍Struct数据表,Res|Data|Game|Data|Mgr|Res|Dou|Yin|Share|Team|Struct|Databin,Dou Yin Struct
ResData.GameDataMgr.ResHeroSkinAnimReplaceDatabin,资源数据.游戏数据管理器.资源英雄皮肤动画替换数据表,Res|Data|Game|Data|Mgr|Res|Hero|Skin|Anim|Replace|Databin,
ResData.GameDataMgr.ResHeroSkinFallbackParamsDatabin,资源数据.游戏数据管理器.资源英雄皮肤回退参数数据表,Res|Data|Game|Data|Mgr|Res|Hero|Skin|Fallback|Params|Databin,
ResData.GameDataMgr.ResHeroSkinSoundReplaceDatabin,资源数据.游戏数据管理器.资源英雄皮肤音效替换数据表,Res|Data|Game|Data|Mgr|Res|Hero|Skin|Sound|Replace|Databin,
ResData.GameDataMgr.ResHeroSkinBonePointReplaceDatabin,资源数据.游戏数据管理器.资源英雄皮肤骨骼点替换数据表,Res|Data|Game|Data|Mgr|Res|Hero|Skin|Bone|Point|Replace|Databin,
ResData.GameDataMgr.ResFightValueMasterRatioDatabin,资源数据.游戏数据管理器.资源战斗值主比例数据表,Res|Data|Game|Data|Mgr|Res|Fight|Value|Master|Ratio|Databin,
ResData.GameDataMgr.ResCommonGameLobbyConfDatabin,资源数据.游戏数据管理器.资源通用游戏大厅配置数据表,Res|Data|Game|Data|Mgr|Res|Common|Game|Lobby|Conf|Databin,
ResData.GameDataMgr.ResSettleArmShowVibeConfDatabin,资源数据.游戏数据管理器.资源结算Arm显示氛围配置数据表,Res|Data|Game|Data|Mgr|Res|Settle|Arm|Show|Vibe|Conf|Databin,Arm
ResData.GameDataMgr.ResUltimateDefenseTrialsEventDatabin,资源数据.游戏数据管理器.资源终极防御试炼事件数据表,Res|Data|Game|Data|Mgr|Res|Ultimate|Defense|Trials|Event|Databin,
ResData.GameDataMgr.ResUltimateDefenseTrialsSoldierRegionGroupDatabin,资源数据.游戏数据管理器.资源终极防御试炼小兵区域分组数据表,Res|Data|Game|Data|Mgr|Res|Ultimate|Defense|Trials|Soldier|Region|Group|Databin,
ResData.GameDataMgr.ResUltimateDefenseTrialsLevelDatabin,资源数据.游戏数据管理器.资源终极防御试炼等级数据表,Res|Data|Game|Data|Mgr|Res|Ultimate|Defense|Trials|Level|Databin,
ResData.GameDataMgr.ResPlayUniqueSkillIDCfgDatabin,资源数据.游戏数据管理器.资源播放唯一技能ID配置数据表,Res|Data|Game|Data|Mgr|Res|Play|Unique|Skill|ID|Cfg|Databin,
ResData.GameDataMgr.ResSoloTauntBubbleInfoDatabin,资源数据.游戏数据管理器.资源单人Taunt气泡信息数据表,Res|Data|Game|Data|Mgr|Res|Solo|Taunt|Bubble|Info|Databin,Taunt
ResData.GameDataMgr.ResSoloTauntCounterBubbleInfoDatabin,资源数据.游戏数据管理器.资源单人Taunt计数气泡信息数据表,Res|Data|Game|Data|Mgr|Res|Solo|Taunt|Counter|Bubble|Info|Databin,Taunt
ResData.GameDataMgr.ResSoloGeneralInfoDatabin,资源数据.游戏数据管理器.资源单人通用信息数据表,Res|Data|Game|Data|Mgr|Res|Solo|General|Info|Databin,
ResData.GameDataMgr.Res1V1SoloBranchRoadMapConfDatabin,资源数据.游戏数据管理器.资源1V1单人分支道路地图配置数据表,Res|Data|Game|Data|Mgr|Res|1|V|1|Solo|Branch|Road|Map|Conf|Databin,
ResData.GameDataMgr.Res1V1DongFengArenaConfDataBin,资源数据.游戏数据管理器.资源1V1DongFengArena配置数据二进制,Res|Data|Game|Data|Mgr|Res|1|V|1|Dong|Feng|Arena|Conf|Data|Bin,Dong Feng Arena
ResData.GameDataMgr.ResBackflowNoteChapterRefreshRuleConfDatabin,资源数据.游戏数据管理器.资源回流说明章节刷新规则配置数据表,Res|Data|Game|Data|Mgr|Res|Backflow|Note|Chapter|Refresh|Rule|Conf|Databin,
ResData.GameDataMgr.ResBagSecondaryCategoryInfoDatabin,资源数据.游戏数据管理器.资源背包次要分类信息数据表,Res|Data|Game|Data|Mgr|Res|Bag|Secondary|Category|Info|Databin,
ResData.GameDataMgr.ResBagTertiaryCategoryInfoDatabin,资源数据.游戏数据管理器.资源背包Tertiary分类信息数据表,Res|Data|Game|Data|Mgr|Res|Bag|Tertiary|Category|Info|Databin,Tertiary
ResData.GameDataMgr.RestrictedInfoDatabin,资源数据.游戏数据管理器.Restricted信息数据表,Res|Data|Game|Data|Mgr|Restricted|Info|Databin,Restricted
ResData.GameDataMgr.ResPopupWindowCtrlInfoDatabin,资源数据.游戏数据管理器.资源弹窗窗口控制信息数据表,Res|Data|Game|Data|Mgr|Res|Popup|Window|Ctrl|Info|Databin,
ResData.GameDataMgr.ResPopAwardUseableSortInfoDatabin,资源数据.游戏数据管理器.资源弹窗奖励Useable排序信息数据表,Res|Data|Game|Data|Mgr|Res|Pop|Award|Useable|Sort|Info|Databin,Useable
ResData.GameDataMgr.ResBackFlowPrivilegeNewTimeCfgDatabin,资源数据.游戏数据管理器.资源返回流动特权新时间配置数据表,Res|Data|Game|Data|Mgr|Res|Back|Flow|Privilege|New|Time|Cfg|Databin,
ResData.GameDataMgr.ResBackFlowPrivilegeNewHeroSkinDatabin,资源数据.游戏数据管理器.资源返回流动特权新英雄皮肤数据表,Res|Data|Game|Data|Mgr|Res|Back|Flow|Privilege|New|Hero|Skin|Databin,
ResData.GameDataMgr.ResBackFlowPrivilegeNewTimeCfgVersionTwoDatabin,资源数据.游戏数据管理器.资源返回流动特权新时间配置版本二数据表,Res|Data|Game|Data|Mgr|Res|Back|Flow|Privilege|New|Time|Cfg|Version|Two|Databin,
ResData.GameDataMgr.ResMasterWinLevelUpDatabin,资源数据.游戏数据管理器.资源主胜利等级上数据表,Res|Data|Game|Data|Mgr|Res|Master|Win|Level|Up|Databin,
ResData.GameDataMgr.ResMasterDiffScoreWinPointDatabin,资源数据.游戏数据管理器.资源主差异得分胜利点数据表,Res|Data|Game|Data|Mgr|Res|Master|Diff|Score|Win|Point|Databin,
ResData.GameDataMgr.ResDimensionPhotoBustDatabin,资源数据.游戏数据管理器.资源维度照片Bust数据表,Res|Data|Game|Data|Mgr|Res|Dimension|Photo|Bust|Databin,Bust
ResData.GameDataMgr.ResDimensionPhotoBustActionDatabin,资源数据.游戏数据管理器.资源维度照片Bust动作数据表,Res|Data|Game|Data|Mgr|Res|Dimension|Photo|Bust|Action|Databin,Bust
ResData.GameDataMgr.ResDimensionBustDefaultTmpltDatabin,资源数据.游戏数据管理器.资源维度Bust默认Tmplt数据表,Res|Data|Game|Data|Mgr|Res|Dimension|Bust|Default|Tmplt|Databin,Bust Tmplt
ResData.GameDataMgr.CommResDirectBuyInfoDatabin,资源数据.游戏数据管理器.通信资源直接购买信息数据表,Res|Data|Game|Data|Mgr|Comm|Res|Direct|Buy|Info|Databin,
ResData.GameDataMgr.ResDimensionMapCustomStateDatabin,资源数据.游戏数据管理器.资源维度地图自定义状态数据表,Res|Data|Game|Data|Mgr|Res|Dimension|Map|Custom|State|Databin,
ResData.GameDataMgr.ResDimensionHouseGlobalParamDatabin,资源数据.游戏数据管理器.资源维度家园全局参数数据表,Res|Data|Game|Data|Mgr|Res|Dimension|House|Global|Param|Databin,
ResData.GameDataMgr.ResMiniMapHeroDynamicScaleParamDatabin,资源数据.游戏数据管理器.资源迷你地图英雄动态缩放参数数据表,Res|Data|Game|Data|Mgr|Res|Mini|Map|Hero|Dynamic|Scale|Param|Databin,
ResData.GameDataMgr.ResMiniMapDynScaleCallActorParamDatabin,资源数据.游戏数据管理器.资源迷你地图Dyn缩放调用角色参数数据表,Res|Data|Game|Data|Mgr|Res|Mini|Map|Dyn|Scale|Call|Actor|Param|Databin,Dyn
ResData.GameDataMgr.ResDimensionNewBieGenGuideTaskCfgDatabin,资源数据.游戏数据管理器.资源维度新Bie生成引导任务配置数据表,Res|Data|Game|Data|Mgr|Res|Dimension|New|Bie|Gen|Guide|Task|Cfg|Databin,Bie
ResData.GameDataMgr.ResDimensionNewBieGeneralGuideMainLineCfgDatabin,资源数据.游戏数据管理器.资源维度新Bie通用引导主线配置数据表,Res|Data|Game|Data|Mgr|Res|Dimension|New|Bie|General|Guide|Main|Line|Cfg|Databin,Bie
ResData.GameDataMgr.ResDimensionNewBieGeneralGuideSwitchCfgDatabin,资源数据.游戏数据管理器.资源维度新Bie通用引导切换配置数据表,Res|Data|Game|Data|Mgr|Res|Dimension|New|Bie|General|Guide|Switch|Cfg|Databin,Bie
ResData.GameDataMgr.ResDimensionMahjongRankCfgDatabin,资源数据.游戏数据管理器.资源维度麻将排行配置数据表,Res|Data|Game|Data|Mgr|Res|Dimension|Mahjong|Rank|Cfg|Databin,
ResData.GameDataMgr.ResDimensionTableGameRankConfDatabin,资源数据.游戏数据管理器.资源维度表游戏排行配置数据表,Res|Data|Game|Data|Mgr|Res|Dimension|Table|Game|Rank|Conf|Databin,
ResData.GameDataMgr.ResFarmTileShowCfgDatabin,资源数据.游戏数据管理器.资源农场Tile显示配置数据表,Res|Data|Game|Data|Mgr|Res|Farm|Tile|Show|Cfg|Databin,Tile
ResData.GameDataMgr.ResBuildLevelToPrefabLevelDatabin,资源数据.游戏数据管理器.资源Build等级到预制体等级数据表,Res|Data|Game|Data|Mgr|Res|Build|Level|To|Prefab|Level|Databin,Build
ResData.GameDataMgr.ResFarmItemResDatabin,资源数据.游戏数据管理器.资源农场道具资源数据表,Res|Data|Game|Data|Mgr|Res|Farm|Item|Res|Databin,
ResData.GameDataMgr.ResFarmTimeDatabin,资源数据.游戏数据管理器.资源农场时间数据表,Res|Data|Game|Data|Mgr|Res|Farm|Time|Databin,
ResData.GameDataMgr.ResFarmDoubleActDatabin,资源数据.游戏数据管理器.资源农场双倍活动数据表,Res|Data|Game|Data|Mgr|Res|Farm|Double|Act|Databin,
ResData.GameDataMgr.ResFarmGiftActDatabin,资源数据.游戏数据管理器.资源农场礼包活动数据表,Res|Data|Game|Data|Mgr|Res|Farm|Gift|Act|Databin,
ResData.GameDataMgr.ResFarmGiftCritConfDatabin,资源数据.游戏数据管理器.资源农场礼包Crit配置数据表,Res|Data|Game|Data|Mgr|Res|Farm|Gift|Crit|Conf|Databin,Crit
ResData.GameDataMgr.ResFarmExtBlessCountConfDatabin,资源数据.游戏数据管理器.资源农场扩展Bless计数配置数据表,Res|Data|Game|Data|Mgr|Res|Farm|Ext|Bless|Count|Conf|Databin,Bless
ResData.GameDataMgr.ResFarmSeasonBPHeroVisitConfDatabin,资源数据.游戏数据管理器.资源农场赛季战令英雄Visit配置数据表,Res|Data|Game|Data|Mgr|Res|Farm|Season|BP|Hero|Visit|Conf|Databin,Visit
ResData.GameDataMgr.ResLuckyCardBatchCfgDatabin,资源数据.游戏数据管理器.资源幸运卡牌批次配置数据表,Res|Data|Game|Data|Mgr|Res|Lucky|Card|Batch|Cfg|Databin,
ResData.GameDataMgr.ResLuckyCardPriceCfgDatabin,资源数据.游戏数据管理器.资源幸运卡牌价格配置数据表,Res|Data|Game|Data|Mgr|Res|Lucky|Card|Price|Cfg|Databin,
ResData.GameDataMgr.ResLuckyCardRebateCfgDatabin,资源数据.游戏数据管理器.资源幸运卡牌返利配置数据表,Res|Data|Game|Data|Mgr|Res|Lucky|Card|Rebate|Cfg|Databin,
ResData.GameDataMgr.ResLuckyCardBuyFormBgCfgDatabin,资源数据.游戏数据管理器.资源幸运卡牌购买形态背景配置数据表,Res|Data|Game|Data|Mgr|Res|Lucky|Card|Buy|Form|Bg|Cfg|Databin,
ResData.GameDataMgr.ResAcntLabelConfDatabin,资源数据.游戏数据管理器.资源账号标签配置数据表,Res|Data|Game|Data|Mgr|Res|Acnt|Label|Conf|Databin,
ResData.GameDataMgr.ResBackflowChallengeChapterRefreshConfDatabin,资源数据.游戏数据管理器.资源回流挑战章节刷新配置数据表,Res|Data|Game|Data|Mgr|Res|Backflow|Challenge|Chapter|Refresh|Conf|Databin,
ResData.GameDataMgr.ResUpgradeSkinConfDatabin,资源数据.游戏数据管理器.资源升级皮肤配置数据表,Res|Data|Game|Data|Mgr|Res|Upgrade|Skin|Conf|Databin,
ResData.GameDataMgr.ResFriendDefaultVerifyTextDatabin,资源数据.游戏数据管理器.资源友方默认Verify文本数据表,Res|Data|Game|Data|Mgr|Res|Friend|Default|Verify|Text|Databin,Verify
ResData.GameDataMgr.ResFriendSourceDatabin,资源数据.游戏数据管理器.资源友方来源数据表,Res|Data|Game|Data|Mgr|Res|Friend|Source|Databin,
ResData.GameDataMgr.ResFriendInviteChatDatabin,资源数据.游戏数据管理器.资源友方邀请聊天数据表,Res|Data|Game|Data|Mgr|Res|Friend|Invite|Chat|Databin,
ResData.GameDataMgr.ResBackFlowTitleChatDatabin,资源数据.游戏数据管理器.资源返回流动标题聊天数据表,Res|Data|Game|Data|Mgr|Res|Back|Flow|Title|Chat|Databin,
ResData.GameDataMgr.couponReplaceDatabin,资源数据.游戏数据管理器.点券替换数据表,Res|Data|Game|Data|Mgr|coupon|Replace|Databin,
ResData.GameDataMgr.ResLingBaoDigTreasureItemConfDatabin,资源数据.游戏数据管理器.资源LingBao挖掘宝藏道具配置数据表,Res|Data|Game|Data|Mgr|Res|Ling|Bao|Dig|Treasure|Item|Conf|Databin,Ling Bao
ResData.GameDataMgr.ResLingBaoDigTreasureGlobalConfDatabin,资源数据.游戏数据管理器.资源LingBao挖掘宝藏全局配置数据表,Res|Data|Game|Data|Mgr|Res|Ling|Bao|Dig|Treasure|Global|Conf|Databin,Ling Bao
ResData.GameDataMgr.ResLingBaoDigTreasureBatchConfDatabin,资源数据.游戏数据管理器.资源LingBao挖掘宝藏批次配置数据表,Res|Data|Game|Data|Mgr|Res|Ling|Bao|Dig|Treasure|Batch|Conf|Databin,Ling Bao
ResData.GameDataMgr.ResLingBaoDigTreasureRandomConfDatabin,资源数据.游戏数据管理器.资源LingBao挖掘宝藏随机配置数据表,Res|Data|Game|Data|Mgr|Res|Ling|Bao|Dig|Treasure|Random|Conf|Databin,Ling Bao
ResData.GameDataMgr.ResActivityRankDatabin,资源数据.游戏数据管理器.资源活动排行数据表,Res|Data|Game|Data|Mgr|Res|Activity|Rank|Databin,
ResData.GameDataMgr.ResBlastGradeDatabin,资源数据.游戏数据管理器.资源Blast等级数据表,Res|Data|Game|Data|Mgr|Res|Blast|Grade|Databin,Blast
ResData.GameDataMgr.ResGamePlayGoalSystemTaskCfgDatabin,资源数据.游戏数据管理器.资源游戏播放目标系统任务配置数据表,Res|Data|Game|Data|Mgr|Res|Game|Play|Goal|System|Task|Cfg|Databin,
ResData.GameDataMgr.ResGamePlayGoalSystemGemEffectCfgDatabin,资源数据.游戏数据管理器.资源游戏播放目标系统宝石效果配置数据表,Res|Data|Game|Data|Mgr|Res|Game|Play|Goal|System|Gem|Effect|Cfg|Databin,
ResData.GameDataMgr.ResGamePlayGoalSystemPropSwitchConfDatabin,资源数据.游戏数据管理器.资源游戏播放目标系统属性切换配置数据表,Res|Data|Game|Data|Mgr|Res|Game|Play|Goal|System|Prop|Switch|Conf|Databin,
ResData.GameDataMgr.ResGamePlayGoalSystemScoreRewardCfgDatabin,资源数据.游戏数据管理器.资源游戏播放目标系统得分奖励配置数据表,Res|Data|Game|Data|Mgr|Res|Game|Play|Goal|System|Score|Reward|Cfg|Databin,
ResData.GameDataMgr.ResGamePlayGoalSystemGemExchangeCfgDatabin,资源数据.游戏数据管理器.资源游戏播放目标系统宝石交换配置数据表,Res|Data|Game|Data|Mgr|Res|Game|Play|Goal|System|Gem|Exchange|Cfg|Databin,
ResData.GameDataMgr.ResGamePlayBattlePassSeasonConfDatabin,资源数据.游戏数据管理器.资源游戏播放战斗通行证赛季配置数据表,Res|Data|Game|Data|Mgr|Res|Game|Play|Battle|Pass|Season|Conf|Databin,
ResData.GameDataMgr.ResGamePlayBattlePassSeasonExperienceConfDatabin,资源数据.游戏数据管理器.资源游戏播放战斗通行证赛季经验配置数据表,Res|Data|Game|Data|Mgr|Res|Game|Play|Battle|Pass|Season|Experience|Conf|Databin,
ResData.GameDataMgr.ResGamePlayBattlePassMilestoneConfDatabin,资源数据.游戏数据管理器.资源游戏播放战斗通行证里程碑配置数据表,Res|Data|Game|Data|Mgr|Res|Game|Play|Battle|Pass|Milestone|Conf|Databin,
ResData.GameDataMgr.ResGamePlayGoalSystemTitleConfDatabin,资源数据.游戏数据管理器.资源游戏播放目标系统标题配置数据表,Res|Data|Game|Data|Mgr|Res|Game|Play|Goal|System|Title|Conf|Databin,
ResData.GameDataMgr.ResGamePlayGoalSystemGoodsConfDatabin,资源数据.游戏数据管理器.资源游戏播放目标系统商品配置数据表,Res|Data|Game|Data|Mgr|Res|Game|Play|Goal|System|Goods|Conf|Databin,
ResData.GameDataMgr.NewbieGrowthGuideConfDatabin,资源数据.游戏数据管理器.新手成长引导配置数据表,Res|Data|Game|Data|Mgr|Newbie|Growth|Guide|Conf|Databin,
ResData.GameDataMgr.NewbieHeroRecommendConfDatabin,资源数据.游戏数据管理器.新手英雄推荐配置数据表,Res|Data|Game|Data|Mgr|Newbie|Hero|Recommend|Conf|Databin,
ResData.GameDataMgr.ResFateHeroInfoDatabin,资源数据.游戏数据管理器.资源Fate英雄信息数据表,Res|Data|Game|Data|Mgr|Res|Fate|Hero|Info|Databin,Fate
ResData.GameDataMgr.ResFateHeroAssetDatabin,资源数据.游戏数据管理器.资源Fate英雄资源数据表,Res|Data|Game|Data|Mgr|Res|Fate|Hero|Asset|Databin,Fate
ResData.GameDataMgr.ResFateHeroProficiencyBonusDatabin,资源数据.游戏数据管理器.资源Fate英雄熟练度Bonus数据表,Res|Data|Game|Data|Mgr|Res|Fate|Hero|Proficiency|Bonus|Databin,Fate Bonus
ResData.GameDataMgr.ResCampusGlobalDatabin,资源数据.游戏数据管理器.资源校园全局数据表,Res|Data|Game|Data|Mgr|Res|Campus|Global|Databin,
ResData.GameDataMgr.ResCampusInfoDatabin,资源数据.游戏数据管理器.资源校园信息数据表,Res|Data|Game|Data|Mgr|Res|Campus|Info|Databin,
ResData.GameDataMgr.ResCampusBubbleEventDatabin,资源数据.游戏数据管理器.资源校园气泡事件数据表,Res|Data|Game|Data|Mgr|Res|Campus|Bubble|Event|Databin,
ResData.GameDataMgr.ResCampusMatchDatabin,资源数据.游戏数据管理器.资源校园匹配数据表,Res|Data|Game|Data|Mgr|Res|Campus|Match|Databin,
ResData.GameDataMgr.ResCampusMatchNonParticipantRewardDatabin,资源数据.游戏数据管理器.资源校园匹配非Participant奖励数据表,Res|Data|Game|Data|Mgr|Res|Campus|Match|Non|Participant|Reward|Databin,Participant
ResData.GameDataMgr.ResCampusShowOffDisplayDatabin,资源数据.游戏数据管理器.资源校园显示关显示数据表,Res|Data|Game|Data|Mgr|Res|Campus|Show|Off|Display|Databin,
ResData.GameDataMgr.ResCampusRewardDatabin,资源数据.游戏数据管理器.资源校园奖励数据表,Res|Data|Game|Data|Mgr|Res|Campus|Reward|Databin,
ResData.GameDataMgr.ResCampusRewardCfgDatabin,资源数据.游戏数据管理器.资源校园奖励配置数据表,Res|Data|Game|Data|Mgr|Res|Campus|Reward|Cfg|Databin,
ResData.GameDataMgr.ResCampusInviteRewardDatabin,资源数据.游戏数据管理器.资源校园邀请奖励数据表,Res|Data|Game|Data|Mgr|Res|Campus|Invite|Reward|Databin,
ResData.GameDataMgr.ResCampusMatchRewardDatabin,资源数据.游戏数据管理器.资源校园匹配奖励数据表,Res|Data|Game|Data|Mgr|Res|Campus|Match|Reward|Databin,
ResData.GameDataMgr.ResCampusFuncSwitchConfigDatabin,资源数据.游戏数据管理器.资源校园函数切换配置数据表,Res|Data|Game|Data|Mgr|Res|Campus|Func|Switch|Config|Databin,
ResData.GameDataMgr.ResEmojiComboDatabin,资源数据.游戏数据管理器.资源表情连击数据表,Res|Data|Game|Data|Mgr|Res|Emoji|Combo|Databin,
ResData.GameDataMgr.ResLobbyPointJumpDatabin,资源数据.游戏数据管理器.资源大厅点跳转数据表,Res|Data|Game|Data|Mgr|Res|Lobby|Point|Jump|Databin,
ResData.GameDataMgr.ResJumpTargetDatabin,资源数据.游戏数据管理器.资源跳转目标数据表,Res|Data|Game|Data|Mgr|Res|Jump|Target|Databin,
ResData.GameDataMgr.ResLobbyResDatabin,资源数据.游戏数据管理器.资源大厅资源数据表,Res|Data|Game|Data|Mgr|Res|Lobby|Res|Databin,
ResData.GameDataMgr.masterMatchPlacementPredictScoreParamDatabin,资源数据.游戏数据管理器.主匹配定级预测得分参数数据表,Res|Data|Game|Data|Mgr|master|Match|Placement|Predict|Score|Param|Databin,
ResData.GameDataMgr.masterGradeDatabin,资源数据.游戏数据管理器.主等级数据表,Res|Data|Game|Data|Mgr|master|Grade|Databin,
ResData.GameDataMgr.master10KGradeDatabin,资源数据.游戏数据管理器.主10K等级数据表,Res|Data|Game|Data|Mgr|master|10|K|Grade|Databin,
ResData.GameDataMgr.masterRewardDatabin,资源数据.游戏数据管理器.主奖励数据表,Res|Data|Game|Data|Mgr|master|Reward|Databin,
ResData.GameDataMgr.masterRewardShowDatabin,资源数据.游戏数据管理器.主奖励显示数据表,Res|Data|Game|Data|Mgr|master|Reward|Show|Databin,
ResData.GameDataMgr.masterEnergyDeductDatabin,资源数据.游戏数据管理器.主能量Deduct数据表,Res|Data|Game|Data|Mgr|master|Energy|Deduct|Databin,Deduct
ResData.GameDataMgr.ResMasterMatchLoadingRankNoShowDatabin,资源数据.游戏数据管理器.资源主匹配加载排行无显示数据表,Res|Data|Game|Data|Mgr|Res|Master|Match|Loading|Rank|No|Show|Databin,
ResData.GameDataMgr.masterPlacementMatchFrameResDatabin,资源数据.游戏数据管理器.主定级匹配帧资源数据表,Res|Data|Game|Data|Mgr|master|Placement|Match|Frame|Res|Databin,
ResData.GameDataMgr.ResGuishiWeaponCfgDatabin,资源数据.游戏数据管理器.资源Guishi武器配置数据表,Res|Data|Game|Data|Mgr|Res|Guishi|Weapon|Cfg|Databin,
ResData.GameDataMgr.ResGuishiItemSegmentCfgDatabin,资源数据.游戏数据管理器.资源Guishi道具分段配置数据表,Res|Data|Game|Data|Mgr|Res|Guishi|Item|Segment|Cfg|Databin,
ResData.GameDataMgr.ResGuishiWeaponPropertyCfgDatabin,资源数据.游戏数据管理器.资源Guishi武器属性配置数据表,Res|Data|Game|Data|Mgr|Res|Guishi|Weapon|Property|Cfg|Databin,
ResData.GameDataMgr.ResGuishiDrugCfgDatabin,资源数据.游戏数据管理器.资源GuishiDrug配置数据表,Res|Data|Game|Data|Mgr|Res|Guishi|Drug|Cfg|Databin,Drug
ResData.GameDataMgr.ResEnvGuishiInventoryItemCfgDatabin,资源数据.游戏数据管理器.资源环境Guishi背包道具配置数据表,Res|Data|Game|Data|Mgr|Res|Env|Guishi|Inventory|Item|Cfg|Databin,
ResData.GameDataMgr.ResGuishiKeywordsCfgDatabin,资源数据.游戏数据管理器.资源GuishiKeywords配置数据表,Res|Data|Game|Data|Mgr|Res|Guishi|Keywords|Cfg|Databin,Keywords
ResData.GameDataMgr.ResGuishiFootStepSoundCfgDatabin,资源数据.游戏数据管理器.资源GuishiFoot步长音效配置数据表,Res|Data|Game|Data|Mgr|Res|Guishi|Foot|Step|Sound|Cfg|Databin,Foot
ResData.GameDataMgr.ResGuishiItemDropRuleCfgDatabin,资源数据.游戏数据管理器.资源Guishi道具掉落规则配置数据表,Res|Data|Game|Data|Mgr|Res|Guishi|Item|Drop|Rule|Cfg|Databin,
ResData.GameDataMgr.ResGuishiItemDropCfgDatabin,资源数据.游戏数据管理器.资源Guishi道具掉落配置数据表,Res|Data|Game|Data|Mgr|Res|Guishi|Item|Drop|Cfg|Databin,
ResData.GameDataMgr.ResRebateCardCfgDatabin,资源数据.游戏数据管理器.资源返利卡牌配置数据表,Res|Data|Game|Data|Mgr|Res|Rebate|Card|Cfg|Databin,
ResData.GameDataMgr.commResVerticalBaseConfigDatabin,资源数据.游戏数据管理器.通信资源垂直基础配置数据表,Res|Data|Game|Data|Mgr|comm|Res|Vertical|Base|Config|Databin,
ResData.GameDataMgr.commResHorizontalBaseConfigDatabin,资源数据.游戏数据管理器.通信资源水平基础配置数据表,Res|Data|Game|Data|Mgr|comm|Res|Horizontal|Base|Config|Databin,
ResData.GameDataMgr.ResExternalPlatformJumpInfoDatabin,资源数据.游戏数据管理器.资源外部平台跳转信息数据表,Res|Data|Game|Data|Mgr|Res|External|Platform|Jump|Info|Databin,
ResData.GameDataMgr.ResPlayModeEntryDatabin,资源数据.游戏数据管理器.资源播放模式入口数据表,Res|Data|Game|Data|Mgr|Res|Play|Mode|Entry|Databin,
ResData.GameDataMgr.ResPlayModeGroupDatabin,资源数据.游戏数据管理器.资源播放模式分组数据表,Res|Data|Game|Data|Mgr|Res|Play|Mode|Group|Databin,
ResData.GameDataMgr.ResBackpackUsageLogicDatabin,资源数据.游戏数据管理器.资源Backpack用途逻辑数据表,Res|Data|Game|Data|Mgr|Res|Backpack|Usage|Logic|Databin,Backpack
ResData.GameDataMgr.ResSkillSelectHeroLevelExperienceConfDatabin,资源数据.游戏数据管理器.资源技能选择英雄等级经验配置数据表,Res|Data|Game|Data|Mgr|Res|Skill|Select|Hero|Level|Experience|Conf|Databin,
ResData.GameDataMgr.resonanceCrystalLevelDatabin,资源数据.游戏数据管理器.resonance水晶等级数据表,Res|Data|Game|Data|Mgr|resonance|Crystal|Level|Databin,resonance
ResData.GameDataMgr.ResSkillSelectMiscConfDatabin,资源数据.游戏数据管理器.资源技能选择杂项配置数据表,Res|Data|Game|Data|Mgr|Res|Skill|Select|Misc|Conf|Databin,
ResData.GameDataMgr.BattleRadialMenuDatabin,资源数据.游戏数据管理器.战斗径向菜单数据表,Res|Data|Game|Data|Mgr|Battle|Radial|Menu|Databin,
ResData.GameDataMgr.ResGamePlayIdentifyTypeConfDatabin,资源数据.游戏数据管理器.资源游戏播放Identify类型配置数据表,Res|Data|Game|Data|Mgr|Res|Game|Play|Identify|Type|Conf|Databin,Identify
ResData.GameDataMgr.ResGamePlaySeasonConfDatabin,资源数据.游戏数据管理器.资源游戏播放赛季配置数据表,Res|Data|Game|Data|Mgr|Res|Game|Play|Season|Conf|Databin,
ResData.GameDataMgr.ResGamePlayRatingGradeConfDatabin,资源数据.游戏数据管理器.资源游戏播放Rating等级配置数据表,Res|Data|Game|Data|Mgr|Res|Game|Play|Rating|Grade|Conf|Databin,Rating
ResData.GameDataMgr.ResGamePlaySomeThingConfDatabin,资源数据.游戏数据管理器.资源游戏播放SomeThing配置数据表,Res|Data|Game|Data|Mgr|Res|Game|Play|Some|Thing|Conf|Databin,Some Thing
ResData.GameDataMgr.ResInBattleEffectBuffRandomRuleCfgDatabin,资源数据.游戏数据管理器.资源内战斗效果增益随机规则配置数据表,Res|Data|Game|Data|Mgr|Res|In|Battle|Effect|Buff|Random|Rule|Cfg|Databin,
ResData.GameDataMgr.ResInBattleEffectBuyCfgDatabin,资源数据.游戏数据管理器.资源内战斗效果购买配置数据表,Res|Data|Game|Data|Mgr|Res|In|Battle|Effect|Buy|Cfg|Databin,
ResData.GameDataMgr.ResInBattleEffectHeroFilterCfgDatabin,资源数据.游戏数据管理器.资源内战斗效果英雄过滤配置数据表,Res|Data|Game|Data|Mgr|Res|In|Battle|Effect|Hero|Filter|Cfg|Databin,
ResData.GameDataMgr.ResFootBallEndlessRewardConfDatabin,资源数据.游戏数据管理器.资源Foot球Endless奖励配置数据表,Res|Data|Game|Data|Mgr|Res|Foot|Ball|Endless|Reward|Conf|Databin,Foot Endless
ResData.GameDataMgr.ResHeroGroupDatabin,资源数据.游戏数据管理器.资源英雄分组数据表,Res|Data|Game|Data|Mgr|Res|Hero|Group|Databin,
ResData.GameDataMgr.LimitTimeEmojiComboInfoDataBin,资源数据.游戏数据管理器.限制时间表情连击信息数据二进制,Res|Data|Game|Data|Mgr|Limit|Time|Emoji|Combo|Info|Data|Bin,
ResData.GameDataMgr.LimitTimeSpecEmojiDataBin,资源数据.游戏数据管理器.限制时间规格表情数据二进制,Res|Data|Game|Data|Mgr|Limit|Time|Spec|Emoji|Data|Bin,
ResData.GameDataMgr.ResRemoteMomentOnDemandBubbleSkinDatabin,资源数据.游戏数据管理器.资源远程Moment开需求气泡皮肤数据表,Res|Data|Game|Data|Mgr|Res|Remote|Moment|On|Demand|Bubble|Skin|Databin,Moment
ResData.GameDataMgr.ResGamePlayRelicDatabin,资源数据.游戏数据管理器.资源游戏播放Relic数据表,Res|Data|Game|Data|Mgr|Res|Game|Play|Relic|Databin,Relic
ResData.GameDataMgr.ResGamePlayRelicStarLevelDatabin,资源数据.游戏数据管理器.资源游戏播放Relic星等级数据表,Res|Data|Game|Data|Mgr|Res|Game|Play|Relic|Star|Level|Databin,Relic
ResData.GameDataMgr.ResRelicBlindBoxDropRuleDatabin,资源数据.游戏数据管理器.资源RelicBlind盒掉落规则数据表,Res|Data|Game|Data|Mgr|Res|Relic|Blind|Box|Drop|Rule|Databin,Relic Blind
ResData.GameDataMgr.ResGamePlayRelicEntryDatabin,资源数据.游戏数据管理器.资源游戏播放Relic入口数据表,Res|Data|Game|Data|Mgr|Res|Game|Play|Relic|Entry|Databin,Relic
ResData.GameDataMgr.ResBackflowGameplayPrivilegeSubConfDatabin,资源数据.游戏数据管理器.资源回流玩法特权子配置数据表,Res|Data|Game|Data|Mgr|Res|Backflow|Gameplay|Privilege|Sub|Conf|Databin,
ResData.GameDataMgr.ResBackflowSkinPrivilegeSkinConfDatabin,资源数据.游戏数据管理器.资源回流皮肤特权皮肤配置数据表,Res|Data|Game|Data|Mgr|Res|Backflow|Skin|Privilege|Skin|Conf|Databin,
ResData.GameDataMgr.ResBackflowSkinPrivilegeLeaveConfDatabin,资源数据.游戏数据管理器.资源回流皮肤特权离开配置数据表,Res|Data|Game|Data|Mgr|Res|Backflow|Skin|Privilege|Leave|Conf|Databin,
ResData.GameDataMgr.ResBackflowSkinPrivilegeSkinUnlockConfDatabin,资源数据.游戏数据管理器.资源回流皮肤特权皮肤解锁配置数据表,Res|Data|Game|Data|Mgr|Res|Backflow|Skin|Privilege|Skin|Unlock|Conf|Databin,
ResData.GameDataMgr.ResBackflowSkinPrivilegeSkinExpConfDatabin,资源数据.游戏数据管理器.资源回流皮肤特权皮肤经验配置数据表,Res|Data|Game|Data|Mgr|Res|Backflow|Skin|Privilege|Skin|Exp|Conf|Databin,
ResData.GameDataMgr.PermanentCurrencyDatabin,资源数据.游戏数据管理器.永久货币数据表,Res|Data|Game|Data|Mgr|Permanent|Currency|Databin,
ResData.GameDataMgr.LimitCurrencyDatabin,资源数据.游戏数据管理器.限制货币数据表,Res|Data|Game|Data|Mgr|Limit|Currency|Databin,
ResData.GameDataMgr.LimitCurrencyBaseInfoDatabin,资源数据.游戏数据管理器.限制货币基础信息数据表,Res|Data|Game|Data|Mgr|Limit|Currency|Base|Info|Databin,
ResData.GameDataMgr.currencyFirstGetGuideDatabin,资源数据.游戏数据管理器.货币首个获取引导数据表,Res|Data|Game|Data|Mgr|currency|First|Get|Guide|Databin,
ResData.GameDataMgr.friendCrossGameStrategyCfgDatabin,资源数据.游戏数据管理器.友方交叉游戏策略配置数据表,Res|Data|Game|Data|Mgr|friend|Cross|Game|Strategy|Cfg|Databin,
ResData.GameDataMgr.ResCurrencySortPriorityDatabin,资源数据.游戏数据管理器.资源货币排序优先级数据表,Res|Data|Game|Data|Mgr|Res|Currency|Sort|Priority|Databin,
ResData.GameDataMgr.ResCampusProvinceChatDatabin,资源数据.游戏数据管理器.资源校园Province聊天数据表,Res|Data|Game|Data|Mgr|Res|Campus|Province|Chat|Databin,Province
ResData.GameDataMgr.ResRebateInfoDatabin,资源数据.游戏数据管理器.资源返利信息数据表,Res|Data|Game|Data|Mgr|Res|Rebate|Info|Databin,
ResData.GameDataMgr.ResMallQRCodeBuyConfigDatabin,资源数据.游戏数据管理器.资源商城QR码购买配置数据表,Res|Data|Game|Data|Mgr|Res|Mall|QR|Code|Buy|Config|Databin,QR
ResData.GameDataMgr,资源数据.游戏数据管理器,Res|Data|Game|Data|Mgr,
ResData.ErrorCode,资源数据.错误码,Res|Data|Error|Code,
ResData.ResDT_ParamString,资源数据.资源数据表参数字符串,Res|Data|Res|DT|Param|String,
ResData.ResDT_CommonString,资源数据.资源数据表通用字符串,Res|Data|Res|DT|Common|String,
ResData.ResDT_Common_Draw,资源数据.资源数据表通用抽奖,Res|Data|Res|DT|Common|Draw,
ResData.ResDT_RewardItem,资源数据.资源数据表奖励道具,Res|Data|Res|DT|Reward|Item,
ResData.ResDT_NodeItem,资源数据.资源数据表节点道具,Res|Data|Res|DT|Node|Item,
ResData.ResActorLinesInfo,资源数据.资源角色Lines信息,Res|Data|Res|Actor|Lines|Info,Lines
ResData.ResMentorPrivilege,资源数据.资源Mentor特权,Res|Data|Res|Mentor|Privilege,Mentor
ResData.ResGuideTipInfo,资源数据.资源引导提示信息,Res|Data|Res|Guide|Tip|Info,
ResData.ResDT_IntParamArrayNode,资源数据.资源数据表整数参数数组节点,Res|Data|Res|DT|Int|Param|Array|Node,
ResData.ResDT_Int64ParamArrayNode,资源数据.资源数据表整数64参数数组节点,Res|Data|Res|DT|Int|64|Param|Array|Node,
ResData.ResDT_PathParamArrayNode,资源数据.资源数据表路径参数数组节点,Res|Data|Res|DT|Path|Param|Array|Node,
ResData.ResDT_RewardInfo,资源数据.资源数据表奖励信息,Res|Data|Res|DT|Reward|Info,
ResData.ResDT_JumpForm,资源数据.资源数据表跳转形态,Res|Data|Res|DT|Jump|Form,
ResData.ResDT_PveRewardShowInfo,资源数据.资源数据表Pve奖励显示信息,Res|Data|Res|DT|Pve|Reward|Show|Info,Pve
ResData.ResDT_MapBuff,资源数据.资源数据表地图增益,Res|Data|Res|DT|Map|Buff,
ResData.ResDT_SkillInfo,资源数据.资源数据表技能信息,Res|Data|Res|DT|Skill|Info,
ResData.ResDT_CostInfo,资源数据.资源数据表消耗信息,Res|Data|Res|DT|Cost|Info,
ResData.ResMiniMapHeroDynamicScaleParam.<UpdateFrame_bytes>e__FixedBuffer,资源数据.资源迷你地图英雄动态缩放参数.<Update帧bytes>e固定缓冲,Res|Data|Res|Mini|Map|Hero|Dynamic|Scale|Param|<Update|Frame|bytes>e|Fixed|Buffer,<Update bytes>e
ResData.ResMiniMapHeroDynamicScaleParam,资源数据.资源迷你地图英雄动态缩放参数,Res|Data|Res|Mini|Map|Hero|Dynamic|Scale|Param,
ResData.ResMiniMapDynScaleCallActorParam,资源数据.资源迷你地图Dyn缩放调用角色参数,Res|Data|Res|Mini|Map|Dyn|Scale|Call|Actor|Param,Dyn
ResData.ResDT_ShenfuDrop,资源数据.资源数据表神符掉落,Res|Data|Res|DT|Shenfu|Drop,
ResData.ResItemIDToMonsterID,资源数据.资源道具ID到野怪ID,Res|Data|Res|Item|ID|To|Monster|ID,
ResData.ResBreakMeterConfig,资源数据.资源打断Meter配置,Res|Data|Res|Break|Meter|Config,Meter
ResData.ResMutexMiniIconGroupPriority.<szPriorities_bytes>e__FixedBuffer,资源数据.资源Mutex迷你图标分组优先级.<szPrioritiesbytes>e固定缓冲,Res|Data|Res|Mutex|Mini|Icon|Group|Priority|<sz|Priorities|bytes>e|Fixed|Buffer,Mutex <sz Priorities bytes>e
ResData.ResMutexMiniIconGroupPriority,资源数据.资源Mutex迷你图标分组优先级,Res|Data|Res|Mutex|Mini|Icon|Group|Priority,Mutex
ResData.DynamicAttributeInfo,资源数据.动态属性信息,Res|Data|Dynamic|Attribute|Info,
ResData.ResDT_SkillDescription,资源数据.资源数据表技能描述,Res|Data|Res|DT|Skill|Description,
ResData.ResDT_SkillEffectTagItem,资源数据.资源数据表技能效果标签道具,Res|Data|Res|DT|Skill|Effect|Tag|Item,
ResData.ResDT_SkillMultiIndicatorInfo,资源数据.资源数据表技能多重指示器信息,Res|Data|Res|DT|Skill|Multi|Indicator|Info,
ResData.ResDT_SkillSpecialDynamicIndicatorInfo,资源数据.资源数据表技能特殊动态指示器信息,Res|Data|Res|DT|Skill|Special|Dynamic|Indicator|Info,
ResData.ResDT_HighlightDelayTrigger,资源数据.资源数据表高亮延迟触发,Res|Data|Res|DT|Highlight|Delay|Trigger,
ResData.ResDT_HighlightCompare,资源数据.资源数据表高亮比较,Res|Data|Res|DT|Highlight|Compare,
ResData.ResDT_HighlightSkin,资源数据.资源数据表高亮皮肤,Res|Data|Res|DT|Highlight|Skin,
ResData.ResDT_HighlightSkinEffect,资源数据.资源数据表高亮皮肤效果,Res|Data|Res|DT|Highlight|Skin|Effect,
ResData.ResDT_SkillMarkLayerEffectName,资源数据.资源数据表技能标记层效果名称,Res|Data|Res|DT|Skill|Mark|Layer|Effect|Name,
ResData.ResSkillCombineHurtInfo,资源数据.资源技能合并伤害信息,Res|Data|Res|Skill|Combine|Hurt|Info,
ResData.ResSkillCombineShowPriority,资源数据.资源技能合并显示优先级,Res|Data|Res|Skill|Combine|Show|Priority,
ResData.ResBuffRmvInfo,资源数据.资源增益移除信息,Res|Data|Res|Buff|Rmv|Info,
ResData.ResBuffKillShowInfo,资源数据.资源增益击杀显示信息,Res|Data|Res|Buff|Kill|Show|Info,
ResData.ResPropertyBonusInfo,资源数据.资源属性Bonus信息,Res|Data|Res|Property|Bonus|Info,Bonus
ResData.ResCustomPropertyBonusInfo,资源数据.资源自定义属性Bonus信息,Res|Data|Res|Custom|Property|Bonus|Info,Bonus
ResData.ResPVETalentUnlockInfo,资源数据.资源PVE天赋解锁信息,Res|Data|Res|PVE|Talent|Unlock|Info,
ResData.ResSoldierTypeInfo,资源数据.资源小兵类型信息,Res|Data|Res|Soldier|Type|Info,
ResData.ResSoldierWaveBranchInfo,资源数据.资源小兵波次分支信息,Res|Data|Res|Soldier|Wave|Branch|Info,
ResData.ResDT_Item_Info,资源数据.资源数据表道具信息,Res|Data|Res|DT|Item|Info,
ResData.ResDT_Item_SimpInfo,资源数据.资源数据表道具Simp信息,Res|Data|Res|DT|Item|Simp|Info,Simp
ResData.ResGlobalInfo,资源数据.资源全局信息,Res|Data|Res|Global|Info,
ResData.ResMiscInfo,资源数据.资源杂项信息,Res|Data|Res|Misc|Info,
ResData.ResLogicTextMap,资源数据.资源逻辑文本地图,Res|Data|Res|Logic|Text|Map,
ResData.ResSvr2GameCoreInfo,资源数据.资源服务端2游戏核心信息,Res|Data|Res|Svr|2|Game|Core|Info,
ResData.ResBattleGlobalTxtInfo,资源数据.资源战斗全局文本信息,Res|Data|Res|Battle|Global|Txt|Info,
ResData.ResSvr2CliGlobalTxtInfo,资源数据.资源服务端2Cli全局文本信息,Res|Data|Res|Svr|2|Cli|Global|Txt|Info,Cli
ResData.ResDT_ItemSrc_Info,资源数据.资源数据表道具来源信息,Res|Data|Res|DT|Item|Src|Info,
ResData.ResItemOverLimitConvert,资源数据.资源道具超过限制转换,Res|Data|Res|Item|Over|Limit|Convert,
ResData.ResDT_Optional_Reward_info,资源数据.资源数据表Optional奖励信息,Res|Data|Res|DT|Optional|Reward|info,Optional
ResData.ResDT_Optional_Discount_Info,资源数据.资源数据表Optional折扣信息,Res|Data|Res|DT|Optional|Discount|Info,Optional
ResData.ResDT_CurrencyInfo,资源数据.资源数据表货币信息,Res|Data|Res|DT|Currency|Info,
ResData.ResItemTypeGradeCfg,资源数据.资源道具类型等级配置,Res|Data|Res|Item|Type|Grade|Cfg,
ResData.ResHeroZhoubianCfg,资源数据.资源英雄Zhoubian配置,Res|Data|Res|Hero|Zhoubian|Cfg,Zhoubian
ResData.ResHeroCaptureOffsetCfg,资源数据.资源英雄Capture偏移配置,Res|Data|Res|Hero|Capture|Offset|Cfg,Capture
ResData.ResShopZhoubianCfg,资源数据.资源商店Zhoubian配置,Res|Data|Res|Shop|Zhoubian|Cfg,Zhoubian
ResData.ResShopBubbleJumpCfg,资源数据.资源商店气泡跳转配置,Res|Data|Res|Shop|Bubble|Jump|Cfg,
ResData.ResDT_SpecSale_RegisterInfo,资源数据.资源数据表规格出售Register信息,Res|Data|Res|DT|Spec|Sale|Register|Info,Register
ResData.ResSpecSaleTabInfo,资源数据.资源规格出售页签信息,Res|Data|Res|Spec|Sale|Tab|Info,
ResData.ResDT_RandDraw_RewardPool,资源数据.资源数据表随机抽奖奖励池,Res|Data|Res|DT|Rand|Draw|Reward|Pool,
ResData.ResRareExchange,资源数据.资源稀有交换,Res|Data|Res|Rare|Exchange,
ResData.ResRareExchangeTabInfo,资源数据.资源稀有交换页签信息,Res|Data|Res|Rare|Exchange|Tab|Info,
ResData.ResDT_FuncEft_Obj,资源数据.资源数据表函数Eft对象,Res|Data|Res|DT|Func|Eft|Obj,Eft
ResData.ResSocialEnum,资源数据.资源Social枚举,Res|Data|Res|Social|Enum,Social
ResData.ResSocialTags,资源数据.资源Social标签,Res|Data|Res|Social|Tags,Social
ResData.ResFriendPlayMode,资源数据.资源友方播放模式,Res|Data|Res|Friend|Play|Mode,
ResData.ResSymbolPos,资源数据.资源铭文位置,Res|Data|Res|Symbol|Pos,
ResData.ResSymbolRcmdCountRule,资源数据.资源铭文推荐计数规则,Res|Data|Res|Symbol|Rcmd|Count|Rule,
ResData.ResHeroSymbolLvl,资源数据.资源英雄铭文等级,Res|Data|Res|Hero|Symbol|Lvl,
ResData.ResSymbolCoinEffect,资源数据.资源铭文金币效果,Res|Data|Res|Symbol|Coin|Effect,
ResData.ResAcntExpInfo,资源数据.资源账号经验信息,Res|Data|Res|Acnt|Exp|Info,
ResData.ResAcntPvpExpInfo,资源数据.资源账号竞技经验信息,Res|Data|Res|Acnt|Pvp|Exp|Info,
ResData.ResDT_CustomTeamTaskReward,资源数据.资源数据表自定义队伍任务奖励,Res|Data|Res|DT|Custom|Team|Task|Reward,
ResData.ResTaskTriggerInfo,资源数据.资源任务触发信息,Res|Data|Res|Task|Trigger|Info,
ResData.ResTaskRewardDetail,资源数据.资源任务奖励细节,Res|Data|Res|Task|Reward|Detail,
ResData.ResMidisTask,资源数据.资源Midis任务,Res|Data|Res|Midis|Task,Midis
ResData.ResTaskMedia,资源数据.资源任务Media,Res|Data|Res|Task|Media,Media
ResData.ResPrayerCheckInBatch,资源数据.资源Prayer检查内批次,Res|Data|Res|Prayer|Check|In|Batch,Prayer
ResData.ResPrayerCheckIn,资源数据.资源Prayer检查内,Res|Data|Res|Prayer|Check|In,Prayer
ResData.ResPrayerCheckInQuality,资源数据.资源Prayer检查内品质,Res|Data|Res|Prayer|Check|In|Quality,Prayer
ResData.ResPrayerCheckInSexagenaryYear,资源数据.资源Prayer检查内Sexagenary年,Res|Data|Res|Prayer|Check|In|Sexagenary|Year,Prayer Sexagenary
ResData.ResPrayerCheckInZodiacHour,资源数据.资源Prayer检查内ZodiacHour,Res|Data|Res|Prayer|Check|In|Zodiac|Hour,Prayer Zodiac Hour
ResData.ResPrayerCheckInFestival,资源数据.资源Prayer检查内节日,Res|Data|Res|Prayer|Check|In|Festival,Prayer
ResData.ResPrayerCheckInAnswer,资源数据.资源Prayer检查内Answer,Res|Data|Res|Prayer|Check|In|Answer,Prayer Answer
ResData.ResDT_RandomRewardInfo,资源数据.资源数据表随机奖励信息,Res|Data|Res|DT|Random|Reward|Info,
ResData.ResDT_DefineRewardInfo,资源数据.资源数据表Define奖励信息,Res|Data|Res|DT|Define|Reward|Info,Define
ResData.ResDT_ChapterRewardInfo,资源数据.资源数据表章节奖励信息,Res|Data|Res|DT|Chapter|Reward|Info,
ResData.ResDT_CompensateInfo,资源数据.资源数据表补偿信息,Res|Data|Res|DT|Compensate|Info,
ResData.ResSceneBrightnessSet,资源数据.资源场景Brightness设置,Res|Data|Res|Scene|Brightness|Set,Brightness
ResData.ResRenderCullingExclude,资源数据.资源渲染Culling排除,Res|Data|Res|Render|Culling|Exclude,Culling
ResData.ResNominateParam,资源数据.资源Nominate参数,Res|Data|Res|Nominate|Param,Nominate
ResData.ResStateShowParam,资源数据.资源状态显示参数,Res|Data|Res|State|Show|Param,
ResData.ResDt_EasyInOutInfo,资源数据.资源数据表简单内外信息,Res|Data|Res|Dt|Easy|In|Out|Info,
ResData.ResDT_CustomUseable,资源数据.资源数据表自定义Useable,Res|Data|Res|DT|Custom|Useable,Useable
ResData.ResUGCHistoryDetail,资源数据.资源UGC历史细节,Res|Data|Res|UGC|History|Detail,
ResData.ResCampPlayerInfo,资源数据.资源阵营玩家信息,Res|Data|Res|Camp|Player|Info,
ResData.ResGuildMatchSeasonConf,资源数据.资源公会匹配赛季配置,Res|Data|Res|Guild|Match|Season|Conf,
ResData.ResActTime,资源数据.资源活动时间,Res|Data|Res|Act|Time,
ResData.ResTextData,资源数据.资源文本数据,Res|Data|Res|Text|Data,
ResData.ResHeroSelectTextData,资源数据.资源英雄选择文本数据,Res|Data|Res|Hero|Select|Text|Data,
ResData.ResShopPromotion,资源数据.资源商店晋级,Res|Data|Res|Shop|Promotion,
ResData.ResHeroProficiency,资源数据.资源英雄熟练度,Res|Data|Res|Hero|Proficiency,
ResData.ResAcntKeyList,资源数据.资源账号键列表,Res|Data|Res|Acnt|Key|List,
ResData.ResText,资源数据.资源文本,Res|Data|Res|Text,
ResData.ResRuleText,资源数据.资源规则文本,Res|Data|Res|Rule|Text,
ResData.ResDefeatBarrageText,资源数据.资源Defeat弹幕文本,Res|Data|Res|Defeat|Barrage|Text,Defeat
ResData.ResNationMatchMsgBoard,资源数据.资源国家匹配消息Board,Res|Data|Res|Nation|Match|Msg|Board,Board
ResData.ResDT_APRefresh_Info,资源数据.资源数据表法术刷新信息,Res|Data|Res|DT|AP|Refresh|Info,
ResData.ResShopRefreshCost,资源数据.资源商店刷新消耗,Res|Data|Res|Shop|Refresh|Cost,
ResData.ResDT_SubStore_Info,资源数据.资源数据表子商店信息,Res|Data|Res|DT|Sub|Store|Info,
ResData.NewbieGuideTriggerTimeItem.<Param_bytes>e__FixedBuffer,资源数据.新手引导触发时间道具.<Parambytes>e固定缓冲,Res|Data|Newbie|Guide|Trigger|Time|Item|<Param|bytes>e|Fixed|Buffer,<Param bytes>e
ResData.NewbieGuideTriggerTimeItem,资源数据.新手引导触发时间道具,Res|Data|Newbie|Guide|Trigger|Time|Item,
ResData.NewbieGuideTriggerConditionItem.<Param_bytes>e__FixedBuffer,资源数据.新手引导触发条件道具.<Parambytes>e固定缓冲,Res|Data|Newbie|Guide|Trigger|Condition|Item|<Param|bytes>e|Fixed|Buffer,<Param bytes>e
ResData.NewbieGuideTriggerConditionItem,资源数据.新手引导触发条件道具,Res|Data|Newbie|Guide|Trigger|Condition|Item,
ResData.NewbieGuideSkipConditionItem.<Param_bytes>e__FixedBuffer,资源数据.新手引导跳过条件道具.<Parambytes>e固定缓冲,Res|Data|Newbie|Guide|Skip|Condition|Item|<Param|bytes>e|Fixed|Buffer,<Param bytes>e
ResData.NewbieGuideSkipConditionItem,资源数据.新手引导跳过条件道具,Res|Data|Newbie|Guide|Skip|Condition|Item,
ResData.NewbieGuideWeakConf.<Param_bytes>e__FixedBuffer,资源数据.新手引导Weak配置.<Parambytes>e固定缓冲,Res|Data|Newbie|Guide|Weak|Conf|<Param|bytes>e|Fixed|Buffer,Weak <Param bytes>e
ResData.NewbieGuideWeakConf,资源数据.新手引导Weak配置,Res|Data|Newbie|Guide|Weak|Conf,Weak
ResData.NewbieGuideStrParm,资源数据.新手引导字符串Parm,Res|Data|Newbie|Guide|Str|Parm,Parm
ResData.ResDT_MapUniq,资源数据.资源数据表地图Uniq,Res|Data|Res|DT|Map|Uniq,Uniq
ResData.ResWarmPlayConf,资源数据.资源热身播放配置,Res|Data|Res|Warm|Play|Conf,
ResData.ResDT_JungleTimeData,资源数据.资源数据表野区时间数据,Res|Data|Res|DT|Jungle|Time|Data,
ResData.ResAIJungleParamConf,资源数据.资源AI野区参数配置,Res|Data|Res|AI|Jungle|Param|Conf,
ResData.ResAIJungleReflectConf,资源数据.资源AI野区反射配置,Res|Data|Res|AI|Jungle|Reflect|Conf,
ResData.NewbieGuideSpecialTipConf,资源数据.新手引导特殊提示配置,Res|Data|Newbie|Guide|Special|Tip|Conf,
ResData.NewbieGuideBannerPicStr,资源数据.新手引导横幅图片字符串,Res|Data|Newbie|Guide|Banner|Pic|Str,
ResData.GradeConfig,资源数据.等级配置,Res|Data|Grade|Config,
ResData.CommonBubbleTipsConf,资源数据.通用气泡提示配置,Res|Data|Common|Bubble|Tips|Conf,
ResData.NewFlagConf,资源数据.新标记配置,Res|Data|New|Flag|Conf,
ResData.CommonGuideTipsBoxConf,资源数据.通用引导提示盒配置,Res|Data|Common|Guide|Tips|Box|Conf,
ResData.WeightBubbleHintCfg,资源数据.权重气泡Hint配置,Res|Data|Weight|Bubble|Hint|Cfg,Hint
ResData.ResRankKingSubGradeConf,资源数据.资源排行King子等级配置,Res|Data|Res|Rank|King|Sub|Grade|Conf,King
ResData.ResMaster10KMatchGradeConf,资源数据.资源主10K匹配等级配置,Res|Data|Res|Master|10|K|Match|Grade|Conf,
ResData.ResMasterMatchPlacementPredictScoreParamCfg,资源数据.资源主匹配定级预测得分参数配置,Res|Data|Res|Master|Match|Placement|Predict|Score|Param|Cfg,
ResData.ResSoulLvlUpInfo,资源数据.资源灵魂等级上信息,Res|Data|Res|Soul|Lvl|Up|Info,
ResData.ResDT_AllocRuleParam,资源数据.资源数据表Alloc规则参数,Res|Data|Res|DT|Alloc|Rule|Param,Alloc
ResData.ResSoulAddition,资源数据.资源灵魂附加,Res|Data|Res|Soul|Addition,
ResData.ResIncomeDamageRule,资源数据.资源收益伤害规则,Res|Data|Res|Income|Damage|Rule,
ResData.ResBattleDynamicProperty,资源数据.资源战斗动态属性,Res|Data|Res|Battle|Dynamic|Property,
ResData.ResBattleDynamicDifficulty,资源数据.资源战斗动态难度,Res|Data|Res|Battle|Dynamic|Difficulty,
ResData.ResGameTask,资源数据.资源游戏任务,Res|Data|Res|Game|Task,
ResData.ResGameTaskGroup,资源数据.资源游戏任务分组,Res|Data|Res|Game|Task|Group,
ResData.ResGuildMisc,资源数据.资源公会杂项,Res|Data|Res|Guild|Misc,
ResData.ResGuildIcon,资源数据.资源公会图标,Res|Data|Res|Guild|Icon,
ResData.ResDT_GuildAddRateInfo,资源数据.资源数据表公会添加速率信息,Res|Data|Res|DT|Guild|Add|Rate|Info,
ResData.ResGuildPersonalPoints,资源数据.资源公会Personal积分,Res|Data|Res|Guild|Personal|Points,Personal
ResData.ResGuildMatchConWinAddtion,资源数据.资源公会匹配Con胜利Addtion,Res|Data|Res|Guild|Match|Con|Win|Addtion,Con Addtion
ResData.ResRewardIconOfGuild,资源数据.资源奖励图标的公会,Res|Data|Res|Reward|Icon|Of|Guild,
ResData.ResGuildLevel,资源数据.资源公会等级,Res|Data|Res|Guild|Level,
ResData.ResGuildMoneyDonate,资源数据.资源公会货币Donate,Res|Data|Res|Guild|Money|Donate,Donate
ResData.ResGuildMemberReward,资源数据.资源公会成员奖励,Res|Data|Res|Guild|Member|Reward,
ResData.ResGuildBindReward,资源数据.资源公会绑定奖励,Res|Data|Res|Guild|Bind|Reward,
ResData.ResGuildLevelUpRankPoint,资源数据.资源公会等级上排行点,Res|Data|Res|Guild|Level|Up|Rank|Point,
ResData.ResGuildRankReward,资源数据.资源公会排行奖励,Res|Data|Res|Guild|Rank|Reward,
ResData.ResSignalInfo,资源数据.资源信号信息,Res|Data|Res|Signal|Info,
ResData.ResGuildGradeConf,资源数据.资源公会等级配置,Res|Data|Res|Guild|Grade|Conf,
ResData.ResGuildShopStarIndexConf,资源数据.资源公会商店星索引配置,Res|Data|Res|Guild|Shop|Star|Index|Conf,
ResData.ResDT_GuildMatchSeasonReward,资源数据.资源数据表公会匹配赛季奖励,Res|Data|Res|DT|Guild|Match|Season|Reward,
ResData.ResDT_GuildHuoYueReward,资源数据.资源数据表公会HuoYue奖励,Res|Data|Res|DT|Guild|Huo|Yue|Reward,Huo Yue
ResData.RedEnvelopeValSelectStepParam,资源数据.红Envelope值选择步长参数,Res|Data|Red|Envelope|Val|Select|Step|Param,Envelope
ResData.ResDT_SkinRed_ResPath,资源数据.资源数据表皮肤红资源路径,Res|Data|Res|DT|Skin|Red|Res|Path,
ResData.ResRedEnvelopeCatalog,资源数据.资源红EnvelopeCatalog,Res|Data|Res|Red|Envelope|Catalog,Envelope Catalog
ResData.ResRedEnvelopeDisplayConf,资源数据.资源红Envelope显示配置,Res|Data|Res|Red|Envelope|Display|Conf,Envelope
ResData.ResRedEnvelopeCoverConf,资源数据.资源红EnvelopeCover配置,Res|Data|Res|Red|Envelope|Cover|Conf,Envelope Cover
ResData.ResCommonMsg,资源数据.资源通用消息,Res|Data|Res|Common|Msg,
ResData.ResTalentLib,资源数据.资源天赋库,Res|Data|Res|Talent|Lib,
ResData.ResBurningReward,资源数据.资源Burning奖励,Res|Data|Res|Burning|Reward,Burning
ResData.ResBurningBuff,资源数据.资源Burning增益,Res|Data|Res|Burning|Buff,Burning
ResData.HeroJobFeature,资源数据.英雄Job特性,Res|Data|Hero|Job|Feature,Job
ResData.ResFateHeroProficiencyBonus,资源数据.资源Fate英雄熟练度Bonus,Res|Data|Res|Fate|Hero|Proficiency|Bonus,Fate Bonus
ResData.ResFateHeroAsset,资源数据.资源Fate英雄资源,Res|Data|Res|Fate|Hero|Asset,Fate
ResData.ResDT_NewHeroActivityInfo,资源数据.资源数据表新英雄活动信息,Res|Data|Res|DT|New|Hero|Activity|Info,
ResData.ResKingTitle,资源数据.资源King标题,Res|Data|Res|King|Title,King
ResData.ResHeroTaoShaLevelValue,资源数据.资源英雄TaoSha等级值,Res|Data|Res|Hero|Tao|Sha|Level|Value,Tao Sha
ResData.ResHeroTaoShaMaxAddBuff,资源数据.资源英雄TaoSha最大添加增益,Res|Data|Res|Hero|Tao|Sha|Max|Add|Buff,Tao Sha
ResData.ResDT_TaoshaFP,资源数据.资源数据表淘沙FP,Res|Data|Res|DT|Taosha|FP,FP
ResData.ResHeroCampBuff,资源数据.资源英雄阵营增益,Res|Data|Res|Hero|Camp|Buff,
ResData.ResDT_EnergyState,资源数据.资源数据表能量状态,Res|Data|Res|DT|Energy|State,
ResData.ResDT_RegisterSale_Info,资源数据.资源数据表Register出售信息,Res|Data|Res|DT|Register|Sale|Info,Register
ResData.ResHeroVedioIntro,资源数据.资源英雄Vedio开场,Res|Data|Res|Hero|Vedio|Intro,Vedio
ResData.ResDT_SkinFeature,资源数据.资源数据表皮肤特性,Res|Data|Res|DT|Skin|Feature,
ResData.ResDT_SkinVoice,资源数据.资源数据表皮肤语音,Res|Data|Res|DT|Skin|Voice,
ResData.ResDT_MallHotRecommendItem,资源数据.资源数据表商城热门推荐道具,Res|Data|Res|DT|Mall|Hot|Recommend|Item,
ResData.ResMall94Classify,资源数据.资源商城94Classify,Res|Data|Res|Mall|94|Classify,Classify
ResData.ResMall94HomeTab,资源数据.资源商城94基地页签,Res|Data|Res|Mall|94|Home|Tab,
ResData.ResMallHotRecommendDistribution,资源数据.资源商城热门推荐Distribution,Res|Data|Res|Mall|Hot|Recommend|Distribution,Distribution
ResData.ResMallHotRecommendVideoPoster,资源数据.资源商城热门推荐视频Poster,Res|Data|Res|Mall|Hot|Recommend|Video|Poster,Poster
ResData.ResSeriesSkinKillText,资源数据.资源系列皮肤击杀文本,Res|Data|Res|Series|Skin|Kill|Text,
ResData.ResCouponReplace,资源数据.资源点券替换,Res|Data|Res|Coupon|Replace,
ResData.ResSkinQualityPicInfo,资源数据.资源皮肤品质图片信息,Res|Data|Res|Skin|Quality|Pic|Info,
ResData.ResDT_WanderShopProduct,资源数据.资源数据表Wander商店商品,Res|Data|Res|DT|Wander|Shop|Product,Wander
ResData.ResDT_WanderShopICON,资源数据.资源数据表Wander商店图标,Res|Data|Res|DT|Wander|Shop|ICON,Wander
ResData.ResBattleParam,资源数据.资源战斗参数,Res|Data|Res|Battle|Param,
ResData.ResNpcOfArena,资源数据.资源NPC的Arena,Res|Data|Res|Npc|Of|Arena,Arena
ResData.ResRobotName,资源数据.资源Robot名称,Res|Data|Res|Robot|Name,Robot
ResData.ResRobotSubNameA,资源数据.资源Robot子名称A,Res|Data|Res|Robot|Sub|Name|A,Robot
ResData.ResRobotSubNameB,资源数据.资源Robot子名称,Res|Data|Res|Robot|Sub|Name|B,Robot
ResData.ResRobotSubNameC,资源数据.资源Robot子名称C,Res|Data|Res|Robot|Sub|Name|C,Robot
ResData.ResRobotSubNameWithZone,资源数据.资源Robot子名称与区域,Res|Data|Res|Robot|Sub|Name|With|Zone,Robot
ResData.ResDT_WealCommon,资源数据.资源数据表福利通用,Res|Data|Res|DT|Weal|Common,
ResData.ResDT_WealCheckInDay,资源数据.资源数据表福利检查内天,Res|Data|Res|DT|Weal|Check|In|Day,
ResData.ResDT_WealFixedTimeReward,资源数据.资源数据表福利固定时间奖励,Res|Data|Res|DT|Weal|Fixed|Time|Reward,
ResData.ResDT_DateTime,资源数据.资源数据表日期时间,Res|Data|Res|DT|Date|Time,
ResData.ResDT_WealMultipleReward,资源数据.资源数据表福利多重奖励,Res|Data|Res|DT|Weal|Multiple|Reward,
ResData.ResPrivilegeHeroSkin,资源数据.资源特权英雄皮肤,Res|Data|Res|Privilege|Hero|Skin,
ResData.ResPreviewPrivilegeHeroSkin,资源数据.资源预览特权英雄皮肤,Res|Data|Res|Preview|Privilege|Hero|Skin,
ResData.ResAdvancedSkinCommercialUIIcon,资源数据.资源高级皮肤商业UI图标,Res|Data|Res|Advanced|Skin|Commercial|UI|Icon,
ResData.ResDT_WealStorageActivityInfo,资源数据.资源数据表福利Storage活动信息,Res|Data|Res|DT|Weal|Storage|Activity|Info,Storage
ResData.ResDT_PointExchange,资源数据.资源数据表点交换,Res|Data|Res|DT|Point|Exchange,
ResData.ResDT_WealStep_Info,资源数据.资源数据表福利步长信息,Res|Data|Res|DT|Weal|Step|Info,
ResData.ResDT_WealStepLogin_Circle,资源数据.资源数据表福利步长登录圆形,Res|Data|Res|DT|Weal|Step|Login|Circle,
ResData.WealEventID,资源数据.福利事件ID,Res|Data|Weal|Event|ID,
ResData.ResDT_WealStamp_RewardInfo,资源数据.资源数据表福利Stamp奖励信息,Res|Data|Res|DT|Weal|Stamp|Reward|Info,Stamp
ResData.ResDT_WealStamp_CellInfo,资源数据.资源数据表福利Stamp格子信息,Res|Data|Res|DT|Weal|Stamp|Cell|Info,Stamp
ResData.ResWealWeightEx,资源数据.资源福利权重扩展,Res|Data|Res|Weal|Weight|Ex,
ResData.ResPVPSpecItemLimit,资源数据.资源竞技规格道具限制,Res|Data|Res|PVP|Spec|Item|Limit,
ResData.ResArenaOneDayReward,资源数据.资源Arena一天奖励,Res|Data|Res|Arena|One|Day|Reward,Arena
ResData.ResClrCD,资源数据.资源Clr冷却,Res|Data|Res|Clr|CD,Clr
ResData.ResCouponsBuyInfo,资源数据.资源点券购买信息,Res|Data|Res|Coupons|Buy|Info,
ResData.ResAppStoreBuyInfo,资源数据.资源App商店购买信息,Res|Data|Res|App|Store|Buy|Info,App
ResData.ResClashAddition,资源数据.资源Clash附加,Res|Data|Res|Clash|Addition,Clash
ResData.ResRewardInfo,资源数据.资源奖励信息,Res|Data|Res|Reward|Info,
ResData.ResSettleAchievementWeight,资源数据.资源结算成就权重,Res|Data|Res|Settle|Achievement|Weight,
ResData.ResDT_PosTitleCond,资源数据.资源数据表位置标题条件,Res|Data|Res|DT|Pos|Title|Cond,
ResData.ResPosLvAwardConf,资源数据.资源位置等级奖励配置,Res|Data|Res|Pos|Lv|Award|Conf,
ResData.ResCallMonster,资源数据.资源调用野怪,Res|Data|Res|Call|Monster,
ResData.ResVIPCoupons.<DowngradeGiftIDs_bytes>e__FixedBuffer,资源数据.资源VIP点券.<Downgrade礼包IDbytes>e固定缓冲,Res|Data|Res|VIP|Coupons|<Downgrade|Gift|IDs|bytes>e|Fixed|Buffer,<Downgrade bytes>e
ResData.ResVIPCoupons.<UpgradeGiftIDs_bytes>e__FixedBuffer,资源数据.资源VIP点券.<Upgrade礼包IDbytes>e固定缓冲,Res|Data|Res|VIP|Coupons|<Upgrade|Gift|IDs|bytes>e|Fixed|Buffer,<Upgrade bytes>e
ResData.ResVIPCoupons,资源数据.资源VIP点券,Res|Data|Res|VIP|Coupons,
ResData.ResVipExpResource,资源数据.资源VIP经验资源,Res|Data|Res|Vip|Exp|Resource,
ResData.ResDT_VipRes,资源数据.资源数据表VIP资源,Res|Data|Res|DT|Vip|Res,
ResData.ResVipMainFirstPayEntryRule,资源数据.资源VIP主首个支付入口规则,Res|Data|Res|Vip|Main|First|Pay|Entry|Rule,
ResData.ResActivityEntryPoXiao.<Icon_bytes>e__FixedBuffer,资源数据.资源活动入口PoXiao.<Iconbytes>e固定缓冲,Res|Data|Res|Activity|Entry|Po|Xiao|<Icon|bytes>e|Fixed|Buffer,Po Xiao <Icon bytes>e
ResData.ResActivityEntryPoXiao,资源数据.资源活动入口PoXiao,Res|Data|Res|Activity|Entry|Po|Xiao,Po Xiao
ResData.ResSummerHolidaysHighLight,资源数据.资源SummerHolidays高光,Res|Data|Res|Summer|Holidays|High|Light,Summer Holidays
ResData.ResSummerHolidaysAchivement,资源数据.资源SummerHolidaysAchivement,Res|Data|Res|Summer|Holidays|Achivement,Summer Holidays Achivement
ResData.ResVIPShareHeroSkin,资源数据.资源VIP共享英雄皮肤,Res|Data|Res|VIP|Share|Hero|Skin,
ResData.ResRankSeasonConf,资源数据.资源排行赛季配置,Res|Data|Res|Rank|Season|Conf,
ResData.ResRankYearThemeConf,资源数据.资源排行年主题配置,Res|Data|Res|Rank|Year|Theme|Conf,
ResData.ResMasterRewardDetailInfo,资源数据.资源主奖励细节信息,Res|Data|Res|Master|Reward|Detail|Info,
ResData.ResHonorChallengeConf,资源数据.资源荣誉挑战配置,Res|Data|Res|Honor|Challenge|Conf,
ResData.ResExploreElementConf,资源数据.资源Explore元素配置,Res|Data|Res|Explore|Element|Conf,Explore
ResData.ResDT_LuckyDrawPool,资源数据.资源数据表幸运抽奖池,Res|Data|Res|DT|Lucky|Draw|Pool,
ResData.ResEggInfo,资源数据.资源Egg信息,Res|Data|Res|Egg|Info,Egg
ResData.ResDT_LuckDraw_Common,资源数据.资源数据表幸运抽奖通用,Res|Data|Res|DT|Luck|Draw|Common,
ResData.ResDT_LuckyDrawExternReward,资源数据.资源数据表幸运抽奖外部奖励,Res|Data|Res|DT|Lucky|Draw|Extern|Reward,
ResData.ResDT_LuckyNumberLevel,资源数据.资源数据表幸运数字等级,Res|Data|Res|DT|Lucky|Number|Level,
ResData.ResNobeInfo,资源数据.资源Nobe信息,Res|Data|Res|Nobe|Info,Nobe
ResData.ResVipProfitCfg,资源数据.资源VIP收益配置,Res|Data|Res|Vip|Profit|Cfg,
ResData.ResEffectCombine,资源数据.资源效果合并,Res|Data|Res|Effect|Combine,
ResData.ResActiveSkill,资源数据.资源激活技能,Res|Data|Res|Active|Skill,
ResData.ResEquipSwitchGroupInBattle,资源数据.资源装备切换分组内战斗,Res|Data|Res|Equip|Switch|Group|In|Battle,
ResData.ResHeroEquipLibraryIndexInBattle,资源数据.资源英雄装备Library索引内战斗,Res|Data|Res|Hero|Equip|Library|Index|In|Battle,Library
ResData.ResSuitEffectCombine,资源数据.资源套装效果合并,Res|Data|Res|Suit|Effect|Combine,
ResData.ResSuitPassiveSkill,资源数据.资源套装被动技能,Res|Data|Res|Suit|Passive|Skill,
ResData.ResRecommendEquipReplace,资源数据.资源推荐装备替换,Res|Data|Res|Recommend|Equip|Replace,
ResData.ResChangeName,资源数据.资源变更名称,Res|Data|Res|Change|Name,
ResData.ResDT_HuoYueDuReward_PeriodInfo,资源数据.资源数据表HuoYueDu奖励周期信息,Res|Data|Res|DT|Huo|Yue|Du|Reward|Period|Info,Huo Yue Du
ResData.ResDT_LevelReward_Info,资源数据.资源数据表等级奖励信息,Res|Data|Res|DT|Level|Reward|Info,
ResData.ResDT_LevelReward_UnlockInfo,资源数据.资源数据表等级奖励解锁信息,Res|Data|Res|DT|Level|Reward|Unlock|Info,
ResData.ResRedDotInfo,资源数据.资源红Dot信息,Res|Data|Res|Red|Dot|Info,Dot
ResData.ResPropertyValueInfo,资源数据.资源属性值信息,Res|Data|Res|Property|Value|Info,
ResData.ResAIHeroInfo,资源数据.资源AI英雄信息,Res|Data|Res|AI|Hero|Info,
ResData.ResPKAIBuffDesc,资源数据.资源PKAI增益描述,Res|Data|Res|PKAI|Buff|Desc,PKAI
ResData.ResPKAISingleTrainingLevelInfo,资源数据.资源PKAI单个训练等级信息,Res|Data|Res|PKAI|Single|Training|Level|Info,PKAI
ResData.ResMiShuInfo,资源数据.资源MiShu信息,Res|Data|Res|Mi|Shu|Info,Mi Shu
ResData.ResMiShuBannerInfo,资源数据.资源MiShu横幅信息,Res|Data|Res|Mi|Shu|Banner|Info,Mi Shu
ResData.ResJueWuEntryInfo,资源数据.资源JueWu入口信息,Res|Data|Res|Jue|Wu|Entry|Info,Jue Wu
ResData.ResMiShuTipsInfo,资源数据.资源MiShu提示信息,Res|Data|Res|Mi|Shu|Tips|Info,Mi Shu
ResData.ResMiShuGreetingInfo,资源数据.资源MiShu问候信息,Res|Data|Res|Mi|Shu|Greeting|Info,Mi Shu
ResData.ResXiaoDaJiFuncCardInfo,资源数据.资源Xiao大Ji函数卡牌信息,Res|Data|Res|Xiao|Da|Ji|Func|Card|Info,Xiao Ji
ResData.ResXiaoDaJiIntimacyBehaviorInfo,资源数据.资源Xiao大Ji亲密度行为信息,Res|Data|Res|Xiao|Da|Ji|Intimacy|Behavior|Info,Xiao Ji
ResData.ResXiaoDaJiIntimacyLevelInfo,资源数据.资源Xiao大Ji亲密度等级信息,Res|Data|Res|Xiao|Da|Ji|Intimacy|Level|Info,Xiao Ji
ResData.ResMiShuCardRankInfo,资源数据.资源MiShu卡牌排行信息,Res|Data|Res|Mi|Shu|Card|Rank|Info,Mi Shu
ResData.ResBanHeroDetail,资源数据.资源禁用英雄细节,Res|Data|Res|Ban|Hero|Detail,
ResData.ResDT_InBattle_VersionLimit,资源数据.资源数据表内战斗版本限制,Res|Data|Res|DT|In|Battle|Version|Limit,
ResData.ResBoutiqueConf,资源数据.资源Boutique配置,Res|Data|Res|Boutique|Conf,Boutique
ResData.ResBannerImage,资源数据.资源横幅图片,Res|Data|Res|Banner|Image,
ResData.ResHeadImage,资源数据.资源头部图片,Res|Data|Res|Head|Image,
ResData.ResHeadID,资源数据.资源头部ID,Res|Data|Res|Head|ID,
ResData.TowerHitConf,资源数据.防御塔命中配置,Res|Data|Tower|Hit|Conf,
ResData.ResDT_HonorLevel_Info,资源数据.资源数据表荣誉等级信息,Res|Data|Res|DT|Honor|Level|Info,
ResData.ResDT_VideoClipPlaySetting,资源数据.资源数据表视频剪辑播放设置,Res|Data|Res|DT|Video|Clip|Play|Setting,
ResData.ResHonorTitleLevel,资源数据.资源荣誉标题等级,Res|Data|Res|Honor|Title|Level,
ResData.ResHonorTitleSwitch,资源数据.资源荣誉标题切换,Res|Data|Res|Honor|Title|Switch,
ResData.ResHornInfo,资源数据.资源Horn信息,Res|Data|Res|Horn|Info,Horn
ResData.ResInBatChannelCfg,资源数据.资源内Bat频道配置,Res|Data|Res|In|Bat|Channel|Cfg,Bat
ResData.ResInBatEventCfg,资源数据.资源内Bat事件配置,Res|Data|Res|In|Bat|Event|Cfg,Bat
ResData.ResInBatMsgHeroActCfg,资源数据.资源内Bat消息英雄活动配置,Res|Data|Res|In|Bat|Msg|Hero|Act|Cfg,Bat
ResData.ResViciousMsgConditionCfg,资源数据.资源Vicious消息条件配置,Res|Data|Res|Vicious|Msg|Condition|Cfg,Vicious
ResData.ResCreditRule,资源数据.资源信誉规则,Res|Data|Res|Credit|Rule,
ResData.ResViolationRateRule,资源数据.资源违规速率规则,Res|Data|Res|Violation|Rate|Rule,
ResData.ResViolationBlackRateRule,资源数据.资源违规黑速率规则,Res|Data|Res|Violation|Black|Rate|Rule,
ResData.ResDT_CreditValueRewardItem,资源数据.资源数据表信誉值奖励道具,Res|Data|Res|DT|Credit|Value|Reward|Item,
ResData.ResDT_CreditValueBonusItem,资源数据.资源数据表信誉值Bonus道具,Res|Data|Res|DT|Credit|Value|Bonus|Item,Bonus
ResData.ResBattleFloatText,资源数据.资源战斗浮点文本,Res|Data|Res|Battle|Float|Text,
ResData.ResDT_DigitFloatInterval,资源数据.资源数据表数字浮点间隔,Res|Data|Res|DT|Digit|Float|Interval,
ResData.ResIntimacyRelation,资源数据.资源亲密度关系,Res|Data|Res|Intimacy|Relation,
ResData.ResIntimacyAddition,资源数据.资源亲密度附加,Res|Data|Res|Intimacy|Addition,
ResData.ResHeroCp,资源数据.资源英雄战力,Res|Data|Res|Hero|Cp,
ResData.ResRecruitmentReward,资源数据.资源Recruitment奖励,Res|Data|Res|Recruitment|Reward,Recruitment
ResData.ResKNPriority,资源数据.资源KN优先级,Res|Data|Res|KN|Priority,KN
ResData.ResSBCConf,资源数据.资源SBC配置,Res|Data|Res|SBC|Conf,SBC
ResData.ResShortcutDefault,资源数据.资源Shortcut默认,Res|Data|Res|Shortcut|Default,Shortcut
ResData.ResMultiKill,资源数据.资源多重击杀,Res|Data|Res|Multi|Kill,
ResData.ResEquipVoice,资源数据.资源装备语音,Res|Data|Res|Equip|Voice,
ResData.ResSkillBeanCfgInfo,资源数据.资源技能豆配置信息,Res|Data|Res|Skill|Bean|Cfg|Info,
ResData.ResAiParamConf,资源数据.资源AI参数配置,Res|Data|Res|Ai|Param|Conf,
ResData.ResViolationVoteScorePoolConf,资源数据.资源违规投票得分池配置,Res|Data|Res|Violation|Vote|Score|Pool|Conf,
ResData.ResGvoiceViolationConf,资源数据.资源Gvoice违规配置,Res|Data|Res|Gvoice|Violation|Conf,Gvoice
ResData.ResDeadSkillInfo,资源数据.资源死亡技能信息,Res|Data|Res|Dead|Skill|Info,
ResData.Proj8CardStrategyCond,资源数据.项目8卡牌策略条件,Res|Data|Proj|8|Card|Strategy|Cond,
ResData.ResSpeedAdjustRangeConfig,资源数据.资源速度调整范围配置,Res|Data|Res|Speed|Adjust|Range|Config,
ResData.ResAskforTemplet,资源数据.资源AskforTemplet,Res|Data|Res|Askfor|Templet,Askfor Templet
ResData.ResPresentGift,资源数据.资源礼物礼包,Res|Data|Res|Present|Gift,
ResData.ResHeroMvpParam,资源数据.资源英雄MVP参数,Res|Data|Res|Hero|Mvp|Param,
ResData.ResFightValueRatio,资源数据.资源战斗值比例,Res|Data|Res|Fight|Value|Ratio,
ResData.ResFightValueSpeedUp,资源数据.资源战斗值速度上,Res|Data|Res|Fight|Value|Speed|Up,
ResData.ResFightValueLevelCfg,资源数据.资源战斗值等级配置,Res|Data|Res|Fight|Value|Level|Cfg,
ResData.ResDevicePerfInfo,资源数据.资源设备Perf信息,Res|Data|Res|Device|Perf|Info,Perf
ResData.ResCpuPerfInfo,资源数据.资源CpuPerf信息,Res|Data|Res|Cpu|Perf|Info,Cpu Perf
ResData.ResExtraGpuScore,资源数据.资源额外Gpu得分,Res|Data|Res|Extra|Gpu|Score,Gpu
ResData.ResDeviceScore,资源数据.资源设备得分,Res|Data|Res|Device|Score,
ResData.ResLobbyCustomMusic,资源数据.资源大厅自定义音乐,Res|Data|Res|Lobby|Custom|Music,
ResData.ResPopularityReward,资源数据.资源人气奖励,Res|Data|Res|Popularity|Reward,
ResData.ResCommunityInfo,资源数据.资源Community信息,Res|Data|Res|Community|Info,Community
ResData.ResSkillIndicatorCfgInfo,资源数据.资源技能指示器配置信息,Res|Data|Res|Skill|Indicator|Cfg|Info,
ResData.ResSkillChangeIndicatorCfgInfo,资源数据.资源技能变更指示器配置信息,Res|Data|Res|Skill|Change|Indicator|Cfg|Info,
ResData.ResSkillIndicatorScaleInfo,资源数据.资源技能指示器缩放信息,Res|Data|Res|Skill|Indicator|Scale|Info,
ResData.ResSkillIndicatorSizeAdgInfo,资源数据.资源技能指示器尺寸ADG信息,Res|Data|Res|Skill|Indicator|Size|Adg|Info,
ResData.ResSkinFlagEftInfo,资源数据.资源皮肤标记Eft信息,Res|Data|Res|Skin|Flag|Eft|Info,Eft
ResData.ResEftTransInfo,资源数据.资源Eft变换信息,Res|Data|Res|Eft|Trans|Info,Eft
ResData.ResGuideTaskDescText,资源数据.资源引导任务描述文本,Res|Data|Res|Guide|Task|Desc|Text,
ResData.ResGuideLevelIntroText,资源数据.资源引导等级开场文本,Res|Data|Res|Guide|Level|Intro|Text,
ResData.ResFace2FaceMap,资源数据.资源Face2Face地图,Res|Data|Res|Face|2|Face|Map,Face Face
ResData.ResCompetitionMain,资源数据.资源比赛主,Res|Data|Res|Competition|Main,
ResData.ResCompetitionStep,资源数据.资源比赛步长,Res|Data|Res|Competition|Step,
ResData.ResCompetitionMisc,资源数据.资源比赛杂项,Res|Data|Res|Competition|Misc,
ResData.ResCustomStatisticShare,资源数据.资源自定义统计共享,Res|Data|Res|Custom|Statistic|Share,
ResData.ResOfficialCompetition,资源数据.资源Official比赛,Res|Data|Res|Official|Competition,Official
ResData.ResOfficialCompetitionRoom,资源数据.资源Official比赛房间,Res|Data|Res|Official|Competition|Room,Official
ResData.ResOfficialCompetitionStep,资源数据.资源Official比赛步长,Res|Data|Res|Official|Competition|Step,Official
ResData.ResCompetitionRewardItem,资源数据.资源比赛奖励道具,Res|Data|Res|Competition|Reward|Item,
ResData.ResCompetitionWonderShow,资源数据.资源比赛Wonder显示,Res|Data|Res|Competition|Wonder|Show,Wonder
ResData.ResCouponsFillReward,资源数据.资源点券Fill奖励,Res|Data|Res|Coupons|Fill|Reward,Fill
ResData.ResTriRewardInfo,资源数据.资源Tri奖励信息,Res|Data|Res|Tri|Reward|Info,Tri
ResData.ResESportsPrincipalGameEntry,资源数据.资源ESportsPrincipal游戏入口,Res|Data|Res|E|Sports|Principal|Game|Entry,Sports Principal
ResData.ResStageQualificationInfo,资源数据.资源阶段Qualification信息,Res|Data|Res|Stage|Qualification|Info,Qualification
ResData.ResStepSettleInfo,资源数据.资源步长结算信息,Res|Data|Res|Step|Settle|Info,
ResData.ResRegionConvertInfo,资源数据.资源区域转换信息,Res|Data|Res|Region|Convert|Info,
ResData.ResESportsNotifyRule,资源数据.资源ESports通知规则,Res|Data|Res|E|Sports|Notify|Rule,Sports
ResData.ResESportsNationalSeasonConf,资源数据.资源ESports全国赛季配置,Res|Data|Res|E|Sports|National|Season|Conf,Sports
ResData.ResDT_ThemeBadgePrivilige,资源数据.资源数据表主题徽章Privilige,Res|Data|Res|DT|Theme|Badge|Privilige,Privilige
ResData.ResEsportsBadge,资源数据.资源电竞徽章,Res|Data|Res|Esports|Badge,
ResData.ResEsportsCertiInfo,资源数据.资源电竞Certi信息,Res|Data|Res|Esports|Certi|Info,Certi
ResData.ResEsportsLabelInfo,资源数据.资源电竞标签信息,Res|Data|Res|Esports|Label|Info,
ResData.ResDT_EsportsCertiKeywords,资源数据.资源数据表电竞CertiKeywords,Res|Data|Res|DT|Esports|Certi|Keywords,Certi Keywords
ResData.ResEsportsTrialQRCode,资源数据.资源电竞试炼QR码,Res|Data|Res|Esports|Trial|QR|Code,QR
ResData.ResEsportsPlayerCardParts,资源数据.资源电竞玩家卡牌Parts,Res|Data|Res|Esports|Player|Card|Parts,Parts
ResData.ResEsportsPlayerCardBgEffect,资源数据.资源电竞玩家卡牌背景效果,Res|Data|Res|Esports|Player|Card|Bg|Effect,
ResData.ResESportsDrawRewardLimit,资源数据.资源ESports抽奖奖励限制,Res|Data|Res|E|Sports|Draw|Reward|Limit,Sports
ResData.ResESportsBigAwardPreview,资源数据.资源ESports大奖励预览,Res|Data|Res|E|Sports|Big|Award|Preview,Sports
ResData.ResDT_QuestionSeekHelpRule,资源数据.资源数据表题目寻找帮助规则,Res|Data|Res|DT|Question|Seek|Help|Rule,
ResData.ResDT_QuestionOption,资源数据.资源数据表题目Option,Res|Data|Res|DT|Question|Option,Option
ResData.ResQuestionLvExp,资源数据.资源题目等级经验,Res|Data|Res|Question|Lv|Exp,
ResData.ResDT_HeroRecommendQuestionOption,资源数据.资源数据表英雄推荐题目Option,Res|Data|Res|DT|Hero|Recommend|Question|Option,Option
ResData.ResSettingStrategy,资源数据.资源设置策略,Res|Data|Res|Setting|Strategy,
ResData.ResConvertMvpScore,资源数据.资源转换MVP得分,Res|Data|Res|Convert|Mvp|Score,
ResData.ResExpCardExchange,资源数据.资源经验卡牌交换,Res|Data|Res|Exp|Card|Exchange,
ResData.ResIntimacyPropDecorate,资源数据.资源亲密度属性Decorate,Res|Data|Res|Intimacy|Prop|Decorate,Decorate
ResData.ResBranchEvaluate,资源数据.资源分支求值,Res|Data|Res|Branch|Evaluate,
ResData.ResBackFlowLobbyFunc,资源数据.资源返回流动大厅函数,Res|Data|Res|Back|Flow|Lobby|Func,
ResData.ResBackflowPrivilege,资源数据.资源回流特权,Res|Data|Res|Backflow|Privilege,
ResData.ResNewbieLobbyFunc,资源数据.资源新手大厅函数,Res|Data|Res|Newbie|Lobby|Func,
ResData.ResNewbieCareerChapterConf,资源数据.资源新手职业章节配置,Res|Data|Res|Newbie|Career|Chapter|Conf,
ResData.ResNewbieCareerRankConf,资源数据.资源新手职业排行配置,Res|Data|Res|Newbie|Career|Rank|Conf,
ResData.ResNewbieDestinyHeroConf,资源数据.资源新手Destiny英雄配置,Res|Data|Res|Newbie|Destiny|Hero|Conf,Destiny
ResData.ResNewbieDestinyHeroSpeJobConf,资源数据.资源新手Destiny英雄SpeJob配置,Res|Data|Res|Newbie|Destiny|Hero|Spe|Job|Conf,Destiny Spe Job
ResData.ResNewbieDestinyHeroRelationConf,资源数据.资源新手Destiny英雄关系配置,Res|Data|Res|Newbie|Destiny|Hero|Relation|Conf,Destiny
ResData.ResNewbieDestinyHeroQuestionConf,资源数据.资源新手Destiny英雄题目配置,Res|Data|Res|Newbie|Destiny|Hero|Question|Conf,Destiny
ResData.ResNewbieDestinyHeroTaskVideoConf,资源数据.资源新手Destiny英雄任务视频配置,Res|Data|Res|Newbie|Destiny|Hero|Task|Video|Conf,Destiny
ResData.ResHeroDataConf,资源数据.资源英雄数据配置,Res|Data|Res|Hero|Data|Conf,
ResData.ResBackflowWelComeDialogue,资源数据.资源回流WelComeDialogue,Res|Data|Res|Backflow|Wel|Come|Dialogue,Wel Come Dialogue
ResData.ResBackflowHeroAdjustVideo,资源数据.资源回流英雄调整视频,Res|Data|Res|Backflow|Hero|Adjust|Video,
ResData.ResBlockRedPoint,资源数据.资源阻挡红点,Res|Data|Res|Block|Red|Point,
ResData.ResNewBieBlockRedPoint,资源数据.资源新Bie阻挡红点,Res|Data|Res|New|Bie|Block|Red|Point,Bie
ResData.ResUbfBlockBubble,资源数据.资源Ubf阻挡气泡,Res|Data|Res|Ubf|Block|Bubble,Ubf
ResData.ResBlockWindow,资源数据.资源阻挡窗口,Res|Data|Res|Block|Window,
ResData.ResBackflowLevel,资源数据.资源回流等级,Res|Data|Res|Backflow|Level,
ResData.ResBackflowTaskPool,资源数据.资源回流任务池,Res|Data|Res|Backflow|Task|Pool,
ResData.ResBackFlowDynamicRewardsTaskPool,资源数据.资源返回流动动态奖励任务池,Res|Data|Res|Back|Flow|Dynamic|Rewards|Task|Pool,
ResData.ResBackflowChallengeChapterRefreshConf,资源数据.资源回流挑战章节刷新配置,Res|Data|Res|Backflow|Challenge|Chapter|Refresh|Conf,
ResData.ResDT_SkinInfo,资源数据.资源数据表皮肤信息,Res|Data|Res|DT|Skin|Info,
ResData.ResBackflowSkinPrivilegeSkinUnlockConf,资源数据.资源回流皮肤特权皮肤解锁配置,Res|Data|Res|Backflow|Skin|Privilege|Skin|Unlock|Conf,
ResData.ResBackflowSkinPrivilegeSkinExpConf,资源数据.资源回流皮肤特权皮肤经验配置,Res|Data|Res|Backflow|Skin|Privilege|Skin|Exp|Conf,
ResData.ResBackflowSkinPrivilegeLeaveConf,资源数据.资源回流皮肤特权离开配置,Res|Data|Res|Backflow|Skin|Privilege|Leave|Conf,
ResData.ResNewbieDynamicRewardsTaskPool,资源数据.资源新手动态奖励任务池,Res|Data|Res|Newbie|Dynamic|Rewards|Task|Pool,
ResData.ResNewbieFuncTaskPool,资源数据.资源新手函数任务池,Res|Data|Res|Newbie|Func|Task|Pool,
ResData.ResDT_ItemTrig_ChkInfo,资源数据.资源数据表道具TrigChk信息,Res|Data|Res|DT|Item|Trig|Chk|Info,Trig Chk
ResData.ResMasterMatchFightValue,资源数据.资源主匹配战斗值,Res|Data|Res|Master|Match|Fight|Value,
ResData.ResMasterMatchSettleRankNoShow.<ShowRatio_bytes>e__FixedBuffer,资源数据.资源主匹配结算排行无显示.<Show比例bytes>e固定缓冲,Res|Data|Res|Master|Match|Settle|Rank|No|Show|<Show|Ratio|bytes>e|Fixed|Buffer,<Show bytes>e
ResData.ResMasterMatchSettleRankNoShow,资源数据.资源主匹配结算排行无显示,Res|Data|Res|Master|Match|Settle|Rank|No|Show,
ResData.ResMasterMatchLoadingRankNoShow,资源数据.资源主匹配加载排行无显示,Res|Data|Res|Master|Match|Loading|Rank|No|Show,
ResData.ResMasterPlacementMatchFrameResCfg,资源数据.资源主定级匹配帧资源配置,Res|Data|Res|Master|Placement|Match|Frame|Res|Cfg,
ResData.Res1V1SoloBranchRoadMapConf,资源数据.资源1V1单人分支道路地图配置,Res|Data|Res|1|V|1|Solo|Branch|Road|Map|Conf,
ResData.ResGlobalProgramParams,资源数据.资源全局Program参数,Res|Data|Res|Global|Program|Params,Program
ResData.ResTeamExpInfo,资源数据.资源队伍经验信息,Res|Data|Res|Team|Exp|Info,
ResData.ResAIReuseParams,资源数据.资源AIReuse参数,Res|Data|Res|AI|Reuse|Params,Reuse
ResData.ResCustomTeamShop,资源数据.资源自定义队伍商店,Res|Data|Res|Custom|Team|Shop,
ResData.ResCustomTeamImg,资源数据.资源自定义队伍图片,Res|Data|Res|Custom|Team|Img,
ResData.ResCustomTeamRoom,资源数据.资源自定义队伍房间,Res|Data|Res|Custom|Team|Room,
ResData.ResTuoGuanRankToRank,资源数据.资源TuoGuan排行到排行,Res|Data|Res|Tuo|Guan|Rank|To|Rank,Tuo Guan
ResData.ResCustomTeamLuckInfo,资源数据.资源自定义队伍幸运信息,Res|Data|Res|Custom|Team|Luck|Info,
ResData.ResSceneParticleCullParams,资源数据.资源场景粒子剔除参数,Res|Data|Res|Scene|Particle|Cull|Params,
ResData.ResSceneParticleCullWhiteList,资源数据.资源场景粒子剔除白列表,Res|Data|Res|Scene|Particle|Cull|White|List,
ResData.ResDT_ParticleCullInfo,资源数据.资源数据表粒子剔除信息,Res|Data|Res|DT|Particle|Cull|Info,
ResData.ResDT_ParticlePreloadInfo,资源数据.资源数据表粒子预加载信息,Res|Data|Res|DT|Particle|Preload|Info,
ResData.ResParticlePreloadConfig,资源数据.资源粒子预加载配置,Res|Data|Res|Particle|Preload|Config,
ResData.ResDT_TypeInfo,资源数据.资源数据表类型信息,Res|Data|Res|DT|Type|Info,
ResData.ResSeasonReviewMoodType,资源数据.资源赛季回顾心情类型,Res|Data|Res|Season|Review|Mood|Type,
ResData.ResSeasonReviewMood,资源数据.资源赛季回顾心情,Res|Data|Res|Season|Review|Mood,
ResData.ResSeasonReviewStyle,资源数据.资源赛季回顾风格,Res|Data|Res|Season|Review|Style,
ResData.ResDT_TypeCompareInfo,资源数据.资源数据表类型比较信息,Res|Data|Res|DT|Type|Compare|Info,
ResData.ResSeasonReviewJobTitle,资源数据.资源赛季回顾Job标题,Res|Data|Res|Season|Review|Job|Title,Job
ResData.ResSeasonReviewLuck,资源数据.资源赛季回顾幸运,Res|Data|Res|Season|Review|Luck,
ResData.ResSeasonReviewPerformLevel,资源数据.资源赛季回顾表现等级,Res|Data|Res|Season|Review|Perform|Level,
ResData.ResSeasonReviewGradeGroup,资源数据.资源赛季回顾等级分组,Res|Data|Res|Season|Review|Grade|Group,
ResData.ResSeasonReviewFriend,资源数据.资源赛季回顾友方,Res|Data|Res|Season|Review|Friend,
ResData.ResDT_SeasonReviewHonorInfo,资源数据.资源数据表赛季回顾荣誉信息,Res|Data|Res|DT|Season|Review|Honor|Info,
ResData.ResSeasonReviewPosterOffset,资源数据.资源赛季回顾Poster偏移,Res|Data|Res|Season|Review|Poster|Offset,Poster
ResData.ResCareerTitleFeature,资源数据.资源职业标题特性,Res|Data|Res|Career|Title|Feature,
ResData.ResCareerExploreInfo,资源数据.资源职业Explore信息,Res|Data|Res|Career|Explore|Info,Explore
ResData.ResCareerExploreReward,资源数据.资源职业Explore奖励,Res|Data|Res|Career|Explore|Reward,Explore
ResData.ResLoverPlayCareerTitle,资源数据.资源Lover播放职业标题,Res|Data|Res|Lover|Play|Career|Title,Lover
ResData.ResTableGameSeasonCoinReward,资源数据.资源表游戏赛季金币奖励,Res|Data|Res|Table|Game|Season|Coin|Reward,
ResData.ResTableGameSeasonGradeInherit,资源数据.资源表游戏赛季等级继承,Res|Data|Res|Table|Game|Season|Grade|Inherit,
ResData.ResWifiPrivilegeInfo,资源数据.资源Wifi特权信息,Res|Data|Res|Wifi|Privilege|Info,Wifi
ResData.ResOfflineGameHero,资源数据.资源离线游戏英雄,Res|Data|Res|Offline|Game|Hero,
ResData.ResBattleRoyaleAchieve,资源数据.资源战斗Royale成就,Res|Data|Res|Battle|Royale|Achieve,Royale
ResData.ResGameOverCond,资源数据.资源游戏超过条件,Res|Data|Res|Game|Over|Cond,
ResData.ResWantedInfo,资源数据.资源Wanted信息,Res|Data|Res|Wanted|Info,Wanted
ResData.ResWantedScoreInfo,资源数据.资源Wanted得分信息,Res|Data|Res|Wanted|Score|Info,Wanted
ResData.ResWantedPersonalEcoDiffInfo,资源数据.资源WantedPersonalEco差异信息,Res|Data|Res|Wanted|Personal|Eco|Diff|Info,Wanted Personal Eco
ResData.ResWantedTeamEcoInfo,资源数据.资源Wanted队伍Eco信息,Res|Data|Res|Wanted|Team|Eco|Info,Wanted Eco
ResData.ResWantedGhostLikeInfo,资源数据.资源Wanted幽灵点赞信息,Res|Data|Res|Wanted|Ghost|Like|Info,Wanted
ResData.ResBadgeGradeConvert,资源数据.资源徽章等级转换,Res|Data|Res|Badge|Grade|Convert,
ResData.ResHeroRoadStarGraph,资源数据.资源英雄道路星图,Res|Data|Res|Hero|Road|Star|Graph,
ResData.ResHeroAbilityClass,资源数据.资源英雄能力职业,Res|Data|Res|Hero|Ability|Class,
ResData.ResHeroFightStyle,资源数据.资源英雄战斗风格,Res|Data|Res|Hero|Fight|Style,
ResData.ResBattleRoyaleJumpTarget,资源数据.资源战斗Royale跳转目标,Res|Data|Res|Battle|Royale|Jump|Target,Royale
ResData.ResPveSyntheticSuitMethod,资源数据.资源PveSynthetic套装方法,Res|Data|Res|Pve|Synthetic|Suit|Method,Pve Synthetic
ResData.ResPveTalentUpgradeMethod,资源数据.资源Pve天赋升级方法,Res|Data|Res|Pve|Talent|Upgrade|Method,Pve
ResData.ResPveTalentGenre,资源数据.资源Pve天赋Genre,Res|Data|Res|Pve|Talent|Genre,Pve Genre
ResData.ResShortTipsInfo,资源数据.资源Short提示信息,Res|Data|Res|Short|Tips|Info,Short
ResData.ResShareHeroInfo,资源数据.资源共享英雄信息,Res|Data|Res|Share|Hero|Info,
ResData.ResShareSkinInfo,资源数据.资源共享皮肤信息,Res|Data|Res|Share|Skin|Info,
ResData.ResCustomTeamSimilarPlayer,资源数据.资源自定义队伍Similar玩家,Res|Data|Res|Custom|Team|Similar|Player,Similar
ResData.ResDT_SceneSkin_Property,资源数据.资源数据表场景皮肤属性,Res|Data|Res|DT|Scene|Skin|Property,
ResData.ResPetCustomDialogInfo,资源数据.资源宠物自定义对话信息,Res|Data|Res|Pet|Custom|Dialog|Info,
ResData.ResPetDialogTypeInfo,资源数据.资源宠物对话类型信息,Res|Data|Res|Pet|Dialog|Type|Info,
ResData.ResPersonalityShop,资源数据.资源Personality商店,Res|Data|Res|Personality|Shop,Personality
ResData.ResPetPromotion,资源数据.资源宠物晋级,Res|Data|Res|Pet|Promotion,
ResData.ResActionPromotion,资源数据.资源动作晋级,Res|Data|Res|Action|Promotion,
ResData.ResAnimNameReflect,资源数据.资源动画名称反射,Res|Data|Res|Anim|Name|Reflect,
ResData.ResAnimActionConfig,资源数据.资源动画动作配置,Res|Data|Res|Anim|Action|Config,
ResData.ResCampColor,资源数据.资源阵营颜色,Res|Data|Res|Camp|Color,
ResData.ResMultiGearTextEffect,资源数据.资源多重Gear文本效果,Res|Data|Res|Multi|Gear|Text|Effect,Gear
ResData.ResMultiGearProp,资源数据.资源多重Gear属性,Res|Data|Res|Multi|Gear|Prop,Gear
ResData.ResDT_ShareTeamDateInfo,资源数据.资源数据表共享队伍日期信息,Res|Data|Res|DT|Share|Team|Date|Info,
ResData.ResShareRelation,资源数据.资源共享关系,Res|Data|Res|Share|Relation,
ResData.ResShareToRelation,资源数据.资源共享到关系,Res|Data|Res|Share|To|Relation,
ResData.CompetitionEffectMaterialPath,资源数据.比赛效果材质路径,Res|Data|Competition|Effect|Material|Path,
ResData.ResCompetitionEffectBindObjInfo,资源数据.资源比赛效果绑定对象信息,Res|Data|Res|Competition|Effect|Bind|Obj|Info,
ResData.ResCompetitionCustomEffectBindObjInfo,资源数据.资源比赛自定义效果绑定对象信息,Res|Data|Res|Competition|Custom|Effect|Bind|Obj|Info,
ResData.ResDT_TaiSolderInfo,资源数据.资源数据表TaiSolder信息,Res|Data|Res|DT|Tai|Solder|Info,Tai Solder
ResData.ResCompetitionEffectBindObjInfoByArea,资源数据.资源比赛效果绑定对象信息由区域,Res|Data|Res|Competition|Effect|Bind|Obj|Info|By|Area,
ResData.ResCompetitionInteractItemReplacement,资源数据.资源比赛交互道具替换,Res|Data|Res|Competition|Interact|Item|Replacement,
ResData.ResCompetitionEffectTeamMemberInfo,资源数据.资源比赛效果队伍成员信息,Res|Data|Res|Competition|Effect|Team|Member|Info,
ResData.ResTaoShaOBScore,资源数据.资源TaoShaOB得分,Res|Data|Res|Tao|Sha|OB|Score,Tao Sha OB
ResData.ResBattleWikiPrefabStr,资源数据.资源战斗Wiki预制体字符串,Res|Data|Res|Battle|Wiki|Prefab|Str,Wiki
ResData.ResOfflineHeroConfig,资源数据.资源离线英雄配置,Res|Data|Res|Offline|Hero|Config,
ResData.ResOfflineHeroForAIConfig,资源数据.资源离线英雄用于AI配置,Res|Data|Res|Offline|Hero|For|AI|Config,
ResData.ResDT_OfflineAutoTest_HeroInfo,资源数据.资源数据表离线自动测试英雄信息,Res|Data|Res|DT|Offline|Auto|Test|Hero|Info,
ResData.ResOfflineModeSwitch,资源数据.资源离线模式切换,Res|Data|Res|Offline|Mode|Switch,
ResData.ResDT_GradeReward_Info,资源数据.资源数据表等级奖励信息,Res|Data|Res|DT|Grade|Reward|Info,
ResData.ResDT_RewardItemDiscount,资源数据.资源数据表奖励道具折扣,Res|Data|Res|DT|Reward|Item|Discount,
ResData.ResBattlePassExchangeTabInfo,资源数据.资源战斗通行证交换页签信息,Res|Data|Res|Battle|Pass|Exchange|Tab|Info,
ResData.ResBattlePassExchangeRewardCategoryInfo,资源数据.资源战斗通行证交换奖励分类信息,Res|Data|Res|Battle|Pass|Exchange|Reward|Category|Info,
ResData.ResDT_BattlePassBuyLevel,资源数据.资源数据表战斗通行证购买等级,Res|Data|Res|DT|Battle|Pass|Buy|Level,
ResData.ResBattlePassExchangeSort,资源数据.资源战斗通行证交换排序,Res|Data|Res|Battle|Pass|Exchange|Sort,
ResData.ResBattlePassLevelAwardPrice,资源数据.资源战斗通行证等级奖励价格,Res|Data|Res|Battle|Pass|Level|Award|Price,
ResData.ResDT_BattlePassLevelInheritRule,资源数据.资源数据表战斗通行证等级继承规则,Res|Data|Res|DT|Battle|Pass|Level|Inherit|Rule,
ResData.ResBattlePassContinuousSubscribe,资源数据.资源战斗通行证持续订阅,Res|Data|Res|Battle|Pass|Continuous|Subscribe,
ResData.ResBattlePassRewardRange,资源数据.资源战斗通行证奖励范围,Res|Data|Res|Battle|Pass|Reward|Range,
ResData.BattlePassLimitedRewardItem,资源数据.战斗通行证受限奖励道具,Res|Data|Battle|Pass|Limited|Reward|Item,
ResData.ResRoomCustomMapID,资源数据.资源房间自定义地图ID,Res|Data|Res|Room|Custom|Map|ID,
ResData.ResRoomCustomDefine_Rule,资源数据.资源房间自定义Define规则,Res|Data|Res|Room|Custom|Define|Rule,Define
ResData.ResRoomCustomBattleEffectCD,资源数据.资源房间自定义战斗效果冷却,Res|Data|Res|Room|Custom|Battle|Effect|CD,
ResData.ResFriendShop,资源数据.资源友方商店,Res|Data|Res|Friend|Shop,
ResData.ResRankScore,资源数据.资源排行得分,Res|Data|Res|Rank|Score,
ResData.ResSkinIcon,资源数据.资源皮肤图标,Res|Data|Res|Skin|Icon,
ResData.ResDT_Almighty_FightValue_SpeedUp_Range_Info,资源数据.资源数据表Almighty战斗值速度上范围信息,Res|Data|Res|DT|Almighty|Fight|Value|Speed|Up|Range|Info,Almighty
ResData.ResTeamInfo,资源数据.资源队伍信息,Res|Data|Res|Team|Info,
ResData.ResDT_ChessGlobalEffectItem,资源数据.资源数据表棋盘全局效果道具,Res|Data|Res|DT|Chess|Global|Effect|Item,
ResData.ResDT_ChessPresetInfo,资源数据.资源数据表棋盘预设信息,Res|Data|Res|DT|Chess|Preset|Info,
ResData.ResNBTaskCommonCond,资源数据.资源NB任务通用条件,Res|Data|Res|NB|Task|Common|Cond,NB
ResData.ResProj8EffectDegree,资源数据.资源项目8效果程度,Res|Data|Res|Proj|8|Effect|Degree,
ResData.ResProj8BanHeroQuality,资源数据.资源项目8禁用英雄品质,Res|Data|Res|Proj|8|Ban|Hero|Quality,
ResData.ResChessSkinInfo,资源数据.资源棋盘皮肤信息,Res|Data|Res|Chess|Skin|Info,
ResData.ResChessSimulate,资源数据.资源棋盘Simulate,Res|Data|Res|Chess|Simulate,Simulate
ResData.ResDT_ChessComboInfo,资源数据.资源数据表棋盘连击信息,Res|Data|Res|DT|Chess|Combo|Info,
ResData.ResDT_ChessModelInfo,资源数据.资源数据表棋盘模型信息,Res|Data|Res|DT|Chess|Model|Info,
ResData.ResChessQualityStarInfo,资源数据.资源棋盘品质星信息,Res|Data|Res|Chess|Quality|Star|Info,
ResData.ResChessPhaseInfo,资源数据.资源棋盘阶段信息,Res|Data|Res|Chess|Phase|Info,
ResData.ResChessStreakWinLoseReward,资源数据.资源棋盘连胜胜利失败奖励,Res|Data|Res|Chess|Streak|Win|Lose|Reward,
ResData.ResDT_SettlePhrase,资源数据.资源数据表结算Phrase,Res|Data|Res|DT|Settle|Phrase,Phrase
ResData.ResDT_ChessRecommendHeroItem,资源数据.资源数据表棋盘推荐英雄道具,Res|Data|Res|DT|Chess|Recommend|Hero|Item,
ResData.ResChessArrangeProbabilityRegion,资源数据.资源棋盘Arrange概率区域,Res|Data|Res|Chess|Arrange|Probability|Region,Arrange
ResData.ResProj8HelpDescMain,资源数据.资源项目8帮助描述主,Res|Data|Res|Proj|8|Help|Desc|Main,
ResData.ResProj8HelpDescPics,资源数据.资源项目8帮助描述Pics,Res|Data|Res|Proj|8|Help|Desc|Pics,Pics
ResData.ResProj8HelpOperate,资源数据.资源项目8帮助操作,Res|Data|Res|Proj|8|Help|Operate,
ResData.ResDT_AIBattleScore,资源数据.资源数据表AI战斗得分,Res|Data|Res|DT|AI|Battle|Score,
ResData.ResChessCardInfo,资源数据.资源棋盘卡牌信息,Res|Data|Res|Chess|Card|Info,
ResData.ResChessMonsterDropInfo,资源数据.资源棋盘野怪掉落信息,Res|Data|Res|Chess|Monster|Drop|Info,
ResData.ChessSingleDropProbability,资源数据.棋盘单个掉落概率,Res|Data|Chess|Single|Drop|Probability,
ResData.ResChessDropEquipGroupInfo,资源数据.资源棋盘掉落装备分组信息,Res|Data|Res|Chess|Drop|Equip|Group|Info,
ResData.ResChessEquipRefreshCost,资源数据.资源棋盘装备刷新消耗,Res|Data|Res|Chess|Equip|Refresh|Cost,
ResData.ResChessHeroAIInfo,资源数据.资源棋盘英雄AI信息,Res|Data|Res|Chess|Hero|AI|Info,
ResData.ResDT_ChessPresetFormationInfo,资源数据.资源数据表棋盘预设Formation信息,Res|Data|Res|DT|Chess|Preset|Formation|Info,Formation
ResData.ResDT_IgnoreCard,资源数据.资源数据表忽略卡牌,Res|Data|Res|DT|Ignore|Card,
ResData.ResDT_ChessMoveTestInfo,资源数据.资源数据表棋盘移动测试信息,Res|Data|Res|DT|Chess|Move|Test|Info,
ResData.ResChessTargetPosInfo.<Param_bytes>e__FixedBuffer,资源数据.资源棋盘目标位置信息.<Parambytes>e固定缓冲,Res|Data|Res|Chess|Target|Pos|Info|<Param|bytes>e|Fixed|Buffer,<Param bytes>e
ResData.ResChessTargetPosInfo,资源数据.资源棋盘目标位置信息,Res|Data|Res|Chess|Target|Pos|Info,
ResData.ResDT_NumenInteract,资源数据.资源数据表Numen交互,Res|Data|Res|DT|Numen|Interact,Numen
ResData.ResDT_DailyReward_Info,资源数据.资源数据表每日奖励信息,Res|Data|Res|DT|Daily|Reward|Info,
ResData.ResDT_TrialScoreSale,资源数据.资源数据表试炼得分出售,Res|Data|Res|DT|Trial|Score|Sale,
ResData.ResTrainHeroRCMDLevel,资源数据.资源训练英雄推荐等级,Res|Data|Res|Train|Hero|RCMD|Level,
ResData.ResSymbolExpCard,资源数据.资源铭文经验卡牌,Res|Data|Res|Symbol|Exp|Card,
ResData.ResSymbolGetAccess,资源数据.资源铭文获取Access,Res|Data|Res|Symbol|Get|Access,Access
ResData.ResGameModeSwitch,资源数据.资源游戏模式切换,Res|Data|Res|Game|Mode|Switch,
ResData.ResDT_ConditionActivity,资源数据.资源数据表条件活动,Res|Data|Res|DT|Condition|Activity,
ResData.ResChannelID,资源数据.资源频道ID,Res|Data|Res|Channel|ID,
ResData.ResCustomGameMode,资源数据.资源自定义游戏模式,Res|Data|Res|Custom|Game|Mode,
ResData.SpecialChange,资源数据.特殊变更,Res|Data|Special|Change,
ResData.ResProClub,资源数据.资源ProClub,Res|Data|Res|Pro|Club,Pro Club
ResData.ResProCompetition,资源数据.资源Pro比赛,Res|Data|Res|Pro|Competition,Pro
ResData.CampInfo,资源数据.阵营信息,Res|Data|Camp|Info,
ResData.DifficultyInfo,资源数据.难度信息,Res|Data|Difficulty|Info,
ResData.ResLivePlatformAnchorTitleIconPath,资源数据.资源Live平台锚点标题图标路径,Res|Data|Res|Live|Platform|Anchor|Title|Icon|Path,Live
ResData.ResAnchorTitleInfo,资源数据.资源锚点标题信息,Res|Data|Res|Anchor|Title|Info,
ResData.ResGuildPkActivityInfo,资源数据.资源公会Pk活动信息,Res|Data|Res|Guild|Pk|Activity|Info,Pk
ResData.ResGuildPkSkinInfo,资源数据.资源公会Pk皮肤信息,Res|Data|Res|Guild|Pk|Skin|Info,Pk
ResData.ResProj8TaskExtraInfo,资源数据.资源项目8任务额外信息,Res|Data|Res|Proj|8|Task|Extra|Info,
ResData.ResMvpAbilityDesc,资源数据.资源MVP能力描述,Res|Data|Res|Mvp|Ability|Desc,
ResData.ResSettleAIPDThumbDescribe.<ParamAccuracy_bytes>e__FixedBuffer,资源数据.资源结算AIPDThumbDescribe.<ParamAccuracybytes>e固定缓冲,Res|Data|Res|Settle|AIPD|Thumb|Describe|<Param|Accuracy|bytes>e|Fixed|Buffer,AIPD Thumb Describe <Param Accuracy bytes>e
ResData.ResSettleAIPDThumbDescribe.<szParamType_bytes>e__FixedBuffer,资源数据.资源结算AIPDThumbDescribe.<sz参数类型bytes>e固定缓冲,Res|Data|Res|Settle|AIPD|Thumb|Describe|<sz|Param|Type|bytes>e|Fixed|Buffer,AIPD Thumb Describe <sz bytes>e
ResData.ResSettleAIPDThumbDescribe,资源数据.资源结算AIPDThumbDescribe,Res|Data|Res|Settle|AIPD|Thumb|Describe,AIPD Thumb Describe
ResData.ResDT_TransformParam,资源数据.资源数据表变换参数,Res|Data|Res|DT|Transform|Param,
ResData.ResDT_TransformScaleParam,资源数据.资源数据表变换缩放参数,Res|Data|Res|DT|Transform|Scale|Param,
ResData.VideoGuideBannerStr,资源数据.视频引导横幅字符串,Res|Data|Video|Guide|Banner|Str,
ResData.ResHiddenItem,资源数据.资源Hidden道具,Res|Data|Res|Hidden|Item,Hidden
ResData.ResChessHeroAnim,资源数据.资源棋盘英雄动画,Res|Data|Res|Chess|Hero|Anim,
ResData.ResTongCaiMianLiuConfig,资源数据.资源TongCaiMianLiu配置,Res|Data|Res|Tong|Cai|Mian|Liu|Config,Tong Cai Mian Liu
ResData.ResInBattleOpenFuncOfflineParam,资源数据.资源内战斗打开函数离线参数,Res|Data|Res|In|Battle|Open|Func|Offline|Param,
ResData.ResHeroSoulLevelThreatInfo,资源数据.资源英雄灵魂等级Threat信息,Res|Data|Res|Hero|Soul|Level|Threat|Info,Threat
ResData.ResHeroIncomingThreatInfo,资源数据.资源英雄IncomingThreat信息,Res|Data|Res|Hero|Incoming|Threat|Info,Incoming Threat
ResData.ResInBattleMsgFunctionAreaConfig,资源数据.资源内战斗消息功能区域配置,Res|Data|Res|In|Battle|Msg|Function|Area|Config,
ResData.ResInBattleMsgFunctionAreaConditionConfig,资源数据.资源内战斗消息功能区域条件配置,Res|Data|Res|In|Battle|Msg|Function|Area|Condition|Config,
ResData.ResDrawRewardPool,资源数据.资源抽奖奖励池,Res|Data|Res|Draw|Reward|Pool,
ResData.ResDT_ChessBountyEntryCost,资源数据.资源数据表棋盘Bounty入口消耗,Res|Data|Res|DT|Chess|Bounty|Entry|Cost,Bounty
ResData.ResChessBountyFlagInfo,资源数据.资源棋盘Bounty标记信息,Res|Data|Res|Chess|Bounty|Flag|Info,Bounty
ResData.ResDT_ItemRandomRuleInfo,资源数据.资源数据表道具随机规则信息,Res|Data|Res|DT|Item|Random|Rule|Info,
ResData.ResDT_ItemRandomInfo,资源数据.资源数据表道具随机信息,Res|Data|Res|DT|Item|Random|Info,
ResData.ResProject8HeroRandomParamInfo,资源数据.资源项目8英雄随机参数信息,Res|Data|Res|Project|8|Hero|Random|Param|Info,
ResData.ResProject8DrawItemInfo,资源数据.资源项目8抽奖道具信息,Res|Data|Res|Project|8|Draw|Item|Info,
ResData.ResDT_AlbumLevel,资源数据.资源数据表相册等级,Res|Data|Res|DT|Album|Level,
ResData.ResDT_CampString,资源数据.资源数据表阵营字符串,Res|Data|Res|DT|Camp|String,
ResData.ResStory,资源数据.资源剧情,Res|Data|Res|Story,
ResData.ResDT_HeroRelation,资源数据.资源数据表英雄关系,Res|Data|Res|DT|Hero|Relation,
ResData.HeroEventDialogReply,资源数据.英雄事件对话Reply,Res|Data|Hero|Event|Dialog|Reply,Reply
ResData.HeroEventStroyTransition,资源数据.英雄事件Stroy过渡,Res|Data|Hero|Event|Stroy|Transition,Stroy
ResData.ResCompetitionWatchDelay,资源数据.资源比赛观察延迟,Res|Data|Res|Competition|Watch|Delay,
ResData.ResTameMonsterBuffInfo,资源数据.资源驯服野怪增益信息,Res|Data|Res|Tame|Monster|Buff|Info,
ResData.ResTameMonsterLayerInfo,资源数据.资源驯服野怪层信息,Res|Data|Res|Tame|Monster|Layer|Info,
ResData.ResIntimacyTitle,资源数据.资源亲密度标题,Res|Data|Res|Intimacy|Title,
ResData.ResRelationResource,资源数据.资源关系资源,Res|Data|Res|Relation|Resource,
ResData.ResSendCoinTag,资源数据.资源发送金币标签,Res|Data|Res|Send|Coin|Tag,
ResData.ResFriendTag,资源数据.资源友方标签,Res|Data|Res|Friend|Tag,
ResData.ResDT_IntimacyRewardInfo,资源数据.资源数据表亲密度奖励信息,Res|Data|Res|DT|Intimacy|Reward|Info,
ResData.ResIntimacyRelationCfg,资源数据.资源亲密度关系配置,Res|Data|Res|Intimacy|Relation|Cfg,
ResData.ResGameSettingExtraData,资源数据.资源游戏设置额外数据,Res|Data|Res|Game|Setting|Extra|Data,
ResData.ResGraphicTotalQuality,资源数据.资源Graphic总计品质,Res|Data|Res|Graphic|Total|Quality,Graphic
ResData.ResRenderToGfxSetting,资源数据.资源渲染到Gfx设置,Res|Data|Res|Render|To|Gfx|Setting,Gfx
ResData.ResSettingDependentPackageGroup,资源数据.资源设置Dependent礼包分组,Res|Data|Res|Setting|Dependent|Package|Group,Dependent
ResData.ResLowLowConfigDevices,资源数据.资源低低配置Devices,Res|Data|Res|Low|Low|Config|Devices,Devices
ResData.ResHeroFeatureUIShow,资源数据.资源英雄特性UI显示,Res|Data|Res|Hero|Feature|UI|Show,
ResData.ResHeroNewFeatureUIShow,资源数据.资源英雄新特性UI显示,Res|Data|Res|Hero|New|Feature|UI|Show,
ResData.ResHeroFeatureCoordinateStyle,资源数据.资源英雄特性坐标风格,Res|Data|Res|Hero|Feature|Coordinate|Style,
ResData.ResHeroFeatureBGCoordinateStyle,资源数据.资源英雄特性背景坐标风格,Res|Data|Res|Hero|Feature|BG|Coordinate|Style,
ResData.ResHeroFeatureFunctionCombine,资源数据.资源英雄特性功能合并,Res|Data|Res|Hero|Feature|Function|Combine,
ResData.ResMasterEnergyDeduct,资源数据.资源主能量Deduct,Res|Data|Res|Master|Energy|Deduct,Deduct
ResData.ResSurveyChoiceItem,资源数据.资源SurveyChoice道具,Res|Data|Res|Survey|Choice|Item,Survey Choice
ResData.ResSurveyQuestionInfo,资源数据.资源Survey题目信息,Res|Data|Res|Survey|Question|Info,Survey
ResData.ResBloodEffectConfig,资源数据.资源血量效果配置,Res|Data|Res|Blood|Effect|Config,
ResData.ResBloodDecoration,资源数据.资源血量Decoration,Res|Data|Res|Blood|Decoration,Decoration
ResData.ResSettleSurveyRuleConf,资源数据.资源结算Survey规则配置,Res|Data|Res|Settle|Survey|Rule|Conf,Survey
ResData.ResGameSuggestConf,资源数据.资源游戏Suggest配置,Res|Data|Res|Game|Suggest|Conf,Suggest
ResData.ResGameSuggestGameTypeConf,资源数据.资源游戏Suggest游戏类型配置,Res|Data|Res|Game|Suggest|Game|Type|Conf,Suggest
ResData.ResGameBugReportConf,资源数据.资源游戏Bug举报配置,Res|Data|Res|Game|Bug|Report|Conf,Bug
ResData.ResFuncReportConf,资源数据.资源函数举报配置,Res|Data|Res|Func|Report|Conf,
ResData.ResDT_SkinSharePrefabName,资源数据.资源数据表皮肤共享预制体名称,Res|Data|Res|DT|Skin|Share|Prefab|Name,
ResData.ResYearStoryCommonConfig,资源数据.资源年剧情通用配置,Res|Data|Res|Year|Story|Common|Config,
ResData.ResYearStoryVideoFragmentParm,资源数据.资源年剧情视频FragmentParm,Res|Data|Res|Year|Story|Video|Fragment|Parm,Fragment Parm
ResData.ResBreakingNewsDialogChoice,资源数据.资源BreakingNews对话Choice,Res|Data|Res|Breaking|News|Dialog|Choice,Breaking News Choice
ResData.ResYearStoryRecordConf,资源数据.资源年剧情记录配置,Res|Data|Res|Year|Story|Record|Conf,
ResData.ResYearStoryAllTaskConfig,资源数据.资源年剧情全部任务配置,Res|Data|Res|Year|Story|All|Task|Config,
ResData.ResYearStoryChapterConfig,资源数据.资源年剧情章节配置,Res|Data|Res|Year|Story|Chapter|Config,
ResData.ResYearStorySectionConfig,资源数据.资源年剧情Section配置,Res|Data|Res|Year|Story|Section|Config,Section
ResData.ResYearStoryEventStrParm,资源数据.资源年剧情事件字符串Parm,Res|Data|Res|Year|Story|Event|Str|Parm,Parm
ResData.ResYearStorySubTaskDisplayConfig,资源数据.资源年剧情子任务显示配置,Res|Data|Res|Year|Story|Sub|Task|Display|Config,
ResData.ResYearStoryFirstMapConfig,资源数据.资源年剧情首个地图配置,Res|Data|Res|Year|Story|First|Map|Config,
ResData.ResYearStorySecondMapConfig,资源数据.资源年剧情秒地图配置,Res|Data|Res|Year|Story|Second|Map|Config,
ResData.ResYearStoryMapNodeCellConfig,资源数据.资源年剧情地图节点格子配置,Res|Data|Res|Year|Story|Map|Node|Cell|Config,
ResData.ResYearStoryMapTaskBubbleConfig,资源数据.资源年剧情地图任务气泡配置,Res|Data|Res|Year|Story|Map|Task|Bubble|Config,
ResData.ResYearStorySubNodeDetailConf,资源数据.资源年剧情子节点细节配置,Res|Data|Res|Year|Story|Sub|Node|Detail|Conf,
ResData.ResBreakingNewsTaskReviewCommon,资源数据.资源BreakingNews任务回顾通用,Res|Data|Res|Breaking|News|Task|Review|Common,Breaking News
ResData.ResBreakingNewsTaskReview,资源数据.资源BreakingNews任务回顾,Res|Data|Res|Breaking|News|Task|Review,Breaking News
ResData.ResHeroicEntranceCommonConfig,资源数据.资源Heroic入口通用配置,Res|Data|Res|Heroic|Entrance|Common|Config,Heroic
ResData.ResHeroicEntranceContentConfig,资源数据.资源Heroic入口内容配置,Res|Data|Res|Heroic|Entrance|Content|Config,Heroic
ResData.ResHeroicEntranceProjectConfig,资源数据.资源Heroic入口项目配置,Res|Data|Res|Heroic|Entrance|Project|Config,Heroic
ResData.ResAuthority,资源数据.资源Authority,Res|Data|Res|Authority,Authority
ResData.ResBreakingNewsPveAttrUpgradeConf,资源数据.资源BreakingNewsPve属性升级配置,Res|Data|Res|Breaking|News|Pve|Attr|Upgrade|Conf,Breaking News Pve
ResData.ResUgcWavesLoseAward,资源数据.资源UGCWaves失败奖励,Res|Data|Res|Ugc|Waves|Lose|Award,Waves
ResData.ResMapTriggerTask,资源数据.资源地图触发任务,Res|Data|Res|Map|Trigger|Task,
ResData.ResPlayerInfoSkinInfo,资源数据.资源玩家信息皮肤信息,Res|Data|Res|Player|Info|Skin|Info,
ResData.ResSoundMapInfo,资源数据.资源音效地图信息,Res|Data|Res|Sound|Map|Info,
ResData.ResSettleAchievementInfo,资源数据.资源结算成就信息,Res|Data|Res|Settle|Achievement|Info,
ResData.ResCommResExpose,资源数据.资源通信资源暴露,Res|Data|Res|Comm|Res|Expose,
ResData.ResHighlightRely,资源数据.资源高亮依赖,Res|Data|Res|Highlight|Rely,
ResData.ResHighlightVedio,资源数据.资源高亮Vedio,Res|Data|Res|Highlight|Vedio,Vedio
ResData.ResEsportsHighlightContribution,资源数据.资源电竞高亮Contribution,Res|Data|Res|Esports|Highlight|Contribution,Contribution
ResData.ResHighlightUiInfo,资源数据.资源高亮UI信息,Res|Data|Res|Highlight|Ui|Info,
ResData.ResEsportsHighlightUiInfo,资源数据.资源电竞高亮UI信息,Res|Data|Res|Esports|Highlight|Ui|Info,
ResData.ResHighlightAtuoToolInfo,资源数据.资源高亮AtuoTool信息,Res|Data|Res|Highlight|Atuo|Tool|Info,Atuo Tool
ResData.ResHighlightInfoExpireTime,资源数据.资源高亮信息Expire时间,Res|Data|Res|Highlight|Info|Expire|Time,Expire
ResData.ResHighlightMapInfo,资源数据.资源高亮地图信息,Res|Data|Res|Highlight|Map|Info,
ResData.ResCrazyPowerGlobal,资源数据.资源Crazy威力全局,Res|Data|Res|Crazy|Power|Global,Crazy
ResData.ResDT_HeroTrickTrainStringParam,资源数据.资源数据表英雄技巧训练字符串参数,Res|Data|Res|DT|Hero|Trick|Train|String|Param,
ResData.ResTimeBackHeroBan,资源数据.资源时间返回英雄禁用,Res|Data|Res|Time|Back|Hero|Ban,
ResData.ResTimeBackSkinBan,资源数据.资源时间返回皮肤禁用,Res|Data|Res|Time|Back|Skin|Ban,
ResData.ResDT_HeroPracticeGoalItem,资源数据.资源数据表英雄练习目标道具,Res|Data|Res|DT|Hero|Practice|Goal|Item,
ResData.ResDT_HeroPracticRewardItem,资源数据.资源数据表英雄Practic奖励道具,Res|Data|Res|DT|Hero|Practic|Reward|Item,Practic
ResData.ResDT_CampHeroTipsItem,资源数据.资源数据表阵营英雄提示道具,Res|Data|Res|DT|Camp|Hero|Tips|Item,
ResData.ResHeroData,资源数据.资源英雄数据,Res|Data|Res|Hero|Data,
ResData.ResAIHCIResponseLanguage,资源数据.资源AIHCI响应语言,Res|Data|Res|AIHCI|Response|Language,AIHCI
ResData.ResEmojiInfo,资源数据.资源表情信息,Res|Data|Res|Emoji|Info,
ResData.ResEmojiEggInfo,资源数据.资源表情Egg信息,Res|Data|Res|Emoji|Egg|Info,Egg
ResData.ResEmojiReplyInfo,资源数据.资源表情Reply信息,Res|Data|Res|Emoji|Reply|Info,Reply
ResData.ResRechargeCondConf,资源数据.资源Recharge条件配置,Res|Data|Res|Recharge|Cond|Conf,Recharge
ResData.ResDTSeasonHonorRoadLevelInfo,资源数据.资源数据表赛季荣誉道路等级信息,Res|Data|Res|DT|Season|Honor|Road|Level|Info,
ResData.ResRelayArea,资源数据.资源Relay区域,Res|Data|Res|Relay|Area,Relay
ResData.ResCHBranchShowCondConf,资源数据.资源CH分支显示条件配置,Res|Data|Res|CH|Branch|Show|Cond|Conf,CH
ResData.ResInteractiveSkill,资源数据.资源交互技能,Res|Data|Res|Interactive|Skill,
ResData.ResCurrencyExchange,资源数据.资源货币交换,Res|Data|Res|Currency|Exchange,
ResData.ResToRebateMap,资源数据.资源到返利地图,Res|Data|Res|To|Rebate|Map,
ResData.ResDefaultQualityConf,资源数据.资源默认品质配置,Res|Data|Res|Default|Quality|Conf,
ResData.ResSpecialBurningRewardConf,资源数据.资源特殊Burning奖励配置,Res|Data|Res|Special|Burning|Reward|Conf,Burning
ResData.ResBattleKillNotifyInfo,资源数据.资源战斗击杀通知信息,Res|Data|Res|Battle|Kill|Notify|Info,
ResData.ResBattleThumbUpReplaceInfo,资源数据.资源战斗Thumb上替换信息,Res|Data|Res|Battle|Thumb|Up|Replace|Info,Thumb
ResData.ResDT_VibrationInfo,资源数据.资源数据表震动信息,Res|Data|Res|DT|Vibration|Info,
ResData.ResPaint,资源数据.资源Paint,Res|Data|Res|Paint,Paint
ResData.ResSkyScreenRule,资源数据.资源Sky屏幕规则,Res|Data|Res|Sky|Screen|Rule,Sky
ResData.ResSkinGroup,资源数据.资源皮肤分组,Res|Data|Res|Skin|Group,
ResData.ResQualityPrivilege,资源数据.资源品质特权,Res|Data|Res|Quality|Privilege,
ResData.ResSkinBookQualityDisplay,资源数据.资源皮肤Book品质显示,Res|Data|Res|Skin|Book|Quality|Display,Book
ResData.ResBattleUISkinInfo,资源数据.资源战斗UI皮肤信息,Res|Data|Res|Battle|UI|Skin|Info,
ResData.ResGeneralGiftGreeting,资源数据.资源通用礼包问候,Res|Data|Res|General|Gift|Greeting,
ResData.ResVideoBustLodInfo,资源数据.资源视频BustLOD信息,Res|Data|Res|Video|Bust|Lod|Info,Bust
ResData.RESDT_HeroPreSettingRuleUniqMap,资源数据.RESDT英雄预设置规则Uniq地图,Res|Data|RESDT|Hero|Pre|Setting|Rule|Uniq|Map,RESDT Uniq
ResData.ResBattleResultBarrage,资源数据.资源战斗结果弹幕,Res|Data|Res|Battle|Result|Barrage,
ResData.ResResLoginPingTestInfo,资源数据.资源资源登录延迟测试信息,Res|Data|Res|Res|Login|Ping|Test|Info,
ResData.ResDT_CoinInfo,资源数据.资源数据表金币信息,Res|Data|Res|DT|Coin|Info,
ResData.ResDT_CityBadgeSettle,资源数据.资源数据表城市徽章结算,Res|Data|Res|DT|City|Badge|Settle,
ResData.ResGrowthBadge,资源数据.资源成长徽章,Res|Data|Res|Growth|Badge,
ResData.ResBattleRecord,资源数据.资源战斗记录,Res|Data|Res|Battle|Record,
ResData.ResNoneAdultControl,资源数据.资源无Adult控制,Res|Data|Res|None|Adult|Control,Adult
ResData.ResBlindBoxGiftInfo,资源数据.资源Blind盒礼包信息,Res|Data|Res|Blind|Box|Gift|Info,Blind
ResData.ResAIAntiHackerScreenShotKeywords,资源数据.资源AIAntiHacker屏幕ShotKeywords,Res|Data|Res|AI|Anti|Hacker|Screen|Shot|Keywords,Anti Hacker Shot Keywords
ResData.ResCityChatSubChannel,资源数据.资源城市聊天子频道,Res|Data|Res|City|Chat|Sub|Channel,
ResData.ResDT_TreasureWeight,资源数据.资源数据表宝藏权重,Res|Data|Res|DT|Treasure|Weight,
ResData.ResDT_ModifyParam,资源数据.资源数据表修改参数,Res|Data|Res|DT|Modify|Param,
ResData.ResTreasureInsureNodeInfo,资源数据.资源宝藏Insure节点信息,Res|Data|Res|Treasure|Insure|Node|Info,Insure
ResData.ResDT_MakingItemCfg,资源数据.资源数据表制作道具配置,Res|Data|Res|DT|Making|Item|Cfg,
ResData.ResDT_BattleUIBlockPath,资源数据.资源数据表战斗UI阻挡路径,Res|Data|Res|DT|Battle|UI|Block|Path,
ResData.ResBattlePassRankTitleAwardInfo,资源数据.资源战斗通行证排行标题奖励信息,Res|Data|Res|Battle|Pass|Rank|Title|Award|Info,
ResData.ResVideoPlay,资源数据.资源视频播放,Res|Data|Res|Video|Play,
ResData.ResMagicLotteryPool,资源数据.资源魔法抽奖池,Res|Data|Res|Magic|Lottery|Pool,
ResData.ResMagicLotteryPrice,资源数据.资源魔法抽奖价格,Res|Data|Res|Magic|Lottery|Price,
ResData.ResGroupIcon,资源数据.资源分组图标,Res|Data|Res|Group|Icon,
ResData.ResUsualTaskWeather,资源数据.资源Usual任务天气,Res|Data|Res|Usual|Task|Weather,Usual
ResData.ResUsualTaskWorldViewSlogan,资源数据.资源Usual任务世界视图Slogan,Res|Data|Res|Usual|Task|World|View|Slogan,Usual Slogan
ResData.ResUsualTaskWorldViewBg,资源数据.资源Usual任务世界视图背景,Res|Data|Res|Usual|Task|World|View|Bg,Usual
ResData.ResHeroLabelInfo,资源数据.资源英雄标签信息,Res|Data|Res|Hero|Label|Info,
ResData.ResPreLoadOfflineBaseReourceInfo,资源数据.资源预加载离线基础Reource信息,Res|Data|Res|Pre|Load|Offline|Base|Reource|Info,Reource
ResData.ResPreLoadOfflineAGEReourceInfo,资源数据.资源预加载离线AGEReource信息,Res|Data|Res|Pre|Load|Offline|AGE|Reource|Info,Reource
ResData.ResPreLoadOfflineSoldierReourceInfo,资源数据.资源预加载离线小兵Reource信息,Res|Data|Res|Pre|Load|Offline|Soldier|Reource|Info,Reource
ResData.ResPreLoadOfflineSceneReourceInfo,资源数据.资源预加载离线场景Reource信息,Res|Data|Res|Pre|Load|Offline|Scene|Reource|Info,Reource
ResData.ResPreLoadOfflineFormReourceInfo,资源数据.资源预加载离线形态Reource信息,Res|Data|Res|Pre|Load|Offline|Form|Reource|Info,Reource
ResData.ResStarVipConf,资源数据.资源星VIP配置,Res|Data|Res|Star|Vip|Conf,
ResData.ResStarVipNewConf,资源数据.资源星VIP新配置,Res|Data|Res|Star|Vip|New|Conf,
ResData.ResNetworkDeviceParamInfo,资源数据.资源Network设备参数信息,Res|Data|Res|Network|Device|Param|Info,Network
ResData.ResBattleSoundReplacement,资源数据.资源战斗音效替换,Res|Data|Res|Battle|Sound|Replacement,
ResData.ResBattleSoundReplacementDetail,资源数据.资源战斗音效替换细节,Res|Data|Res|Battle|Sound|Replacement|Detail,
ResData.ResSkinKolStore,资源数据.资源皮肤KOL商店,Res|Data|Res|Skin|Kol|Store,
ResData.ResSkinKolTips,资源数据.资源皮肤KOL提示,Res|Data|Res|Skin|Kol|Tips,
ResData.ResLevelSettingAdapterDevice,资源数据.资源等级设置Adapter设备,Res|Data|Res|Level|Setting|Adapter|Device,Adapter
ResData.ResBirthdayBlessGiftInfo,资源数据.资源BirthdayBless礼包信息,Res|Data|Res|Birthday|Bless|Gift|Info,Birthday Bless
ResData.ResInviteSortingCfg,资源数据.资源邀请排序配置,Res|Data|Res|Invite|Sorting|Cfg,
ResData.ResHeroSkinCollectionCfg,资源数据.资源英雄皮肤收集配置,Res|Data|Res|Hero|Skin|Collection|Cfg,
ResData.ResHeroSkinCollectionCardCfg,资源数据.资源英雄皮肤收集卡牌配置,Res|Data|Res|Hero|Skin|Collection|Card|Cfg,
ResData.ResHintTriggerCondItem.<Param_bytes>e__FixedBuffer,资源数据.资源Hint触发条件道具.<Parambytes>e固定缓冲,Res|Data|Res|Hint|Trigger|Cond|Item|<Param|bytes>e|Fixed|Buffer,Hint <Param bytes>e
ResData.ResHintTriggerCondItem,资源数据.资源Hint触发条件道具,Res|Data|Res|Hint|Trigger|Cond|Item,Hint
ResData.ResChannelRankCode,资源数据.资源频道排行码,Res|Data|Res|Channel|Rank|Code,
ResData.ResChannelFiveRankTips,资源数据.资源频道五排行提示,Res|Data|Res|Channel|Five|Rank|Tips,
ResData.ResEsportsConclusion,资源数据.资源电竞结论,Res|Data|Res|Esports|Conclusion,
ResData.ResEsportsConclusionGroup,资源数据.资源电竞结论分组,Res|Data|Res|Esports|Conclusion|Group,
ResData.ResDT_RandomRewardDiscountInfo,资源数据.资源数据表随机奖励折扣信息,Res|Data|Res|DT|Random|Reward|Discount|Info,
ResData.ResSettleConditionCfg,资源数据.资源结算条件配置,Res|Data|Res|Settle|Condition|Cfg,
ResData.ResDT_SettleConditionInfo,资源数据.资源数据表结算条件信息,Res|Data|Res|DT|Settle|Condition|Info,
ResData.ResHeroHealWhiteListCfg,资源数据.资源英雄Heal白列表配置,Res|Data|Res|Hero|Heal|White|List|Cfg,Heal
ResData.ResPatCfg,资源数据.资源Pat配置,Res|Data|Res|Pat|Cfg,Pat
ResData.ResCollectorAchievementInfo,资源数据.资源Collector成就信息,Res|Data|Res|Collector|Achievement|Info,Collector
ResData.ResVibrationWhiteListInfo,资源数据.资源震动白列表信息,Res|Data|Res|Vibration|White|List|Info,
ResData.ResSignatureCfg,资源数据.资源Signature配置,Res|Data|Res|Signature|Cfg,Signature
ResData.ResHeroPracticePuppetPos,资源数据.资源英雄练习傀儡位置,Res|Data|Res|Hero|Practice|Puppet|Pos,
ResData.ResSacredAnimalDialogInfo,资源数据.资源神圣动物对话信息,Res|Data|Res|Sacred|Animal|Dialog|Info,
ResData.ResHeroPracticeLobbyTipsInfo,资源数据.资源英雄练习大厅提示信息,Res|Data|Res|Hero|Practice|Lobby|Tips|Info,
ResData.ResHeroPracticeCertificate,资源数据.资源英雄练习Certificate,Res|Data|Res|Hero|Practice|Certificate,Certificate
ResData.ResDT_SkinDistributionItem,资源数据.资源数据表皮肤Distribution道具,Res|Data|Res|DT|Skin|Distribution|Item,Distribution
ResData.ResDT_PracticeHeroInfo,资源数据.资源数据表练习英雄信息,Res|Data|Res|DT|Practice|Hero|Info,
ResData.ResNewHeroPracticeSkillIntro,资源数据.资源新英雄练习技能开场,Res|Data|Res|New|Hero|Practice|Skill|Intro,
ResData.ResSchemaToPackage,资源数据.资源Schema到礼包,Res|Data|Res|Schema|To|Package,Schema
ResData.ResEndGameShareTextCfg,资源数据.资源结束游戏共享文本配置,Res|Data|Res|End|Game|Share|Text|Cfg,
ResData.ResHeroPracticeDifficulty,资源数据.资源英雄练习难度,Res|Data|Res|Hero|Practice|Difficulty,
ResData.ResHeroPracticeAbilityTestDifficulty,资源数据.资源英雄练习能力测试难度,Res|Data|Res|Hero|Practice|Ability|Test|Difficulty,
ResData.ResHeroPracticeLobbyEntryIntro,资源数据.资源英雄练习大厅入口开场,Res|Data|Res|Hero|Practice|Lobby|Entry|Intro,
ResData.ResHeroPracticeSliceCfg,资源数据.资源英雄练习Slice配置,Res|Data|Res|Hero|Practice|Slice|Cfg,Slice
ResData.ResHeroPracticeBattleAchievementCfg,资源数据.资源英雄练习战斗成就配置,Res|Data|Res|Hero|Practice|Battle|Achievement|Cfg,
ResData.ResHeroPracticeNewHeroLoadingText,资源数据.资源英雄练习新英雄加载文本,Res|Data|Res|Hero|Practice|New|Hero|Loading|Text,
ResData.ResHeroPracticeAbilityGraph.<MaxAbilityValue_bytes>e__FixedBuffer,资源数据.资源英雄练习能力图.<Max能力值bytes>e固定缓冲,Res|Data|Res|Hero|Practice|Ability|Graph|<Max|Ability|Value|bytes>e|Fixed|Buffer,<Max bytes>e
ResData.ResHeroPracticeAbilityGraph,资源数据.资源英雄练习能力图,Res|Data|Res|Hero|Practice|Ability|Graph,
ResData.ResDT_NationalCondition,资源数据.资源数据表全国条件,Res|Data|Res|DT|National|Condition,
ResData.ResHeroPracticeBranchTipsConf,资源数据.资源英雄练习分支提示配置,Res|Data|Res|Hero|Practice|Branch|Tips|Conf,
ResData.ResDT_ComboStopInfo,资源数据.资源数据表连击停止信息,Res|Data|Res|DT|Combo|Stop|Info,
ResData.ChallengeGuideBannerPicStr,资源数据.挑战引导横幅图片字符串,Res|Data|Challenge|Guide|Banner|Pic|Str,
ResData.ResUBFStandbyTipsInfo,资源数据.资源UBFStandby提示信息,Res|Data|Res|UBF|Standby|Tips|Info,UBF Standby
ResData.ResClientStateTag,资源数据.资源客户端状态标签,Res|Data|Res|Client|State|Tag,
ResData.ResSoldierSkinBattlePreview,资源数据.资源小兵皮肤战斗预览,Res|Data|Res|Soldier|Skin|Battle|Preview,
ResData.ResDT_SkillBattlePreviewInfo,资源数据.资源数据表技能战斗预览信息,Res|Data|Res|DT|Skill|Battle|Preview|Info,
ResData.SkillQTEStepOpTips,资源数据.技能QTE步长操作提示,Res|Data|Skill|QTE|Step|Op|Tips,QTE
ResData.ResInviteSkinCfg,资源数据.资源邀请皮肤配置,Res|Data|Res|Invite|Skin|Cfg,
ResData.ResBornEffectCfg,资源数据.资源出生效果配置,Res|Data|Res|Born|Effect|Cfg,
ResData.ResNameCardSkinCfg,资源数据.资源名称卡牌皮肤配置,Res|Data|Res|Name|Card|Skin|Cfg,
ResData.ResCanyonWikiWiseConf,资源数据.资源峡谷WikiWise配置,Res|Data|Res|Canyon|Wiki|Wise|Conf,Wiki Wise
ResData.ResNationCfg,资源数据.资源国家配置,Res|Data|Res|Nation|Cfg,
ResData.ResSocialPlatformPriorityCfg,资源数据.资源Social平台优先级配置,Res|Data|Res|Social|Platform|Priority|Cfg,Social
ResData.ResPlatformCfg,资源数据.资源平台配置,Res|Data|Res|Platform|Cfg,
ResData.ResGuestAutoLoginCfg,资源数据.资源Guest自动登录配置,Res|Data|Res|Guest|Auto|Login|Cfg,Guest
ResData.ResContinentCfg,资源数据.资源Continent配置,Res|Data|Res|Continent|Cfg,Continent
ResData.ResComplianceCfg,资源数据.资源Compliance配置,Res|Data|Res|Compliance|Cfg,Compliance
ResData.ResLoginErrorTipCfg,资源数据.资源登录错误提示配置,Res|Data|Res|Login|Error|Tip|Cfg,
ResData.ResCountryTheaterConf,资源数据.资源国家Theater配置,Res|Data|Res|Country|Theater|Conf,Theater
ResData.ResCltRewardCfg,资源数据.资源客户端奖励配置,Res|Data|Res|Clt|Reward|Cfg,
ResData.RegisterCfg,资源数据.Register配置,Res|Data|Register|Cfg,Register
ResData.ResGlobalLanguageConf,资源数据.资源全局语言配置,Res|Data|Res|Global|Language|Conf,
ResData.ResGlobalVoiceConf,资源数据.资源全局语音配置,Res|Data|Res|Global|Voice|Conf,
ResData.ResMediaConf,资源数据.资源Media配置,Res|Data|Res|Media|Conf,Media
ResData.ResSocialConf,资源数据.资源Social配置,Res|Data|Res|Social|Conf,Social
ResData.ResPerfOptimiSwitch,资源数据.资源PerfOptimi切换,Res|Data|Res|Perf|Optimi|Switch,Perf Optimi
ResData.ResPingShowInfo,资源数据.资源延迟显示信息,Res|Data|Res|Ping|Show|Info,
ResData.ResPreLoadNumConf,资源数据.资源预加载数量配置,Res|Data|Res|Pre|Load|Num|Conf,
ResData.ResCanyonWikiMapCamConf,资源数据.资源峡谷Wiki地图Cam配置,Res|Data|Res|Canyon|Wiki|Map|Cam|Conf,Wiki Cam
ResData.ResCanyonWikiTimingChangeConf,资源数据.资源峡谷Wiki时机变更配置,Res|Data|Res|Canyon|Wiki|Timing|Change|Conf,Wiki
ResData.BranchGuideSwitchConf,资源数据.分支引导切换配置,Res|Data|Branch|Guide|Switch|Conf,
ResData.ResSkinVideoIntro,资源数据.资源皮肤视频开场,Res|Data|Res|Skin|Video|Intro,
ResData.ResJinliActConf,资源数据.资源锦鲤活动配置,Res|Data|Res|Jinli|Act|Conf,
ResData.ResLobbyAtmosphereTrigger,资源数据.资源大厅Atmosphere触发,Res|Data|Res|Lobby|Atmosphere|Trigger,Atmosphere
ResData.ResSacredAnimalPostcard,资源数据.资源神圣动物Postcard,Res|Data|Res|Sacred|Animal|Postcard,Postcard
ResData.ResChatEmojiPath,资源数据.资源聊天表情路径,Res|Data|Res|Chat|Emoji|Path,
ResData.ResShareNationAreaCfg,资源数据.资源共享国家区域配置,Res|Data|Res|Share|Nation|Area|Cfg,
ResData.ResShareContentCfg,资源数据.资源共享内容配置,Res|Data|Res|Share|Content|Cfg,
ResData.ResWatchSkillCameraMovement,资源数据.资源观察技能相机移动,Res|Data|Res|Watch|Skill|Camera|Movement,
ResData.JunglePerformanceConf,资源数据.野区性能配置,Res|Data|Jungle|Performance|Conf,
ResData.ResGlobalChatLanguageConf,资源数据.资源全局聊天语言配置,Res|Data|Res|Global|Chat|Language|Conf,
ResData.ShopScoreCfg,资源数据.商店得分配置,Res|Data|Shop|Score|Cfg,
ResData.ResDT_ReportTypeString,资源数据.资源数据表举报类型字符串,Res|Data|Res|DT|Report|Type|String,
ResData.ResCountryInfoConf,资源数据.资源国家信息配置,Res|Data|Res|Country|Info|Conf,
ResData.HokAdCodeConf,资源数据.Hok物理码配置,Res|Data|Hok|Ad|Code|Conf,Hok
ResData.ResDT_RefKnowledgeInfo,资源数据.资源数据表引用Knowledge信息,Res|Data|Res|DT|Ref|Knowledge|Info,Knowledge
ResData.ResNatalHeroInfo,资源数据.资源Natal英雄信息,Res|Data|Res|Natal|Hero|Info,Natal
ResData.ResDidiCfg,资源数据.资源Didi配置,Res|Data|Res|Didi|Cfg,Didi
ResData.ResSkillMoveDestInfo,资源数据.资源技能移动目标信息,Res|Data|Res|Skill|Move|Dest|Info,
ResData.ResAdulthoodHeroWordCfg,资源数据.资源Adulthood英雄Word配置,Res|Data|Res|Adulthood|Hero|Word|Cfg,Adulthood Word
ResData.ResAdulthoodSeasonCfg,资源数据.资源Adulthood赛季配置,Res|Data|Res|Adulthood|Season|Cfg,Adulthood
ResData.ResAdulthoodGrowthCfg,资源数据.资源Adulthood成长配置,Res|Data|Res|Adulthood|Growth|Cfg,Adulthood
ResData.ResDT_MallProductShowCurrency,资源数据.资源数据表商城商品显示货币,Res|Data|Res|DT|Mall|Product|Show|Currency,
ResData.ResBroadcastManCfg,资源数据.资源广播Man配置,Res|Data|Res|Broadcast|Man|Cfg,Man
ResData.ResBroadcastVoiceCfg,资源数据.资源广播语音配置,Res|Data|Res|Broadcast|Voice|Cfg,
ResData.ResDefaultBroadcastVoiceCfg,资源数据.资源默认广播语音配置,Res|Data|Res|Default|Broadcast|Voice|Cfg,
ResData.ResVoiceCfg,资源数据.资源语音配置,Res|Data|Res|Voice|Cfg,
ResData.ResCommResPrivilegeCfg.<Params_bytes>e__FixedBuffer,资源数据.资源通信资源特权配置.<Paramsbytes>e固定缓冲,Res|Data|Res|Comm|Res|Privilege|Cfg|<Params|bytes>e|Fixed|Buffer,<Params bytes>e
ResData.ResCommResPrivilegeCfg,资源数据.资源通信资源特权配置,Res|Data|Res|Comm|Res|Privilege|Cfg,
ResData.ResHeroExclusiveBroadcastCfg,资源数据.资源英雄Exclusive广播配置,Res|Data|Res|Hero|Exclusive|Broadcast|Cfg,Exclusive
ResData.ResHeroSkinToGiftShopProductMap,资源数据.资源英雄皮肤到礼包商店商品地图,Res|Data|Res|Hero|Skin|To|Gift|Shop|Product|Map,
ResData.ResNominateBuffConf,资源数据.资源Nominate增益配置,Res|Data|Res|Nominate|Buff|Conf,Nominate
ResData.ResHeroPracticeLevelLabel,资源数据.资源英雄练习等级标签,Res|Data|Res|Hero|Practice|Level|Label,
ResData.ResHeroPracticeComboLevelEnemyConf,资源数据.资源英雄练习连击等级敌方配置,Res|Data|Res|Hero|Practice|Combo|Level|Enemy|Conf,
ResData.ResUGCLimitChangeCfg,资源数据.资源UGC限制变更配置,Res|Data|Res|UGC|Limit|Change|Cfg,
ResData.ResDLCPackageGroupConf,资源数据.资源DLC礼包分组配置,Res|Data|Res|DLC|Package|Group|Conf,DLC
ResData.ResDLCPackageGroupTypeConf,资源数据.资源DLC礼包分组类型配置,Res|Data|Res|DLC|Package|Group|Type|Conf,DLC
ResData.ResDT_DLCRemovableFilter,资源数据.资源数据表DLCRemovable过滤,Res|Data|Res|DT|DLC|Removable|Filter,DLC Removable
ResData.ResDT_HeroSkinAnim,资源数据.资源数据表英雄皮肤动画,Res|Data|Res|DT|Hero|Skin|Anim,
ResData.ResHeroSkinSoundReplace,资源数据.资源英雄皮肤音效替换,Res|Data|Res|Hero|Skin|Sound|Replace,
ResData.ResDT_HeroSkinBonePointReplace,资源数据.资源数据表英雄皮肤骨骼点替换,Res|Data|Res|DT|Hero|Skin|Bone|Point|Replace,
ResData.ResErrorCode,资源数据.资源错误码,Res|Data|Res|Error|Code,
ResData.ResNotActiveConf,资源数据.资源非激活配置,Res|Data|Res|Not|Active|Conf,
ResData.ResRecommendReason,资源数据.资源推荐原因,Res|Data|Res|Recommend|Reason,
ResData.ResHopeSeedGrowCfg,资源数据.资源HopeSeed成长配置,Res|Data|Res|Hope|Seed|Grow|Cfg,Hope Seed
ResData.ResHopeSeedChatContent,资源数据.资源HopeSeed聊天内容,Res|Data|Res|Hope|Seed|Chat|Content,Hope Seed
ResData.ResDT_LotteryWelfare,资源数据.资源数据表抽奖Welfare,Res|Data|Res|DT|Lottery|Welfare,Welfare
ResData.ResDT_ResourceTypeID,资源数据.资源数据表资源类型ID,Res|Data|Res|DT|Resource|Type|ID,
ResData.ResDT_CostResourceInfo,资源数据.资源数据表消耗资源信息,Res|Data|Res|DT|Cost|Resource|Info,
ResData.ResDT_MustHitEveryXPoolLimit,资源数据.资源数据表Must命中EveryX池限制,Res|Data|Res|DT|Must|Hit|Every|X|Pool|Limit,Must Every
ResData.ResLotteryDiscountInfo,资源数据.资源抽奖折扣信息,Res|Data|Res|Lottery|Discount|Info,
ResData.ResExchangeShopConf,资源数据.资源交换商店配置,Res|Data|Res|Exchange|Shop|Conf,
ResData.ResNewLuckyDrawPrice,资源数据.资源新幸运抽奖价格,Res|Data|Res|New|Lucky|Draw|Price,
ResData.ResNewLuckyDrawPeriod,资源数据.资源新幸运抽奖周期,Res|Data|Res|New|Lucky|Draw|Period,
ResData.ResLuckyDrawProbailityAdjust,资源数据.资源幸运抽奖Probaility调整,Res|Data|Res|Lucky|Draw|Probaility|Adjust,Probaility
ResData.ResRankingSettleCfg,资源数据.资源排行结算配置,Res|Data|Res|Ranking|Settle|Cfg,
ResData.ResComplaintMarkConf,资源数据.资源举报标记配置,Res|Data|Res|Complaint|Mark|Conf,
ResData.ResPveHurtTagProperty,资源数据.资源Pve伤害标签属性,Res|Data|Res|Pve|Hurt|Tag|Property,Pve
ResData.ResPveCustomProperty,资源数据.资源Pve自定义属性,Res|Data|Res|Pve|Custom|Property,Pve
ResData.ResAwakenTalSkillBurningCfg,资源数据.资源觉醒Tal技能Burning配置,Res|Data|Res|Awaken|Tal|Skill|Burning|Cfg,Tal Burning
ResData.ResUltimateDefenseTrialsSoldierRegionGroup,资源数据.资源终极防御试炼小兵区域分组,Res|Data|Res|Ultimate|Defense|Trials|Soldier|Region|Group,
ResData.RESDT_ROGUEMOW_COIN_CHEST_CONF,资源数据.RESDT肉鸽割草金币CHEST配置,Res|Data|RESDT|ROGUEMOW|COIN|CHEST|CONF,RESDT CHEST
ResData.ResRogueMowSeasonConf,资源数据.资源肉鸽Mow赛季配置,Res|Data|Res|Rogue|Mow|Season|Conf,Mow
ResData.ResDT_MonsterPreloadInfo,资源数据.资源数据表野怪预加载信息,Res|Data|Res|DT|Monster|Preload|Info,
ResData.ResUltimateAwakenMonsterInfoConf,资源数据.资源终极觉醒野怪信息配置,Res|Data|Res|Ultimate|Awaken|Monster|Info|Conf,
ResData.ResPveUnlockTarget,资源数据.资源Pve解锁目标,Res|Data|Res|Pve|Unlock|Target,Pve
ResData.ResRogueMowItemDetail,资源数据.资源肉鸽Mow道具细节,Res|Data|Res|Rogue|Mow|Item|Detail,Mow
ResData.ResRogueMowSkillConf,资源数据.资源肉鸽Mow技能配置,Res|Data|Res|Rogue|Mow|Skill|Conf,Mow
ResData.ResRogueMowAssetsPreloadConf,资源数据.资源肉鸽MowAssets预加载配置,Res|Data|Res|Rogue|Mow|Assets|Preload|Conf,Mow Assets
ResData.ResRogueMowAchievementConf,资源数据.资源肉鸽Mow成就配置,Res|Data|Res|Rogue|Mow|Achievement|Conf,Mow
ResData.ResRogueMowStrategyPic,资源数据.资源肉鸽Mow策略图片,Res|Data|Res|Rogue|Mow|Strategy|Pic,Mow
ResData.ResRogueMowTaskConf,资源数据.资源肉鸽Mow任务配置,Res|Data|Res|Rogue|Mow|Task|Conf,Mow
ResData.PreciseLockScaleCfg,资源数据.精确锁定缩放配置,Res|Data|Precise|Lock|Scale|Cfg,
ResData.ResEquipChgInfo,资源数据.资源装备变化信息,Res|Data|Res|Equip|Chg|Info,
ResData.ResFaBaoEquipExchangeInfo,资源数据.资源FaBao装备交换信息,Res|Data|Res|Fa|Bao|Equip|Exchange|Info,Fa Bao
ResData.ResBattleEventsCfg,资源数据.资源战斗Events配置,Res|Data|Res|Battle|Events|Cfg,Events
ResData.ResBattleEventsNodeCfg,资源数据.资源战斗Events节点配置,Res|Data|Res|Battle|Events|Node|Cfg,Events
ResData.ResBattleProgressCfg,资源数据.资源战斗进度配置,Res|Data|Res|Battle|Progress|Cfg,
ResData.ResSkinBattleFeatureInfo,资源数据.资源皮肤战斗特性信息,Res|Data|Res|Skin|Battle|Feature|Info,
ResData.ResDT_CustomizeItemInfo,资源数据.资源数据表Customize道具信息,Res|Data|Res|DT|Customize|Item|Info,Customize
ResData.ResGangUpPlayerTagCfg,资源数据.资源Gang上玩家标签配置,Res|Data|Res|Gang|Up|Player|Tag|Cfg,Gang
ResData.ChatAtmosphereOnTimeCfg,资源数据.聊天Atmosphere开时间配置,Res|Data|Chat|Atmosphere|On|Time|Cfg,Atmosphere
ResData.ResChatAtmosphereInfo,资源数据.资源聊天Atmosphere信息,Res|Data|Res|Chat|Atmosphere|Info,Atmosphere
ResData.ResChatHeroReplyInfo,资源数据.资源聊天英雄Reply信息,Res|Data|Res|Chat|Hero|Reply|Info,Reply
ResData.ResChatResourceDisplayInfo,资源数据.资源聊天资源显示信息,Res|Data|Res|Chat|Resource|Display|Info,
ResData.ResChatCopywritingInfo,资源数据.资源聊天Copywriting信息,Res|Data|Res|Chat|Copywriting|Info,Copywriting
ResData.ResSacredAnimalBatch,资源数据.资源神圣动物批次,Res|Data|Res|Sacred|Animal|Batch,
ResData.ResDT_PicRuleInfo,资源数据.资源数据表图片规则信息,Res|Data|Res|DT|Pic|Rule|Info,
ResData.ResSacredAnimalAppearanceLevel,资源数据.资源神圣动物外观等级,Res|Data|Res|Sacred|Animal|Appearance|Level,
ResData.ResSacredAnimalAppearanceProb,资源数据.资源神圣动物外观概率,Res|Data|Res|Sacred|Animal|Appearance|Prob,
ResData.ResSacredAnimalAppearanceAttribute,资源数据.资源神圣动物外观属性,Res|Data|Res|Sacred|Animal|Appearance|Attribute,
ResData.ResSacredAnimalAppearanceLockPrice,资源数据.资源神圣动物外观锁定价格,Res|Data|Res|Sacred|Animal|Appearance|Lock|Price,
ResData.ResSacredAnimalShareText,资源数据.资源神圣动物共享文本,Res|Data|Res|Sacred|Animal|Share|Text,
ResData.ResSacredAnimalDiaryTagText,资源数据.资源神圣动物日记标签文本,Res|Data|Res|Sacred|Animal|Diary|Tag|Text,
ResData.ResDT_SacredAnimalLobbyInteractRule,资源数据.资源数据表神圣动物大厅交互规则,Res|Data|Res|DT|Sacred|Animal|Lobby|Interact|Rule,
ResData.ResDT_SacredAnimalTeamInteractRule,资源数据.资源数据表神圣动物队伍交互规则,Res|Data|Res|DT|Sacred|Animal|Team|Interact|Rule,
ResData.ResDT_SacredAnimalSettleInteractRule,资源数据.资源数据表神圣动物结算交互规则,Res|Data|Res|DT|Sacred|Animal|Settle|Interact|Rule,
ResData.ResDT_SacredAnimalSkinInteractRule,资源数据.资源数据表神圣动物皮肤交互规则,Res|Data|Res|DT|Sacred|Animal|Skin|Interact|Rule,
ResData.ResDT_SacredAnimalFeedInteractRule,资源数据.资源数据表神圣动物Feed交互规则,Res|Data|Res|DT|Sacred|Animal|Feed|Interact|Rule,Feed
ResData.ResSacredAnimalAction,资源数据.资源神圣动物动作,Res|Data|Res|Sacred|Animal|Action,
ResData.ResSacredAreaAnimalAction,资源数据.资源神圣区域动物动作,Res|Data|Res|Sacred|Area|Animal|Action,
ResData.ResSacredAnimalBubbleText,资源数据.资源神圣动物气泡文本,Res|Data|Res|Sacred|Animal|Bubble|Text,
ResData.ResSacredAnimalStartText,资源数据.资源神圣动物开始文本,Res|Data|Res|Sacred|Animal|Start|Text,
ResData.ResSacredAnimalEndText,资源数据.资源神圣动物结束文本,Res|Data|Res|Sacred|Animal|End|Text,
ResData.ResSacredAnimalSuitColor.<BodyPartID_bytes>e__FixedBuffer,资源数据.资源神圣动物套装颜色.<Body部件IDbytes>e固定缓冲,Res|Data|Res|Sacred|Animal|Suit|Color|<Body|Part|ID|bytes>e|Fixed|Buffer,<Body bytes>e
ResData.ResSacredAnimalSuitColor.<PartID_bytes>e__FixedBuffer,资源数据.资源神圣动物套装颜色.<PartIDbytes>e固定缓冲,Res|Data|Res|Sacred|Animal|Suit|Color|<Part|ID|bytes>e|Fixed|Buffer,<Part bytes>e
ResData.ResSacredAnimalSuitColor,资源数据.资源神圣动物套装颜色,Res|Data|Res|Sacred|Animal|Suit|Color,
ResData.ResSacredAnimalSuitEffect.<PartID_bytes>e__FixedBuffer,资源数据.资源神圣动物套装效果.<PartIDbytes>e固定缓冲,Res|Data|Res|Sacred|Animal|Suit|Effect|<Part|ID|bytes>e|Fixed|Buffer,<Part bytes>e
ResData.ResSacredAnimalSuitEffect,资源数据.资源神圣动物套装效果,Res|Data|Res|Sacred|Animal|Suit|Effect,
ResData.ResSacredAnimalSuit.<PartID_bytes>e__FixedBuffer,资源数据.资源神圣动物套装.<PartIDbytes>e固定缓冲,Res|Data|Res|Sacred|Animal|Suit|<Part|ID|bytes>e|Fixed|Buffer,<Part bytes>e
ResData.ResSacredAnimalSuit,资源数据.资源神圣动物套装,Res|Data|Res|Sacred|Animal|Suit,
ResData.ResSacredAnimalComeInContent,资源数据.资源神圣动物Come内内容,Res|Data|Res|Sacred|Animal|Come|In|Content,Come
ResData.ResSacredAnimalBubbleGamePath.<szActivePath_bytes>e__FixedBuffer,资源数据.资源神圣动物气泡游戏路径.<sz激活路径bytes>e固定缓冲,Res|Data|Res|Sacred|Animal|Bubble|Game|Path|<sz|Active|Path|bytes>e|Fixed|Buffer,<sz bytes>e
ResData.ResSacredAnimalBubbleGamePath,资源数据.资源神圣动物气泡游戏路径,Res|Data|Res|Sacred|Animal|Bubble|Game|Path,
ResData.ResSacredAnimalBubbleGameFinishTip,资源数据.资源神圣动物气泡游戏结束提示,Res|Data|Res|Sacred|Animal|Bubble|Game|Finish|Tip,
ResData.ResSacredFlower,资源数据.资源神圣Flower,Res|Data|Res|Sacred|Flower,Flower
ResData.ResLingBaoInteractEventType,资源数据.资源LingBao交互事件类型,Res|Data|Res|Ling|Bao|Interact|Event|Type,Ling Bao
ResData.ResLingBaoActionConvert,资源数据.资源LingBao动作转换,Res|Data|Res|Ling|Bao|Action|Convert,Ling Bao
ResData.ResLingBaoImacyGetWay,资源数据.资源LingBaoImacy获取路径,Res|Data|Res|Ling|Bao|Imacy|Get|Way,Ling Bao Imacy
ResData.ResDT_LingBaoLotteryRight,资源数据.资源数据表LingBao抽奖右,Res|Data|Res|DT|Ling|Bao|Lottery|Right,Ling Bao
ResData.ResLingBaoLotteryShowCaseConf.<ShowCaseAttributeList_bytes>e__FixedBuffer,资源数据.资源LingBao抽奖显示情况配置.<Show情况属性列表bytes>e固定缓冲,Res|Data|Res|Ling|Bao|Lottery|Show|Case|Conf|<Show|Case|Attribute|List|bytes>e|Fixed|Buffer,Ling Bao <Show bytes>e
ResData.ResLingBaoLotteryShowCaseConf,资源数据.资源LingBao抽奖显示情况配置,Res|Data|Res|Ling|Bao|Lottery|Show|Case|Conf,Ling Bao
ResData.ResLingBaoLotteryResConf.<PartID_bytes>e__FixedBuffer,资源数据.资源LingBao抽奖资源配置.<PartIDbytes>e固定缓冲,Res|Data|Res|Ling|Bao|Lottery|Res|Conf|<Part|ID|bytes>e|Fixed|Buffer,Ling Bao <Part bytes>e
ResData.ResLingBaoLotteryResConf,资源数据.资源LingBao抽奖资源配置,Res|Data|Res|Ling|Bao|Lottery|Res|Conf,Ling Bao
ResData.ResDT_LingBaoLotteryColorParamas,资源数据.资源数据表LingBao抽奖颜色Paramas,Res|Data|Res|DT|Ling|Bao|Lottery|Color|Paramas,Ling Bao Paramas
ResData.ResDT_ResLingBaoLotteryWorkbenchColorConf,资源数据.资源数据表资源LingBao抽奖Workbench颜色配置,Res|Data|Res|DT|Res|Ling|Bao|Lottery|Workbench|Color|Conf,Ling Bao Workbench
ResData.ResDT_DimensionLotterySuitInfo,资源数据.资源数据表维度抽奖套装信息,Res|Data|Res|DT|Dimension|Lottery|Suit|Info,
ResData.ResDT_DimensionLotteryRight,资源数据.资源数据表维度抽奖右,Res|Data|Res|DT|Dimension|Lottery|Right,
ResData.ResDimensionLotteryLevel,资源数据.资源维度抽奖等级,Res|Data|Res|Dimension|Lottery|Level,
ResData.ResDimensionLotteryAttributeConf,资源数据.资源维度抽奖属性配置,Res|Data|Res|Dimension|Lottery|Attribute|Conf,
ResData.ResDT_ColorParama,资源数据.资源数据表颜色Parama,Res|Data|Res|DT|Color|Parama,Parama
ResData.ResDimensionLotteryShowCaseConf,资源数据.资源维度抽奖显示情况配置,Res|Data|Res|Dimension|Lottery|Show|Case|Conf,
ResData.ResDimensionLotteryShowSuitConf,资源数据.资源维度抽奖显示套装配置,Res|Data|Res|Dimension|Lottery|Show|Suit|Conf,
ResData.ResRefreshLotteryInfo,资源数据.资源刷新抽奖信息,Res|Data|Res|Refresh|Lottery|Info,
ResData.ResRefreshLotteryLockNumPrice,资源数据.资源刷新抽奖锁定数量价格,Res|Data|Res|Refresh|Lottery|Lock|Num|Price,
ResData.ResRefreshLotteryLockLevelPrice,资源数据.资源刷新抽奖锁定等级价格,Res|Data|Res|Refresh|Lottery|Lock|Level|Price,
ResData.ResRefreshLotteryAttribute,资源数据.资源刷新抽奖属性,Res|Data|Res|Refresh|Lottery|Attribute,
ResData.ResTeamUpNickNamePrefix,资源数据.资源队伍上Nick名称Prefix,Res|Data|Res|Team|Up|Nick|Name|Prefix,Nick Prefix
ResData.ResTeamUpNickName,资源数据.资源队伍上Nick名称,Res|Data|Res|Team|Up|Nick|Name,Nick
ResData.ResTeamUpRecmdSuitGroup,资源数据.资源队伍上Recmd套装分组,Res|Data|Res|Team|Up|Recmd|Suit|Group,Recmd
ResData.ResRankSmartGuideConf,资源数据.资源排行智能引导配置,Res|Data|Res|Rank|Smart|Guide|Conf,
ResData.ResDT_UltiAwakenPveLevelReward_Info,资源数据.资源数据表Ulti觉醒Pve等级奖励信息,Res|Data|Res|DT|Ulti|Awaken|Pve|Level|Reward|Info,Ulti Pve
ResData.ResUltiAwakenHeroTrainLevelCfg,资源数据.资源Ulti觉醒英雄训练等级配置,Res|Data|Res|Ulti|Awaken|Hero|Train|Level|Cfg,Ulti
ResData.ResHonorTitleColor,资源数据.资源荣誉标题颜色,Res|Data|Res|Honor|Title|Color,
ResData.ResDimensionHeroCfg,资源数据.资源维度英雄配置,Res|Data|Res|Dimension|Hero|Cfg,
ResData.ResDimensionPartBattle,资源数据.资源维度部件战斗,Res|Data|Res|Dimension|Part|Battle,
ResData.ResDimensionAnimConfigBattle,资源数据.资源维度动画配置战斗,Res|Data|Res|Dimension|Anim|Config|Battle,
ResData.ResTeamRecruitCfg,资源数据.资源队伍Recruit配置,Res|Data|Res|Team|Recruit|Cfg,Recruit
ResData.ResOpSettingLevelNameCfg,资源数据.资源操作设置等级名称配置,Res|Data|Res|Op|Setting|Level|Name|Cfg,
ResData.ResHeroRecommendOpSetting,资源数据.资源英雄推荐操作设置,Res|Data|Res|Hero|Recommend|Op|Setting,
ResData.ResDT_SettingSettleTip_SettingItem,资源数据.资源数据表设置结算提示设置道具,Res|Data|Res|DT|Setting|Settle|Tip|Setting|Item,
ResData.ResPredictGlobalParamCfg,资源数据.资源预测全局参数配置,Res|Data|Res|Predict|Global|Param|Cfg,
ResData.ResPredictSkillCfg,资源数据.资源预测技能配置,Res|Data|Res|Predict|Skill|Cfg,
ResData.ResPredictHeroGraybitCfg,资源数据.资源预测英雄Graybit配置,Res|Data|Res|Predict|Hero|Graybit|Cfg,Graybit
ResData.ResPredictHeroParamCfg,资源数据.资源预测英雄参数配置,Res|Data|Res|Predict|Hero|Param|Cfg,
ResData.ResDT_ExternalLinkProtocol,资源数据.资源数据表外部链接Protocol,Res|Data|Res|DT|External|Link|Protocol,Protocol
ResData.ResDT_SoldierSkinFeature,资源数据.资源数据表小兵皮肤特性,Res|Data|Res|DT|Soldier|Skin|Feature,
ResData.ResSoldierSkinBubbleInfo,资源数据.资源小兵皮肤气泡信息,Res|Data|Res|Soldier|Skin|Bubble|Info,
ResData.ResFreedomCardSwitchConf,资源数据.资源Freedom卡牌切换配置,Res|Data|Res|Freedom|Card|Switch|Conf,Freedom
ResData.ResMallRankInfo,资源数据.资源商城排行信息,Res|Data|Res|Mall|Rank|Info,
ResData.ResTokenGamingBase,资源数据.资源令牌Gaming基础,Res|Data|Res|Token|Gaming|Base,Gaming
ResData.ResTokenGamingMultipleProp,资源数据.资源令牌Gaming多重属性,Res|Data|Res|Token|Gaming|Multiple|Prop,Gaming
ResData.ResTokenGamingRule,资源数据.资源令牌Gaming规则,Res|Data|Res|Token|Gaming|Rule,Gaming
ResData.ResTokenGamingAwardNumShare,资源数据.资源令牌Gaming奖励数量共享,Res|Data|Res|Token|Gaming|Award|Num|Share,Gaming
ResData.ResTokenGamingAwardDesc,资源数据.资源令牌Gaming奖励描述,Res|Data|Res|Token|Gaming|Award|Desc,Gaming
ResData.ResTokenGamingChatStr,资源数据.资源令牌Gaming聊天字符串,Res|Data|Res|Token|Gaming|Chat|Str,Gaming
ResData.ResTokenGamingJumpCfg,资源数据.资源令牌Gaming跳转配置,Res|Data|Res|Token|Gaming|Jump|Cfg,Gaming
ResData.ResCouponsPayNewbieAcntChooseRewardPool,资源数据.资源点券支付新手账号选择奖励池,Res|Data|Res|Coupons|Pay|Newbie|Acnt|Choose|Reward|Pool,
ResData.ResPreSelectViolationConf,资源数据.资源预选择违规配置,Res|Data|Res|Pre|Select|Violation|Conf,
ResData.ResDT_DimensionPartMutex,资源数据.资源数据表维度部件Mutex,Res|Data|Res|DT|Dimension|Part|Mutex,Mutex
ResData.ResDT_DimensionPartInfo,资源数据.资源数据表维度部件信息,Res|Data|Res|DT|Dimension|Part|Info,
ResData.ResDimensionSpecItem,资源数据.资源维度规格道具,Res|Data|Res|Dimension|Spec|Item,
ResData.ResDT_DimensionAttachmentSlot,资源数据.资源数据表维度附着槽位,Res|Data|Res|DT|Dimension|Attachment|Slot,
ResData.ResDimensionTag,资源数据.资源维度标签,Res|Data|Res|Dimension|Tag,
ResData.ResDimensionPartCustomMutex,资源数据.资源维度部件自定义Mutex,Res|Data|Res|Dimension|Part|Custom|Mutex,Mutex
ResData.ResDimensionNpc,资源数据.资源维度NPC,Res|Data|Res|Dimension|Npc,
ResData.ResDimensionAction,资源数据.资源维度动作,Res|Data|Res|Dimension|Action,
ResData.ResDimensionNpcLightCfg,资源数据.资源维度NPC光配置,Res|Data|Res|Dimension|Npc|Light|Cfg,
ResData.ResDimensionScene,资源数据.资源维度场景,Res|Data|Res|Dimension|Scene,
ResData.ResDimensionRoleSpawnPoint,资源数据.资源维度角色生成点,Res|Data|Res|Dimension|Role|Spawn|Point,
ResData.ResDimensionNewRoleSpawnPoint,资源数据.资源维度新角色生成点,Res|Data|Res|Dimension|New|Role|Spawn|Point,
ResData.ResDimensionStatePriority,资源数据.资源维度状态优先级,Res|Data|Res|Dimension|State|Priority,
ResData.ResDimensionDialog,资源数据.资源维度对话,Res|Data|Res|Dimension|Dialog,
ResData.ResDimensionStoryTeller,资源数据.资源维度剧情Teller,Res|Data|Res|Dimension|Story|Teller,Teller
ResData.ResDimensionGraphicSettings,资源数据.资源维度GraphicSettings,Res|Data|Res|Dimension|Graphic|Settings,Graphic Settings
ResData.ResDimensionGraphicMapping,资源数据.资源维度Graphic映射,Res|Data|Res|Dimension|Graphic|Mapping,Graphic
ResData.ResDimensionRenderingSettings,资源数据.资源维度RenderingSettings,Res|Data|Res|Dimension|Rendering|Settings,Rendering Settings
ResData.ResDimensionCameraSettings,资源数据.资源维度相机Settings,Res|Data|Res|Dimension|Camera|Settings,Settings
ResData.ResDimensionOtherSettings,资源数据.资源维度其他Settings,Res|Data|Res|Dimension|Other|Settings,Settings
ResData.ResDT_DimensionRecommendBit,资源数据.资源数据表维度推荐位,Res|Data|Res|DT|Dimension|Recommend|Bit,
ResData.ResDimensionPhotoTemplateActorCfg,资源数据.资源维度照片模板角色配置,Res|Data|Res|Dimension|Photo|Template|Actor|Cfg,
ResData.ResDimensionPhotoBustActionCfg,资源数据.资源维度照片Bust动作配置,Res|Data|Res|Dimension|Photo|Bust|Action|Cfg,Bust
ResData.ResDimensionBustDefaultTmpltCfg,资源数据.资源维度Bust默认Tmplt配置,Res|Data|Res|Dimension|Bust|Default|Tmplt|Cfg,Bust Tmplt
ResData.ResDimensionItemProjectile,资源数据.资源维度道具Projectile,Res|Data|Res|Dimension|Item|Projectile,Projectile
ResData.ResDimensionFireworkTxtAttr,资源数据.资源维度Firework文本属性,Res|Data|Res|Dimension|Firework|Txt|Attr,Firework
ResData.ResDimensionFireworkPatternAttr,资源数据.资源维度Firework模式属性,Res|Data|Res|Dimension|Firework|Pattern|Attr,Firework
ResData.ResDimensionMontage,资源数据.资源维度蒙太奇,Res|Data|Res|Dimension|Montage,
ResData.ResDT_PartBuyTermInfo,资源数据.资源数据表部件购买项信息,Res|Data|Res|DT|Part|Buy|Term|Info,
ResData.ResPartBuyRuleDesc,资源数据.资源部件购买规则描述,Res|Data|Res|Part|Buy|Rule|Desc,
ResData.ResDT_Anni101RebateLevel,资源数据.资源数据表Anni101返利等级,Res|Data|Res|DT|Anni|101|Rebate|Level,Anni
ResData.ResClanActivityBatch,资源数据.资源Clan活动批次,Res|Data|Res|Clan|Activity|Batch,Clan
ResData.ResRecommendHighLightSettleSkinDiscount,资源数据.资源推荐高光结算皮肤折扣,Res|Data|Res|Recommend|High|Light|Settle|Skin|Discount,
ResData.ResFightValue5V5Info,资源数据.资源战斗值5V5信息,Res|Data|Res|Fight|Value|5|V|5|Info,
ResData.ResFightValueMasterRatio,资源数据.资源战斗值主比例,Res|Data|Res|Fight|Value|Master|Ratio,
ResData.ResMasterWinLevelUp,资源数据.资源主胜利等级上,Res|Data|Res|Master|Win|Level|Up,
ResData.ResMasterDiffScoreWinPoint,资源数据.资源主差异得分胜利点,Res|Data|Res|Master|Diff|Score|Win|Point,
ResData.ResFightValue5V5MvpValue,资源数据.资源战斗值5V5MVP值,Res|Data|Res|Fight|Value|5|V|5|Mvp|Value,
ResData.ResDT_Rank5v5ConWinExtraScore,资源数据.资源数据表排行5v5Con胜利额外得分,Res|Data|Res|DT|Rank|5|v|5|Con|Win|Extra|Score,Con
ResData.ResDT_Rank5v5GradeDiffInfo,资源数据.资源数据表排行5v5等级差异信息,Res|Data|Res|DT|Rank|5|v|5|Grade|Diff|Info,
ResData.ResRank10V10RewardDetail,资源数据.资源排行10V10奖励细节,Res|Data|Res|Rank|10|V|10|Reward|Detail,
ResData.ResHeroSkinInscribe,资源数据.资源英雄皮肤铭文,Res|Data|Res|Hero|Skin|Inscribe,
ResData.ResPlayerGroupRecommendTagCfg,资源数据.资源玩家分组推荐标签配置,Res|Data|Res|Player|Group|Recommend|Tag|Cfg,
ResData.ResMall94MainRecommendVideoCfg,资源数据.资源商城94主推荐视频配置,Res|Data|Res|Mall|94|Main|Recommend|Video|Cfg,
ResData.ResMall94MainRecommendPosterCfg,资源数据.资源商城94主推荐Poster配置,Res|Data|Res|Mall|94|Main|Recommend|Poster|Cfg,Poster
ResData.ResMall94SortTypeCfg,资源数据.资源商城94排序类型配置,Res|Data|Res|Mall|94|Sort|Type|Cfg,
ResData.ResGiftRecomReason,资源数据.资源礼包Recom原因,Res|Data|Res|Gift|Recom|Reason,Recom
ResData.ResActivityVibeConf,资源数据.资源活动氛围配置,Res|Data|Res|Activity|Vibe|Conf,
ResData.ResActivityGameplayVibeConf,资源数据.资源活动玩法氛围配置,Res|Data|Res|Activity|Gameplay|Vibe|Conf,
ResData.ResLobbyActivityVibeConf,资源数据.资源大厅活动氛围配置,Res|Data|Res|Lobby|Activity|Vibe|Conf,
ResData.ResDT_HolidayAtmosphere_DailyConf,资源数据.资源数据表HolidayAtmosphere每日配置,Res|Data|Res|DT|Holiday|Atmosphere|Daily|Conf,Holiday Atmosphere
ResData.ResHolidayAtmosphereDailyInfoConf,资源数据.资源HolidayAtmosphere每日信息配置,Res|Data|Res|Holiday|Atmosphere|Daily|Info|Conf,Holiday Atmosphere
ResData.ResDT_TimeLimitEvent_ProgressInfo,资源数据.资源数据表时间限制事件进度信息,Res|Data|Res|DT|Time|Limit|Event|Progress|Info,
ResData.ResDT_TimeLimitEvent_StageInfo,资源数据.资源数据表时间限制事件阶段信息,Res|Data|Res|DT|Time|Limit|Event|Stage|Info,
ResData.ResDT_OpenTime,资源数据.资源数据表打开时间,Res|Data|Res|DT|Open|Time,
ResData.ResDT_SeasonAlbum_Discount_RewardPool_OneReward_Discount,资源数据.资源数据表赛季相册折扣奖励池一奖励折扣,Res|Data|Res|DT|Season|Album|Discount|Reward|Pool|One|Reward|Discount,
ResData.ResSeasonAlbumFreeSkinV2Pool,资源数据.资源赛季相册免费皮肤V2池,Res|Data|Res|Season|Album|Free|Skin|V|2|Pool,
ResData.ResSeasonAlbumRewardBarSort,资源数据.资源赛季相册奖励条排序,Res|Data|Res|Season|Album|Reward|Bar|Sort,
ResData.ResSeasonAlbumUpgradeChest,资源数据.资源赛季相册升级Chest,Res|Data|Res|Season|Album|Upgrade|Chest,Chest
ResData.ResUpGradeGift,资源数据.资源上等级礼包,Res|Data|Res|Up|Grade|Gift,
ResData.ResDT_UpGradeGift_One_Level,资源数据.资源数据表上等级礼包一等级,Res|Data|Res|DT|Up|Grade|Gift|One|Level,
ResData.ResCustomLayoutRecommendPreset,资源数据.资源自定义布局推荐预设,Res|Data|Res|Custom|Layout|Recommend|Preset,
ResData.ResLiveGamePlatform,资源数据.资源Live游戏平台,Res|Data|Res|Live|Game|Platform,Live
ResData.ResLiveGamePlatformGiftDT,资源数据.资源Live游戏平台礼包数据表,Res|Data|Res|Live|Game|Platform|Gift|DT,Live
ResData.ResAnchorDuelGameWhiteList,资源数据.资源锚点Duel游戏白列表,Res|Data|Res|Anchor|Duel|Game|White|List,Duel
ResData.ResCallActorCfgInfo,资源数据.资源调用角色配置信息,Res|Data|Res|Call|Actor|Cfg|Info,
ResData.ResSacredAnimalAssetSuit,资源数据.资源神圣动物资源套装,Res|Data|Res|Sacred|Animal|Asset|Suit,
ResData.ResSacredAnimalAssetTreasureAction,资源数据.资源神圣动物资源宝藏动作,Res|Data|Res|Sacred|Animal|Asset|Treasure|Action,
ResData.ResDimensionSceneCfg,资源数据.资源维度场景配置,Res|Data|Res|Dimension|Scene|Cfg,
ResData.ResDimensionMoveParam,资源数据.资源维度移动参数,Res|Data|Res|Dimension|Move|Param,
ResData.ResDimensionFootstepCfg,资源数据.资源维度Footstep配置,Res|Data|Res|Dimension|Footstep|Cfg,Footstep
ResData.ResDimensionObjectRefreshConf,资源数据.资源维度对象刷新配置,Res|Data|Res|Dimension|Object|Refresh|Conf,
ResData.ResDimensionObjectResourceConf,资源数据.资源维度对象资源配置,Res|Data|Res|Dimension|Object|Resource|Conf,
ResData.ResCollectValueAdjust,资源数据.资源收集值调整,Res|Data|Res|Collect|Value|Adjust,
ResData.ResCollectValueInherit,资源数据.资源收集值继承,Res|Data|Res|Collect|Value|Inherit,
ResData.ResSkinGoldCardCfg,资源数据.资源皮肤金币卡牌配置,Res|Data|Res|Skin|Gold|Card|Cfg,
ResData.ResBackFlowFreeOfChargeBatchInfo,资源数据.资源返回流动免费的蓄力批次信息,Res|Data|Res|Back|Flow|Free|Of|Charge|Batch|Info,
ResData.ResBackflowSelfPickBatchCfg,资源数据.资源回流自身拾取批次配置,Res|Data|Res|Backflow|Self|Pick|Batch|Cfg,
ResData.ResDimensionSceneAnimCfg,资源数据.资源维度场景动画配置,Res|Data|Res|Dimension|Scene|Anim|Cfg,
ResData.ResDimensionDefaultAnimGroupCfg,资源数据.资源维度默认动画分组配置,Res|Data|Res|Dimension|Default|Anim|Group|Cfg,
ResData.ResGameStartSkin,资源数据.资源游戏开始皮肤,Res|Data|Res|Game|Start|Skin,
ResData.ResGameOverSkin,资源数据.资源游戏超过皮肤,Res|Data|Res|Game|Over|Skin,
ResData.ResSacredAnimalDeadTeachingForBattle,资源数据.资源神圣动物死亡教学用于战斗,Res|Data|Res|Sacred|Animal|Dead|Teaching|For|Battle,
ResData.ResCommonSubscribeConf,资源数据.资源通用订阅配置,Res|Data|Res|Common|Subscribe|Conf,
ResData.ResSacredAnimalVoiceTimbre,资源数据.资源神圣动物语音Timbre,Res|Data|Res|Sacred|Animal|Voice|Timbre,Timbre
ResData.ResSacredAnimalAIVoiceMultiCharacter,资源数据.资源神圣动物AI语音多重角色,Res|Data|Res|Sacred|Animal|AI|Voice|Multi|Character,
ResData.ResDT_ResSacredAnimalAIVoiceMultiCharacterActionName,资源数据.资源数据表资源神圣动物AI语音多重角色动作名称,Res|Data|Res|DT|Res|Sacred|Animal|AI|Voice|Multi|Character|Action|Name,
ResData.ResAIVoicePlaySongInstruction,资源数据.资源AI语音播放Song说明,Res|Data|Res|AI|Voice|Play|Song|Instruction,Song
ResData.ResAIVoiceOneWayEventDisplayDuration,资源数据.资源AI语音一路径事件显示持续时间,Res|Data|Res|AI|Voice|One|Way|Event|Display|Duration,
ResData.ResDT_ResHeroPlayWikiImgUrl,资源数据.资源数据表资源英雄播放Wiki图片链接,Res|Data|Res|DT|Res|Hero|Play|Wiki|Img|Url,Wiki
ResData.ResAwakenTalentGrowth,资源数据.资源觉醒天赋成长,Res|Data|Res|Awaken|Talent|Growth,
ResData.ResDT_AwakenCardAward,资源数据.资源数据表觉醒卡牌奖励,Res|Data|Res|DT|Awaken|Card|Award,
ResData.ResAwakenSomeValueConfig,资源数据.资源觉醒Some值配置,Res|Data|Res|Awaken|Some|Value|Config,Some
ResData.ResAwakenEffectShopInGame,资源数据.资源觉醒效果商店内游戏,Res|Data|Res|Awaken|Effect|Shop|In|Game,
ResData.ResDT_AwakenAchievementEffectConfig,资源数据.资源数据表觉醒成就效果配置,Res|Data|Res|DT|Awaken|Achievement|Effect|Config,
ResData.ResAwakenAchievementTabConfig,资源数据.资源觉醒成就页签配置,Res|Data|Res|Awaken|Achievement|Tab|Config,
ResData.ResDT_AwakenAchievementSlotPos,资源数据.资源数据表觉醒成就槽位位置,Res|Data|Res|DT|Awaken|Achievement|Slot|Pos,
ResData.ResAwakenTagTypeConfig,资源数据.资源觉醒标签类型配置,Res|Data|Res|Awaken|Tag|Type|Config,
ResData.ResAwakenTalentTypeConfig,资源数据.资源觉醒天赋类型配置,Res|Data|Res|Awaken|Talent|Type|Config,
ResData.ResPriestBlessingConfig,资源数据.资源PriestBlessing配置,Res|Data|Res|Priest|Blessing|Config,Priest Blessing
ResData.Res5v5ThreeKingdomMechanicConfig,资源数据.资源5v5三KingdomMechanic配置,Res|Data|Res|5|v|5|Three|Kingdom|Mechanic|Config,Kingdom Mechanic
ResData.Res5v5ThreeKingdomMilitaryConfig,资源数据.资源5v5三KingdomMilitary配置,Res|Data|Res|5|v|5|Three|Kingdom|Military|Config,Kingdom Military
ResData.ResWasteActionInfo,资源数据.资源Waste动作信息,Res|Data|Res|Waste|Action|Info,Waste
ResData.ResSoundBankSplitConfig,资源数据.资源音效银行分裂配置,Res|Data|Res|Sound|Bank|Split|Config,
ResData.ResDT_DimensionInteractiveObjectAction,资源数据.资源数据表维度交互对象动作,Res|Data|Res|DT|Dimension|Interactive|Object|Action,
ResData.ResDimensionInteractiveObjectModel,资源数据.资源维度交互对象模型,Res|Data|Res|Dimension|Interactive|Object|Model,
ResData.ResDimensionInteractiveObjectButton,资源数据.资源维度交互对象按钮,Res|Data|Res|Dimension|Interactive|Object|Button,
ResData.ResAkaliShopDiscount,资源数据.资源Akali商店折扣,Res|Data|Res|Akali|Shop|Discount,Akali
ResData.ResDT_MallHotRecommendItem102,资源数据.资源数据表商城热门推荐道具102,Res|Data|Res|DT|Mall|Hot|Recommend|Item|102,
ResData.ResDT_DrawNumberCond,资源数据.资源数据表抽奖数字条件,Res|Data|Res|DT|Draw|Number|Cond,
ResData.ResJinLiTicketLotteryTicketLevel,资源数据.资源JinLi券抽奖券等级,Res|Data|Res|Jin|Li|Ticket|Lottery|Ticket|Level,Jin Li
ResData.ResJinLiTicketLotteryNumberPool,资源数据.资源JinLi券抽奖数字池,Res|Data|Res|Jin|Li|Ticket|Lottery|Number|Pool,Jin Li
ResData.ResJinLiDimensionPlayerInfo,资源数据.资源JinLi维度玩家信息,Res|Data|Res|Jin|Li|Dimension|Player|Info,Jin Li
ResData.ResJinLiTicketLotteryAllHeroSkin,资源数据.资源JinLi券抽奖全部英雄皮肤,Res|Data|Res|Jin|Li|Ticket|Lottery|All|Hero|Skin,Jin Li
ResData.ResJinLiTicketLotteryFutureReward,资源数据.资源JinLi券抽奖Future奖励,Res|Data|Res|Jin|Li|Ticket|Lottery|Future|Reward,Jin Li Future
ResData.ResJinLiBackflowFreeSkin,资源数据.资源JinLi回流免费皮肤,Res|Data|Res|Jin|Li|Backflow|Free|Skin,Jin Li
ResData.ResJinLiBackflowActivityBatch,资源数据.资源JinLi回流活动批次,Res|Data|Res|Jin|Li|Backflow|Activity|Batch,Jin Li
ResData.ResJinLiBackflowDisplayType,资源数据.资源JinLi回流显示类型,Res|Data|Res|Jin|Li|Backflow|Display|Type,Jin Li
ResData.ResDimensionChannelRandomEmote,资源数据.资源维度频道随机Emote,Res|Data|Res|Dimension|Channel|Random|Emote,Emote
ResData.ResActivityRank,资源数据.资源活动排行,Res|Data|Res|Activity|Rank,
ResData.ResJinLiScore,资源数据.资源JinLi得分,Res|Data|Res|Jin|Li|Score,Jin Li
ResData.ResJinLiDoubleTokenBase,资源数据.资源JinLi双倍令牌基础,Res|Data|Res|Jin|Li|Double|Token|Base,Jin Li
ResData.ResJinLiBountyBase,资源数据.资源JinLiBounty基础,Res|Data|Res|Jin|Li|Bounty|Base,Jin Li Bounty
ResData.ResJinLiBountyShareHeroSkin,资源数据.资源JinLiBounty共享英雄皮肤,Res|Data|Res|Jin|Li|Bounty|Share|Hero|Skin,Jin Li Bounty
ResData.ResJinLiOpenCondition,资源数据.资源JinLi打开条件,Res|Data|Res|Jin|Li|Open|Condition,Jin Li
ResData.ResJinLiShowContent,资源数据.资源JinLi显示内容,Res|Data|Res|Jin|Li|Show|Content,Jin Li
ResData.ResJinLiBattleBoardInfo,资源数据.资源JinLi战斗Board信息,Res|Data|Res|Jin|Li|Battle|Board|Info,Jin Li Board
ResData.ResDT_JinLiLevelUnlock,资源数据.资源数据表JinLi等级解锁,Res|Data|Res|DT|Jin|Li|Level|Unlock,Jin Li
ResData.ResDT_JinLiDoubleTokenChatStr,资源数据.资源数据表JinLi双倍令牌聊天字符串,Res|Data|Res|DT|Jin|Li|Double|Token|Chat|Str,Jin Li
ResData.ResMapSkinCfg,资源数据.资源地图皮肤配置,Res|Data|Res|Map|Skin|Cfg,
ResData.ResJinLiIdentityType,资源数据.资源JinLiIdentity类型,Res|Data|Res|Jin|Li|Identity|Type,Jin Li Identity
ResData.ResJinLiTicketLotteryNotice,资源数据.资源JinLi券抽奖公告,Res|Data|Res|Jin|Li|Ticket|Lottery|Notice,Jin Li
ResData.ResJinLiIdentityTypeValidMap,资源数据.资源JinLiIdentity类型有效地图,Res|Data|Res|Jin|Li|Identity|Type|Valid|Map,Jin Li Identity
ResData.ResSocialProfileDimensionScene,资源数据.资源SocialProfile维度场景,Res|Data|Res|Social|Profile|Dimension|Scene,Social Profile
ResData.ResCreditChangeFlowTextConf,资源数据.资源信誉变更流动文本配置,Res|Data|Res|Credit|Change|Flow|Text|Conf,
ResData.DoubleReportViolationTypeConf,资源数据.双倍举报违规类型配置,Res|Data|Double|Report|Violation|Type|Conf,
ResData.ResViolationMappingConf,资源数据.资源违规映射配置,Res|Data|Res|Violation|Mapping|Conf,
ResData.ResBackflowGuideBlock,资源数据.资源回流引导阻挡,Res|Data|Res|Backflow|Guide|Block,
ResData.ResBackflowNewsRecommendHero,资源数据.资源回流News推荐英雄,Res|Data|Res|Backflow|News|Recommend|Hero,News
ResData.ResBackflowRecommendAct,资源数据.资源回流推荐活动,Res|Data|Res|Backflow|Recommend|Act,
ResData.ResDT_CurrencyGetInfo,资源数据.资源数据表货币获取信息,Res|Data|Res|DT|Currency|Get|Info,
ResData.ResItemToSpecSaleItemCollectMap,资源数据.资源道具到规格出售道具收集地图,Res|Data|Res|Item|To|Spec|Sale|Item|Collect|Map,
ResData.ResDT_Skin60CardAdPicInfo,资源数据.资源数据表皮肤60卡牌物理图片信息,Res|Data|Res|DT|Skin|60|Card|Ad|Pic|Info,
ResData.ResDimensionHUD3DConfig,资源数据.资源维度HUD3D配置,Res|Data|Res|Dimension|HUD|3|D|Config,
ResData.ResDimensionDeviceGraphic,资源数据.资源维度设备Graphic,Res|Data|Res|Dimension|Device|Graphic,Graphic
ResData.ResDimensionBuffConf,资源数据.资源维度增益配置,Res|Data|Res|Dimension|Buff|Conf,
ResData.ResCommanderHeroAbilityEvalution,资源数据.资源指挥官英雄能力Evalution,Res|Data|Res|Commander|Hero|Ability|Evalution,Evalution
ResData.ResCommanderModeCommandType,资源数据.资源指挥官模式指令类型,Res|Data|Res|Commander|Mode|Command|Type,
ResData.ResCommanderModeEventType,资源数据.资源指挥官模式事件类型,Res|Data|Res|Commander|Mode|Event|Type,
ResData.ResCommanderChoiceEvent,资源数据.资源指挥官Choice事件,Res|Data|Res|Commander|Choice|Event,Choice
ResData.ResCommanderModeStyleType,资源数据.资源指挥官模式风格类型,Res|Data|Res|Commander|Mode|Style|Type,
ResData.ResCommanderModeAreaSignalType,资源数据.资源指挥官模式区域信号类型,Res|Data|Res|Commander|Mode|Area|Signal|Type,
ResData.ResCommanderModeMissionType,资源数据.资源指挥官模式Mission类型,Res|Data|Res|Commander|Mode|Mission|Type,Mission
ResData.ResCommanderHeroAbilityLimit,资源数据.资源指挥官英雄能力限制,Res|Data|Res|Commander|Hero|Ability|Limit,
ResData.ResCommanderAILevel,资源数据.资源指挥官AI等级,Res|Data|Res|Commander|AI|Level,
ResData.ResOMGKeywordsCfg,资源数据.资源OMGKeywords配置,Res|Data|Res|OMG|Keywords|Cfg,Keywords
ResData.ResDT_OMGWeaponPropertyQualityCfg,资源数据.资源数据表OMG武器属性品质配置,Res|Data|Res|DT|OMG|Weapon|Property|Quality|Cfg,
ResData.ResOMGWeaponQualityCfg,资源数据.资源OMG武器品质配置,Res|Data|Res|OMG|Weapon|Quality|Cfg,
ResData.ResOMGWeaponRefreshCfg,资源数据.资源OMG武器刷新配置,Res|Data|Res|OMG|Weapon|Refresh|Cfg,
ResData.ResDT_OMGWeaponCarryPointCfg,资源数据.资源数据表OMG武器携带点配置,Res|Data|Res|DT|OMG|Weapon|Carry|Point|Cfg,
ResData.ResOMGArmorCfg,资源数据.资源OMG护甲配置,Res|Data|Res|OMG|Armor|Cfg,
ResData.ResOMGArmorQualityCfg,资源数据.资源OMG护甲品质配置,Res|Data|Res|OMG|Armor|Quality|Cfg,
ResData.ResOMGGemstoneCfg,资源数据.资源OMGGemstone配置,Res|Data|Res|OMG|Gemstone|Cfg,Gemstone
ResData.ResOMGInventoryItemCfg,资源数据.资源OMG背包道具配置,Res|Data|Res|OMG|Inventory|Item|Cfg,
ResData.ResDT_OMGConsumableCommomCfg,资源数据.资源数据表OMG消耗品Commom配置,Res|Data|Res|DT|OMG|Consumable|Commom|Cfg,Commom
ResData.ResOMGMaterialsCfg,资源数据.资源OMGMaterials配置,Res|Data|Res|OMG|Materials|Cfg,Materials
ResData.ResOneProblemCfg,资源数据.资源一Problem配置,Res|Data|Res|One|Problem|Cfg,Problem
ResData.ResBattleUIOffsetCfg,资源数据.资源战斗UI偏移配置,Res|Data|Res|Battle|UI|Offset|Cfg,
ResData.ResOpSettingHeroAdaptRcmdCfg,资源数据.资源操作设置英雄Adapt推荐配置,Res|Data|Res|Op|Setting|Hero|Adapt|Rcmd|Cfg,Adapt
ResData.ResOpSettingMasterRcmdCfg,资源数据.资源操作设置主推荐配置,Res|Data|Res|Op|Setting|Master|Rcmd|Cfg,
ResData.BuffToResReplaceData,资源数据.增益到资源替换数据,Res|Data|Buff|To|Res|Replace|Data,
ResData.ResEnvEntityCommonCfg,资源数据.资源环境实体通用配置,Res|Data|Res|Env|Entity|Common|Cfg,
ResData.ResDimensionTableGameParam,资源数据.资源维度表游戏参数,Res|Data|Res|Dimension|Table|Game|Param,
ResData.ResDimensionTableGamePunishConf,资源数据.资源维度表游戏惩罚配置,Res|Data|Res|Dimension|Table|Game|Punish|Conf,
ResData.ResDimensionTableGameTypeConf,资源数据.资源维度表游戏类型配置,Res|Data|Res|Dimension|Table|Game|Type|Conf,
ResData.ResDimensionGameModeBragGameResourceConfig,资源数据.资源维度游戏模式炫耀游戏资源配置,Res|Data|Res|Dimension|Game|Mode|Brag|Game|Resource|Config,
ResData.ResDimensionBragGameStatEntryConf,资源数据.资源维度炫耀游戏统计入口配置,Res|Data|Res|Dimension|Brag|Game|Stat|Entry|Conf,
ResData.ResDimensionHouseCustomizedThemeConfig,资源数据.资源维度家园Customized主题配置,Res|Data|Res|Dimension|House|Customized|Theme|Config,Customized
ResData.ResDimensionHouseResTimeLimitConfig,资源数据.资源维度家园资源时间限制配置,Res|Data|Res|Dimension|House|Res|Time|Limit|Config,
ResData.ResDimensionHouseSceneItemAreaConfig,资源数据.资源维度家园场景道具区域配置,Res|Data|Res|Dimension|House|Scene|Item|Area|Config,
ResData.ResDT_PutDownEffect,资源数据.资源数据表放置下效果,Res|Data|Res|DT|Put|Down|Effect,
ResData.ResDimensionHouseDecorativeAreaConfig,资源数据.资源维度家园Decorative区域配置,Res|Data|Res|Dimension|House|Decorative|Area|Config,Decorative
ResData.ResDT_DimensionDecorationBox,资源数据.资源数据表维度Decoration盒,Res|Data|Res|DT|Dimension|Decoration|Box,Decoration
ResData.ResDimensionHouseWallItemConfig,资源数据.资源维度家园墙道具配置,Res|Data|Res|Dimension|House|Wall|Item|Config,
ResData.ResDimensionHouseWallObjSubFilterConditonConfig,资源数据.资源维度家园墙对象子过滤Conditon配置,Res|Data|Res|Dimension|House|Wall|Obj|Sub|Filter|Conditon|Config,Conditon
ResData.ResSuperSaturdayPanelConf,资源数据.资源超级Saturday面板配置,Res|Data|Res|Super|Saturday|Panel|Conf,Saturday
ResData.ResDT_SuperSaturdayBackFlowRate,资源数据.资源数据表超级Saturday返回流动速率,Res|Data|Res|DT|Super|Saturday|Back|Flow|Rate,Saturday
ResData.ResSuperSaturdayShareHeroSkinConf,资源数据.资源超级Saturday共享英雄皮肤配置,Res|Data|Res|Super|Saturday|Share|Hero|Skin|Conf,Saturday
ResData.ResDT_Mall94_Discover_String_Arg,资源数据.资源数据表商城94发现字符串Arg,Res|Data|Res|DT|Mall|94|Discover|String|Arg,Arg
ResData.ResMall94DiscoverTemplateBgConf,资源数据.资源商城94发现模板背景配置,Res|Data|Res|Mall|94|Discover|Template|Bg|Conf,
ResData.ResGradeReevaluateParamConf,资源数据.资源等级重新评估参数配置,Res|Data|Res|Grade|Reevaluate|Param|Conf,
ResData.ResDynamicIslandFilterConf,资源数据.资源动态岛屿过滤配置,Res|Data|Res|Dynamic|Island|Filter|Conf,
ResData.ResDynamicIslandTemplateShowConf,资源数据.资源动态岛屿模板显示配置,Res|Data|Res|Dynamic|Island|Template|Show|Conf,
ResData.ResDimensionJumpParkourPlatform,资源数据.资源维度跳转Parkour平台,Res|Data|Res|Dimension|Jump|Parkour|Platform,Parkour
ResData.ResDimensionVehicleConf,资源数据.资源维度Vehicle配置,Res|Data|Res|Dimension|Vehicle|Conf,Vehicle
ResData.ResLabelConf,资源数据.资源标签配置,Res|Data|Res|Label|Conf,
ResData.ResHeroFuncSwitch,资源数据.资源英雄函数切换,Res|Data|Res|Hero|Func|Switch,
ResData.ResEquipRandomPropertyBase,资源数据.资源装备随机属性基础,Res|Data|Res|Equip|Random|Property|Base,
ResData.ResEquipRandomPropertyRandomPool,资源数据.资源装备随机属性随机池,Res|Data|Res|Equip|Random|Property|Random|Pool,
ResData.ResEquipRandomPropertyRandomConstant,资源数据.资源装备随机属性随机Constant,Res|Data|Res|Equip|Random|Property|Random|Constant,Constant
ResData.ResEquipRandomPropertyTriggerCondition,资源数据.资源装备随机属性触发条件,Res|Data|Res|Equip|Random|Property|Trigger|Condition,
ResData.ResCustomTagCfg,资源数据.资源自定义标签配置,Res|Data|Res|Custom|Tag|Cfg,
ResData.ResDimensionMapCustomState,资源数据.资源维度地图自定义状态,Res|Data|Res|Dimension|Map|Custom|State,
ResData.ResMultiMatchingBtnPriorityCfg,资源数据.资源多重匹配按钮优先级配置,Res|Data|Res|Multi|Matching|Btn|Priority|Cfg,
ResData.ResCrossInviteConf,资源数据.资源交叉邀请配置,Res|Data|Res|Cross|Invite|Conf,
ResData.ResStarCoinExchangeConf,资源数据.资源星金币交换配置,Res|Data|Res|Star|Coin|Exchange|Conf,
ResData.ResDT_QualityTotalCollectValue,资源数据.资源数据表品质总计收集值,Res|Data|Res|DT|Quality|Total|Collect|Value,
ResData.ResItemCollectValueAdjust,资源数据.资源道具收集值调整,Res|Data|Res|Item|Collect|Value|Adjust,
ResData.ResCollectValueBlock,资源数据.资源收集值阻挡,Res|Data|Res|Collect|Value|Block,
ResData.ResTotalCollectLevel,资源数据.资源总计收集等级,Res|Data|Res|Total|Collect|Level,
ResData.ResCollectValueSubTabSort,资源数据.资源收集值子页签排序,Res|Data|Res|Collect|Value|Sub|Tab|Sort,
ResData.ResDimensionHousePosSortConfig,资源数据.资源维度家园位置排序配置,Res|Data|Res|Dimension|House|Pos|Sort|Config,
ResData.ResMaster2v2RankConfig,资源数据.资源主2v2排行配置,Res|Data|Res|Master|2|v|2|Rank|Config,
ResData.ResVoiceRecorder,资源数据.资源语音录制,Res|Data|Res|Voice|Recorder,
ResData.ResBackFlowMeetingParamConf,资源数据.资源返回流动Meeting参数配置,Res|Data|Res|Back|Flow|Meeting|Param|Conf,Meeting
ResData.ResBackFlowRankBuffParamConf,资源数据.资源返回流动排行增益参数配置,Res|Data|Res|Back|Flow|Rank|Buff|Param|Conf,
ResData.ResSoulMatchCharisma,资源数据.资源灵魂匹配Charisma,Res|Data|Res|Soul|Match|Charisma,Charisma
ResData.ResBackFlowStoryFlowConf,资源数据.资源返回流动剧情流动配置,Res|Data|Res|Back|Flow|Story|Flow|Conf,
ResData.ResBackflowNoteChapterRefreshRuleConf,资源数据.资源回流说明章节刷新规则配置,Res|Data|Res|Backflow|Note|Chapter|Refresh|Rule|Conf,
ResData.ResShareStructMap,资源数据.资源共享Struct地图,Res|Data|Res|Share|Struct|Map,Struct
ResData.ResShareStructOther,资源数据.资源共享Struct其他,Res|Data|Res|Share|Struct|Other,Struct
ResData.ResDouYinShareTeamStruct,资源数据.资源DouYin共享队伍Struct,Res|Data|Res|Dou|Yin|Share|Team|Struct,Dou Yin Struct
ResData.ResDTWorkShowNewHeroData,资源数据.资源数据表Work显示新英雄数据,Res|Data|Res|DT|Work|Show|New|Hero|Data,Work
ResData.ResGameplayStoreLobbyTag,资源数据.资源玩法商店大厅标签,Res|Data|Res|Gameplay|Store|Lobby|Tag,
ResData.ResGameplayStoreDetailStrategyContent,资源数据.资源玩法商店细节策略内容,Res|Data|Res|Gameplay|Store|Detail|Strategy|Content,
ResData.ResGameplayStoreDetailTab,资源数据.资源玩法商店细节页签,Res|Data|Res|Gameplay|Store|Detail|Tab,
ResData.ResGameplayStoreStrategyTab,资源数据.资源玩法商店策略页签,Res|Data|Res|Gameplay|Store|Strategy|Tab,
ResData.ResCommonGameEntryConfig,资源数据.资源通用游戏入口配置,Res|Data|Res|Common|Game|Entry|Config,
ResData.ResDT_SettleArmShowVibe_PosInfo,资源数据.资源数据表结算Arm显示氛围位置信息,Res|Data|Res|DT|Settle|Arm|Show|Vibe|Pos|Info,Arm
ResData.ResSoloTauntBubbleContent,资源数据.资源单人Taunt气泡内容,Res|Data|Res|Solo|Taunt|Bubble|Content,Taunt
ResData.ResSoloGeneralInfo,资源数据.资源单人通用信息,Res|Data|Res|Solo|General|Info,
ResData.ResDT_BagSecondaryCategoryInfo,资源数据.资源数据表背包次要分类信息,Res|Data|Res|DT|Bag|Secondary|Category|Info,
ResData.ResDT_BagSecondaryCategoryInfoForTertiaryCategory,资源数据.资源数据表背包次要分类信息用于Tertiary分类,Res|Data|Res|DT|Bag|Secondary|Category|Info|For|Tertiary|Category,Tertiary
ResData.ResRestrictedInfo,资源数据.资源Restricted信息,Res|Data|Res|Restricted|Info,Restricted
ResData.ResPopupWindowCtrlInfo,资源数据.资源弹窗窗口控制信息,Res|Data|Res|Popup|Window|Ctrl|Info,
ResData.ResPopAwardUseableSortInfo,资源数据.资源弹窗奖励Useable排序信息,Res|Data|Res|Pop|Award|Useable|Sort|Info,Useable
ResData.ResDimensionHouseGlobalParam,资源数据.资源维度家园全局参数,Res|Data|Res|Dimension|House|Global|Param,
ResData.ResFarmTileShowCfg,资源数据.资源农场Tile显示配置,Res|Data|Res|Farm|Tile|Show|Cfg,Tile
ResData.ResDT_FarmOpenTime,资源数据.资源数据表农场打开时间,Res|Data|Res|DT|Farm|Open|Time,
ResData.ResDT_FarmOpenHour,资源数据.资源数据表农场打开Hour,Res|Data|Res|DT|Farm|Open|Hour,Hour
ResData.ResBuildLevelToPrefabLevelConf,资源数据.资源Build等级到预制体等级配置,Res|Data|Res|Build|Level|To|Prefab|Level|Conf,Build
ResData.ResFarmGiftCritConf,资源数据.资源农场礼包Crit配置,Res|Data|Res|Farm|Gift|Crit|Conf,Crit
ResData.ResFarmExtBlessCountConf,资源数据.资源农场扩展Bless计数配置,Res|Data|Res|Farm|Ext|Bless|Count|Conf,Bless
ResData.ResCommResDirectBuyInfo,资源数据.资源通信资源直接购买信息,Res|Data|Res|Comm|Res|Direct|Buy|Info,
ResData.ResDimensionNewBieGeneralGuideSwitchCfg,资源数据.资源维度新Bie通用引导切换配置,Res|Data|Res|Dimension|New|Bie|General|Guide|Switch|Cfg,Bie
ResData.ResEmojiCombo,资源数据.资源表情连击,Res|Data|Res|Emoji|Combo,
ResData.ResLimitTimeEmojiComboInfo,资源数据.资源限制时间表情连击信息,Res|Data|Res|Limit|Time|Emoji|Combo|Info,
ResData.ResLimitTimeSpecEmoji,资源数据.资源限制时间规格表情,Res|Data|Res|Limit|Time|Spec|Emoji,
ResData.ResGuishiKeywordsCfg,资源数据.资源GuishiKeywords配置,Res|Data|Res|Guishi|Keywords|Cfg,Keywords
ResData.ResDT_GuishiWeaponPropertyCommomCfg,资源数据.资源数据表Guishi武器属性Commom配置,Res|Data|Res|DT|Guishi|Weapon|Property|Commom|Cfg,Commom
ResData.ResGuishiItemSegmentCfg,资源数据.资源Guishi道具分段配置,Res|Data|Res|Guishi|Item|Segment|Cfg,
ResData.ResGuishiItemDropRuleCfg,资源数据.资源Guishi道具掉落规则配置,Res|Data|Res|Guishi|Item|Drop|Rule|Cfg,
ResData.ResGuishiItemDropCfg,资源数据.资源Guishi道具掉落配置,Res|Data|Res|Guishi|Item|Drop|Cfg,
ResData.ResGuishiFootStepSoundCfg,资源数据.资源GuishiFoot步长音效配置,Res|Data|Res|Guishi|Foot|Step|Sound|Cfg,Foot
ResData.ResLuckyCardPriceCfg,资源数据.资源幸运卡牌价格配置,Res|Data|Res|Lucky|Card|Price|Cfg,
ResData.ResLuckyCardRebateCfg,资源数据.资源幸运卡牌返利配置,Res|Data|Res|Lucky|Card|Rebate|Cfg,
ResData.ResLuckyCardBuyFormBgCfg,资源数据.资源幸运卡牌购买形态背景配置,Res|Data|Res|Lucky|Card|Buy|Form|Bg|Cfg,
ResData.ResNewbieChallengeDefaultConf,资源数据.资源新手挑战默认配置,Res|Data|Res|Newbie|Challenge|Default|Conf,
ResData.ResNewbieBackflowRestartNewbieConf,资源数据.资源新手回流重启新手配置,Res|Data|Res|Newbie|Backflow|Restart|Newbie|Conf,
ResData.ResDT_FriendAddSourceDescInfo,资源数据.资源数据表友方添加来源描述信息,Res|Data|Res|DT|Friend|Add|Source|Desc|Info,
ResData.ResFriendDefaultVerifyText,资源数据.资源友方默认Verify文本,Res|Data|Res|Friend|Default|Verify|Text,Verify
ResData.ResFriendInviteChat,资源数据.资源友方邀请聊天,Res|Data|Res|Friend|Invite|Chat,
ResData.ResBackFlowTitleChat,资源数据.资源返回流动标题聊天,Res|Data|Res|Back|Flow|Title|Chat,
ResData.ResUpgradeSkinConf,资源数据.资源升级皮肤配置,Res|Data|Res|Upgrade|Skin|Conf,
ResData.ResMasterMatchBranchReward,资源数据.资源主匹配分支奖励,Res|Data|Res|Master|Match|Branch|Reward,
ResData.ResLingBaoDigTreasureItemConf,资源数据.资源LingBao挖掘宝藏道具配置,Res|Data|Res|Ling|Bao|Dig|Treasure|Item|Conf,Ling Bao
ResData.ResLingBaoDigTreasureGlobalConf,资源数据.资源LingBao挖掘宝藏全局配置,Res|Data|Res|Ling|Bao|Dig|Treasure|Global|Conf,Ling Bao
ResData.ResLingBaoDigTreasureRandomConf,资源数据.资源LingBao挖掘宝藏随机配置,Res|Data|Res|Ling|Bao|Dig|Treasure|Random|Conf,Ling Bao
ResData.ResLingBaoDigTreasureBatchConf,资源数据.资源LingBao挖掘宝藏批次配置,Res|Data|Res|Ling|Bao|Dig|Treasure|Batch|Conf,Ling Bao
ResData.NewbieGrowthGuideConf,资源数据.新手成长引导配置,Res|Data|Newbie|Growth|Guide|Conf,
ResData.NewbieHeroRecommendConf,资源数据.新手英雄推荐配置,Res|Data|Newbie|Hero|Recommend|Conf,
ResData.ResDT_ActivityStage,资源数据.资源数据表活动阶段,Res|Data|Res|DT|Activity|Stage,
ResData.ResBlastGradeCfg,资源数据.资源Blast等级配置,Res|Data|Res|Blast|Grade|Cfg,Blast
ResData.Res1V1DongFengArenaConf,资源数据.资源1V1DongFengArena配置,Res|Data|Res|1|V|1|Dong|Feng|Arena|Conf,Dong Feng Arena
ResData.ResCampusGlobal,资源数据.资源校园全局,Res|Data|Res|Campus|Global,
ResData.ResDT_CampusFuncSwitch,资源数据.资源数据表校园函数切换,Res|Data|Res|DT|Campus|Func|Switch,
ResData.ResCampusInfo,资源数据.资源校园信息,Res|Data|Res|Campus|Info,
ResData.ResCampusProvinceChat,资源数据.资源校园Province聊天,Res|Data|Res|Campus|Province|Chat,Province
ResData.ResCampusBubbleEvent,资源数据.资源校园气泡事件,Res|Data|Res|Campus|Bubble|Event,
ResData.ResCampusMatch,资源数据.资源校园匹配,Res|Data|Res|Campus|Match,
ResData.ResCampusShowOffDisplay,资源数据.资源校园显示关显示,Res|Data|Res|Campus|Show|Off|Display,
ResData.ResLobbyPointJump,资源数据.资源大厅点跳转,Res|Data|Res|Lobby|Point|Jump,
ResData.ResJumpTarget,资源数据.资源跳转目标,Res|Data|Res|Jump|Target,
ResData.ResLobbyRes,资源数据.资源大厅资源,Res|Data|Res|Lobby|Res,
ResData.ResLadderWeeklyTaskEffectCfgInfo,资源数据.资源天梯每周任务效果配置信息,Res|Data|Res|Ladder|Weekly|Task|Effect|Cfg|Info,
ResData.ResDT_ItemTypeCond,资源数据.资源数据表道具类型条件,Res|Data|Res|DT|Item|Type|Cond,
ResData.ResDT_ItemIDCond,资源数据.资源数据表道具ID条件,Res|Data|Res|DT|Item|ID|Cond,
ResData.ResCommResVerticalBaseConfig,资源数据.资源通信资源垂直基础配置,Res|Data|Res|Comm|Res|Vertical|Base|Config,
ResData.ResCommResHorizontalBaseConfig,资源数据.资源通信资源水平基础配置,Res|Data|Res|Comm|Res|Horizontal|Base|Config,
ResData.ResExternalPlatformJumpInfo,资源数据.资源外部平台跳转信息,Res|Data|Res|External|Platform|Jump|Info,
ResData.ResPlayModeGroup,资源数据.资源播放模式分组,Res|Data|Res|Play|Mode|Group,
ResData.ResFarmDoubleActConf,资源数据.资源农场双倍活动配置,Res|Data|Res|Farm|Double|Act|Conf,
ResData.ResBackpackUsageLogicCfg,资源数据.资源Backpack用途逻辑配置,Res|Data|Res|Backpack|Usage|Logic|Cfg,Backpack
ResData.ResBackflowCarnivalV2Task,资源数据.资源回流嘉年华V2任务,Res|Data|Res|Backflow|Carnival|V|2|Task,
ResData.ResBackflowGlobal,资源数据.资源回流全局,Res|Data|Res|Backflow|Global,
ResData.ResBackflowProtectStarEffectConf,资源数据.资源回流保护星效果配置,Res|Data|Res|Backflow|Protect|Star|Effect|Conf,
ResData.ResRemoteMomentOnDemandBubbleSkin,资源数据.资源远程Moment开需求气泡皮肤,Res|Data|Res|Remote|Moment|On|Demand|Bubble|Skin,Moment
ResData.ResSkillSelectHeroLevelExperienceConf,资源数据.资源技能选择英雄等级经验配置,Res|Data|Res|Skill|Select|Hero|Level|Experience|Conf,
ResData.ResSkillSelectMiscConf,资源数据.资源技能选择杂项配置,Res|Data|Res|Skill|Select|Misc|Conf,
ResData.ResGamePlayIdentifyTypeConf,资源数据.资源游戏播放Identify类型配置,Res|Data|Res|Game|Play|Identify|Type|Conf,Identify
ResData.ResGamePlaySeasonConf,资源数据.资源游戏播放赛季配置,Res|Data|Res|Game|Play|Season|Conf,
ResData.ResGamePlaySomeThingConf,资源数据.资源游戏播放SomeThing配置,Res|Data|Res|Game|Play|Some|Thing|Conf,Some Thing
ResData.ResBattleRadialMenu,资源数据.资源战斗径向菜单,Res|Data|Res|Battle|Radial|Menu,
ResData.ResDT_InBattle_Effect_Buy_Pos,资源数据.资源数据表内战斗效果购买位置,Res|Data|Res|DT|In|Battle|Effect|Buy|Pos,
ResData.ResFarmGiftActConf,资源数据.资源农场礼包活动配置,Res|Data|Res|Farm|Gift|Act|Conf,
ResData.ResGamePlayRelic,资源数据.资源游戏播放Relic,Res|Data|Res|Game|Play|Relic,Relic
ResData.ResGamePlayRelicEntry,资源数据.资源游戏播放Relic入口,Res|Data|Res|Game|Play|Relic|Entry,Relic
ResData.ResGamePlayGoalSystemPropSwitchConf,资源数据.资源游戏播放目标系统属性切换配置,Res|Data|Res|Game|Play|Goal|System|Prop|Switch|Conf,
ResData.ResGamePlayGoalSystemTitleConf,资源数据.资源游戏播放目标系统标题配置,Res|Data|Res|Game|Play|Goal|System|Title|Conf,
ResData.ResGamePlayGoalSystemGoodsConf,资源数据.资源游戏播放目标系统商品配置,Res|Data|Res|Game|Play|Goal|System|Goods|Conf,
ResData.ResAIGameReviewGrayConf,资源数据.资源AI游戏回顾灰度配置,Res|Data|Res|AI|Game|Review|Gray|Conf,
ResData.ResDT_HorizontalTask_Filter,资源数据.资源数据表水平任务过滤,Res|Data|Res|DT|Horizontal|Task|Filter,
ResData.ResDT_HorizontalTask_Operation,资源数据.资源数据表水平任务操作,Res|Data|Res|DT|Horizontal|Task|Operation,
ResData.ResHorizontalTaskBlueprintEvent,资源数据.资源水平任务蓝图事件,Res|Data|Res|Horizontal|Task|Blueprint|Event,
ResData.ResLimitCurrency,资源数据.资源限制货币,Res|Data|Res|Limit|Currency,
ResData.ResLimitCurrencyBaseInfo,资源数据.资源限制货币基础信息,Res|Data|Res|Limit|Currency|Base|Info,
ResData.ResRebateInfo,资源数据.资源返利信息,Res|Data|Res|Rebate|Info,
ResData.ResMallQRCodeBuyConfig,资源数据.资源商城QR码购买配置,Res|Data|Res|Mall|QR|Code|Buy|Config,QR
ResData.ResBackflowGameplayPrivilegeSubConf,资源数据.资源回流玩法特权子配置,Res|Data|Res|Backflow|Gameplay|Privilege|Sub|Conf,
ResData.ResFriendCrossGameStrategyCfg,资源数据.资源友方交叉游戏策略配置,Res|Data|Res|Friend|Cross|Game|Strategy|Cfg,
ResData.ResCurrencySortPriority,资源数据.资源货币排序优先级,Res|Data|Res|Currency|Sort|Priority,
ResData.ResCurrencyFirstGetGuide,资源数据.资源货币首个获取引导,Res|Data|Res|Currency|First|Get|Guide,
ResData.ResPermanentCurrency,资源数据.资源永久货币,Res|Data|Res|Permanent|Currency,
ResData.ResDT_Common_KeyValue.<Arg_bytes>e__FixedBuffer,资源数据.资源数据表通用键值.<Argbytes>e固定缓冲,Res|Data|Res|DT|Common|Key|Value|<Arg|bytes>e|Fixed|Buffer,<Arg bytes>e
ResData.ResDT_Common_KeyValue,资源数据.资源数据表通用键值,Res|Data|Res|DT|Common|Key|Value,
ResData.ResDT_PveReviveInfo.<ReviveBuff_bytes>e__FixedBuffer,资源数据.资源数据表Pve复活信息.<Revive增益bytes>e固定缓冲,Res|Data|Res|DT|Pve|Revive|Info|<Revive|Buff|bytes>e|Fixed|Buffer,Pve <Revive bytes>e
ResData.ResDT_PveReviveInfo.<astReviveCost_bytes>e__FixedBuffer,资源数据.资源数据表Pve复活信息.<ast复活消耗bytes>e固定缓冲,Res|Data|Res|DT|Pve|Revive|Info|<ast|Revive|Cost|bytes>e|Fixed|Buffer,Pve <ast bytes>e
ResData.ResDT_PveReviveInfo,资源数据.资源数据表Pve复活信息,Res|Data|Res|DT|Pve|Revive|Info,Pve
ResData.ResTrainCampHeroInfo.<HeroID_bytes>e__FixedBuffer,资源数据.资源训练阵营英雄信息.<HeroIDbytes>e固定缓冲,Res|Data|Res|Train|Camp|Hero|Info|<Hero|ID|bytes>e|Fixed|Buffer,<Hero bytes>e
ResData.ResTrainCampHeroInfo,资源数据.资源训练阵营英雄信息,Res|Data|Res|Train|Camp|Hero|Info,
ResData.ResDT_UnUseSkill.<UnUseSkillList_bytes>e__FixedBuffer,资源数据.资源数据表未使用技能.<Un使用技能列表bytes>e固定缓冲,Res|Data|Res|DT|Un|Use|Skill|<Un|Use|Skill|List|bytes>e|Fixed|Buffer,<Un bytes>e
ResData.ResDT_UnUseSkill,资源数据.资源数据表未使用技能,Res|Data|Res|DT|Un|Use|Skill,
ResData.ResMonsterCfgInfo.<PassiveSkillID_bytes>e__FixedBuffer,资源数据.资源野怪配置信息.<Passive技能IDbytes>e固定缓冲,Res|Data|Res|Monster|Cfg|Info|<Passive|Skill|ID|bytes>e|Fixed|Buffer,<Passive bytes>e
ResData.ResMonsterCfgInfo.<SkillIDs_bytes>e__FixedBuffer,资源数据.资源野怪配置信息.<SkillIDbytes>e固定缓冲,Res|Data|Res|Monster|Cfg|Info|<Skill|IDs|bytes>e|Fixed|Buffer,<Skill bytes>e
ResData.ResMonsterCfgInfo.<astShenfuDrop_bytes>e__FixedBuffer,资源数据.资源野怪配置信息.<ast神符掉落bytes>e固定缓冲,Res|Data|Res|Monster|Cfg|Info|<ast|Shenfu|Drop|bytes>e|Fixed|Buffer,<ast bytes>e
ResData.ResMonsterCfgInfo,资源数据.资源野怪配置信息,Res|Data|Res|Monster|Cfg|Info,
ResData.ResMonsterOrganLevelDynamicInfo,资源数据.资源野怪器官等级动态信息,Res|Data|Res|Monster|Organ|Level|Dynamic|Info,
ResData.ResOrganCfgInfo.<SkillIDs_bytes>e__FixedBuffer,资源数据.资源器官配置信息.<SkillIDbytes>e固定缓冲,Res|Data|Res|Organ|Cfg|Info|<Skill|IDs|bytes>e|Fixed|Buffer,<Skill bytes>e
ResData.ResOrganCfgInfo,资源数据.资源器官配置信息,Res|Data|Res|Organ|Cfg|Info,
ResData.ResSkillCfgInfo.<SkillEffectType_bytes>e__FixedBuffer,资源数据.资源技能配置信息.<Skill效果类型bytes>e固定缓冲,Res|Data|Res|Skill|Cfg|Info|<Skill|Effect|Type|bytes>e|Fixed|Buffer,<Skill bytes>e
ResData.ResSkillCfgInfo.<astRangeAppointTypePrams_bytes>e__FixedBuffer,资源数据.资源技能配置信息.<ast范围Appoint类型Pramsbytes>e固定缓冲,Res|Data|Res|Skill|Cfg|Info|<ast|Range|Appoint|Type|Prams|bytes>e|Fixed|Buffer,<ast Appoint Prams bytes>e
ResData.ResSkillCfgInfo.<astSkillPropertyDescInfo_bytes>e__FixedBuffer,资源数据.资源技能配置信息.<ast技能属性描述信息bytes>e固定缓冲,Res|Data|Res|Skill|Cfg|Info|<ast|Skill|Property|Desc|Info|bytes>e|Fixed|Buffer,<ast bytes>e
ResData.ResSkillCfgInfo.<astSkillUseRuleParams_bytes>e__FixedBuffer,资源数据.资源技能配置信息.<ast技能使用规则参数bytes>e固定缓冲,Res|Data|Res|Skill|Cfg|Info|<ast|Skill|Use|Rule|Params|bytes>e|Fixed|Buffer,<ast bytes>e
ResData.ResSkillCfgInfo.<astWheelTypeParams_bytes>e__FixedBuffer,资源数据.资源技能配置信息.<astWheel类型参数bytes>e固定缓冲,Res|Data|Res|Skill|Cfg|Info|<ast|Wheel|Type|Params|bytes>e|Fixed|Buffer,<ast Wheel bytes>e
ResData.ResSkillCfgInfo,资源数据.资源技能配置信息,Res|Data|Res|Skill|Cfg|Info,
ResData.ResSkillEffectTagInfo.<astSkillEffectTagList_bytes>e__FixedBuffer,资源数据.资源技能效果标签信息.<ast技能效果标签列表bytes>e固定缓冲,Res|Data|Res|Skill|Effect|Tag|Info|<ast|Skill|Effect|Tag|List|bytes>e|Fixed|Buffer,<ast bytes>e
ResData.ResSkillEffectTagInfo,资源数据.资源技能效果标签信息,Res|Data|Res|Skill|Effect|Tag|Info,
ResData.ResDT_SkillDynamicIndicatorActorStateInfo.<astStateParam_bytes>e__FixedBuffer,资源数据.资源数据表技能动态指示器角色状态信息.<ast状态参数bytes>e固定缓冲,Res|Data|Res|DT|Skill|Dynamic|Indicator|Actor|State|Info|<ast|State|Param|bytes>e|Fixed|Buffer,<ast bytes>e
ResData.ResDT_SkillDynamicIndicatorActorStateInfo,资源数据.资源数据表技能动态指示器角色状态信息,Res|Data|Res|DT|Skill|Dynamic|Indicator|Actor|State|Info,
ResData.ResDT_SkillFunc.<astSkillFuncExtraParam_bytes>e__FixedBuffer,资源数据.资源数据表技能函数.<ast技能函数额外参数bytes>e固定缓冲,Res|Data|Res|DT|Skill|Func|<ast|Skill|Func|Extra|Param|bytes>e|Fixed|Buffer,<ast bytes>e
ResData.ResDT_SkillFunc.<astSkillFuncGroup_bytes>e__FixedBuffer,资源数据.资源数据表技能函数.<ast技能函数分组bytes>e固定缓冲,Res|Data|Res|DT|Skill|Func|<ast|Skill|Func|Group|bytes>e|Fixed|Buffer,<ast bytes>e
ResData.ResDT_SkillFunc.<astSkillFuncParam_bytes>e__FixedBuffer,资源数据.资源数据表技能函数.<ast技能函数参数bytes>e固定缓冲,Res|Data|Res|DT|Skill|Func|<ast|Skill|Func|Param|bytes>e|Fixed|Buffer,<ast bytes>e
ResData.ResDT_SkillFunc,资源数据.资源数据表技能函数,Res|Data|Res|DT|Skill|Func,
ResData.ResDT_BattleTaskCondition.<astParam_bytes>e__FixedBuffer,资源数据.资源数据表战斗任务条件.<ast参数bytes>e固定缓冲,Res|Data|Res|DT|Battle|Task|Condition|<ast|Param|bytes>e|Fixed|Buffer,<ast bytes>e
ResData.ResDT_BattleTaskCondition,资源数据.资源数据表战斗任务条件,Res|Data|Res|DT|Battle|Task|Condition,
ResData.ResDT_SkillPassiveCondition.<astConditionParam_bytes>e__FixedBuffer,资源数据.资源数据表技能被动条件.<ast条件参数bytes>e固定缓冲,Res|Data|Res|DT|Skill|Passive|Condition|<ast|Condition|Param|bytes>e|Fixed|Buffer,<ast bytes>e
ResData.ResDT_SkillPassiveCondition,资源数据.资源数据表技能被动条件,Res|Data|Res|DT|Skill|Passive|Condition,
ResData.ResDT_HighlightCondition.<astConditionCompare_bytes>e__FixedBuffer,资源数据.资源数据表高亮条件.<ast条件比较bytes>e固定缓冲,Res|Data|Res|DT|Highlight|Condition|<ast|Condition|Compare|bytes>e|Fixed|Buffer,<ast bytes>e
ResData.ResDT_HighlightCondition.<astConditionParam_bytes>e__FixedBuffer,资源数据.资源数据表高亮条件.<ast条件参数bytes>e固定缓冲,Res|Data|Res|DT|Highlight|Condition|<ast|Condition|Param|bytes>e|Fixed|Buffer,<ast bytes>e
ResData.ResDT_HighlightCondition,资源数据.资源数据表高亮条件,Res|Data|Res|DT|Highlight|Condition,
ResData.ResDT_HighlightHero.<astSkin_bytes>e__FixedBuffer,资源数据.资源数据表高亮英雄.<ast皮肤bytes>e固定缓冲,Res|Data|Res|DT|Highlight|Hero|<ast|Skin|bytes>e|Fixed|Buffer,<ast bytes>e
ResData.ResDT_HighlightHero,资源数据.资源数据表高亮英雄,Res|Data|Res|DT|Highlight|Hero,
ResData.ResSkillMarkCfgInfo.<astLayerEffectName_bytes>e__FixedBuffer,资源数据.资源技能标记配置信息.<ast层效果名称bytes>e固定缓冲,Res|Data|Res|Skill|Mark|Cfg|Info|<ast|Layer|Effect|Name|bytes>e|Fixed|Buffer,<ast bytes>e
ResData.ResSkillMarkCfgInfo,资源数据.资源技能标记配置信息,Res|Data|Res|Skill|Mark|Cfg|Info,
ResData.ResRandomSkillPassiveRule.<astRandomSkillPassiveID1_bytes>e__FixedBuffer,资源数据.资源随机技能被动规则.<ast随机技能被动ID1bytes>e固定缓冲,Res|Data|Res|Random|Skill|Passive|Rule|<ast|Random|Skill|Passive|ID|1|bytes>e|Fixed|Buffer,<ast bytes>e
ResData.ResRandomSkillPassiveRule.<astRandomSkillPassiveID2_bytes>e__FixedBuffer,资源数据.资源随机技能被动规则.<ast随机技能被动ID2bytes>e固定缓冲,Res|Data|Res|Random|Skill|Passive|Rule|<ast|Random|Skill|Passive|ID|2|bytes>e|Fixed|Buffer,<ast bytes>e
ResData.ResRandomSkillPassiveRule,资源数据.资源随机技能被动规则,Res|Data|Res|Random|Skill|Passive|Rule,
ResData.ResKillActionInfo.<Params_bytes>e__FixedBuffer,资源数据.资源击杀动作信息.<Paramsbytes>e固定缓冲,Res|Data|Res|Kill|Action|Info|<Params|bytes>e|Fixed|Buffer,<Params bytes>e
ResData.ResKillActionInfo,资源数据.资源击杀动作信息,Res|Data|Res|Kill|Action|Info,
ResData.ResHurtPropertyBonusInfo.<astCustomPropBonusInfo_bytes>e__FixedBuffer,资源数据.资源伤害属性Bonus信息.<ast自定义属性Bonus信息bytes>e固定缓冲,Res|Data|Res|Hurt|Property|Bonus|Info|<ast|Custom|Prop|Bonus|Info|bytes>e|Fixed|Buffer,Bonus <ast Bonus bytes>e
ResData.ResHurtPropertyBonusInfo.<astPropBonusInfo_bytes>e__FixedBuffer,资源数据.资源伤害属性Bonus信息.<ast属性Bonus信息bytes>e固定缓冲,Res|Data|Res|Hurt|Property|Bonus|Info|<ast|Prop|Bonus|Info|bytes>e|Fixed|Buffer,Bonus <ast Bonus bytes>e
ResData.ResHurtPropertyBonusInfo,资源数据.资源伤害属性Bonus信息,Res|Data|Res|Hurt|Property|Bonus|Info,Bonus
ResData.ResPVETalentCfgInfo.<astTalentEffectIDs_bytes>e__FixedBuffer,资源数据.资源PVE天赋配置信息.<ast天赋效果IDbytes>e固定缓冲,Res|Data|Res|PVE|Talent|Cfg|Info|<ast|Talent|Effect|IDs|bytes>e|Fixed|Buffer,<ast bytes>e
ResData.ResPVETalentCfgInfo.<astTalentPassiveIDs_bytes>e__FixedBuffer,资源数据.资源PVE天赋配置信息.<ast天赋被动IDbytes>e固定缓冲,Res|Data|Res|PVE|Talent|Cfg|Info|<ast|Talent|Passive|IDs|bytes>e|Fixed|Buffer,<ast bytes>e
ResData.ResPVETalentCfgInfo,资源数据.资源PVE天赋配置信息,Res|Data|Res|PVE|Talent|Cfg|Info,
ResData.ResPveOutput.<OutputEquipID_bytes>e__FixedBuffer,资源数据.资源Pve输出.<Output装备IDbytes>e固定缓冲,Res|Data|Res|Pve|Output|<Output|Equip|ID|bytes>e|Fixed|Buffer,Pve <Output bytes>e
ResData.ResPveOutput.<ShowOutputEquipID_bytes>e__FixedBuffer,资源数据.资源Pve输出.<Show输出装备IDbytes>e固定缓冲,Res|Data|Res|Pve|Output|<Show|Output|Equip|ID|bytes>e|Fixed|Buffer,Pve <Show bytes>e
ResData.ResPveOutput.<ShowOutputItemCount_bytes>e__FixedBuffer,资源数据.资源Pve输出.<Show输出道具计数bytes>e固定缓冲,Res|Data|Res|Pve|Output|<Show|Output|Item|Count|bytes>e|Fixed|Buffer,Pve <Show bytes>e
ResData.ResPveOutput.<ShowOutputItemID_bytes>e__FixedBuffer,资源数据.资源Pve输出.<Show输出道具IDbytes>e固定缓冲,Res|Data|Res|Pve|Output|<Show|Output|Item|ID|bytes>e|Fixed|Buffer,Pve <Show bytes>e
ResData.ResPveOutput.<ShowOutputSkinID_bytes>e__FixedBuffer,资源数据.资源Pve输出.<Show输出皮肤IDbytes>e固定缓冲,Res|Data|Res|Pve|Output|<Show|Output|Skin|ID|bytes>e|Fixed|Buffer,Pve <Show bytes>e
ResData.ResPveOutput.<TotalOutputEquipID_bytes>e__FixedBuffer,资源数据.资源Pve输出.<Total输出装备IDbytes>e固定缓冲,Res|Data|Res|Pve|Output|<Total|Output|Equip|ID|bytes>e|Fixed|Buffer,Pve <Total bytes>e
ResData.ResPveOutput,资源数据.资源Pve输出,Res|Data|Res|Pve|Output,Pve
ResData.ResSoldierWaveInfo.<astBranchWaves_bytes>e__FixedBuffer,资源数据.资源小兵波次信息.<ast分支Wavesbytes>e固定缓冲,Res|Data|Res|Soldier|Wave|Info|<ast|Branch|Waves|bytes>e|Fixed|Buffer,<ast Waves bytes>e
ResData.ResSoldierWaveInfo.<astNormalSoldierInfo_bytes>e__FixedBuffer,资源数据.资源小兵波次信息.<ast普通小兵信息bytes>e固定缓冲,Res|Data|Res|Soldier|Wave|Info|<ast|Normal|Soldier|Info|bytes>e|Fixed|Buffer,<ast bytes>e
ResData.ResSoldierWaveInfo,资源数据.资源小兵波次信息,Res|Data|Res|Soldier|Wave|Info,
ResData.ResDT_PrerequisiteInTask.<astCLIENTCONDITIONParam_bytes>e__FixedBuffer,资源数据.资源数据表前置条件内任务.<astCLIENTCONDITION参数bytes>e固定缓冲,Res|Data|Res|DT|Prerequisite|In|Task|<ast|CLIENTCONDITION|Param|bytes>e|Fixed|Buffer,<ast CLIENTCONDITION bytes>e
ResData.ResDT_PrerequisiteInTask.<astPrerequisiteParam_bytes>e__FixedBuffer,资源数据.资源数据表前置条件内任务.<ast前置条件参数bytes>e固定缓冲,Res|Data|Res|DT|Prerequisite|In|Task|<ast|Prerequisite|Param|bytes>e|Fixed|Buffer,<ast bytes>e
ResData.ResDT_PrerequisiteInTask,资源数据.资源数据表前置条件内任务,Res|Data|Res|DT|Prerequisite|In|Task,
ResData.ResHeroLvlUpInfo.<StarCombatEft_bytes>e__FixedBuffer,资源数据.资源英雄等级上信息.<StarCombatEftbytes>e固定缓冲,Res|Data|Res|Hero|Lvl|Up|Info|<Star|Combat|Eft|bytes>e|Fixed|Buffer,<Star Combat Eft bytes>e
ResData.ResHeroLvlUpInfo,资源数据.资源英雄等级上信息,Res|Data|Res|Hero|Lvl|Up|Info,
ResData.ResRedPointConf.<SubIds_bytes>e__FixedBuffer,资源数据.资源红点配置.<SubIDbytes>e固定缓冲,Res|Data|Res|Red|Point|Conf|<Sub|Ids|bytes>e|Fixed|Buffer,<Sub bytes>e
ResData.ResRedPointConf,资源数据.资源红点配置,Res|Data|Res|Red|Point|Conf,
ResData.ResOptionalDiscount.<astDiscountInfo_bytes>e__FixedBuffer,资源数据.资源Optional折扣.<ast折扣信息bytes>e固定缓冲,Res|Data|Res|Optional|Discount|<ast|Discount|Info|bytes>e|Fixed|Buffer,Optional <ast bytes>e
ResData.ResOptionalDiscount.<astRewardInfo_bytes>e__FixedBuffer,资源数据.资源Optional折扣.<ast奖励信息bytes>e固定缓冲,Res|Data|Res|Optional|Discount|<ast|Reward|Info|bytes>e|Fixed|Buffer,Optional <ast bytes>e
ResData.ResOptionalDiscount,资源数据.资源Optional折扣,Res|Data|Res|Optional|Discount,Optional
ResData.ResPresentSplitCheck.<astCheckRewardList_bytes>e__FixedBuffer,资源数据.资源礼物分裂检查.<ast检查奖励列表bytes>e固定缓冲,Res|Data|Res|Present|Split|Check|<ast|Check|Reward|List|bytes>e|Fixed|Buffer,<ast bytes>e
ResData.ResPresentSplitCheck,资源数据.资源礼物分裂检查,Res|Data|Res|Present|Split|Check,
ResData.ResPropInfo.<EftParam_bytes>e__FixedBuffer,资源数据.资源属性信息.<Eft参数bytes>e固定缓冲,Res|Data|Res|Prop|Info|<Eft|Param|bytes>e|Fixed|Buffer,<Eft bytes>e
ResData.ResPropInfo.<astCurrencyInfo_bytes>e__FixedBuffer,资源数据.资源属性信息.<ast货币信息bytes>e固定缓冲,Res|Data|Res|Prop|Info|<ast|Currency|Info|bytes>e|Fixed|Buffer,<ast bytes>e
ResData.ResPropInfo.<astSrcInfo_bytes>e__FixedBuffer,资源数据.资源属性信息.<ast来源信息bytes>e固定缓冲,Res|Data|Res|Prop|Info|<ast|Src|Info|bytes>e|Fixed|Buffer,<ast bytes>e
ResData.ResPropInfo,资源数据.资源属性信息,Res|Data|Res|Prop|Info,
ResData.ResSpecSaleSelfSelection.<Buy_bytes>e__FixedBuffer,资源数据.资源规格出售自身选择.<Buybytes>e固定缓冲,Res|Data|Res|Spec|Sale|Self|Selection|<Buy|bytes>e|Fixed|Buffer,<Buy bytes>e
ResData.ResSpecSaleSelfSelection.<Free_bytes>e__FixedBuffer,资源数据.资源规格出售自身选择.<Freebytes>e固定缓冲,Res|Data|Res|Spec|Sale|Self|Selection|<Free|bytes>e|Fixed|Buffer,<Free bytes>e
ResData.ResSpecSaleSelfSelection,资源数据.资源规格出售自身选择,Res|Data|Res|Spec|Sale|Self|Selection,
ResData.ResRandDrawRate.<astRewardPool_bytes>e__FixedBuffer,资源数据.资源随机抽奖速率.<ast奖励池bytes>e固定缓冲,Res|Data|Res|Rand|Draw|Rate|<ast|Reward|Pool|bytes>e|Fixed|Buffer,<ast bytes>e
ResData.ResRandDrawRate,资源数据.资源随机抽奖速率,Res|Data|Res|Rand|Draw|Rate,
ResData.ResEquipInfo.<astFuncEftList_bytes>e__FixedBuffer,资源数据.资源装备信息.<ast函数Eft列表bytes>e固定缓冲,Res|Data|Res|Equip|Info|<ast|Func|Eft|List|bytes>e|Fixed|Buffer,<ast Eft bytes>e
ResData.ResEquipInfo.<astSrcInfo_bytes>e__FixedBuffer,资源数据.资源装备信息.<ast来源信息bytes>e固定缓冲,Res|Data|Res|Equip|Info|<ast|Src|Info|bytes>e|Fixed|Buffer,<ast bytes>e
ResData.ResEquipInfo,资源数据.资源装备信息,Res|Data|Res|Equip|Info,
ResData.ResFamousMentor.<astPrivilegeIcon_bytes>e__FixedBuffer,资源数据.资源FamousMentor.<ast特权图标bytes>e固定缓冲,Res|Data|Res|Famous|Mentor|<ast|Privilege|Icon|bytes>e|Fixed|Buffer,Famous Mentor <ast bytes>e
ResData.ResFamousMentor,资源数据.资源FamousMentor,Res|Data|Res|Famous|Mentor,Famous Mentor
ResData.ResRcmdSymbolPage.<SymbolID_bytes>e__FixedBuffer,资源数据.资源推荐铭文页.<SymbolIDbytes>e固定缓冲,Res|Data|Res|Rcmd|Symbol|Page|<Symbol|ID|bytes>e|Fixed|Buffer,<Symbol bytes>e
ResData.ResRcmdSymbolPage,资源数据.资源推荐铭文页,Res|Data|Res|Rcmd|Symbol|Page,
ResData.ResRoleSymbolPage.<SymbolID_bytes>e__FixedBuffer,资源数据.资源角色铭文页.<SymbolIDbytes>e固定缓冲,Res|Data|Res|Role|Symbol|Page|<Symbol|ID|bytes>e|Fixed|Buffer,<Symbol bytes>e
ResData.ResRoleSymbolPage,资源数据.资源角色铭文页,Res|Data|Res|Role|Symbol|Page,
ResData.ResSymbolInfo.<astFuncEftList_bytes>e__FixedBuffer,资源数据.资源铭文信息.<ast函数Eft列表bytes>e固定缓冲,Res|Data|Res|Symbol|Info|<ast|Func|Eft|List|bytes>e|Fixed|Buffer,<ast Eft bytes>e
ResData.ResSymbolInfo.<astPveEftList_bytes>e__FixedBuffer,资源数据.资源铭文信息.<astPveEft列表bytes>e固定缓冲,Res|Data|Res|Symbol|Info|<ast|Pve|Eft|List|bytes>e|Fixed|Buffer,<ast Pve Eft bytes>e
ResData.ResSymbolInfo.<astSrcInfo_bytes>e__FixedBuffer,资源数据.资源铭文信息.<ast来源信息bytes>e固定缓冲,Res|Data|Res|Symbol|Info|<ast|Src|Info|bytes>e|Fixed|Buffer,<ast bytes>e
ResData.ResSymbolInfo,资源数据.资源铭文信息,Res|Data|Res|Symbol|Info,
ResData.ResDT_PrerequisiteInCustomTeamTask.<astPrerequisiteParam_bytes>e__FixedBuffer,资源数据.资源数据表前置条件内自定义队伍任务.<ast前置条件参数bytes>e固定缓冲,Res|Data|Res|DT|Prerequisite|In|Custom|Team|Task|<ast|Prerequisite|Param|bytes>e|Fixed|Buffer,<ast bytes>e
ResData.ResDT_PrerequisiteInCustomTeamTask,资源数据.资源数据表前置条件内自定义队伍任务,Res|Data|Res|DT|Prerequisite|In|Custom|Team|Task,
ResData.ResCustomTeamTaskReward.<astRewardInfo_bytes>e__FixedBuffer,资源数据.资源自定义队伍任务奖励.<ast奖励信息bytes>e固定缓冲,Res|Data|Res|Custom|Team|Task|Reward|<ast|Reward|Info|bytes>e|Fixed|Buffer,<ast bytes>e
ResData.ResCustomTeamTaskReward,资源数据.资源自定义队伍任务奖励,Res|Data|Res|Custom|Team|Task|Reward,
ResData.ResTaskReward.<astRewardInfo_bytes>e__FixedBuffer,资源数据.资源任务奖励.<ast奖励信息bytes>e固定缓冲,Res|Data|Res|Task|Reward|<ast|Reward|Info|bytes>e|Fixed|Buffer,<ast bytes>e
ResData.ResTaskReward,资源数据.资源任务奖励,Res|Data|Res|Task|Reward,
ResData.ResTaskDyncValue.<ParamItem_bytes>e__FixedBuffer,资源数据.资源任务Dync值.<Param道具bytes>e固定缓冲,Res|Data|Res|Task|Dync|Value|<Param|Item|bytes>e|Fixed|Buffer,Dync <Param bytes>e
ResData.ResTaskDyncValue,资源数据.资源任务Dync值,Res|Data|Res|Task|Dync|Value,Dync
ResData.ResPrayerCheckInWeather.<AnimalInteractIDList_bytes>e__FixedBuffer,资源数据.资源Prayer检查内天气.<Animal交互ID列表bytes>e固定缓冲,Res|Data|Res|Prayer|Check|In|Weather|<Animal|Interact|ID|List|bytes>e|Fixed|Buffer,Prayer <Animal bytes>e
ResData.ResPrayerCheckInWeather,资源数据.资源Prayer检查内天气,Res|Data|Res|Prayer|Check|In|Weather,Prayer
ResData.ResRandomRewardStore.<astRewardDetail_bytes>e__FixedBuffer,资源数据.资源随机奖励商店.<ast奖励细节bytes>e固定缓冲,Res|Data|Res|Random|Reward|Store|<ast|Reward|Detail|bytes>e|Fixed|Buffer,<ast bytes>e
ResData.ResRandomRewardStore,资源数据.资源随机奖励商店,Res|Data|Res|Random|Reward|Store,
ResData.ResDefineReward.<astRewardList_bytes>e__FixedBuffer,资源数据.资源Define奖励.<ast奖励列表bytes>e固定缓冲,Res|Data|Res|Define|Reward|<ast|Reward|List|bytes>e|Fixed|Buffer,Define <ast bytes>e
ResData.ResDefineReward,资源数据.资源Define奖励,Res|Data|Res|Define|Reward,Define
ResData.ResDT_ConditionInfo.<ComparetorDetail_bytes>e__FixedBuffer,资源数据.资源数据表条件信息.<Comparetor细节bytes>e固定缓冲,Res|Data|Res|DT|Condition|Info|<Comparetor|Detail|bytes>e|Fixed|Buffer,<Comparetor bytes>e
ResData.ResDT_ConditionInfo.<KeyDetail_bytes>e__FixedBuffer,资源数据.资源数据表条件信息.<Key细节bytes>e固定缓冲,Res|Data|Res|DT|Condition|Info|<Key|Detail|bytes>e|Fixed|Buffer,<Key bytes>e
ResData.ResDT_ConditionInfo.<ValueDetail_bytes>e__FixedBuffer,资源数据.资源数据表条件信息.<Value细节bytes>e固定缓冲,Res|Data|Res|DT|Condition|Info|<Value|Detail|bytes>e|Fixed|Buffer,<Value bytes>e
ResData.ResDT_ConditionInfo,资源数据.资源数据表条件信息,Res|Data|Res|DT|Condition|Info,
ResData.ResDT_PickRuleInfo.<Param_bytes>e__FixedBuffer,资源数据.资源数据表拾取规则信息.<Parambytes>e固定缓冲,Res|Data|Res|DT|Pick|Rule|Info|<Param|bytes>e|Fixed|Buffer,<Param bytes>e
ResData.ResDT_PickRuleInfo,资源数据.资源数据表拾取规则信息,Res|Data|Res|DT|Pick|Rule|Info,
ResData.ResDT_TeamRangeRule.<RuleParam_bytes>e__FixedBuffer,资源数据.资源数据表队伍范围规则.<Rule参数bytes>e固定缓冲,Res|Data|Res|DT|Team|Range|Rule|<Rule|Param|bytes>e|Fixed|Buffer,<Rule bytes>e
ResData.ResDT_TeamRangeRule,资源数据.资源数据表队伍范围规则,Res|Data|Res|DT|Team|Range|Rule,
ResData.ResDT_LevelGamePlayInfo.<astCoinCompensateDetail_bytes>e__FixedBuffer,资源数据.资源数据表等级游戏播放信息.<ast金币补偿细节bytes>e固定缓冲,Res|Data|Res|DT|Level|Game|Play|Info|<ast|Coin|Compensate|Detail|bytes>e|Fixed|Buffer,<ast bytes>e
ResData.ResDT_LevelGamePlayInfo.<astExpCompensateDetail_bytes>e__FixedBuffer,资源数据.资源数据表等级游戏播放信息.<ast经验补偿细节bytes>e固定缓冲,Res|Data|Res|DT|Level|Game|Play|Info|<ast|Exp|Compensate|Detail|bytes>e|Fixed|Buffer,<ast bytes>e
ResData.ResDT_LevelGamePlayInfo,资源数据.资源数据表等级游戏播放信息,Res|Data|Res|DT|Level|Game|Play|Info,
ResData.ResCampPlayerConf.<astCampList_bytes>e__FixedBuffer,资源数据.资源阵营玩家配置.<ast阵营列表bytes>e固定缓冲,Res|Data|Res|Camp|Player|Conf|<ast|Camp|List|bytes>e|Fixed|Buffer,<ast bytes>e
ResData.ResCampPlayerConf,资源数据.资源阵营玩家配置,Res|Data|Res|Camp|Player|Conf,
ResData.ResRewardMatchTimeInfo.<CycleParm_bytes>e__FixedBuffer,资源数据.资源奖励匹配时间信息.<CycleParmbytes>e固定缓冲,Res|Data|Res|Reward|Match|Time|Info|<Cycle|Parm|bytes>e|Fixed|Buffer,<Cycle Parm bytes>e
ResData.ResRewardMatchTimeInfo.<SignUpCycleParm_bytes>e__FixedBuffer,资源数据.资源奖励匹配时间信息.<Sign上循环Parmbytes>e固定缓冲,Res|Data|Res|Reward|Match|Time|Info|<Sign|Up|Cycle|Parm|bytes>e|Fixed|Buffer,<Sign Parm bytes>e
ResData.ResRewardMatchTimeInfo.<astActTime_bytes>e__FixedBuffer,资源数据.资源奖励匹配时间信息.<ast活动时间bytes>e固定缓冲,Res|Data|Res|Reward|Match|Time|Info|<ast|Act|Time|bytes>e|Fixed|Buffer,<ast bytes>e
ResData.ResRewardMatchTimeInfo.<astSignUpActTime_bytes>e__FixedBuffer,资源数据.资源奖励匹配时间信息.<astSign上活动时间bytes>e固定缓冲,Res|Data|Res|Reward|Match|Time|Info|<ast|Sign|Up|Act|Time|bytes>e|Fixed|Buffer,<ast Sign bytes>e
ResData.ResRewardMatchTimeInfo,资源数据.资源奖励匹配时间信息,Res|Data|Res|Reward|Match|Time|Info,
ResData.ResHeroSelectIntelligentTemplateData.<ResponseTextID_bytes>e__FixedBuffer,资源数据.资源英雄选择Intelligent模板数据.<Response文本IDbytes>e固定缓冲,Res|Data|Res|Hero|Select|Intelligent|Template|Data|<Response|Text|ID|bytes>e|Fixed|Buffer,Intelligent <Response bytes>e
ResData.ResHeroSelectIntelligentTemplateData,资源数据.资源英雄选择Intelligent模板数据,Res|Data|Res|Hero|Select|Intelligent|Template|Data,Intelligent
ResData.ResShopInfo.<BuyResID_bytes>e__FixedBuffer,资源数据.资源商店信息.<Buy资源IDbytes>e固定缓冲,Res|Data|Res|Shop|Info|<Buy|Res|ID|bytes>e|Fixed|Buffer,<Buy bytes>e
ResData.ResShopInfo,资源数据.资源商店信息,Res|Data|Res|Shop|Info,
ResData.ResHeroProficiencyExemptLimitConf.<HeroList_bytes>e__FixedBuffer,资源数据.资源英雄熟练度Exempt限制配置.<Hero列表bytes>e固定缓冲,Res|Data|Res|Hero|Proficiency|Exempt|Limit|Conf|<Hero|List|bytes>e|Fixed|Buffer,Exempt <Hero bytes>e
ResData.ResHeroProficiencyExemptLimitConf,资源数据.资源英雄熟练度Exempt限制配置,Res|Data|Res|Hero|Proficiency|Exempt|Limit|Conf,Exempt
ResData.ResCommonSettle.<AntiCheatDetail_bytes>e__FixedBuffer,资源数据.资源通用结算.<AntiCheat细节bytes>e固定缓冲,Res|Data|Res|Common|Settle|<Anti|Cheat|Detail|bytes>e|Fixed|Buffer,<Anti Cheat bytes>e
ResData.ResCommonSettle.<astFirstCompleteReward_bytes>e__FixedBuffer,资源数据.资源通用结算.<ast首个完成奖励bytes>e固定缓冲,Res|Data|Res|Common|Settle|<ast|First|Complete|Reward|bytes>e|Fixed|Buffer,<ast bytes>e
ResData.ResCommonSettle.<astRaidsReward_bytes>e__FixedBuffer,资源数据.资源通用结算.<astRaids奖励bytes>e固定缓冲,Res|Data|Res|Common|Settle|<ast|Raids|Reward|bytes>e|Fixed|Buffer,<ast Raids bytes>e
ResData.ResCommonSettle.<astRandomRewardDetail_bytes>e__FixedBuffer,资源数据.资源通用结算.<ast随机奖励细节bytes>e固定缓冲,Res|Data|Res|Common|Settle|<ast|Random|Reward|Detail|bytes>e|Fixed|Buffer,<ast bytes>e
ResData.ResCommonSettle,资源数据.资源通用结算,Res|Data|Res|Common|Settle,
ResData.ResDT_RefreshInfo_List.<RefreshTime_bytes>e__FixedBuffer,资源数据.资源数据表刷新信息列表.<Refresh时间bytes>e固定缓冲,Res|Data|Res|DT|Refresh|Info|List|<Refresh|Time|bytes>e|Fixed|Buffer,<Refresh bytes>e
ResData.ResDT_RefreshInfo_List,资源数据.资源数据表刷新信息列表,Res|Data|Res|DT|Refresh|Info|List,
ResData.ResShopStoreInfo.<astSubStoreInfo_bytes>e__FixedBuffer,资源数据.资源商店商店信息.<ast子商店信息bytes>e固定缓冲,Res|Data|Res|Shop|Store|Info|<ast|Sub|Store|Info|bytes>e|Fixed|Buffer,<ast bytes>e
ResData.ResShopStoreInfo,资源数据.资源商店商店信息,Res|Data|Res|Shop|Store|Info,
ResData.NewbieGuideMainLineConf.<astSkipCondition_bytes>e__FixedBuffer,资源数据.新手引导主线配置.<ast跳过条件bytes>e固定缓冲,Res|Data|Newbie|Guide|Main|Line|Conf|<ast|Skip|Condition|bytes>e|Fixed|Buffer,<ast bytes>e
ResData.NewbieGuideMainLineConf.<astTriggerCondition_bytes>e__FixedBuffer,资源数据.新手引导主线配置.<ast触发条件bytes>e固定缓冲,Res|Data|Newbie|Guide|Main|Line|Conf|<ast|Trigger|Condition|bytes>e|Fixed|Buffer,<ast bytes>e
ResData.NewbieGuideMainLineConf.<astTriggerTime_bytes>e__FixedBuffer,资源数据.新手引导主线配置.<ast触发时间bytes>e固定缓冲,Res|Data|Newbie|Guide|Main|Line|Conf|<ast|Trigger|Time|bytes>e|Fixed|Buffer,<ast bytes>e
ResData.NewbieGuideMainLineConf,资源数据.新手引导主线配置,Res|Data|Newbie|Guide|Main|Line|Conf,
ResData.NewbieWeakGuideMainLineConf.<astSkipCondition_bytes>e__FixedBuffer,资源数据.新手Weak引导主线配置.<ast跳过条件bytes>e固定缓冲,Res|Data|Newbie|Weak|Guide|Main|Line|Conf|<ast|Skip|Condition|bytes>e|Fixed|Buffer,Weak <ast bytes>e
ResData.NewbieWeakGuideMainLineConf.<astTriggerCondition_bytes>e__FixedBuffer,资源数据.新手Weak引导主线配置.<ast触发条件bytes>e固定缓冲,Res|Data|Newbie|Weak|Guide|Main|Line|Conf|<ast|Trigger|Condition|bytes>e|Fixed|Buffer,Weak <ast bytes>e
ResData.NewbieWeakGuideMainLineConf.<astTriggerTime_bytes>e__FixedBuffer,资源数据.新手Weak引导主线配置.<ast触发时间bytes>e固定缓冲,Res|Data|Newbie|Weak|Guide|Main|Line|Conf|<ast|Trigger|Time|bytes>e|Fixed|Buffer,Weak <ast bytes>e
ResData.NewbieWeakGuideMainLineConf,资源数据.新手Weak引导主线配置,Res|Data|Newbie|Weak|Guide|Main|Line|Conf,Weak
ResData.NewbieGuideScriptConf.<Param_bytes>e__FixedBuffer,资源数据.新手引导脚本配置.<Parambytes>e固定缓冲,Res|Data|Newbie|Guide|Script|Conf|<Param|bytes>e|Fixed|Buffer,<Param bytes>e
ResData.NewbieGuideScriptConf.<astStrParam_bytes>e__FixedBuffer,资源数据.新手引导脚本配置.<ast字符串参数bytes>e固定缓冲,Res|Data|Newbie|Guide|Script|Conf|<ast|Str|Param|bytes>e|Fixed|Buffer,<ast bytes>e
ResData.NewbieGuideScriptConf,资源数据.新手引导脚本配置,Res|Data|Newbie|Guide|Script|Conf,
ResData.ResKnowledgePointConf.<PlayID_bytes>e__FixedBuffer,资源数据.资源Knowledge点配置.<PlayIDbytes>e固定缓冲,Res|Data|Res|Knowledge|Point|Conf|<Play|ID|bytes>e|Fixed|Buffer,Knowledge <Play bytes>e
ResData.ResKnowledgePointConf.<astMapList_bytes>e__FixedBuffer,资源数据.资源Knowledge点配置.<ast地图列表bytes>e固定缓冲,Res|Data|Res|Knowledge|Point|Conf|<ast|Map|List|bytes>e|Fixed|Buffer,Knowledge <ast bytes>e
ResData.ResKnowledgePointConf.<szNumOfTimes_bytes>e__FixedBuffer,资源数据.资源Knowledge点配置.<sz数量的次数bytes>e固定缓冲,Res|Data|Res|Knowledge|Point|Conf|<sz|Num|Of|Times|bytes>e|Fixed|Buffer,Knowledge <sz bytes>e
ResData.ResKnowledgePointConf,资源数据.资源Knowledge点配置,Res|Data|Res|Knowledge|Point|Conf,Knowledge
ResData.ResPlayUniqueSkillIDCfg.<astMapIDList_bytes>e__FixedBuffer,资源数据.资源播放唯一技能ID配置.<ast地图ID列表bytes>e固定缓冲,Res|Data|Res|Play|Unique|Skill|ID|Cfg|<ast|Map|ID|List|bytes>e|Fixed|Buffer,<ast bytes>e
ResData.ResPlayUniqueSkillIDCfg,资源数据.资源播放唯一技能ID配置,Res|Data|Res|Play|Unique|Skill|ID|Cfg,
ResData.ResDT_TowerState.<Tower_bytes>e__FixedBuffer,资源数据.资源数据表防御塔状态.<Towerbytes>e固定缓冲,Res|Data|Res|DT|Tower|State|<Tower|bytes>e|Fixed|Buffer,<Tower bytes>e
ResData.ResDT_TowerState,资源数据.资源数据表防御塔状态,Res|Data|Res|DT|Tower|State,
ResData.NewbieGuideBannerGuideConf.<astPicPath_bytes>e__FixedBuffer,资源数据.新手引导横幅引导配置.<ast图片路径bytes>e固定缓冲,Res|Data|Newbie|Guide|Banner|Guide|Conf|<ast|Pic|Path|bytes>e|Fixed|Buffer,<ast bytes>e
ResData.NewbieGuideBannerGuideConf,资源数据.新手引导横幅引导配置,Res|Data|Newbie|Guide|Banner|Guide|Conf,
ResData.HeroGuideTipsConf,资源数据.英雄引导提示配置,Res|Data|Hero|Guide|Tips|Conf,
ResData.ResRankGradeConf.<ConLossScore_bytes>e__FixedBuffer,资源数据.资源排行等级配置.<ConLoss得分bytes>e固定缓冲,Res|Data|Res|Rank|Grade|Conf|<Con|Loss|Score|bytes>e|Fixed|Buffer,<Con Loss bytes>e
ResData.ResRankGradeConf.<ConWinScore_bytes>e__FixedBuffer,资源数据.资源排行等级配置.<Con胜利得分bytes>e固定缓冲,Res|Data|Res|Rank|Grade|Conf|<Con|Win|Score|bytes>e|Fixed|Buffer,<Con bytes>e
ResData.ResRankGradeConf.<MVPScore_bytes>e__FixedBuffer,资源数据.资源排行等级配置.<MVP得分bytes>e固定缓冲,Res|Data|Res|Rank|Grade|Conf|<MVP|Score|bytes>e|Fixed|Buffer,<MVP bytes>e
ResData.ResRankGradeConf.<szAIHeroProficiencyLvProbability_bytes>e__FixedBuffer,资源数据.资源排行等级配置.<szAI英雄熟练度等级概率bytes>e固定缓冲,Res|Data|Res|Rank|Grade|Conf|<sz|AI|Hero|Proficiency|Lv|Probability|bytes>e|Fixed|Buffer,<sz bytes>e
ResData.ResRankGradeConf,资源数据.资源排行等级配置,Res|Data|Res|Rank|Grade|Conf,
ResData.ResMasterGradeConf.<Params_bytes>e__FixedBuffer,资源数据.资源主等级配置.<Paramsbytes>e固定缓冲,Res|Data|Res|Master|Grade|Conf|<Params|bytes>e|Fixed|Buffer,<Params bytes>e
ResData.ResMasterGradeConf,资源数据.资源主等级配置,Res|Data|Res|Master|Grade|Conf,
ResData.ResDT_IncomeAttackRule.<astIncomeMemberArr_bytes>e__FixedBuffer,资源数据.资源数据表收益攻击规则.<ast收益成员数组bytes>e固定缓冲,Res|Data|Res|DT|Income|Attack|Rule|<ast|Income|Member|Arr|bytes>e|Fixed|Buffer,<ast bytes>e
ResData.ResDT_IncomeAttackRule,资源数据.资源数据表收益攻击规则,Res|Data|Res|DT|Income|Attack|Rule,
ResData.ResUnlockCondition.<UnlockParam_bytes>e__FixedBuffer,资源数据.资源解锁条件.<Unlock参数bytes>e固定缓冲,Res|Data|Res|Unlock|Condition|<Unlock|Param|bytes>e|Fixed|Buffer,<Unlock bytes>e
ResData.ResUnlockCondition,资源数据.资源解锁条件,Res|Data|Res|Unlock|Condition,
ResData.ResSpecialFucUnlock.<UnlockArray_bytes>e__FixedBuffer,资源数据.资源特殊Fuc解锁.<Unlock数组bytes>e固定缓冲,Res|Data|Res|Special|Fuc|Unlock|<Unlock|Array|bytes>e|Fixed|Buffer,Fuc <Unlock bytes>e
ResData.ResSpecialFucUnlock,资源数据.资源特殊Fuc解锁,Res|Data|Res|Special|Fuc|Unlock,Fuc
ResData.ResLicenseInfo.<UnlockArray_bytes>e__FixedBuffer,资源数据.资源License信息.<Unlock数组bytes>e固定缓冲,Res|Data|Res|License|Info|<Unlock|Array|bytes>e|Fixed|Buffer,License <Unlock bytes>e
ResData.ResLicenseInfo,资源数据.资源License信息,Res|Data|Res|License|Info,License
ResData.ResGuildBuilding.<MaintainMoney_bytes>e__FixedBuffer,资源数据.资源公会建筑.<Maintain货币bytes>e固定缓冲,Res|Data|Res|Guild|Building|<Maintain|Money|bytes>e|Fixed|Buffer,<Maintain bytes>e
ResData.ResGuildBuilding.<UpGradeMoney_bytes>e__FixedBuffer,资源数据.资源公会建筑.<Up等级货币bytes>e固定缓冲,Res|Data|Res|Guild|Building|<Up|Grade|Money|bytes>e|Fixed|Buffer,<Up bytes>e
ResData.ResGuildBuilding,资源数据.资源公会建筑,Res|Data|Res|Guild|Building,
ResData.ResGuildFight.<astGuildAddRate_bytes>e__FixedBuffer,资源数据.资源公会战斗.<ast公会添加速率bytes>e固定缓冲,Res|Data|Res|Guild|Fight|<ast|Guild|Add|Rate|bytes>e|Fixed|Buffer,<ast bytes>e
ResData.ResGuildFight,资源数据.资源公会战斗,Res|Data|Res|Guild|Fight,
ResData.ResGuildCombat.<BuffParam_bytes>e__FixedBuffer,资源数据.资源公会Combat.<Buff参数bytes>e固定缓冲,Res|Data|Res|Guild|Combat|<Buff|Param|bytes>e|Fixed|Buffer,Combat <Buff bytes>e
ResData.ResGuildCombat.<RequiredCombatValue_bytes>e__FixedBuffer,资源数据.资源公会Combat.<RequiredCombat值bytes>e固定缓冲,Res|Data|Res|Guild|Combat|<Required|Combat|Value|bytes>e|Fixed|Buffer,Combat <Required Combat bytes>e
ResData.ResGuildCombat,资源数据.资源公会Combat,Res|Data|Res|Guild|Combat,Combat
ResData.ResGuildMatchSeasonReward.<astNextSeasonRewardInfo_bytes>e__FixedBuffer,资源数据.资源公会匹配赛季奖励.<ast下一个赛季奖励信息bytes>e固定缓冲,Res|Data|Res|Guild|Match|Season|Reward|<ast|Next|Season|Reward|Info|bytes>e|Fixed|Buffer,<ast bytes>e
ResData.ResGuildMatchSeasonReward.<astRewardInfo_bytes>e__FixedBuffer,资源数据.资源公会匹配赛季奖励.<ast奖励信息bytes>e固定缓冲,Res|Data|Res|Guild|Match|Season|Reward|<ast|Reward|Info|bytes>e|Fixed|Buffer,<ast bytes>e
ResData.ResGuildMatchSeasonReward,资源数据.资源公会匹配赛季奖励,Res|Data|Res|Guild|Match|Season|Reward,
ResData.ResGuildHuoYueReward.<astRewardDetail_bytes>e__FixedBuffer,资源数据.资源公会HuoYue奖励.<ast奖励细节bytes>e固定缓冲,Res|Data|Res|Guild|Huo|Yue|Reward|<ast|Reward|Detail|bytes>e|Fixed|Buffer,Huo Yue <ast bytes>e
ResData.ResGuildHuoYueReward,资源数据.资源公会HuoYue奖励,Res|Data|Res|Guild|Huo|Yue|Reward,Huo Yue
ResData.RedEnvelopeValSelectParam.<astStepParam_bytes>e__FixedBuffer,资源数据.红Envelope值选择参数.<ast步长参数bytes>e固定缓冲,Res|Data|Red|Envelope|Val|Select|Param|<ast|Step|Param|bytes>e|Fixed|Buffer,Envelope <ast bytes>e
ResData.RedEnvelopeValSelectParam,资源数据.红Envelope值选择参数,Res|Data|Red|Envelope|Val|Select|Param,Envelope
ResData.ResRobotBattleList.<HeroList_bytes>e__FixedBuffer,资源数据.资源Robot战斗列表.<Hero列表bytes>e固定缓冲,Res|Data|Res|Robot|Battle|List|<Hero|List|bytes>e|Fixed|Buffer,Robot <Hero bytes>e
ResData.ResRobotBattleList,资源数据.资源Robot战斗列表,Res|Data|Res|Robot|Battle|List,Robot
ResData.ResRobotPower.<SymbolDetail_bytes>e__FixedBuffer,资源数据.资源Robot威力.<Symbol细节bytes>e固定缓冲,Res|Data|Res|Robot|Power|<Symbol|Detail|bytes>e|Fixed|Buffer,Robot <Symbol bytes>e
ResData.ResRobotPower,资源数据.资源Robot威力,Res|Data|Res|Robot|Power,Robot
ResData.ResHeroCfgInfo.<HeroRelations_bytes>e__FixedBuffer,资源数据.资源英雄配置信息.<HeroRelationsbytes>e固定缓冲,Res|Data|Res|Hero|Cfg|Info|<Hero|Relations|bytes>e|Fixed|Buffer,<Hero Relations bytes>e
ResData.ResHeroCfgInfo.<SubSetSkillID_bytes>e__FixedBuffer,资源数据.资源英雄配置信息.<Sub设置技能IDbytes>e固定缓冲,Res|Data|Res|Hero|Cfg|Info|<Sub|Set|Skill|ID|bytes>e|Fixed|Buffer,<Sub bytes>e
ResData.ResHeroCfgInfo.<astJobFeature_bytes>e__FixedBuffer,资源数据.资源英雄配置信息.<astJob特性bytes>e固定缓冲,Res|Data|Res|Hero|Cfg|Info|<ast|Job|Feature|bytes>e|Fixed|Buffer,<ast Job bytes>e
ResData.ResHeroCfgInfo.<astSkill_bytes>e__FixedBuffer,资源数据.资源英雄配置信息.<ast技能bytes>e固定缓冲,Res|Data|Res|Hero|Cfg|Info|<ast|Skill|bytes>e|Fixed|Buffer,<ast bytes>e
ResData.ResHeroCfgInfo.<szExtraColdBranchRoad_bytes>e__FixedBuffer,资源数据.资源英雄配置信息.<sz额外Cold分支道路bytes>e固定缓冲,Res|Data|Res|Hero|Cfg|Info|<sz|Extra|Cold|Branch|Road|bytes>e|Fixed|Buffer,<sz Cold bytes>e
ResData.ResHeroCfgInfo.<szExtraRcdBranchRoad_bytes>e__FixedBuffer,资源数据.资源英雄配置信息.<sz额外记录分支道路bytes>e固定缓冲,Res|Data|Res|Hero|Cfg|Info|<sz|Extra|Rcd|Branch|Road|bytes>e|Fixed|Buffer,<sz bytes>e
ResData.ResHeroCfgInfo.<szRecmdBranch10v10_bytes>e__FixedBuffer,资源数据.资源英雄配置信息.<szRecmd分支10v10bytes>e固定缓冲,Res|Data|Res|Hero|Cfg|Info|<sz|Recmd|Branch|10|v|10|bytes>e|Fixed|Buffer,<sz Recmd bytes>e
ResData.ResHeroCfgInfo,资源数据.资源英雄配置信息,Res|Data|Res|Hero|Cfg|Info,
ResData.ResFateHeroInfo.<SubFateHeroID_bytes>e__FixedBuffer,资源数据.资源Fate英雄信息.<SubFate英雄IDbytes>e固定缓冲,Res|Data|Res|Fate|Hero|Info|<Sub|Fate|Hero|ID|bytes>e|Fixed|Buffer,Fate <Sub Fate bytes>e
ResData.ResFateHeroInfo.<astSubFateHeroPlot_bytes>e__FixedBuffer,资源数据.资源Fate英雄信息.<ast子Fate英雄Plotbytes>e固定缓冲,Res|Data|Res|Fate|Hero|Info|<ast|Sub|Fate|Hero|Plot|bytes>e|Fixed|Buffer,Fate <ast Fate Plot bytes>e
ResData.ResFateHeroInfo,资源数据.资源Fate英雄信息,Res|Data|Res|Fate|Hero|Info,Fate
ResData.ResDT_NewHeroActivityHeroInfo.<astActivityList_bytes>e__FixedBuffer,资源数据.资源数据表新英雄活动英雄信息.<ast活动列表bytes>e固定缓冲,Res|Data|Res|DT|New|Hero|Activity|Hero|Info|<ast|Activity|List|bytes>e|Fixed|Buffer,<ast bytes>e
ResData.ResDT_NewHeroActivityHeroInfo,资源数据.资源数据表新英雄活动英雄信息,Res|Data|Res|DT|New|Hero|Activity|Hero|Info,
ResData.ResTaoShaBuffFP.<astBuffFightPoint_bytes>e__FixedBuffer,资源数据.资源TaoSha增益FP.<ast增益战斗点bytes>e固定缓冲,Res|Data|Res|Tao|Sha|Buff|FP|<ast|Buff|Fight|Point|bytes>e|Fixed|Buffer,Tao Sha FP <ast bytes>e
ResData.ResTaoShaBuffFP,资源数据.资源TaoSha增益FP,Res|Data|Res|Tao|Sha|Buff|FP,Tao Sha FP
ResData.ResTaoShaEquipFP.<astBuffFightPoint_bytes>e__FixedBuffer,资源数据.资源TaoSha装备FP.<ast增益战斗点bytes>e固定缓冲,Res|Data|Res|Tao|Sha|Equip|FP|<ast|Buff|Fight|Point|bytes>e|Fixed|Buffer,Tao Sha FP <ast bytes>e
ResData.ResTaoShaEquipFP,资源数据.资源TaoSha装备FP,Res|Data|Res|Tao|Sha|Equip|FP,Tao Sha FP
ResData.ResHeroEnergyInfo.<astParams_bytes>e__FixedBuffer,资源数据.资源英雄能量信息.<ast参数bytes>e固定缓冲,Res|Data|Res|Hero|Energy|Info|<ast|Params|bytes>e|Fixed|Buffer,<ast bytes>e
ResData.ResHeroEnergyInfo.<astState_bytes>e__FixedBuffer,资源数据.资源英雄能量信息.<ast状态bytes>e固定缓冲,Res|Data|Res|Hero|Energy|Info|<ast|State|bytes>e|Fixed|Buffer,<ast bytes>e
ResData.ResHeroEnergyInfo,资源数据.资源英雄能量信息,Res|Data|Res|Hero|Energy|Info,
ResData.ResHeroJobBuff.<BuffId_bytes>e__FixedBuffer,资源数据.资源英雄Job增益.<BuffIDbytes>e固定缓冲,Res|Data|Res|Hero|Job|Buff|<Buff|Id|bytes>e|Fixed|Buffer,Job <Buff bytes>e
ResData.ResHeroJobBuff.<astAttr_bytes>e__FixedBuffer,资源数据.资源英雄Job增益.<ast属性bytes>e固定缓冲,Res|Data|Res|Hero|Job|Buff|<ast|Attr|bytes>e|Fixed|Buffer,Job <ast bytes>e
ResData.ResHeroJobBuff,资源数据.资源英雄Job增益,Res|Data|Res|Hero|Job|Buff,Job
ResData.ResHeroDynamicBuff.<BuffId_bytes>e__FixedBuffer,资源数据.资源英雄动态增益.<BuffIDbytes>e固定缓冲,Res|Data|Res|Hero|Dynamic|Buff|<Buff|Id|bytes>e|Fixed|Buffer,<Buff bytes>e
ResData.ResHeroDynamicBuff.<astAttr_bytes>e__FixedBuffer,资源数据.资源英雄动态增益.<ast属性bytes>e固定缓冲,Res|Data|Res|Hero|Dynamic|Buff|<ast|Attr|bytes>e|Fixed|Buffer,<ast bytes>e
ResData.ResHeroDynamicBuff,资源数据.资源英雄动态增益,Res|Data|Res|Hero|Dynamic|Buff,
ResData.ResHeroBuff.<BuffId_bytes>e__FixedBuffer,资源数据.资源英雄增益.<BuffIDbytes>e固定缓冲,Res|Data|Res|Hero|Buff|<Buff|Id|bytes>e|Fixed|Buffer,<Buff bytes>e
ResData.ResHeroBuff.<astAttr_bytes>e__FixedBuffer,资源数据.资源英雄增益.<ast属性bytes>e固定缓冲,Res|Data|Res|Hero|Buff|<ast|Attr|bytes>e|Fixed|Buffer,<ast bytes>e
ResData.ResHeroBuff,资源数据.资源英雄增益,Res|Data|Res|Hero|Buff,
ResData.ResHeroShop.<PromotionID_bytes>e__FixedBuffer,资源数据.资源英雄商店.<PromotionIDbytes>e固定缓冲,Res|Data|Res|Hero|Shop|<Promotion|ID|bytes>e|Fixed|Buffer,<Promotion bytes>e
ResData.ResHeroShop.<astPresentItem_bytes>e__FixedBuffer,资源数据.资源英雄商店.<ast礼物道具bytes>e固定缓冲,Res|Data|Res|Hero|Shop|<ast|Present|Item|bytes>e|Fixed|Buffer,<ast bytes>e
ResData.ResHeroShop,资源数据.资源英雄商店,Res|Data|Res|Hero|Shop,
ResData.ResHeroSkinPoster,资源数据.资源英雄皮肤Poster,Res|Data|Res|Hero|Skin|Poster,Poster
ResData.ResHeroSkinIdleAction,资源数据.资源英雄皮肤待机动作,Res|Data|Res|Hero|Skin|Idle|Action,
ResData.ResHeroSkinRootBone.<astWhiteList_bytes>e__FixedBuffer,资源数据.资源英雄皮肤根骨骼.<ast白列表bytes>e固定缓冲,Res|Data|Res|Hero|Skin|Root|Bone|<ast|White|List|bytes>e|Fixed|Buffer,<ast bytes>e
ResData.ResHeroSkinRootBone,资源数据.资源英雄皮肤根骨骼,Res|Data|Res|Hero|Skin|Root|Bone,
ResData.ResHeroSkin.<astAttr_bytes>e__FixedBuffer,资源数据.资源英雄皮肤.<ast属性bytes>e固定缓冲,Res|Data|Res|Hero|Skin|<ast|Attr|bytes>e|Fixed|Buffer,<ast bytes>e
ResData.ResHeroSkin.<astFeature_bytes>e__FixedBuffer,资源数据.资源英雄皮肤.<ast特性bytes>e固定缓冲,Res|Data|Res|Hero|Skin|<ast|Feature|bytes>e|Fixed|Buffer,<ast bytes>e
ResData.ResHeroSkin,资源数据.资源英雄皮肤,Res|Data|Res|Hero|Skin,
ResData.ResHeroSkinVoice,资源数据.资源英雄皮肤语音,Res|Data|Res|Hero|Skin|Voice,
ResData.ResHeroSkinExtra.<ARBorder_bytes>e__FixedBuffer,资源数据.资源英雄皮肤额外.<ARBorderbytes>e固定缓冲,Res|Data|Res|Hero|Skin|Extra|<AR|Border|bytes>e|Fixed|Buffer,<AR Border bytes>e
ResData.ResHeroSkinExtra.<ARPendant_bytes>e__FixedBuffer,资源数据.资源英雄皮肤额外.<ARPendantbytes>e固定缓冲,Res|Data|Res|Hero|Skin|Extra|<AR|Pendant|bytes>e|Fixed|Buffer,<AR Pendant bytes>e
ResData.ResHeroSkinExtra.<SharePicID_bytes>e__FixedBuffer,资源数据.资源英雄皮肤额外.<Share图片IDbytes>e固定缓冲,Res|Data|Res|Hero|Skin|Extra|<Share|Pic|ID|bytes>e|Fixed|Buffer,<Share bytes>e
ResData.ResHeroSkinExtra,资源数据.资源英雄皮肤额外,Res|Data|Res|Hero|Skin|Extra,
ResData.ResMallAvatarRecommend.<astFeature_bytes>e__FixedBuffer,资源数据.资源商城角色推荐.<ast特性bytes>e固定缓冲,Res|Data|Res|Mall|Avatar|Recommend|<ast|Feature|bytes>e|Fixed|Buffer,<ast bytes>e
ResData.ResMallAvatarRecommend,资源数据.资源商城角色推荐,Res|Data|Res|Mall|Avatar|Recommend,
ResData.ResMallHotRecommend.<astRecommend_bytes>e__FixedBuffer,资源数据.资源商城热门推荐.<ast推荐bytes>e固定缓冲,Res|Data|Res|Mall|Hot|Recommend|<ast|Recommend|bytes>e|Fixed|Buffer,<ast bytes>e
ResData.ResMallHotRecommend,资源数据.资源商城热门推荐,Res|Data|Res|Mall|Hot|Recommend,
ResData.ResSeriesSkin.<astSeriesSkinSystemBroadcastKillTextArr_bytes>e__FixedBuffer,资源数据.资源系列皮肤.<ast系列皮肤系统广播击杀文本数组bytes>e固定缓冲,Res|Data|Res|Series|Skin|<ast|Series|Skin|System|Broadcast|Kill|Text|Arr|bytes>e|Fixed|Buffer,<ast bytes>e
ResData.ResSeriesSkin,资源数据.资源系列皮肤,Res|Data|Res|Series|Skin,
ResData.ResHeroSkinShop.<GroupIds_bytes>e__FixedBuffer,资源数据.资源英雄皮肤商店.<GroupIDbytes>e固定缓冲,Res|Data|Res|Hero|Skin|Shop|<Group|Ids|bytes>e|Fixed|Buffer,<Group bytes>e
ResData.ResHeroSkinShop.<PromotionID_bytes>e__FixedBuffer,资源数据.资源英雄皮肤商店.<PromotionIDbytes>e固定缓冲,Res|Data|Res|Hero|Skin|Shop|<Promotion|ID|bytes>e|Fixed|Buffer,<Promotion bytes>e
ResData.ResHeroSkinShop,资源数据.资源英雄皮肤商店,Res|Data|Res|Hero|Skin|Shop,
ResData.ResSkinFeature.<SkinQuality_bytes>e__FixedBuffer,资源数据.资源皮肤特性.<Skin品质bytes>e固定缓冲,Res|Data|Res|Skin|Feature|<Skin|Quality|bytes>e|Fixed|Buffer,<Skin bytes>e
ResData.ResSkinFeature,资源数据.资源皮肤特性,Res|Data|Res|Skin|Feature,
ResData.ResSkinPromotion,资源数据.资源皮肤晋级,Res|Data|Res|Skin|Promotion,
ResData.ResHeroPromotion,资源数据.资源英雄晋级,Res|Data|Res|Hero|Promotion,
ResData.ResSkinInstallment.<astRecycleItemInfo_bytes>e__FixedBuffer,资源数据.资源皮肤Installment.<ast回收道具信息bytes>e固定缓冲,Res|Data|Res|Skin|Installment|<ast|Recycle|Item|Info|bytes>e|Fixed|Buffer,Installment <ast bytes>e
ResData.ResSkinInstallment,资源数据.资源皮肤Installment,Res|Data|Res|Skin|Installment,Installment
ResData.ResWanderShop.<astProducts_bytes>e__FixedBuffer,资源数据.资源Wander商店.<astProductsbytes>e固定缓冲,Res|Data|Res|Wander|Shop|<ast|Products|bytes>e|Fixed|Buffer,Wander <ast Products bytes>e
ResData.ResWanderShop.<astShowICON_bytes>e__FixedBuffer,资源数据.资源Wander商店.<ast显示图标bytes>e固定缓冲,Res|Data|Res|Wander|Shop|<ast|Show|ICON|bytes>e|Fixed|Buffer,Wander <ast bytes>e
ResData.ResWanderShop,资源数据.资源Wander商店,Res|Data|Res|Wander|Shop,Wander
ResData.ResWanderShop_AccumulatedReward,资源数据.资源Wander商店Accumulated奖励,Res|Data|Res|Wander|Shop|Accumulated|Reward,Wander Accumulated
ResData.ResWealCheckIn.<astReward_bytes>e__FixedBuffer,资源数据.资源福利检查内.<ast奖励bytes>e固定缓冲,Res|Data|Res|Weal|Check|In|<ast|Reward|bytes>e|Fixed|Buffer,<ast bytes>e
ResData.ResWealCheckIn,资源数据.资源福利检查内,Res|Data|Res|Weal|Check|In,
ResData.ResFillInPrice.<Price_bytes>e__FixedBuffer,资源数据.资源Fill内价格.<Pricebytes>e固定缓冲,Res|Data|Res|Fill|In|Price|<Price|bytes>e|Fixed|Buffer,Fill <Price bytes>e
ResData.ResFillInPrice,资源数据.资源Fill内价格,Res|Data|Res|Fill|In|Price,Fill
ResData.ResWealFixedTime.<astMultipleTime_bytes>e__FixedBuffer,资源数据.资源福利固定时间.<ast多重时间bytes>e固定缓冲,Res|Data|Res|Weal|Fixed|Time|<ast|Multiple|Time|bytes>e|Fixed|Buffer,<ast bytes>e
ResData.ResWealFixedTime.<astPeriod_bytes>e__FixedBuffer,资源数据.资源福利固定时间.<ast周期bytes>e固定缓冲,Res|Data|Res|Weal|Fixed|Time|<ast|Period|bytes>e|Fixed|Buffer,<ast bytes>e
ResData.ResWealFixedTime,资源数据.资源福利固定时间,Res|Data|Res|Weal|Fixed|Time,
ResData.ResDT_WealMultiplePeriod.<astRewardType_bytes>e__FixedBuffer,资源数据.资源数据表福利多重周期.<ast奖励类型bytes>e固定缓冲,Res|Data|Res|DT|Weal|Multiple|Period|<ast|Reward|Type|bytes>e|Fixed|Buffer,<ast bytes>e
ResData.ResDT_WealMultiplePeriod,资源数据.资源数据表福利多重周期,Res|Data|Res|DT|Weal|Multiple|Period,
ResData.ResDT_WealConInfo.<JumpParam_bytes>e__FixedBuffer,资源数据.资源数据表福利Con信息.<Jump参数bytes>e固定缓冲,Res|Data|Res|DT|Weal|Con|Info|<Jump|Param|bytes>e|Fixed|Buffer,Con <Jump bytes>e
ResData.ResDT_WealConInfo.<ReachConParam_bytes>e__FixedBuffer,资源数据.资源数据表福利Con信息.<ReachCon参数bytes>e固定缓冲,Res|Data|Res|DT|Weal|Con|Info|<Reach|Con|Param|bytes>e|Fixed|Buffer,Con <Reach Con bytes>e
ResData.ResDT_WealConInfo,资源数据.资源数据表福利Con信息,Res|Data|Res|DT|Weal|Con|Info,Con
ResData.ResMultiPosterHeroSkinGetJump,资源数据.资源多重Poster英雄皮肤获取跳转,Res|Data|Res|Multi|Poster|Hero|Skin|Get|Jump,Poster
ResData.ResAdvancedSkinCommercial,资源数据.资源高级皮肤商业,Res|Data|Res|Advanced|Skin|Commercial,
ResData.ResAdvancedSkinCommercialRes,资源数据.资源高级皮肤商业资源,Res|Data|Res|Advanced|Skin|Commercial|Res,
ResData.ResDT_WealConMask.<szMaskBits_bytes>e__FixedBuffer,资源数据.资源数据表福利Con掩码.<sz掩码Bitsbytes>e固定缓冲,Res|Data|Res|DT|Weal|Con|Mask|<sz|Mask|Bits|bytes>e|Fixed|Buffer,Con <sz Bits bytes>e
ResData.ResDT_WealConMask,资源数据.资源数据表福利Con掩码,Res|Data|Res|DT|Weal|Con|Mask,Con
ResData.ResWealStorageActivity.<astStorageActivity_bytes>e__FixedBuffer,资源数据.资源福利Storage活动.<astStorage活动bytes>e固定缓冲,Res|Data|Res|Weal|Storage|Activity|<ast|Storage|Activity|bytes>e|Fixed|Buffer,Storage <ast Storage bytes>e
ResData.ResWealStorageActivity,资源数据.资源福利Storage活动,Res|Data|Res|Weal|Storage|Activity,Storage
ResData.ResWealText,资源数据.资源福利文本,Res|Data|Res|Weal|Text,
ResData.ResWealParam.<NextId_bytes>e__FixedBuffer,资源数据.资源福利参数.<NextIDbytes>e固定缓冲,Res|Data|Res|Weal|Param|<Next|Id|bytes>e|Fixed|Buffer,<Next bytes>e
ResData.ResWealParam.<Param_bytes>e__FixedBuffer,资源数据.资源福利参数.<Parambytes>e固定缓冲,Res|Data|Res|Weal|Param|<Param|bytes>e|Fixed|Buffer,<Param bytes>e
ResData.ResWealParam,资源数据.资源福利参数,Res|Data|Res|Weal|Param,
ResData.ResWealExchange.<astColItemInfo_bytes>e__FixedBuffer,资源数据.资源福利交换.<astCol道具信息bytes>e固定缓冲,Res|Data|Res|Weal|Exchange|<ast|Col|Item|Info|bytes>e|Fixed|Buffer,<ast Col bytes>e
ResData.ResWealExchange,资源数据.资源福利交换,Res|Data|Res|Weal|Exchange,
ResData.ResWealPointExchange.<astExchangeInfo_bytes>e__FixedBuffer,资源数据.资源福利点交换.<ast交换信息bytes>e固定缓冲,Res|Data|Res|Weal|Point|Exchange|<ast|Exchange|Info|bytes>e|Fixed|Buffer,<ast bytes>e
ResData.ResWealPointExchange,资源数据.资源福利点交换,Res|Data|Res|Weal|Point|Exchange,
ResData.ResWealStep.<WealParam_bytes>e__FixedBuffer,资源数据.资源福利步长.<Weal参数bytes>e固定缓冲,Res|Data|Res|Weal|Step|<Weal|Param|bytes>e|Fixed|Buffer,<Weal bytes>e
ResData.ResWealStep.<astStepInfo_bytes>e__FixedBuffer,资源数据.资源福利步长.<ast步长信息bytes>e固定缓冲,Res|Data|Res|Weal|Step|<ast|Step|Info|bytes>e|Fixed|Buffer,<ast bytes>e
ResData.ResWealStep,资源数据.资源福利步长,Res|Data|Res|Weal|Step,
ResData.ResWealStepLogin.<astCircleInfo_bytes>e__FixedBuffer,资源数据.资源福利步长登录.<ast圆形信息bytes>e固定缓冲,Res|Data|Res|Weal|Step|Login|<ast|Circle|Info|bytes>e|Fixed|Buffer,<ast bytes>e
ResData.ResWealStepLogin,资源数据.资源福利步长登录,Res|Data|Res|Weal|Step|Login,
ResData.ResWealMultiOptReward,资源数据.资源福利多重可选奖励,Res|Data|Res|Weal|Multi|Opt|Reward,
ResData.ResWealInfoSync.<astEvEntIDS_bytes>e__FixedBuffer,资源数据.资源福利信息同步.<astEvEntIDbytes>e固定缓冲,Res|Data|Res|Weal|Info|Sync|<ast|Ev|Ent|IDS|bytes>e|Fixed|Buffer,<ast Ev Ent bytes>e
ResData.ResWealInfoSync,资源数据.资源福利信息同步,Res|Data|Res|Weal|Info|Sync,
ResData.Rest_WealStamp_XStampInfo.<astYStampInfo_bytes>e__FixedBuffer,资源数据.其余福利StampXStamp信息.<astYStamp信息bytes>e固定缓冲,Res|Data|Rest|Weal|Stamp|X|Stamp|Info|<ast|Y|Stamp|Info|bytes>e|Fixed|Buffer,Stamp Stamp <ast Stamp bytes>e
ResData.Rest_WealStamp_XStampInfo,资源数据.其余福利StampXStamp信息,Res|Data|Rest|Weal|Stamp|X|Stamp|Info,Stamp Stamp
ResData.ShenFuInfo.<astPickFilterContionParam_bytes>e__FixedBuffer,资源数据.神符信息.<ast拾取过滤Contion参数bytes>e固定缓冲,Res|Data|ShenFu|Info|<ast|Pick|Filter|Contion|Param|bytes>e|Fixed|Buffer,<ast Contion bytes>e
ResData.ShenFuInfo.<astPickFilterContionType_bytes>e__FixedBuffer,资源数据.神符信息.<ast拾取过滤Contion类型bytes>e固定缓冲,Res|Data|ShenFu|Info|<ast|Pick|Filter|Contion|Type|bytes>e|Fixed|Buffer,<ast Contion bytes>e
ResData.ShenFuInfo,资源数据.神符信息,Res|Data|ShenFu|Info,
ResData.CharmLib.<astCharmId_bytes>e__FixedBuffer,资源数据.Charm库.<astCharmIDbytes>e固定缓冲,Res|Data|Charm|Lib|<ast|Charm|Id|bytes>e|Fixed|Buffer,Charm <ast Charm bytes>e
ResData.CharmLib.<astProbability_bytes>e__FixedBuffer,资源数据.Charm库.<ast概率bytes>e固定缓冲,Res|Data|Charm|Lib|<ast|Probability|bytes>e|Fixed|Buffer,Charm <ast bytes>e
ResData.CharmLib,资源数据.Charm库,Res|Data|Charm|Lib,Charm
ResData.InteractItemInfo.<astShenfuDrop_bytes>e__FixedBuffer,资源数据.交互道具信息.<ast神符掉落bytes>e固定缓冲,Res|Data|Interact|Item|Info|<ast|Shenfu|Drop|bytes>e|Fixed|Buffer,<ast bytes>e
ResData.InteractItemInfo,资源数据.交互道具信息,Res|Data|Interact|Item|Info,
ResData.ResAchievement.<astReward_bytes>e__FixedBuffer,资源数据.资源成就.<ast奖励bytes>e固定缓冲,Res|Data|Res|Achievement|<ast|Reward|bytes>e|Fixed|Buffer,<ast bytes>e
ResData.ResAchievement,资源数据.资源成就,Res|Data|Res|Achievement,
ResData.ResPosTitleConf.<ShakeList_bytes>e__FixedBuffer,资源数据.资源位置标题配置.<Shake列表bytes>e固定缓冲,Res|Data|Res|Pos|Title|Conf|<Shake|List|bytes>e|Fixed|Buffer,<Shake bytes>e
ResData.ResPosTitleConf.<astCondList_bytes>e__FixedBuffer,资源数据.资源位置标题配置.<ast条件列表bytes>e固定缓冲,Res|Data|Res|Pos|Title|Conf|<ast|Cond|List|bytes>e|Fixed|Buffer,<ast bytes>e
ResData.ResPosTitleConf,资源数据.资源位置标题配置,Res|Data|Res|Pos|Title|Conf,
ResData.ResDT_PosTitleCond_SubCond.<Param_bytes>e__FixedBuffer,资源数据.资源数据表位置标题条件子条件.<Parambytes>e固定缓冲,Res|Data|Res|DT|Pos|Title|Cond|Sub|Cond|<Param|bytes>e|Fixed|Buffer,<Param bytes>e
ResData.ResDT_PosTitleCond_SubCond,资源数据.资源数据表位置标题条件子条件,Res|Data|Res|DT|Pos|Title|Cond|Sub|Cond,
ResData.ResTrophyLvl.<astMailReward_bytes>e__FixedBuffer,资源数据.资源Trophy等级.<ast邮件奖励bytes>e固定缓冲,Res|Data|Res|Trophy|Lvl|<ast|Mail|Reward|bytes>e|Fixed|Buffer,Trophy <ast bytes>e
ResData.ResTrophyLvl.<astReqReward_bytes>e__FixedBuffer,资源数据.资源Trophy等级.<ast请求奖励bytes>e固定缓冲,Res|Data|Res|Trophy|Lvl|<ast|Req|Reward|bytes>e|Fixed|Buffer,Trophy <ast bytes>e
ResData.ResTrophyLvl,资源数据.资源Trophy等级,Res|Data|Res|Trophy|Lvl,Trophy
ResData.ResPosFightValue2Grade.<PosFightValueHeadImgID_bytes>e__FixedBuffer,资源数据.资源位置战斗值2等级.<Pos战斗值头部图片IDbytes>e固定缓冲,Res|Data|Res|Pos|Fight|Value|2|Grade|<Pos|Fight|Value|Head|Img|ID|bytes>e|Fixed|Buffer,<Pos bytes>e
ResData.ResPosFightValue2Grade.<PosFightValueIconID_bytes>e__FixedBuffer,资源数据.资源位置战斗值2等级.<Pos战斗值图标IDbytes>e固定缓冲,Res|Data|Res|Pos|Fight|Value|2|Grade|<Pos|Fight|Value|Icon|ID|bytes>e|Fixed|Buffer,<Pos bytes>e
ResData.ResPosFightValue2Grade.<PosFightValueSignature_bytes>e__FixedBuffer,资源数据.资源位置战斗值2等级.<Pos战斗值Signaturebytes>e固定缓冲,Res|Data|Res|Pos|Fight|Value|2|Grade|<Pos|Fight|Value|Signature|bytes>e|Fixed|Buffer,<Pos Signature bytes>e
ResData.ResPosFightValue2Grade,资源数据.资源位置战斗值2等级,Res|Data|Res|Pos|Fight|Value|2|Grade,
ResData.ResPosFightValue2Lv.<PosFightValueHeadImgID_bytes>e__FixedBuffer,资源数据.资源位置战斗值2等级.<Pos战斗值头部图片IDbytes>e固定缓冲,Res|Data|Res|Pos|Fight|Value|2|Lv|<Pos|Fight|Value|Head|Img|ID|bytes>e|Fixed|Buffer,<Pos bytes>e
ResData.ResPosFightValue2Lv.<PosFightValueIconID_bytes>e__FixedBuffer,资源数据.资源位置战斗值2等级.<Pos战斗值图标IDbytes>e固定缓冲,Res|Data|Res|Pos|Fight|Value|2|Lv|<Pos|Fight|Value|Icon|ID|bytes>e|Fixed|Buffer,<Pos bytes>e
ResData.ResPosFightValue2Lv.<PosFightValueSignature_bytes>e__FixedBuffer,资源数据.资源位置战斗值2等级.<Pos战斗值Signaturebytes>e固定缓冲,Res|Data|Res|Pos|Fight|Value|2|Lv|<Pos|Fight|Value|Signature|bytes>e|Fixed|Buffer,<Pos Signature bytes>e
ResData.ResPosFightValue2Lv,资源数据.资源位置战斗值2等级,Res|Data|Res|Pos|Fight|Value|2|Lv,
ResData.ResSkillUnlock.<PassiveSkillID_bytes>e__FixedBuffer,资源数据.资源技能解锁.<Passive技能IDbytes>e固定缓冲,Res|Data|Res|Skill|Unlock|<Passive|Skill|ID|bytes>e|Fixed|Buffer,<Passive bytes>e
ResData.ResSkillUnlock,资源数据.资源技能解锁,Res|Data|Res|Skill|Unlock,
ResData.ResVipFestivalCfg.<LevelActIDs_bytes>e__FixedBuffer,资源数据.资源VIP节日配置.<Level活动IDbytes>e固定缓冲,Res|Data|Res|Vip|Festival|Cfg|<Level|Act|IDs|bytes>e|Fixed|Buffer,<Level bytes>e
ResData.ResVipFestivalCfg,资源数据.资源VIP节日配置,Res|Data|Res|Vip|Festival|Cfg,
ResData.ResVipRotate.<astResList_bytes>e__FixedBuffer,资源数据.资源VIP旋转.<ast资源列表bytes>e固定缓冲,Res|Data|Res|Vip|Rotate|<ast|Res|List|bytes>e|Fixed|Buffer,<ast bytes>e
ResData.ResVipRotate,资源数据.资源VIP旋转,Res|Data|Res|Vip|Rotate,
ResData.ResVipLobbyEntryRule.<szFrequencyParam_bytes>e__FixedBuffer,资源数据.资源VIP大厅入口规则.<szFrequency参数bytes>e固定缓冲,Res|Data|Res|Vip|Lobby|Entry|Rule|<sz|Frequency|Param|bytes>e|Fixed|Buffer,<sz Frequency bytes>e
ResData.ResVipLobbyEntryRule,资源数据.资源VIP大厅入口规则,Res|Data|Res|Vip|Lobby|Entry|Rule,
ResData.ResRankRewardConf.<astRewardDetail_bytes>e__FixedBuffer,资源数据.资源排行奖励配置.<ast奖励细节bytes>e固定缓冲,Res|Data|Res|Rank|Reward|Conf|<ast|Reward|Detail|bytes>e|Fixed|Buffer,<ast bytes>e
ResData.ResRankRewardConf,资源数据.资源排行奖励配置,Res|Data|Res|Rank|Reward|Conf,
ResData.ResMasterRewardConf.<Params_bytes>e__FixedBuffer,资源数据.资源主奖励配置.<Paramsbytes>e固定缓冲,Res|Data|Res|Master|Reward|Conf|<Params|bytes>e|Fixed|Buffer,<Params bytes>e
ResData.ResMasterRewardConf.<astRewardDetail_bytes>e__FixedBuffer,资源数据.资源主奖励配置.<ast奖励细节bytes>e固定缓冲,Res|Data|Res|Master|Reward|Conf|<ast|Reward|Detail|bytes>e|Fixed|Buffer,<ast bytes>e
ResData.ResMasterRewardConf,资源数据.资源主奖励配置,Res|Data|Res|Master|Reward|Conf,
ResData.ResMasterRewardShowConf.<Params_bytes>e__FixedBuffer,资源数据.资源主奖励显示配置.<Paramsbytes>e固定缓冲,Res|Data|Res|Master|Reward|Show|Conf|<Params|bytes>e|Fixed|Buffer,<Params bytes>e
ResData.ResMasterRewardShowConf,资源数据.资源主奖励显示配置,Res|Data|Res|Master|Reward|Show|Conf,
ResData.ResDT_LuckyDrawPeriod,资源数据.资源数据表幸运抽奖周期,Res|Data|Res|DT|Lucky|Draw|Period,
ResData.ResLuckyDrawRewardForClient,资源数据.资源幸运抽奖奖励用于客户端,Res|Data|Res|Lucky|Draw|Reward|For|Client,
ResData.ResLuckyDrawExternReward.<astReward_bytes>e__FixedBuffer,资源数据.资源幸运抽奖外部奖励.<ast奖励bytes>e固定缓冲,Res|Data|Res|Lucky|Draw|Extern|Reward|<ast|Reward|bytes>e|Fixed|Buffer,<ast bytes>e
ResData.ResLuckyDrawExternReward,资源数据.资源幸运抽奖外部奖励,Res|Data|Res|Lucky|Draw|Extern|Reward,
ResData.ResLuckyNumberLevel.<astNumberLevel_bytes>e__FixedBuffer,资源数据.资源幸运数字等级.<ast数字等级bytes>e固定缓冲,Res|Data|Res|Lucky|Number|Level|<ast|Number|Level|bytes>e|Fixed|Buffer,<ast bytes>e
ResData.ResLuckyNumberLevel,资源数据.资源幸运数字等级,Res|Data|Res|Lucky|Number|Level,
ResData.ResPassiveSkill.<PassiveRmvSkillFuncID_bytes>e__FixedBuffer,资源数据.资源被动技能.<Passive移除技能函数IDbytes>e固定缓冲,Res|Data|Res|Passive|Skill|<Passive|Rmv|Skill|Func|ID|bytes>e|Fixed|Buffer,<Passive bytes>e
ResData.ResPassiveSkill,资源数据.资源被动技能,Res|Data|Res|Passive|Skill,
ResData.ResHeroEquipLibraryInBattle.<EquipIDArray_bytes>e__FixedBuffer,资源数据.资源英雄装备Library内战斗.<EquipID数组bytes>e固定缓冲,Res|Data|Res|Hero|Equip|Library|In|Battle|<Equip|ID|Array|bytes>e|Fixed|Buffer,Library <Equip bytes>e
ResData.ResHeroEquipLibraryInBattle,资源数据.资源英雄装备Library内战斗,Res|Data|Res|Hero|Equip|Library|In|Battle,Library
ResData.ResPVESuit.<astActiveSkill_bytes>e__FixedBuffer,资源数据.资源PVE套装.<ast激活技能bytes>e固定缓冲,Res|Data|Res|PVE|Suit|<ast|Active|Skill|bytes>e|Fixed|Buffer,<ast bytes>e
ResData.ResPVESuit.<astEffectCombine_bytes>e__FixedBuffer,资源数据.资源PVE套装.<ast效果合并bytes>e固定缓冲,Res|Data|Res|PVE|Suit|<ast|Effect|Combine|bytes>e|Fixed|Buffer,<ast bytes>e
ResData.ResPVESuit.<astPassiveSkill_bytes>e__FixedBuffer,资源数据.资源PVE套装.<ast被动技能bytes>e固定缓冲,Res|Data|Res|PVE|Suit|<ast|Passive|Skill|bytes>e|Fixed|Buffer,<ast bytes>e
ResData.ResPVESuit,资源数据.资源PVE套装,Res|Data|Res|PVE|Suit,
ResData.ResMutexEquipInfo.<MutexEquipID_bytes>e__FixedBuffer,资源数据.资源Mutex装备信息.<Mutex装备IDbytes>e固定缓冲,Res|Data|Res|Mutex|Equip|Info|<Mutex|Equip|ID|bytes>e|Fixed|Buffer,Mutex <Mutex bytes>e
ResData.ResMutexEquipInfo,资源数据.资源Mutex装备信息,Res|Data|Res|Mutex|Equip|Info,Mutex
ResData.ResMutexEquipGroup.<EquipID_bytes>e__FixedBuffer,资源数据.资源Mutex装备分组.<EquipIDbytes>e固定缓冲,Res|Data|Res|Mutex|Equip|Group|<Equip|ID|bytes>e|Fixed|Buffer,Mutex <Equip bytes>e
ResData.ResMutexEquipGroup,资源数据.资源Mutex装备分组,Res|Data|Res|Mutex|Equip|Group,Mutex
ResData.ResHeroEquipPriceTypeWeight.<Weight_bytes>e__FixedBuffer,资源数据.资源英雄装备价格类型权重.<Weightbytes>e固定缓冲,Res|Data|Res|Hero|Equip|Price|Type|Weight|<Weight|bytes>e|Fixed|Buffer,<Weight bytes>e
ResData.ResHeroEquipPriceTypeWeight,资源数据.资源英雄装备价格类型权重,Res|Data|Res|Hero|Equip|Price|Type|Weight,
ResData.ResRecommendEquipInBattle.<RecommendEquipID_bytes>e__FixedBuffer,资源数据.资源推荐装备内战斗.<Recommend装备IDbytes>e固定缓冲,Res|Data|Res|Recommend|Equip|In|Battle|<Recommend|Equip|ID|bytes>e|Fixed|Buffer,<Recommend bytes>e
ResData.ResRecommendEquipInBattle,资源数据.资源推荐装备内战斗,Res|Data|Res|Recommend|Equip|In|Battle,
ResData.ResProfessionalEquipInBattle.<RecommendEquipID_bytes>e__FixedBuffer,资源数据.资源Professional装备内战斗.<Recommend装备IDbytes>e固定缓冲,Res|Data|Res|Professional|Equip|In|Battle|<Recommend|Equip|ID|bytes>e|Fixed|Buffer,Professional <Recommend bytes>e
ResData.ResProfessionalEquipInBattle,资源数据.资源Professional装备内战斗,Res|Data|Res|Professional|Equip|In|Battle,Professional
ResData.ResRecommendEquipSimple.<EquipId_bytes>e__FixedBuffer,资源数据.资源推荐装备简单.<EquipIDbytes>e固定缓冲,Res|Data|Res|Recommend|Equip|Simple|<Equip|Id|bytes>e|Fixed|Buffer,<Equip bytes>e
ResData.ResRecommendEquipSimple,资源数据.资源推荐装备简单,Res|Data|Res|Recommend|Equip|Simple,
ResData.ResHuoYueDuReward.<astPeriodInfo_bytes>e__FixedBuffer,资源数据.资源HuoYueDu奖励.<ast周期信息bytes>e固定缓冲,Res|Data|Res|Huo|Yue|Du|Reward|<ast|Period|Info|bytes>e|Fixed|Buffer,Huo Yue Du <ast bytes>e
ResData.ResHuoYueDuReward,资源数据.资源HuoYueDu奖励,Res|Data|Res|Huo|Yue|Du|Reward,Huo Yue Du
ResData.ResPvpLevelReward.<astRewardInfo_bytes>e__FixedBuffer,资源数据.资源竞技等级奖励.<ast奖励信息bytes>e固定缓冲,Res|Data|Res|Pvp|Level|Reward|<ast|Reward|Info|bytes>e|Fixed|Buffer,<ast bytes>e
ResData.ResPvpLevelReward,资源数据.资源竞技等级奖励,Res|Data|Res|Pvp|Level|Reward,
ResData.ResPvpLevelUnlockInfo.<astLockInfo_bytes>e__FixedBuffer,资源数据.资源竞技等级解锁信息.<ast锁定信息bytes>e固定缓冲,Res|Data|Res|Pvp|Level|Unlock|Info|<ast|Lock|Info|bytes>e|Fixed|Buffer,<ast bytes>e
ResData.ResPvpLevelUnlockInfo,资源数据.资源竞技等级解锁信息,Res|Data|Res|Pvp|Level|Unlock|Info,
ResData.ResFakeAcntSkill.<SkillId_bytes>e__FixedBuffer,资源数据.资源假账号技能.<SkillIDbytes>e固定缓冲,Res|Data|Res|Fake|Acnt|Skill|<Skill|Id|bytes>e|Fixed|Buffer,<Skill bytes>e
ResData.ResFakeAcntSkill,资源数据.资源假账号技能,Res|Data|Res|Fake|Acnt|Skill,
ResData.ResFakeAcntHero.<SkinID_bytes>e__FixedBuffer,资源数据.资源假账号英雄.<SkinIDbytes>e固定缓冲,Res|Data|Res|Fake|Acnt|Hero|<Skin|ID|bytes>e|Fixed|Buffer,<Skin bytes>e
ResData.ResFakeAcntHero,资源数据.资源假账号英雄,Res|Data|Res|Fake|Acnt|Hero,
ResData.ResAIHeroCfg.<astHeroList_bytes>e__FixedBuffer,资源数据.资源AI英雄配置.<ast英雄列表bytes>e固定缓冲,Res|Data|Res|AI|Hero|Cfg|<ast|Hero|List|bytes>e|Fixed|Buffer,<ast bytes>e
ResData.ResAIHeroCfg,资源数据.资源AI英雄配置,Res|Data|Res|AI|Hero|Cfg,
ResData.ResOneKeyAwardInfo.<OneKeyAwardParam_bytes>e__FixedBuffer,资源数据.资源一键奖励信息.<One键奖励参数bytes>e固定缓冲,Res|Data|Res|One|Key|Award|Info|<One|Key|Award|Param|bytes>e|Fixed|Buffer,<One bytes>e
ResData.ResOneKeyAwardInfo,资源数据.资源一键奖励信息,Res|Data|Res|One|Key|Award|Info,
ResData.ResBanHeroConf.<astBanHero_bytes>e__FixedBuffer,资源数据.资源禁用英雄配置.<ast禁用英雄bytes>e固定缓冲,Res|Data|Res|Ban|Hero|Conf|<ast|Ban|Hero|bytes>e|Fixed|Buffer,<ast bytes>e
ResData.ResBanHeroConf,资源数据.资源禁用英雄配置,Res|Data|Res|Ban|Hero|Conf,
ResData.ResPveBanHeroConf.<BanHero_bytes>e__FixedBuffer,资源数据.资源Pve禁用英雄配置.<Ban英雄bytes>e固定缓冲,Res|Data|Res|Pve|Ban|Hero|Conf|<Ban|Hero|bytes>e|Fixed|Buffer,Pve <Ban bytes>e
ResData.ResPveBanHeroConf,资源数据.资源Pve禁用英雄配置,Res|Data|Res|Pve|Ban|Hero|Conf,Pve
ResData.ResDT_PickWhiteListHero_Item,资源数据.资源数据表拾取白列表英雄道具,Res|Data|Res|DT|Pick|White|List|Hero|Item,
ResData.ResRewardMatchReward.<astRewardItem_bytes>e__FixedBuffer,资源数据.资源奖励匹配奖励.<ast奖励道具bytes>e固定缓冲,Res|Data|Res|Reward|Match|Reward|<ast|Reward|Item|bytes>e|Fixed|Buffer,<ast bytes>e
ResData.ResRewardMatchReward,资源数据.资源奖励匹配奖励,Res|Data|Res|Reward|Match|Reward,
ResData.ResHonor.<astHonorLevel_bytes>e__FixedBuffer,资源数据.资源荣誉.<ast荣誉等级bytes>e固定缓冲,Res|Data|Res|Honor|<ast|Honor|Level|bytes>e|Fixed|Buffer,<ast bytes>e
ResData.ResHonor,资源数据.资源荣誉,Res|Data|Res|Honor,
ResData.ResMatchBadge,资源数据.资源匹配徽章,Res|Data|Res|Match|Badge,
ResData.ResLobbyBottomVideoConfig.<astVideoArray_bytes>e__FixedBuffer,资源数据.资源大厅Bottom视频配置.<ast视频数组bytes>e固定缓冲,Res|Data|Res|Lobby|Bottom|Video|Config|<ast|Video|Array|bytes>e|Fixed|Buffer,Bottom <ast bytes>e
ResData.ResLobbyBottomVideoConfig,资源数据.资源大厅Bottom视频配置,Res|Data|Res|Lobby|Bottom|Video|Config,Bottom
ResData.ResInBatMsgCfg,资源数据.资源内Bat消息配置,Res|Data|Res|In|Bat|Msg|Cfg,Bat
ResData.ResSpecialHandShake.<Params_bytes>e__FixedBuffer,资源数据.资源特殊手抖动.<Paramsbytes>e固定缓冲,Res|Data|Res|Special|Hand|Shake|<Params|bytes>e|Fixed|Buffer,<Params bytes>e
ResData.ResSpecialHandShake,资源数据.资源特殊手抖动,Res|Data|Res|Special|Hand|Shake,
ResData.ResCreditValueReward.<astBonusItemInfo_bytes>e__FixedBuffer,资源数据.资源信誉值奖励.<astBonus道具信息bytes>e固定缓冲,Res|Data|Res|Credit|Value|Reward|<ast|Bonus|Item|Info|bytes>e|Fixed|Buffer,<ast Bonus bytes>e
ResData.ResCreditValueReward.<astCanGetRewardInfo_bytes>e__FixedBuffer,资源数据.资源信誉值奖励.<ast可获取奖励信息bytes>e固定缓冲,Res|Data|Res|Credit|Value|Reward|<ast|Can|Get|Reward|Info|bytes>e|Fixed|Buffer,<ast bytes>e
ResData.ResCreditValueReward,资源数据.资源信誉值奖励,Res|Data|Res|Credit|Value|Reward,
ResData.ResDigitFloatTextCfgInfo.<astIntervals_bytes>e__FixedBuffer,资源数据.资源数字浮点文本配置信息.<ast间隔bytes>e固定缓冲,Res|Data|Res|Digit|Float|Text|Cfg|Info|<ast|Intervals|bytes>e|Fixed|Buffer,<ast bytes>e
ResData.ResDigitFloatTextCfgInfo,资源数据.资源数字浮点文本配置信息,Res|Data|Res|Digit|Float|Text|Cfg|Info,
ResData.ResBattleInteraction.<Params_bytes>e__FixedBuffer,资源数据.资源战斗交互.<Paramsbytes>e固定缓冲,Res|Data|Res|Battle|Interaction|<Params|bytes>e|Fixed|Buffer,<Params bytes>e
ResData.ResBattleInteraction,资源数据.资源战斗交互,Res|Data|Res|Battle|Interaction,
ResData.ResProj8CardStrategy.<astPreCondBattle_bytes>e__FixedBuffer,资源数据.资源项目8卡牌策略.<ast预条件战斗bytes>e固定缓冲,Res|Data|Res|Proj|8|Card|Strategy|<ast|Pre|Cond|Battle|bytes>e|Fixed|Buffer,<ast bytes>e
ResData.ResProj8CardStrategy.<astPreCondSystem_bytes>e__FixedBuffer,资源数据.资源项目8卡牌策略.<ast预条件系统bytes>e固定缓冲,Res|Data|Res|Proj|8|Card|Strategy|<ast|Pre|Cond|System|bytes>e|Fixed|Buffer,<ast bytes>e
ResData.ResProj8CardStrategy,资源数据.资源项目8卡牌策略,Res|Data|Res|Proj|8|Card|Strategy,
ResData.ResProj8CardFilter.<astFilterCond_bytes>e__FixedBuffer,资源数据.资源项目8卡牌过滤.<ast过滤条件bytes>e固定缓冲,Res|Data|Res|Proj|8|Card|Filter|<ast|Filter|Cond|bytes>e|Fixed|Buffer,<ast bytes>e
ResData.ResProj8CardFilter,资源数据.资源项目8卡牌过滤,Res|Data|Res|Proj|8|Card|Filter,
ResData.ResSpeedAdjustConfig.<astRangeConfigs_bytes>e__FixedBuffer,资源数据.资源速度调整配置.<ast范围Configsbytes>e固定缓冲,Res|Data|Res|Speed|Adjust|Config|<ast|Range|Configs|bytes>e|Fixed|Buffer,<ast Configs bytes>e
ResData.ResSpeedAdjustConfig,资源数据.资源速度调整配置,Res|Data|Res|Speed|Adjust|Config,
ResData.ResActorPropertyAdjustConfig.<astRangeConfigs_bytes>e__FixedBuffer,资源数据.资源角色属性调整配置.<ast范围Configsbytes>e固定缓冲,Res|Data|Res|Actor|Property|Adjust|Config|<ast|Range|Configs|bytes>e|Fixed|Buffer,<ast Configs bytes>e
ResData.ResActorPropertyAdjustConfig,资源数据.资源角色属性调整配置,Res|Data|Res|Actor|Property|Adjust|Config,
ResData.ResPkAIMatchTime.<CycleParam_bytes>e__FixedBuffer,资源数据.资源PkAI匹配时间.<Cycle参数bytes>e固定缓冲,Res|Data|Res|Pk|AI|Match|Time|<Cycle|Param|bytes>e|Fixed|Buffer,Pk <Cycle bytes>e
ResData.ResPkAIMatchTime.<astActTime_bytes>e__FixedBuffer,资源数据.资源PkAI匹配时间.<ast活动时间bytes>e固定缓冲,Res|Data|Res|Pk|AI|Match|Time|<ast|Act|Time|bytes>e|Fixed|Buffer,Pk <ast bytes>e
ResData.ResPkAIMatchTime,资源数据.资源PkAI匹配时间,Res|Data|Res|Pk|AI|Match|Time,Pk
ResData.ResDevicFuncConfigInfo.<szFunctions_bytes>e__FixedBuffer,资源数据.资源Devic函数配置信息.<szFunctionsbytes>e固定缓冲,Res|Data|Res|Devic|Func|Config|Info|<sz|Functions|bytes>e|Fixed|Buffer,Devic <sz Functions bytes>e
ResData.ResDevicFuncConfigInfo,资源数据.资源Devic函数配置信息,Res|Data|Res|Devic|Func|Config|Info,Devic
ResData.ResPopularity.<PopularityParam_bytes>e__FixedBuffer,资源数据.资源人气.<Popularity参数bytes>e固定缓冲,Res|Data|Res|Popularity|<Popularity|Param|bytes>e|Fixed|Buffer,<Popularity bytes>e
ResData.ResPopularity,资源数据.资源人气,Res|Data|Res|Popularity,
ResData.ResDistrictNameConvertInfo.<astCommunityList_bytes>e__FixedBuffer,资源数据.资源District名称转换信息.<astCommunity列表bytes>e固定缓冲,Res|Data|Res|District|Name|Convert|Info|<ast|Community|List|bytes>e|Fixed|Buffer,District <ast Community bytes>e
ResData.ResDistrictNameConvertInfo,资源数据.资源District名称转换信息,Res|Data|Res|District|Name|Convert|Info,District
ResData.ResSkillMultiIndicatorCfgInfo.<Params_bytes>e__FixedBuffer,资源数据.资源技能多重指示器配置信息.<Paramsbytes>e固定缓冲,Res|Data|Res|Skill|Multi|Indicator|Cfg|Info|<Params|bytes>e|Fixed|Buffer,<Params bytes>e
ResData.ResSkillMultiIndicatorCfgInfo.<astIndicatorInfo_bytes>e__FixedBuffer,资源数据.资源技能多重指示器配置信息.<ast指示器信息bytes>e固定缓冲,Res|Data|Res|Skill|Multi|Indicator|Cfg|Info|<ast|Indicator|Info|bytes>e|Fixed|Buffer,<ast bytes>e
ResData.ResSkillMultiIndicatorCfgInfo,资源数据.资源技能多重指示器配置信息,Res|Data|Res|Skill|Multi|Indicator|Cfg|Info,
ResData.ResSkillSpecialDynamicIndicatorCfgInfo.<astIndicatorInfo_bytes>e__FixedBuffer,资源数据.资源技能特殊动态指示器配置信息.<ast指示器信息bytes>e固定缓冲,Res|Data|Res|Skill|Special|Dynamic|Indicator|Cfg|Info|<ast|Indicator|Info|bytes>e|Fixed|Buffer,<ast bytes>e
ResData.ResSkillSpecialDynamicIndicatorCfgInfo,资源数据.资源技能特殊动态指示器配置信息,Res|Data|Res|Skill|Special|Dynamic|Indicator|Cfg|Info,
ResData.ResPerfEftInfo.<BindHeroSkinID_bytes>e__FixedBuffer,资源数据.资源PerfEft信息.<Bind英雄皮肤IDbytes>e固定缓冲,Res|Data|Res|Perf|Eft|Info|<Bind|Hero|Skin|ID|bytes>e|Fixed|Buffer,Perf Eft <Bind bytes>e
ResData.ResPerfEftInfo,资源数据.资源PerfEft信息,Res|Data|Res|Perf|Eft|Info,Perf Eft
ResData.ResGuideTaskDescConf.<astTaskBriefContent_bytes>e__FixedBuffer,资源数据.资源引导任务描述配置.<ast任务简介内容bytes>e固定缓冲,Res|Data|Res|Guide|Task|Desc|Conf|<ast|Task|Brief|Content|bytes>e|Fixed|Buffer,<ast bytes>e
ResData.ResGuideTaskDescConf.<astTaskContent_bytes>e__FixedBuffer,资源数据.资源引导任务描述配置.<ast任务内容bytes>e固定缓冲,Res|Data|Res|Guide|Task|Desc|Conf|<ast|Task|Content|bytes>e|Fixed|Buffer,<ast bytes>e
ResData.ResGuideTaskDescConf,资源数据.资源引导任务描述配置,Res|Data|Res|Guide|Task|Desc|Conf,
ResData.ComboGuideFailContidionConf.<Param_bytes>e__FixedBuffer,资源数据.连击引导失败Contidion配置.<Parambytes>e固定缓冲,Res|Data|Combo|Guide|Fail|Contidion|Conf|<Param|bytes>e|Fixed|Buffer,Contidion <Param bytes>e
ResData.ComboGuideFailContidionConf,资源数据.连击引导失败Contidion配置,Res|Data|Combo|Guide|Fail|Contidion|Conf,Contidion
ResData.ComboGuideCompleteConditionConf.<Parm_bytes>e__FixedBuffer,资源数据.连击引导完成条件配置.<Parmbytes>e固定缓冲,Res|Data|Combo|Guide|Complete|Condition|Conf|<Parm|bytes>e|Fixed|Buffer,<Parm bytes>e
ResData.ComboGuideCompleteConditionConf,资源数据.连击引导完成条件配置,Res|Data|Combo|Guide|Complete|Condition|Conf,
ResData.GuideTaskConditionConf.<Parm_bytes>e__FixedBuffer,资源数据.引导任务条件配置.<Parmbytes>e固定缓冲,Res|Data|Guide|Task|Condition|Conf|<Parm|bytes>e|Fixed|Buffer,<Parm bytes>e
ResData.GuideTaskConditionConf,资源数据.引导任务条件配置,Res|Data|Guide|Task|Condition|Conf,
ResData.ResCompetitionReward.<astGameStepReward_bytes>e__FixedBuffer,资源数据.资源比赛奖励.<ast游戏步长奖励bytes>e固定缓冲,Res|Data|Res|Competition|Reward|<ast|Game|Step|Reward|bytes>e|Fixed|Buffer,<ast bytes>e
ResData.ResCompetitionReward,资源数据.资源比赛奖励,Res|Data|Res|Competition|Reward,
ResData.ResESportsTripartite.<RewardItemIDs_bytes>e__FixedBuffer,资源数据.资源ESportsTripartite.<Reward道具IDbytes>e固定缓冲,Res|Data|Res|E|Sports|Tripartite|<Reward|Item|IDs|bytes>e|Fixed|Buffer,Sports Tripartite <Reward bytes>e
ResData.ResESportsTripartite.<astRewardInfo_bytes>e__FixedBuffer,资源数据.资源ESportsTripartite.<ast奖励信息bytes>e固定缓冲,Res|Data|Res|E|Sports|Tripartite|<ast|Reward|Info|bytes>e|Fixed|Buffer,Sports Tripartite <ast bytes>e
ResData.ResESportsTripartite,资源数据.资源ESportsTripartite,Res|Data|Res|E|Sports|Tripartite,Sports Tripartite
ResData.ResESportsNationalStageInfo.<Awards_bytes>e__FixedBuffer,资源数据.资源ESports全国阶段信息.<Awardsbytes>e固定缓冲,Res|Data|Res|E|Sports|National|Stage|Info|<Awards|bytes>e|Fixed|Buffer,Sports <Awards bytes>e
ResData.ResESportsNationalStageInfo.<astQualificationInfo_bytes>e__FixedBuffer,资源数据.资源ESports全国阶段信息.<astQualification信息bytes>e固定缓冲,Res|Data|Res|E|Sports|National|Stage|Info|<ast|Qualification|Info|bytes>e|Fixed|Buffer,Sports <ast Qualification bytes>e
ResData.ResESportsNationalStageInfo,资源数据.资源ESports全国阶段信息,Res|Data|Res|E|Sports|National|Stage|Info,Sports
ResData.ResESportsNationalTeamStageInfo.<astStepSettleInfo_bytes>e__FixedBuffer,资源数据.资源ESports全国队伍阶段信息.<ast步长结算信息bytes>e固定缓冲,Res|Data|Res|E|Sports|National|Team|Stage|Info|<ast|Step|Settle|Info|bytes>e|Fixed|Buffer,Sports <ast bytes>e
ResData.ResESportsNationalTeamStageInfo,资源数据.资源ESports全国队伍阶段信息,Res|Data|Res|E|Sports|National|Team|Stage|Info,Sports
ResData.ResDT_BadgeComInfo.<astPrivilige_bytes>e__FixedBuffer,资源数据.资源数据表徽章普通信息.<astPriviligebytes>e固定缓冲,Res|Data|Res|DT|Badge|Com|Info|<ast|Privilige|bytes>e|Fixed|Buffer,<ast Privilige bytes>e
ResData.ResDT_BadgeComInfo,资源数据.资源数据表徽章普通信息,Res|Data|Res|DT|Badge|Com|Info,
ResData.ResEsportsCertiKeywords.<astKeywords_bytes>e__FixedBuffer,资源数据.资源电竞CertiKeywords.<astKeywordsbytes>e固定缓冲,Res|Data|Res|Esports|Certi|Keywords|<ast|Keywords|bytes>e|Fixed|Buffer,Certi Keywords <ast Keywords bytes>e
ResData.ResEsportsCertiKeywords,资源数据.资源电竞CertiKeywords,Res|Data|Res|Esports|Certi|Keywords,Certi Keywords
ResData.ResESportsScoreAward.<astHighAward_bytes>e__FixedBuffer,资源数据.资源ESports得分奖励.<ast高奖励bytes>e固定缓冲,Res|Data|Res|E|Sports|Score|Award|<ast|High|Award|bytes>e|Fixed|Buffer,Sports <ast bytes>e
ResData.ResESportsScoreAward.<astLowAward_bytes>e__FixedBuffer,资源数据.资源ESports得分奖励.<ast低奖励bytes>e固定缓冲,Res|Data|Res|E|Sports|Score|Award|<ast|Low|Award|bytes>e|Fixed|Buffer,Sports <ast bytes>e
ResData.ResESportsScoreAward,资源数据.资源ESports得分奖励,Res|Data|Res|E|Sports|Score|Award,Sports
ResData.ResQuestionBankRule.<astSeekHelpRule_bytes>e__FixedBuffer,资源数据.资源题目银行规则.<ast寻找帮助规则bytes>e固定缓冲,Res|Data|Res|Question|Bank|Rule|<ast|Seek|Help|Rule|bytes>e|Fixed|Buffer,<ast bytes>e
ResData.ResQuestionBankRule,资源数据.资源题目银行规则,Res|Data|Res|Question|Bank|Rule,
ResData.ResQuestionCli.<astOptions_bytes>e__FixedBuffer,资源数据.资源题目Cli.<astOptionsbytes>e固定缓冲,Res|Data|Res|Question|Cli|<ast|Options|bytes>e|Fixed|Buffer,Cli <ast Options bytes>e
ResData.ResQuestionCli,资源数据.资源题目Cli,Res|Data|Res|Question|Cli,Cli
ResData.ResQuestionAward.<astAward_bytes>e__FixedBuffer,资源数据.资源题目奖励.<ast奖励bytes>e固定缓冲,Res|Data|Res|Question|Award|<ast|Award|bytes>e|Fixed|Buffer,<ast bytes>e
ResData.ResQuestionAward,资源数据.资源题目奖励,Res|Data|Res|Question|Award,
ResData.ResHeroRecommendQuestionCfg.<astOptions_bytes>e__FixedBuffer,资源数据.资源英雄推荐题目配置.<astOptionsbytes>e固定缓冲,Res|Data|Res|Hero|Recommend|Question|Cfg|<ast|Options|bytes>e|Fixed|Buffer,<ast Options bytes>e
ResData.ResHeroRecommendQuestionCfg,资源数据.资源英雄推荐题目配置,Res|Data|Res|Hero|Recommend|Question|Cfg,
ResData.ResLevelSwitch.<DyingHpReduceRate_bytes>e__FixedBuffer,资源数据.资源等级切换.<Dying生命值减少速率bytes>e固定缓冲,Res|Data|Res|Level|Switch|<Dying|Hp|Reduce|Rate|bytes>e|Fixed|Buffer,<Dying bytes>e
ResData.ResLevelSwitch,资源数据.资源等级切换,Res|Data|Res|Level|Switch,
ResData.ResIntimacyMultiple.<MultipleParam_bytes>e__FixedBuffer,资源数据.资源亲密度多重.<Multiple参数bytes>e固定缓冲,Res|Data|Res|Intimacy|Multiple|<Multiple|Param|bytes>e|Fixed|Buffer,<Multiple bytes>e
ResData.ResIntimacyMultiple,资源数据.资源亲密度多重,Res|Data|Res|Intimacy|Multiple,
ResData.ResBattleRoyaleParamByMMR.<EvaluateLimit_bytes>e__FixedBuffer,资源数据.资源战斗Royale参数由MMR.<Evaluate限制bytes>e固定缓冲,Res|Data|Res|Battle|Royale|Param|By|MMR|<Evaluate|Limit|bytes>e|Fixed|Buffer,Royale <Evaluate bytes>e
ResData.ResBattleRoyaleParamByMMR,资源数据.资源战斗Royale参数由MMR,Res|Data|Res|Battle|Royale|Param|By|MMR,Royale
ResData.ResBackflowGameAward.<astAward_bytes>e__FixedBuffer,资源数据.资源回流游戏奖励.<ast奖励bytes>e固定缓冲,Res|Data|Res|Backflow|Game|Award|<ast|Award|bytes>e|Fixed|Buffer,<ast bytes>e
ResData.ResBackflowGameAward,资源数据.资源回流游戏奖励,Res|Data|Res|Backflow|Game|Award,
ResData.ResNewbieCareerTargetConf.<JumpParm_bytes>e__FixedBuffer,资源数据.资源新手职业目标配置.<JumpParmbytes>e固定缓冲,Res|Data|Res|Newbie|Career|Target|Conf|<Jump|Parm|bytes>e|Fixed|Buffer,<Jump Parm bytes>e
ResData.ResNewbieCareerTargetConf,资源数据.资源新手职业目标配置,Res|Data|Res|Newbie|Career|Target|Conf,
ResData.ResBackflowNewContent.<astAward_bytes>e__FixedBuffer,资源数据.资源回流新内容.<ast奖励bytes>e固定缓冲,Res|Data|Res|Backflow|New|Content|<ast|Award|bytes>e|Fixed|Buffer,<ast bytes>e
ResData.ResBackflowNewContent,资源数据.资源回流新内容,Res|Data|Res|Backflow|New|Content,
ResData.ResUserBackflowDialogue.<astHeroDialogue_bytes>e__FixedBuffer,资源数据.资源用户回流Dialogue.<ast英雄Dialoguebytes>e固定缓冲,Res|Data|Res|User|Backflow|Dialogue|<ast|Hero|Dialogue|bytes>e|Fixed|Buffer,Dialogue <ast Dialogue bytes>e
ResData.ResUserBackflowDialogue.<astLongTimeRunOffExtDialogue_bytes>e__FixedBuffer,资源数据.资源用户回流Dialogue.<ast长时间运行关扩展Dialoguebytes>e固定缓冲,Res|Data|Res|User|Backflow|Dialogue|<ast|Long|Time|Run|Off|Ext|Dialogue|bytes>e|Fixed|Buffer,Dialogue <ast Dialogue bytes>e
ResData.ResUserBackflowDialogue,资源数据.资源用户回流Dialogue,Res|Data|Res|User|Backflow|Dialogue,Dialogue
ResData.ResBackflowNewUserSvrID.<astNode_bytes>e__FixedBuffer,资源数据.资源回流新用户服务端ID.<ast节点bytes>e固定缓冲,Res|Data|Res|Backflow|New|User|Svr|ID|<ast|Node|bytes>e|Fixed|Buffer,<ast bytes>e
ResData.ResBackflowNewUserSvrID,资源数据.资源回流新用户服务端ID,Res|Data|Res|Backflow|New|User|Svr|ID,
ResData.ResBackflowContentRecommend.<EffectiveCondParam_bytes>e__FixedBuffer,资源数据.资源回流内容推荐.<Effective条件参数bytes>e固定缓冲,Res|Data|Res|Backflow|Content|Recommend|<Effective|Cond|Param|bytes>e|Fixed|Buffer,<Effective bytes>e
ResData.ResBackflowContentRecommend,资源数据.资源回流内容推荐,Res|Data|Res|Backflow|Content|Recommend,
ResData.ResBackFlowPrivilegeNewHeroSkin.<PrivilegeTypeList_bytes>e__FixedBuffer,资源数据.资源返回流动特权新英雄皮肤.<Privilege类型列表bytes>e固定缓冲,Res|Data|Res|Back|Flow|Privilege|New|Hero|Skin|<Privilege|Type|List|bytes>e|Fixed|Buffer,<Privilege bytes>e
ResData.ResBackFlowPrivilegeNewHeroSkin.<SkinIDList_bytes>e__FixedBuffer,资源数据.资源返回流动特权新英雄皮肤.<SkinID列表bytes>e固定缓冲,Res|Data|Res|Back|Flow|Privilege|New|Hero|Skin|<Skin|ID|List|bytes>e|Fixed|Buffer,<Skin bytes>e
ResData.ResBackFlowPrivilegeNewHeroSkin,资源数据.资源返回流动特权新英雄皮肤,Res|Data|Res|Back|Flow|Privilege|New|Hero|Skin,
ResData.ResBackFlowPrivilegeNewTimeCfg.<ReplaceIndexList_bytes>e__FixedBuffer,资源数据.资源返回流动特权新时间配置.<Replace索引列表bytes>e固定缓冲,Res|Data|Res|Back|Flow|Privilege|New|Time|Cfg|<Replace|Index|List|bytes>e|Fixed|Buffer,<Replace bytes>e
ResData.ResBackFlowPrivilegeNewTimeCfg,资源数据.资源返回流动特权新时间配置,Res|Data|Res|Back|Flow|Privilege|New|Time|Cfg,
ResData.ResBackflowKeyReward,资源数据.资源回流键奖励,Res|Data|Res|Backflow|Key|Reward,
ResData.ResBackflowSkinPrivilegeSkinConf.<astSkinList_bytes>e__FixedBuffer,资源数据.资源回流皮肤特权皮肤配置.<ast皮肤列表bytes>e固定缓冲,Res|Data|Res|Backflow|Skin|Privilege|Skin|Conf|<ast|Skin|List|bytes>e|Fixed|Buffer,<ast bytes>e
ResData.ResBackflowSkinPrivilegeSkinConf,资源数据.资源回流皮肤特权皮肤配置,Res|Data|Res|Backflow|Skin|Privilege|Skin|Conf,
ResData.ResItemTrigger.<astTrigChkList_bytes>e__FixedBuffer,资源数据.资源道具触发.<astTrigChk列表bytes>e固定缓冲,Res|Data|Res|Item|Trigger|<ast|Trig|Chk|List|bytes>e|Fixed|Buffer,<ast Trig Chk bytes>e
ResData.ResItemTrigger,资源数据.资源道具触发,Res|Data|Res|Item|Trigger,
ResData.ResMapProgramParams.<szHighMemoryPoolChainSize_bytes>e__FixedBuffer,资源数据.资源地图Program参数.<sz高内存池Chain尺寸bytes>e固定缓冲,Res|Data|Res|Map|Program|Params|<sz|High|Memory|Pool|Chain|Size|bytes>e|Fixed|Buffer,Program <sz Chain bytes>e
ResData.ResMapProgramParams.<szPoolChainSize_bytes>e__FixedBuffer,资源数据.资源地图Program参数.<sz池Chain尺寸bytes>e固定缓冲,Res|Data|Res|Map|Program|Params|<sz|Pool|Chain|Size|bytes>e|Fixed|Buffer,Program <sz Chain bytes>e
ResData.ResMapProgramParams,资源数据.资源地图Program参数,Res|Data|Res|Map|Program|Params,Program
ResData.ResSceneParticleCullBlackList.<astParticleinfos_bytes>e__FixedBuffer,资源数据.资源场景粒子剔除黑列表.<astParticleinfosbytes>e固定缓冲,Res|Data|Res|Scene|Particle|Cull|Black|List|<ast|Particleinfos|bytes>e|Fixed|Buffer,<ast Particleinfos bytes>e
ResData.ResSceneParticleCullBlackList,资源数据.资源场景粒子剔除黑列表,Res|Data|Res|Scene|Particle|Cull|Black|List,
ResData.GamePlaySkinLodConfig.<Skinids_bytes>e__FixedBuffer,资源数据.游戏播放皮肤LOD配置.<Skinidsbytes>e固定缓冲,Res|Data|Game|Play|Skin|Lod|Config|<Skinids|bytes>e|Fixed|Buffer,<Skinids bytes>e
ResData.GamePlaySkinLodConfig,资源数据.游戏播放皮肤LOD配置,Res|Data|Game|Play|Skin|Lod|Config,
ResData.GamePlayParticlePreloadConfig.<astParticleinfos_bytes>e__FixedBuffer,资源数据.游戏播放粒子预加载配置.<astParticleinfosbytes>e固定缓冲,Res|Data|Game|Play|Particle|Preload|Config|<ast|Particleinfos|bytes>e|Fixed|Buffer,<ast Particleinfos bytes>e
ResData.GamePlayParticlePreloadConfig,资源数据.游戏播放粒子预加载配置,Res|Data|Game|Play|Particle|Preload|Config,
ResData.ResSeasonReviewPerform.<astPerformTypeInfo_bytes>e__FixedBuffer,资源数据.资源赛季回顾表现.<ast表现类型信息bytes>e固定缓冲,Res|Data|Res|Season|Review|Perform|<ast|Perform|Type|Info|bytes>e|Fixed|Buffer,<ast bytes>e
ResData.ResSeasonReviewPerform,资源数据.资源赛季回顾表现,Res|Data|Res|Season|Review|Perform,
ResData.ResSeasonReviewTeamworkTitle.<astCompareDataInfo_bytes>e__FixedBuffer,资源数据.资源赛季回顾Teamwork标题.<ast比较数据信息bytes>e固定缓冲,Res|Data|Res|Season|Review|Teamwork|Title|<ast|Compare|Data|Info|bytes>e|Fixed|Buffer,Teamwork <ast bytes>e
ResData.ResSeasonReviewTeamworkTitle,资源数据.资源赛季回顾Teamwork标题,Res|Data|Res|Season|Review|Teamwork|Title,Teamwork
ResData.ResSeasonReviewDataTitle.<astCompareDataInfo_bytes>e__FixedBuffer,资源数据.资源赛季回顾数据标题.<ast比较数据信息bytes>e固定缓冲,Res|Data|Res|Season|Review|Data|Title|<ast|Compare|Data|Info|bytes>e|Fixed|Buffer,<ast bytes>e
ResData.ResSeasonReviewDataTitle,资源数据.资源赛季回顾数据标题,Res|Data|Res|Season|Review|Data|Title,
ResData.ResSeasonReviewFateHero,资源数据.资源赛季回顾Fate英雄,Res|Data|Res|Season|Review|Fate|Hero,Fate
ResData.ResSeasonReviewAction.<astHonorInfo_bytes>e__FixedBuffer,资源数据.资源赛季回顾动作.<ast荣誉信息bytes>e固定缓冲,Res|Data|Res|Season|Review|Action|<ast|Honor|Info|bytes>e|Fixed|Buffer,<ast bytes>e
ResData.ResSeasonReviewAction.<astThresholdInfo_bytes>e__FixedBuffer,资源数据.资源赛季回顾动作.<ast阈值信息bytes>e固定缓冲,Res|Data|Res|Season|Review|Action|<ast|Threshold|Info|bytes>e|Fixed|Buffer,<ast bytes>e
ResData.ResSeasonReviewAction,资源数据.资源赛季回顾动作,Res|Data|Res|Season|Review|Action,
ResData.ResSeasonReviewImage.<CoreLabelBit_bytes>e__FixedBuffer,资源数据.资源赛季回顾图片.<Core标签位bytes>e固定缓冲,Res|Data|Res|Season|Review|Image|<Core|Label|Bit|bytes>e|Fixed|Buffer,<Core bytes>e
ResData.ResSeasonReviewImage.<LabelBit_bytes>e__FixedBuffer,资源数据.资源赛季回顾图片.<Label位bytes>e固定缓冲,Res|Data|Res|Season|Review|Image|<Label|Bit|bytes>e|Fixed|Buffer,<Label bytes>e
ResData.ResSeasonReviewImage,资源数据.资源赛季回顾图片,Res|Data|Res|Season|Review|Image,
ResData.ResDT_BaseTargeInfo,资源数据.资源数据表基础目标信息,Res|Data|Res|DT|Base|Targe|Info,
ResData.ResCareerTitleInfo.<astTitleFeature_bytes>e__FixedBuffer,资源数据.资源职业标题信息.<ast标题特性bytes>e固定缓冲,Res|Data|Res|Career|Title|Info|<ast|Title|Feature|bytes>e|Fixed|Buffer,<ast bytes>e
ResData.ResCareerTitleInfo,资源数据.资源职业标题信息,Res|Data|Res|Career|Title|Info,
ResData.ResWarmBattleHero.<SkinID_bytes>e__FixedBuffer,资源数据.资源热身战斗英雄.<SkinIDbytes>e固定缓冲,Res|Data|Res|Warm|Battle|Hero|<Skin|ID|bytes>e|Fixed|Buffer,<Skin bytes>e
ResData.ResWarmBattleHero,资源数据.资源热身战斗英雄,Res|Data|Res|Warm|Battle|Hero,
ResData.ResNewbieDynamicWarmBattleHero.<SkinID_bytes>e__FixedBuffer,资源数据.资源新手动态热身战斗英雄.<SkinIDbytes>e固定缓冲,Res|Data|Res|Newbie|Dynamic|Warm|Battle|Hero|<Skin|ID|bytes>e|Fixed|Buffer,<Skin bytes>e
ResData.ResNewbieDynamicWarmBattleHero,资源数据.资源新手动态热身战斗英雄,Res|Data|Res|Newbie|Dynamic|Warm|Battle|Hero,
ResData.ResNewbieKnowledgeWarmBattleHero.<HeroID_bytes>e__FixedBuffer,资源数据.资源新手Knowledge热身战斗英雄.<HeroIDbytes>e固定缓冲,Res|Data|Res|Newbie|Knowledge|Warm|Battle|Hero|<Hero|ID|bytes>e|Fixed|Buffer,Knowledge <Hero bytes>e
ResData.ResNewbieKnowledgeWarmBattleHero,资源数据.资源新手Knowledge热身战斗英雄,Res|Data|Res|Newbie|Knowledge|Warm|Battle|Hero,Knowledge
ResData.ResWantedExInfo.<Param_bytes>e__FixedBuffer,资源数据.资源Wanted扩展信息.<Parambytes>e固定缓冲,Res|Data|Res|Wanted|Ex|Info|<Param|bytes>e|Fixed|Buffer,Wanted <Param bytes>e
ResData.ResWantedExInfo,资源数据.资源Wanted扩展信息,Res|Data|Res|Wanted|Ex|Info,Wanted
ResData.ResBattleProj8Achieve.<astCond_bytes>e__FixedBuffer,资源数据.资源战斗项目8成就.<ast条件bytes>e固定缓冲,Res|Data|Res|Battle|Proj|8|Achieve|<ast|Cond|bytes>e|Fixed|Buffer,<ast bytes>e
ResData.ResBattleProj8Achieve,资源数据.资源战斗项目8成就,Res|Data|Res|Battle|Proj|8|Achieve,
ResData.ResGeneralCond.<ConParam_bytes>e__FixedBuffer,资源数据.资源通用条件.<Con参数bytes>e固定缓冲,Res|Data|Res|General|Cond|<Con|Param|bytes>e|Fixed|Buffer,<Con bytes>e
ResData.ResGeneralCond,资源数据.资源通用条件,Res|Data|Res|General|Cond,
ResData.ResPveTalentRace.<TalentIDs_bytes>e__FixedBuffer,资源数据.资源Pve天赋Race.<TalentIDbytes>e固定缓冲,Res|Data|Res|Pve|Talent|Race|<Talent|IDs|bytes>e|Fixed|Buffer,Pve Race <Talent bytes>e
ResData.ResPveTalentRace,资源数据.资源Pve天赋Race,Res|Data|Res|Pve|Talent|Race,Pve Race
ResData.ResCustomTeamHonorReward,资源数据.资源自定义队伍荣誉奖励,Res|Data|Res|Custom|Team|Honor|Reward,
ResData.ResPetInfo.<astPetProps_bytes>e__FixedBuffer,资源数据.资源宠物信息.<ast宠物Propsbytes>e固定缓冲,Res|Data|Res|Pet|Info|<ast|Pet|Props|bytes>e|Fixed|Buffer,<ast Props bytes>e
ResData.ResPetInfo,资源数据.资源宠物信息,Res|Data|Res|Pet|Info,
ResData.ResSceneSkinInfo.<astSceneSkinProps_bytes>e__FixedBuffer,资源数据.资源场景皮肤信息.<ast场景皮肤Propsbytes>e固定缓冲,Res|Data|Res|Scene|Skin|Info|<ast|Scene|Skin|Props|bytes>e|Fixed|Buffer,<ast Props bytes>e
ResData.ResSceneSkinInfo,资源数据.资源场景皮肤信息,Res|Data|Res|Scene|Skin|Info,
ResData.ResPetShop.<PromotionID_bytes>e__FixedBuffer,资源数据.资源宠物商店.<PromotionIDbytes>e固定缓冲,Res|Data|Res|Pet|Shop|<Promotion|ID|bytes>e|Fixed|Buffer,<Promotion bytes>e
ResData.ResPetShop,资源数据.资源宠物商店,Res|Data|Res|Pet|Shop,
ResData.ResActionInfo,资源数据.资源动作信息,Res|Data|Res|Action|Info,
ResData.ResActionShop.<PromotionID_bytes>e__FixedBuffer,资源数据.资源动作商店.<PromotionIDbytes>e固定缓冲,Res|Data|Res|Action|Shop|<Promotion|ID|bytes>e|Fixed|Buffer,<Promotion bytes>e
ResData.ResActionShop,资源数据.资源动作商店,Res|Data|Res|Action|Shop,
ResData.ResShareTeamInfo.<astSpeaicalDay_bytes>e__FixedBuffer,资源数据.资源共享队伍信息.<astSpeaical天bytes>e固定缓冲,Res|Data|Res|Share|Team|Info|<ast|Speaical|Day|bytes>e|Fixed|Buffer,<ast Speaical bytes>e
ResData.ResShareTeamInfo.<astStaticTime_bytes>e__FixedBuffer,资源数据.资源共享队伍信息.<ast静态时间bytes>e固定缓冲,Res|Data|Res|Share|Team|Info|<ast|Static|Time|bytes>e|Fixed|Buffer,<ast bytes>e
ResData.ResShareTeamInfo,资源数据.资源共享队伍信息,Res|Data|Res|Share|Team|Info,
ResData.ResCompetitionEffectMaterialInfo.<astMaterialPaths_bytes>e__FixedBuffer,资源数据.资源比赛效果材质信息.<ast材质路径bytes>e固定缓冲,Res|Data|Res|Competition|Effect|Material|Info|<ast|Material|Paths|bytes>e|Fixed|Buffer,<ast bytes>e
ResData.ResCompetitionEffectMaterialInfo,资源数据.资源比赛效果材质信息,Res|Data|Res|Competition|Effect|Material|Info,
ResData.ResCompetitionEffectDisplayPolicy.<ConditionParam_bytes>e__FixedBuffer,资源数据.资源比赛效果显示Policy.<Condition参数bytes>e固定缓冲,Res|Data|Res|Competition|Effect|Display|Policy|<Condition|Param|bytes>e|Fixed|Buffer,Policy <Condition bytes>e
ResData.ResCompetitionEffectDisplayPolicy,资源数据.资源比赛效果显示Policy,Res|Data|Res|Competition|Effect|Display|Policy,Policy
ResData.ResDT_FensiTaiSecCheckInfo.<RankNo_bytes>e__FixedBuffer,资源数据.资源数据表FensiTai秒检查信息.<Rank无bytes>e固定缓冲,Res|Data|Res|DT|Fensi|Tai|Sec|Check|Info|<Rank|No|bytes>e|Fixed|Buffer,Fensi Tai <Rank bytes>e
ResData.ResDT_FensiTaiSecCheckInfo,资源数据.资源数据表FensiTai秒检查信息,Res|Data|Res|DT|Fensi|Tai|Sec|Check|Info,Fensi Tai
ResData.ResDT_TaiInfo.<astTai1SolderInfos_bytes>e__FixedBuffer,资源数据.资源数据表Tai信息.<astTai1SolderInfosbytes>e固定缓冲,Res|Data|Res|DT|Tai|Info|<ast|Tai|1|Solder|Infos|bytes>e|Fixed|Buffer,Tai <ast Tai Solder Infos bytes>e
ResData.ResDT_TaiInfo,资源数据.资源数据表Tai信息,Res|Data|Res|DT|Tai|Info,Tai
ResData.ResBattleWiki.<astPath_bytes>e__FixedBuffer,资源数据.资源战斗Wiki.<ast路径bytes>e固定缓冲,Res|Data|Res|Battle|Wiki|<ast|Path|bytes>e|Fixed|Buffer,Wiki <ast bytes>e
ResData.ResBattleWiki,资源数据.资源战斗Wiki,Res|Data|Res|Battle|Wiki,Wiki
ResData.ResOfflineAutoTest.<astHeroInfo_bytes>e__FixedBuffer,资源数据.资源离线自动测试.<ast英雄信息bytes>e固定缓冲,Res|Data|Res|Offline|Auto|Test|<ast|Hero|Info|bytes>e|Fixed|Buffer,<ast bytes>e
ResData.ResOfflineAutoTest,资源数据.资源离线自动测试,Res|Data|Res|Offline|Auto|Test,
ResData.ResGradeRewardInfo.<astRewardList_bytes>e__FixedBuffer,资源数据.资源等级奖励信息.<ast奖励列表bytes>e固定缓冲,Res|Data|Res|Grade|Reward|Info|<ast|Reward|List|bytes>e|Fixed|Buffer,<ast bytes>e
ResData.ResGradeRewardInfo,资源数据.资源等级奖励信息,Res|Data|Res|Grade|Reward|Info,
ResData.ResDT_BattlePassLevelAwardEntry,资源数据.资源数据表战斗通行证等级奖励入口,Res|Data|Res|DT|Battle|Pass|Level|Award|Entry,
ResData.ResBattlePassLevelAwardExtend.<RefCfgID_bytes>e__FixedBuffer,资源数据.资源战斗通行证等级奖励延长.<Ref配置IDbytes>e固定缓冲,Res|Data|Res|Battle|Pass|Level|Award|Extend|<Ref|Cfg|ID|bytes>e|Fixed|Buffer,<Ref bytes>e
ResData.ResBattlePassLevelAwardExtend,资源数据.资源战斗通行证等级奖励延长,Res|Data|Res|Battle|Pass|Level|Award|Extend,
ResData.ResBattlePassExchange,资源数据.资源战斗通行证交换,Res|Data|Res|Battle|Pass|Exchange,
ResData.ResBattlePassExchangeDiscount.<astAward_bytes>e__FixedBuffer,资源数据.资源战斗通行证交换折扣.<ast奖励bytes>e固定缓冲,Res|Data|Res|Battle|Pass|Exchange|Discount|<ast|Award|bytes>e|Fixed|Buffer,<ast bytes>e
ResData.ResBattlePassExchangeDiscount,资源数据.资源战斗通行证交换折扣,Res|Data|Res|Battle|Pass|Exchange|Discount,
ResData.ResBattlePassRights.<RandomTaskDiamondCost_bytes>e__FixedBuffer,资源数据.资源战斗通行证Rights.<Random任务钻石消耗bytes>e固定缓冲,Res|Data|Res|Battle|Pass|Rights|<Random|Task|Diamond|Cost|bytes>e|Fixed|Buffer,Rights <Random bytes>e
ResData.ResBattlePassRights.<astAward_bytes>e__FixedBuffer,资源数据.资源战斗通行证Rights.<ast奖励bytes>e固定缓冲,Res|Data|Res|Battle|Pass|Rights|<ast|Award|bytes>e|Fixed|Buffer,Rights <ast bytes>e
ResData.ResBattlePassRights.<astBuyLevelInfo_bytes>e__FixedBuffer,资源数据.资源战斗通行证Rights.<ast购买等级信息bytes>e固定缓冲,Res|Data|Res|Battle|Pass|Rights|<ast|Buy|Level|Info|bytes>e|Fixed|Buffer,Rights <ast bytes>e
ResData.ResBattlePassRights,资源数据.资源战斗通行证Rights,Res|Data|Res|Battle|Pass|Rights,Rights
ResData.ResBattlePassLevelInherit.<astRule_bytes>e__FixedBuffer,资源数据.资源战斗通行证等级继承.<ast规则bytes>e固定缓冲,Res|Data|Res|Battle|Pass|Level|Inherit|<ast|Rule|bytes>e|Fixed|Buffer,<ast bytes>e
ResData.ResBattlePassLevelInherit,资源数据.资源战斗通行证等级继承,Res|Data|Res|Battle|Pass|Level|Inherit,
ResData.ResDT_LevelAwardInfo,资源数据.资源数据表等级奖励信息,Res|Data|Res|DT|Level|Award|Info,
ResData.ResBattlePassSeason,资源数据.资源战斗通行证赛季,Res|Data|Res|Battle|Pass|Season,
ResData.ResBattlePassTreasure,资源数据.资源战斗通行证宝藏,Res|Data|Res|Battle|Pass|Treasure,
ResData.ResBattlePassLimitedRewardTip.<astRewardItems_bytes>e__FixedBuffer,资源数据.资源战斗通行证受限奖励提示.<ast奖励Itemsbytes>e固定缓冲,Res|Data|Res|Battle|Pass|Limited|Reward|Tip|<ast|Reward|Items|bytes>e|Fixed|Buffer,<ast Items bytes>e
ResData.ResBattlePassLimitedRewardTip,资源数据.资源战斗通行证受限奖励提示,Res|Data|Res|Battle|Pass|Limited|Reward|Tip,
ResData.ResRoomCustomDefine.<astRule_bytes>e__FixedBuffer,资源数据.资源房间自定义Define.<ast规则bytes>e固定缓冲,Res|Data|Res|Room|Custom|Define|<ast|Rule|bytes>e|Fixed|Buffer,Define <ast bytes>e
ResData.ResRoomCustomDefine,资源数据.资源房间自定义Define,Res|Data|Res|Room|Custom|Define,Define
ResData.ResRoomCustomDefineTemplate.<szValue_bytes>e__FixedBuffer,资源数据.资源房间自定义Define模板.<sz值bytes>e固定缓冲,Res|Data|Res|Room|Custom|Define|Template|<sz|Value|bytes>e|Fixed|Buffer,Define <sz bytes>e
ResData.ResRoomCustomDefineTemplate,资源数据.资源房间自定义Define模板,Res|Data|Res|Room|Custom|Define|Template,Define
ResData.ResRoomCustomBattleEffect.<Camp1Param_bytes>e__FixedBuffer,资源数据.资源房间自定义战斗效果.<Camp1参数bytes>e固定缓冲,Res|Data|Res|Room|Custom|Battle|Effect|<Camp|1|Param|bytes>e|Fixed|Buffer,<Camp bytes>e
ResData.ResRoomCustomBattleEffect.<Camp2Param_bytes>e__FixedBuffer,资源数据.资源房间自定义战斗效果.<Camp2参数bytes>e固定缓冲,Res|Data|Res|Room|Custom|Battle|Effect|<Camp|2|Param|bytes>e|Fixed|Buffer,<Camp bytes>e
ResData.ResRoomCustomBattleEffect,资源数据.资源房间自定义战斗效果,Res|Data|Res|Room|Custom|Battle|Effect,
ResData.ResRoomCustomBattleEffectRandomTargetRule.<EffectTarget_bytes>e__FixedBuffer,资源数据.资源房间自定义战斗效果随机目标规则.<Effect目标bytes>e固定缓冲,Res|Data|Res|Room|Custom|Battle|Effect|Random|Target|Rule|<Effect|Target|bytes>e|Fixed|Buffer,<Effect bytes>e
ResData.ResRoomCustomBattleEffectRandomTargetRule,资源数据.资源房间自定义战斗效果随机目标规则,Res|Data|Res|Room|Custom|Battle|Effect|Random|Target|Rule,
ResData.ResRoomSuperWaveInfo.<astNormalSoldierInfo_bytes>e__FixedBuffer,资源数据.资源房间超级波次信息.<ast普通小兵信息bytes>e固定缓冲,Res|Data|Res|Room|Super|Wave|Info|<ast|Normal|Soldier|Info|bytes>e|Fixed|Buffer,<ast bytes>e
ResData.ResRoomSuperWaveInfo,资源数据.资源房间超级波次信息,Res|Data|Res|Room|Super|Wave|Info,
ResData.ResTeamBanMatchCfg.<szTeamerNum_bytes>e__FixedBuffer,资源数据.资源队伍禁用匹配配置.<szTeamer数量bytes>e固定缓冲,Res|Data|Res|Team|Ban|Match|Cfg|<sz|Teamer|Num|bytes>e|Fixed|Buffer,<sz Teamer bytes>e
ResData.ResTeamBanMatchCfg,资源数据.资源队伍禁用匹配配置,Res|Data|Res|Team|Ban|Match|Cfg,
ResData.ResAlmightyLvlInfo.<astFightValueSpeedUpRangeInfo_bytes>e__FixedBuffer,资源数据.资源Almighty等级信息.<ast战斗值速度上范围信息bytes>e固定缓冲,Res|Data|Res|Almighty|Lvl|Info|<ast|Fight|Value|Speed|Up|Range|Info|bytes>e|Fixed|Buffer,Almighty <ast bytes>e
ResData.ResAlmightyLvlInfo,资源数据.资源Almighty等级信息,Res|Data|Res|Almighty|Lvl|Info,Almighty
ResData.ResDT_ChessGlobalEffectInfo.<astEffect_bytes>e__FixedBuffer,资源数据.资源数据表棋盘全局效果信息.<ast效果bytes>e固定缓冲,Res|Data|Res|DT|Chess|Global|Effect|Info|<ast|Effect|bytes>e|Fixed|Buffer,<ast bytes>e
ResData.ResDT_ChessGlobalEffectInfo.<astPreEffect_bytes>e__FixedBuffer,资源数据.资源数据表棋盘全局效果信息.<ast预效果bytes>e固定缓冲,Res|Data|Res|DT|Chess|Global|Effect|Info|<ast|Pre|Effect|bytes>e|Fixed|Buffer,<ast bytes>e
ResData.ResDT_ChessGlobalEffectInfo,资源数据.资源数据表棋盘全局效果信息,Res|Data|Res|DT|Chess|Global|Effect|Info,
ResData.ResNBTaskConf.<astTriggerCondition_bytes>e__FixedBuffer,资源数据.资源NB任务配置.<ast触发条件bytes>e固定缓冲,Res|Data|Res|NB|Task|Conf|<ast|Trigger|Condition|bytes>e|Fixed|Buffer,NB <ast bytes>e
ResData.ResNBTaskConf,资源数据.资源NB任务配置,Res|Data|Res|NB|Task|Conf,NB
ResData.ResProj8BanCampConf.<CampID_bytes>e__FixedBuffer,资源数据.资源项目8禁用阵营配置.<CampIDbytes>e固定缓冲,Res|Data|Res|Proj|8|Ban|Camp|Conf|<Camp|ID|bytes>e|Fixed|Buffer,<Camp bytes>e
ResData.ResProj8BanCampConf,资源数据.资源项目8禁用阵营配置,Res|Data|Res|Proj|8|Ban|Camp|Conf,
ResData.ResChessPreset.<astPresetDetail_bytes>e__FixedBuffer,资源数据.资源棋盘预设.<ast预设细节bytes>e固定缓冲,Res|Data|Res|Chess|Preset|<ast|Preset|Detail|bytes>e|Fixed|Buffer,<ast bytes>e
ResData.ResChessPreset,资源数据.资源棋盘预设,Res|Data|Res|Chess|Preset,
ResData.ResChessPickCardAutoTest.<HeroID_bytes>e__FixedBuffer,资源数据.资源棋盘拾取卡牌自动测试.<HeroIDbytes>e固定缓冲,Res|Data|Res|Chess|Pick|Card|Auto|Test|<Hero|ID|bytes>e|Fixed|Buffer,<Hero bytes>e
ResData.ResChessPickCardAutoTest,资源数据.资源棋盘拾取卡牌自动测试,Res|Data|Res|Chess|Pick|Card|Auto|Test,
ResData.ResChessHeroCfgInfo.<ChargeTime_bytes>e__FixedBuffer,资源数据.资源棋盘英雄配置信息.<Charge时间bytes>e固定缓冲,Res|Data|Res|Chess|Hero|Cfg|Info|<Charge|Time|bytes>e|Fixed|Buffer,<Charge bytes>e
ResData.ResChessHeroCfgInfo.<InitialSkillCD_bytes>e__FixedBuffer,资源数据.资源棋盘英雄配置信息.<Initial技能冷却bytes>e固定缓冲,Res|Data|Res|Chess|Hero|Cfg|Info|<Initial|Skill|CD|bytes>e|Fixed|Buffer,<Initial bytes>e
ResData.ResChessHeroCfgInfo.<PostClearSkillCombineID_bytes>e__FixedBuffer,资源数据.资源棋盘英雄配置信息.<Post清除技能合并IDbytes>e固定缓冲,Res|Data|Res|Chess|Hero|Cfg|Info|<Post|Clear|Skill|Combine|ID|bytes>e|Fixed|Buffer,<Post bytes>e
ResData.ResChessHeroCfgInfo.<PreClearSkillCombineID_bytes>e__FixedBuffer,资源数据.资源棋盘英雄配置信息.<Pre清除技能合并IDbytes>e固定缓冲,Res|Data|Res|Chess|Hero|Cfg|Info|<Pre|Clear|Skill|Combine|ID|bytes>e|Fixed|Buffer,<Pre bytes>e
ResData.ResChessHeroCfgInfo.<RecommendEquipID_bytes>e__FixedBuffer,资源数据.资源棋盘英雄配置信息.<Recommend装备IDbytes>e固定缓冲,Res|Data|Res|Chess|Hero|Cfg|Info|<Recommend|Equip|ID|bytes>e|Fixed|Buffer,<Recommend bytes>e
ResData.ResChessHeroCfgInfo.<ResetPassiveSkillID_bytes>e__FixedBuffer,资源数据.资源棋盘英雄配置信息.<Reset被动技能IDbytes>e固定缓冲,Res|Data|Res|Chess|Hero|Cfg|Info|<Reset|Passive|Skill|ID|bytes>e|Fixed|Buffer,<Reset bytes>e
ResData.ResChessHeroCfgInfo.<astCombos_bytes>e__FixedBuffer,资源数据.资源棋盘英雄配置信息.<astCombosbytes>e固定缓冲,Res|Data|Res|Chess|Hero|Cfg|Info|<ast|Combos|bytes>e|Fixed|Buffer,<ast Combos bytes>e
ResData.ResChessHeroCfgInfo.<astSkill_bytes>e__FixedBuffer,资源数据.资源棋盘英雄配置信息.<ast技能bytes>e固定缓冲,Res|Data|Res|Chess|Hero|Cfg|Info|<ast|Skill|bytes>e|Fixed|Buffer,<ast bytes>e
ResData.ResChessHeroCfgInfo.<szChessCamp_bytes>e__FixedBuffer,资源数据.资源棋盘英雄配置信息.<sz棋盘阵营bytes>e固定缓冲,Res|Data|Res|Chess|Hero|Cfg|Info|<sz|Chess|Camp|bytes>e|Fixed|Buffer,<sz bytes>e
ResData.ResChessHeroCfgInfo.<szChessCareer_bytes>e__FixedBuffer,资源数据.资源棋盘英雄配置信息.<sz棋盘职业bytes>e固定缓冲,Res|Data|Res|Chess|Hero|Cfg|Info|<sz|Chess|Career|bytes>e|Fixed|Buffer,<sz bytes>e
ResData.ResChessHeroCfgInfo.<szNotAIAutoUse_bytes>e__FixedBuffer,资源数据.资源棋盘英雄配置信息.<sz非AI自动使用bytes>e固定缓冲,Res|Data|Res|Chess|Hero|Cfg|Info|<sz|Not|AI|Auto|Use|bytes>e|Fixed|Buffer,<sz bytes>e
ResData.ResChessHeroCfgInfo.<szTargetPosId_bytes>e__FixedBuffer,资源数据.资源棋盘英雄配置信息.<sz目标位置IDbytes>e固定缓冲,Res|Data|Res|Chess|Hero|Cfg|Info|<sz|Target|Pos|Id|bytes>e|Fixed|Buffer,<sz bytes>e
ResData.ResChessHeroCfgInfo,资源数据.资源棋盘英雄配置信息,Res|Data|Res|Chess|Hero|Cfg|Info,
ResData.ResChessCardQualityChance.<szChanceValue_bytes>e__FixedBuffer,资源数据.资源棋盘卡牌品质概率.<sz概率值bytes>e固定缓冲,Res|Data|Res|Chess|Card|Quality|Chance|<sz|Chance|Value|bytes>e|Fixed|Buffer,<sz bytes>e
ResData.ResChessCardQualityChance,资源数据.资源棋盘卡牌品质概率,Res|Data|Res|Chess|Card|Quality|Chance,
ResData.ResChessSettlePhrase.<astPhraseList_bytes>e__FixedBuffer,资源数据.资源棋盘结算Phrase.<astPhrase列表bytes>e固定缓冲,Res|Data|Res|Chess|Settle|Phrase|<ast|Phrase|List|bytes>e|Fixed|Buffer,Phrase <ast Phrase bytes>e
ResData.ResChessSettlePhrase,资源数据.资源棋盘结算Phrase,Res|Data|Res|Chess|Settle|Phrase,Phrase
ResData.ResChessRecommendArrangeCfgInfo.<astChessRecommendHeroItemList_bytes>e__FixedBuffer,资源数据.资源棋盘推荐Arrange配置信息.<ast棋盘推荐英雄道具列表bytes>e固定缓冲,Res|Data|Res|Chess|Recommend|Arrange|Cfg|Info|<ast|Chess|Recommend|Hero|Item|List|bytes>e|Fixed|Buffer,Arrange <ast bytes>e
ResData.ResChessRecommendArrangeCfgInfo,资源数据.资源棋盘推荐Arrange配置信息,Res|Data|Res|Chess|Recommend|Arrange|Cfg|Info,Arrange
ResData.ResProj8HelpDescItems.<astPics_bytes>e__FixedBuffer,资源数据.资源项目8帮助描述Items.<astPicsbytes>e固定缓冲,Res|Data|Res|Proj|8|Help|Desc|Items|<ast|Pics|bytes>e|Fixed|Buffer,Items <ast Pics bytes>e
ResData.ResProj8HelpDescItems,资源数据.资源项目8帮助描述Items,Res|Data|Res|Proj|8|Help|Desc|Items,Items
ResData.ResChessRoundInfo.<PreparePhaseMmrDuration_bytes>e__FixedBuffer,资源数据.资源棋盘圆信息.<Prepare阶段MMR持续时间bytes>e固定缓冲,Res|Data|Res|Chess|Round|Info|<Prepare|Phase|Mmr|Duration|bytes>e|Fixed|Buffer,<Prepare bytes>e
ResData.ResChessRoundInfo.<SuperFastModePreparePhaseMmrDuration_bytes>e__FixedBuffer,资源数据.资源棋盘圆信息.<Super快速模式Prepare阶段MMR持续时间bytes>e固定缓冲,Res|Data|Res|Chess|Round|Info|<Super|Fast|Mode|Prepare|Phase|Mmr|Duration|bytes>e|Fixed|Buffer,<Super Prepare bytes>e
ResData.ResChessRoundInfo.<astMmrAIBattleScore_bytes>e__FixedBuffer,资源数据.资源棋盘圆信息.<astMMRAI战斗得分bytes>e固定缓冲,Res|Data|Res|Chess|Round|Info|<ast|Mmr|AI|Battle|Score|bytes>e|Fixed|Buffer,<ast bytes>e
ResData.ResChessRoundInfo.<astSoloAIBattleScore_bytes>e__FixedBuffer,资源数据.资源棋盘圆信息.<ast单人AI战斗得分bytes>e固定缓冲,Res|Data|Res|Chess|Round|Info|<ast|Solo|AI|Battle|Score|bytes>e|Fixed|Buffer,<ast bytes>e
ResData.ResChessRoundInfo,资源数据.资源棋盘圆信息,Res|Data|Res|Chess|Round|Info,
ResData.ResChessCardPoolInfo.<astChessCardInfos_bytes>e__FixedBuffer,资源数据.资源棋盘卡牌池信息.<ast棋盘卡牌Infosbytes>e固定缓冲,Res|Data|Res|Chess|Card|Pool|Info|<ast|Chess|Card|Infos|bytes>e|Fixed|Buffer,<ast Infos bytes>e
ResData.ResChessCardPoolInfo,资源数据.资源棋盘卡牌池信息,Res|Data|Res|Chess|Card|Pool|Info,
ResData.ResChessDropInfo.<astDropProbability_bytes>e__FixedBuffer,资源数据.资源棋盘掉落信息.<ast掉落概率bytes>e固定缓冲,Res|Data|Res|Chess|Drop|Info|<ast|Drop|Probability|bytes>e|Fixed|Buffer,<ast bytes>e
ResData.ResChessDropInfo,资源数据.资源棋盘掉落信息,Res|Data|Res|Chess|Drop|Info,
ResData.ResChessEquipPickInfo.<DropID_bytes>e__FixedBuffer,资源数据.资源棋盘装备拾取信息.<DropIDbytes>e固定缓冲,Res|Data|Res|Chess|Equip|Pick|Info|<Drop|ID|bytes>e|Fixed|Buffer,<Drop bytes>e
ResData.ResChessEquipPickInfo,资源数据.资源棋盘装备拾取信息,Res|Data|Res|Chess|Equip|Pick|Info,
ResData.ResChessPresetFormation.<astAssassin_bytes>e__FixedBuffer,资源数据.资源棋盘预设Formation.<astAssassinbytes>e固定缓冲,Res|Data|Res|Chess|Preset|Formation|<ast|Assassin|bytes>e|Fixed|Buffer,Formation <ast Assassin bytes>e
ResData.ResChessPresetFormation.<astBack_bytes>e__FixedBuffer,资源数据.资源棋盘预设Formation.<ast返回bytes>e固定缓冲,Res|Data|Res|Chess|Preset|Formation|<ast|Back|bytes>e|Fixed|Buffer,Formation <ast bytes>e
ResData.ResChessPresetFormation.<astFront_bytes>e__FixedBuffer,资源数据.资源棋盘预设Formation.<ast前bytes>e固定缓冲,Res|Data|Res|Chess|Preset|Formation|<ast|Front|bytes>e|Fixed|Buffer,Formation <ast bytes>e
ResData.ResChessPresetFormation,资源数据.资源棋盘预设Formation,Res|Data|Res|Chess|Preset|Formation,Formation
ResData.ResChessHeroActionWaitTimeInfo.<Row_bytes>e__FixedBuffer,资源数据.资源棋盘英雄动作等待时间信息.<Rowbytes>e固定缓冲,Res|Data|Res|Chess|Hero|Action|Wait|Time|Info|<Row|bytes>e|Fixed|Buffer,<Row bytes>e
ResData.ResChessHeroActionWaitTimeInfo,资源数据.资源棋盘英雄动作等待时间信息,Res|Data|Res|Chess|Hero|Action|Wait|Time|Info,
ResData.ResChessAILevel.<astExceedBattleScoreInfo_bytes>e__FixedBuffer,资源数据.资源棋盘AI等级.<astExceed战斗得分信息bytes>e固定缓冲,Res|Data|Res|Chess|AI|Level|<ast|Exceed|Battle|Score|Info|bytes>e|Fixed|Buffer,<ast Exceed bytes>e
ResData.ResChessAILevel,资源数据.资源棋盘AI等级,Res|Data|Res|Chess|AI|Level,
ResData.ResChessMoveTest.<astPresetDetail_bytes>e__FixedBuffer,资源数据.资源棋盘移动测试.<ast预设细节bytes>e固定缓冲,Res|Data|Res|Chess|Move|Test|<ast|Preset|Detail|bytes>e|Fixed|Buffer,<ast bytes>e
ResData.ResChessMoveTest,资源数据.资源棋盘移动测试,Res|Data|Res|Chess|Move|Test,
ResData.ResChessTalentInfo.<ConditionParam_bytes>e__FixedBuffer,资源数据.资源棋盘天赋信息.<Condition参数bytes>e固定缓冲,Res|Data|Res|Chess|Talent|Info|<Condition|Param|bytes>e|Fixed|Buffer,<Condition bytes>e
ResData.ResChessTalentInfo.<DropLevel_bytes>e__FixedBuffer,资源数据.资源棋盘天赋信息.<Drop等级bytes>e固定缓冲,Res|Data|Res|Chess|Talent|Info|<Drop|Level|bytes>e|Fixed|Buffer,<Drop bytes>e
ResData.ResChessTalentInfo.<Param_bytes>e__FixedBuffer,资源数据.资源棋盘天赋信息.<Parambytes>e固定缓冲,Res|Data|Res|Chess|Talent|Info|<Param|bytes>e|Fixed|Buffer,<Param bytes>e
ResData.ResChessTalentInfo.<PositionID_bytes>e__FixedBuffer,资源数据.资源棋盘天赋信息.<PositionIDbytes>e固定缓冲,Res|Data|Res|Chess|Talent|Info|<Position|ID|bytes>e|Fixed|Buffer,<Position bytes>e
ResData.ResChessTalentInfo.<PromoteParam_bytes>e__FixedBuffer,资源数据.资源棋盘天赋信息.<Promote参数bytes>e固定缓冲,Res|Data|Res|Chess|Talent|Info|<Promote|Param|bytes>e|Fixed|Buffer,<Promote bytes>e
ResData.ResChessTalentInfo,资源数据.资源棋盘天赋信息,Res|Data|Res|Chess|Talent|Info,
ResData.ResChessPlayerRandomTalent.<szQuality_bytes>e__FixedBuffer,资源数据.资源棋盘玩家随机天赋.<sz品质bytes>e固定缓冲,Res|Data|Res|Chess|Player|Random|Talent|<sz|Quality|bytes>e|Fixed|Buffer,<sz bytes>e
ResData.ResChessPlayerRandomTalent,资源数据.资源棋盘玩家随机天赋,Res|Data|Res|Chess|Player|Random|Talent,
ResData.ResChessTalentCPRelation.<HeroID_bytes>e__FixedBuffer,资源数据.资源棋盘天赋战力关系.<HeroIDbytes>e固定缓冲,Res|Data|Res|Chess|Talent|CP|Relation|<Hero|ID|bytes>e|Fixed|Buffer,<Hero bytes>e
ResData.ResChessTalentCPRelation,资源数据.资源棋盘天赋战力关系,Res|Data|Res|Chess|Talent|CP|Relation,
ResData.ResChessTalentPosition.<PositionX_bytes>e__FixedBuffer,资源数据.资源棋盘天赋位置.<PositionXbytes>e固定缓冲,Res|Data|Res|Chess|Talent|Position|<Position|X|bytes>e|Fixed|Buffer,<Position bytes>e
ResData.ResChessTalentPosition.<PositionY_bytes>e__FixedBuffer,资源数据.资源棋盘天赋位置.<PositionYbytes>e固定缓冲,Res|Data|Res|Chess|Talent|Position|<Position|Y|bytes>e|Fixed|Buffer,<Position bytes>e
ResData.ResChessTalentPosition,资源数据.资源棋盘天赋位置,Res|Data|Res|Chess|Talent|Position,
ResData.ResChessTalentRebuild.<szHP_bytes>e__FixedBuffer,资源数据.资源棋盘天赋Rebuild.<sz生命值bytes>e固定缓冲,Res|Data|Res|Chess|Talent|Rebuild|<sz|HP|bytes>e|Fixed|Buffer,Rebuild <sz bytes>e
ResData.ResChessTalentRebuild,资源数据.资源棋盘天赋Rebuild,Res|Data|Res|Chess|Talent|Rebuild,Rebuild
ResData.ResChessNumenBattleInteractInfo.<astInteractInfo_bytes>e__FixedBuffer,资源数据.资源棋盘Numen战斗交互信息.<ast交互信息bytes>e固定缓冲,Res|Data|Res|Chess|Numen|Battle|Interact|Info|<ast|Interact|Info|bytes>e|Fixed|Buffer,Numen <ast bytes>e
ResData.ResChessNumenBattleInteractInfo,资源数据.资源棋盘Numen战斗交互信息,Res|Data|Res|Chess|Numen|Battle|Interact|Info,Numen
ResData.ResDailyReward.<astRewardInfo_bytes>e__FixedBuffer,资源数据.资源每日奖励.<ast奖励信息bytes>e固定缓冲,Res|Data|Res|Daily|Reward|<ast|Reward|Info|bytes>e|Fixed|Buffer,<ast bytes>e
ResData.ResDailyReward,资源数据.资源每日奖励,Res|Data|Res|Daily|Reward,
ResData.ResDT_TrialStage,资源数据.资源数据表试炼阶段,Res|Data|Res|DT|Trial|Stage,
ResData.ResWifiSymbolPageInfo.<SymbolID_bytes>e__FixedBuffer,资源数据.资源Wifi铭文页信息.<SymbolIDbytes>e固定缓冲,Res|Data|Res|Wifi|Symbol|Page|Info|<Symbol|ID|bytes>e|Fixed|Buffer,Wifi <Symbol bytes>e
ResData.ResWifiSymbolPageInfo,资源数据.资源Wifi铭文页信息,Res|Data|Res|Wifi|Symbol|Page|Info,Wifi
ResData.ResFullLvlSymbolPageInfo.<SymbolID_bytes>e__FixedBuffer,资源数据.资源满等级铭文页信息.<SymbolIDbytes>e固定缓冲,Res|Data|Res|Full|Lvl|Symbol|Page|Info|<Symbol|ID|bytes>e|Fixed|Buffer,<Symbol bytes>e
ResData.ResFullLvlSymbolPageInfo,资源数据.资源满等级铭文页信息,Res|Data|Res|Full|Lvl|Symbol|Page|Info,
ResData.ResHeroSymbolRcmd.<InitSymbolID_bytes>e__FixedBuffer,资源数据.资源英雄铭文推荐.<Init铭文IDbytes>e固定缓冲,Res|Data|Res|Hero|Symbol|Rcmd|<Init|Symbol|ID|bytes>e|Fixed|Buffer,<Init bytes>e
ResData.ResHeroSymbolRcmd,资源数据.资源英雄铭文推荐,Res|Data|Res|Hero|Symbol|Rcmd,
ResData.ResLevelActivityInfo.<astCondActivity_bytes>e__FixedBuffer,资源数据.资源等级活动信息.<ast条件活动bytes>e固定缓冲,Res|Data|Res|Level|Activity|Info|<ast|Cond|Activity|bytes>e|Fixed|Buffer,<ast bytes>e
ResData.ResLevelActivityInfo,资源数据.资源等级活动信息,Res|Data|Res|Level|Activity|Info,
ResData.ResLobbyActivityGameMode.<astSpecialChange_bytes>e__FixedBuffer,资源数据.资源大厅活动游戏模式.<ast特殊变更bytes>e固定缓冲,Res|Data|Res|Lobby|Activity|Game|Mode|<ast|Special|Change|bytes>e|Fixed|Buffer,<ast bytes>e
ResData.ResLobbyActivityGameMode,资源数据.资源大厅活动游戏模式,Res|Data|Res|Lobby|Activity|Game|Mode,
ResData.ResLobbyActiveEntryConf.<astSpecialChange_bytes>e__FixedBuffer,资源数据.资源大厅激活入口配置.<ast特殊变更bytes>e固定缓冲,Res|Data|Res|Lobby|Active|Entry|Conf|<ast|Special|Change|bytes>e|Fixed|Buffer,<ast bytes>e
ResData.ResLobbyActiveEntryConf,资源数据.资源大厅激活入口配置,Res|Data|Res|Lobby|Active|Entry|Conf,
ResData.ResProPlayer.<astAcntList_bytes>e__FixedBuffer,资源数据.资源Pro玩家.<ast账号列表bytes>e固定缓冲,Res|Data|Res|Pro|Player|<ast|Acnt|List|bytes>e|Fixed|Buffer,Pro <ast bytes>e
ResData.ResProPlayer,资源数据.资源Pro玩家,Res|Data|Res|Pro|Player,Pro
ResData.ResSaibaoHost.<astAcntList_bytes>e__FixedBuffer,资源数据.资源Saibao宿主.<ast账号列表bytes>e固定缓冲,Res|Data|Res|Saibao|Host|<ast|Acnt|List|bytes>e|Fixed|Buffer,Saibao <ast bytes>e
ResData.ResSaibaoHost,资源数据.资源Saibao宿主,Res|Data|Res|Saibao|Host,Saibao
ResData.ResWorkShop.<astCamps_bytes>e__FixedBuffer,资源数据.资源Work商店.<astCampsbytes>e固定缓冲,Res|Data|Res|Work|Shop|<ast|Camps|bytes>e|Fixed|Buffer,Work <ast Camps bytes>e
ResData.ResWorkShop.<astDifficulties_bytes>e__FixedBuffer,资源数据.资源Work商店.<astDifficultiesbytes>e固定缓冲,Res|Data|Res|Work|Shop|<ast|Difficulties|bytes>e|Fixed|Buffer,Work <ast Difficulties bytes>e
ResData.ResWorkShop.<astSpecialDifficulties_bytes>e__FixedBuffer,资源数据.资源Work商店.<ast特殊Difficultiesbytes>e固定缓冲,Res|Data|Res|Work|Shop|<ast|Special|Difficulties|bytes>e|Fixed|Buffer,Work <ast Difficulties bytes>e
ResData.ResWorkShop,资源数据.资源Work商店,Res|Data|Res|Work|Shop,Work
ResData.ResGameAnchor.<astAcntList_bytes>e__FixedBuffer,资源数据.资源游戏锚点.<ast账号列表bytes>e固定缓冲,Res|Data|Res|Game|Anchor|<ast|Acnt|List|bytes>e|Fixed|Buffer,<ast bytes>e
ResData.ResGameAnchor,资源数据.资源游戏锚点,Res|Data|Res|Game|Anchor,
ResData.ResLivePlatform.<astLivePlatformAnchorTitleIconPaths_bytes>e__FixedBuffer,资源数据.资源Live平台.<astLive平台锚点标题图标路径bytes>e固定缓冲,Res|Data|Res|Live|Platform|<ast|Live|Platform|Anchor|Title|Icon|Paths|bytes>e|Fixed|Buffer,Live <ast Live bytes>e
ResData.ResLivePlatform,资源数据.资源Live平台,Res|Data|Res|Live|Platform,Live
ResData.ResDT_Proj8ActivityStageAwardEntry,资源数据.资源数据表项目8活动阶段奖励入口,Res|Data|Res|DT|Proj|8|Activity|Stage|Award|Entry,
ResData.ResHeroAbility.<szAbilityForShow_bytes>e__FixedBuffer,资源数据.资源英雄能力.<sz能力用于显示bytes>e固定缓冲,Res|Data|Res|Hero|Ability|<sz|Ability|For|Show|bytes>e|Fixed|Buffer,<sz bytes>e
ResData.ResHeroAbility.<szOuterType_bytes>e__FixedBuffer,资源数据.资源英雄能力.<sz外类型bytes>e固定缓冲,Res|Data|Res|Hero|Ability|<sz|Outer|Type|bytes>e|Fixed|Buffer,<sz bytes>e
ResData.ResHeroAbility,资源数据.资源英雄能力,Res|Data|Res|Hero|Ability,
ResData.ResSettleShowHeroParam,资源数据.资源结算显示英雄参数,Res|Data|Res|Settle|Show|Hero|Param,
ResData.ResVideoGuideConf.<astVideoPath_bytes>e__FixedBuffer,资源数据.资源视频引导配置.<ast视频路径bytes>e固定缓冲,Res|Data|Res|Video|Guide|Conf|<ast|Video|Path|bytes>e|Fixed|Buffer,<ast bytes>e
ResData.ResVideoGuideConf,资源数据.资源视频引导配置,Res|Data|Res|Video|Guide|Conf,
ResData.ResTeamRangeParam.<BaseParam_bytes>e__FixedBuffer,资源数据.资源队伍范围参数.<Base参数bytes>e固定缓冲,Res|Data|Res|Team|Range|Param|<Base|Param|bytes>e|Fixed|Buffer,<Base bytes>e
ResData.ResTeamRangeParam.<MaxParam_bytes>e__FixedBuffer,资源数据.资源队伍范围参数.<Max参数bytes>e固定缓冲,Res|Data|Res|Team|Range|Param|<Max|Param|bytes>e|Fixed|Buffer,<Max bytes>e
ResData.ResTeamRangeParam.<MinParam_bytes>e__FixedBuffer,资源数据.资源队伍范围参数.<Min参数bytes>e固定缓冲,Res|Data|Res|Team|Range|Param|<Min|Param|bytes>e|Fixed|Buffer,<Min bytes>e
ResData.ResTeamRangeParam,资源数据.资源队伍范围参数,Res|Data|Res|Team|Range|Param,
ResData.ResAutoChessRankReward.<astRewardDetail_bytes>e__FixedBuffer,资源数据.资源自动棋盘排行奖励.<ast奖励细节bytes>e固定缓冲,Res|Data|Res|Auto|Chess|Rank|Reward|<ast|Reward|Detail|bytes>e|Fixed|Buffer,<ast bytes>e
ResData.ResAutoChessRankReward,资源数据.资源自动棋盘排行奖励,Res|Data|Res|Auto|Chess|Rank|Reward,
ResData.ResChessBountyEntryInfo.<astCost_bytes>e__FixedBuffer,资源数据.资源棋盘Bounty入口信息.<ast消耗bytes>e固定缓冲,Res|Data|Res|Chess|Bounty|Entry|Info|<ast|Cost|bytes>e|Fixed|Buffer,Bounty <ast bytes>e
ResData.ResChessBountyEntryInfo,资源数据.资源棋盘Bounty入口信息,Res|Data|Res|Chess|Bounty|Entry|Info,Bounty
ResData.ResChessBountyBaseRewardInfo.<RankReward_bytes>e__FixedBuffer,资源数据.资源棋盘Bounty基础奖励信息.<Rank奖励bytes>e固定缓冲,Res|Data|Res|Chess|Bounty|Base|Reward|Info|<Rank|Reward|bytes>e|Fixed|Buffer,Bounty <Rank bytes>e
ResData.ResChessBountyBaseRewardInfo,资源数据.资源棋盘Bounty基础奖励信息,Res|Data|Res|Chess|Bounty|Base|Reward|Info,Bounty
ResData.ResDT_ItemRandomGroup.<astRandomInfo_bytes>e__FixedBuffer,资源数据.资源数据表道具随机分组.<ast随机信息bytes>e固定缓冲,Res|Data|Res|DT|Item|Random|Group|<ast|Random|Info|bytes>e|Fixed|Buffer,<ast bytes>e
ResData.ResDT_ItemRandomGroup,资源数据.资源数据表道具随机分组,Res|Data|Res|DT|Item|Random|Group,
ResData.ResProject8DrawItemRoundInfo.<astRuleInfo_bytes>e__FixedBuffer,资源数据.资源项目8抽奖道具圆信息.<ast规则信息bytes>e固定缓冲,Res|Data|Res|Project|8|Draw|Item|Round|Info|<ast|Rule|Info|bytes>e|Fixed|Buffer,<ast bytes>e
ResData.ResProject8DrawItemRoundInfo,资源数据.资源项目8抽奖道具圆信息,Res|Data|Res|Project|8|Draw|Item|Round|Info,
ResData.ResProject8ChestInfo.<astRandomInfo_bytes>e__FixedBuffer,资源数据.资源项目8Chest信息.<ast随机信息bytes>e固定缓冲,Res|Data|Res|Project|8|Chest|Info|<ast|Random|Info|bytes>e|Fixed|Buffer,Chest <ast bytes>e
ResData.ResProject8ChestInfo,资源数据.资源项目8Chest信息,Res|Data|Res|Project|8|Chest|Info,Chest
ResData.ResProject8ShopInfo,资源数据.资源项目8商店信息,Res|Data|Res|Project|8|Shop|Info,
ResData.ResCommReward.<astReward_bytes>e__FixedBuffer,资源数据.资源通信奖励.<ast奖励bytes>e固定缓冲,Res|Data|Res|Comm|Reward|<ast|Reward|bytes>e|Fixed|Buffer,<ast bytes>e
ResData.ResCommReward,资源数据.资源通信奖励,Res|Data|Res|Comm|Reward,
ResData.ResAlbum.<HeroID_bytes>e__FixedBuffer,资源数据.资源相册.<HeroIDbytes>e固定缓冲,Res|Data|Res|Album|<Hero|ID|bytes>e|Fixed|Buffer,<Hero bytes>e
ResData.ResAlbum.<StoryID_bytes>e__FixedBuffer,资源数据.资源相册.<StoryIDbytes>e固定缓冲,Res|Data|Res|Album|<Story|ID|bytes>e|Fixed|Buffer,<Story bytes>e
ResData.ResAlbum,资源数据.资源相册,Res|Data|Res|Album,
ResData.ResAlbumExtra.<astCampDialogue_bytes>e__FixedBuffer,资源数据.资源相册额外.<ast阵营Dialoguebytes>e固定缓冲,Res|Data|Res|Album|Extra|<ast|Camp|Dialogue|bytes>e|Fixed|Buffer,<ast Dialogue bytes>e
ResData.ResAlbumExtra.<astLevel_bytes>e__FixedBuffer,资源数据.资源相册额外.<ast等级bytes>e固定缓冲,Res|Data|Res|Album|Extra|<ast|Level|bytes>e|Fixed|Buffer,<ast bytes>e
ResData.ResAlbumExtra,资源数据.资源相册额外,Res|Data|Res|Album|Extra,
ResData.ResHeroClue.<astMainRelation_bytes>e__FixedBuffer,资源数据.资源英雄Clue.<ast主关系bytes>e固定缓冲,Res|Data|Res|Hero|Clue|<ast|Main|Relation|bytes>e|Fixed|Buffer,Clue <ast bytes>e
ResData.ResHeroClue.<astRelation_bytes>e__FixedBuffer,资源数据.资源英雄Clue.<ast关系bytes>e固定缓冲,Res|Data|Res|Hero|Clue|<ast|Relation|bytes>e|Fixed|Buffer,Clue <ast bytes>e
ResData.ResHeroClue,资源数据.资源英雄Clue,Res|Data|Res|Hero|Clue,Clue
ResData.ResHeroEventArg.<Parm_bytes>e__FixedBuffer,资源数据.资源英雄事件Arg.<Parmbytes>e固定缓冲,Res|Data|Res|Hero|Event|Arg|<Parm|bytes>e|Fixed|Buffer,Arg <Parm bytes>e
ResData.ResHeroEventArg,资源数据.资源英雄事件Arg,Res|Data|Res|Hero|Event|Arg,Arg
ResData.ResHeroEventDialog.<astReply_bytes>e__FixedBuffer,资源数据.资源英雄事件对话.<astReplybytes>e固定缓冲,Res|Data|Res|Hero|Event|Dialog|<ast|Reply|bytes>e|Fixed|Buffer,<ast Reply bytes>e
ResData.ResHeroEventDialog,资源数据.资源英雄事件对话,Res|Data|Res|Hero|Event|Dialog,
ResData.ResHeroEventMemory.<astReply_bytes>e__FixedBuffer,资源数据.资源英雄事件内存.<astReplybytes>e固定缓冲,Res|Data|Res|Hero|Event|Memory|<ast|Reply|bytes>e|Fixed|Buffer,<ast Reply bytes>e
ResData.ResHeroEventMemory,资源数据.资源英雄事件内存,Res|Data|Res|Hero|Event|Memory,
ResData.ResLoadingChatContent.<CustomRandomArgs_bytes>e__FixedBuffer,资源数据.资源加载聊天内容.<Custom随机Argsbytes>e固定缓冲,Res|Data|Res|Loading|Chat|Content|<Custom|Random|Args|bytes>e|Fixed|Buffer,<Custom Args bytes>e
ResData.ResLoadingChatContent,资源数据.资源加载聊天内容,Res|Data|Res|Loading|Chat|Content,
ResData.ResMountEquipInheritInfo.<BuffID_bytes>e__FixedBuffer,资源数据.资源坐骑装备继承信息.<BuffIDbytes>e固定缓冲,Res|Data|Res|Mount|Equip|Inherit|Info|<Buff|ID|bytes>e|Fixed|Buffer,<Buff bytes>e
ResData.ResMountEquipInheritInfo.<PassiveID_bytes>e__FixedBuffer,资源数据.资源坐骑装备继承信息.<PassiveIDbytes>e固定缓冲,Res|Data|Res|Mount|Equip|Inherit|Info|<Passive|ID|bytes>e|Fixed|Buffer,<Passive bytes>e
ResData.ResMountEquipInheritInfo,资源数据.资源坐骑装备继承信息,Res|Data|Res|Mount|Equip|Inherit|Info,
ResData.ResIntimacyLevel.<astBestieMailReward_bytes>e__FixedBuffer,资源数据.资源亲密度等级.<astBestie邮件奖励bytes>e固定缓冲,Res|Data|Res|Intimacy|Level|<ast|Bestie|Mail|Reward|bytes>e|Fixed|Buffer,<ast Bestie bytes>e
ResData.ResIntimacyLevel.<astBroSisMailReward_bytes>e__FixedBuffer,资源数据.资源亲密度等级.<astBroSis邮件奖励bytes>e固定缓冲,Res|Data|Res|Intimacy|Level|<ast|Bro|Sis|Mail|Reward|bytes>e|Fixed|Buffer,<ast Bro Sis bytes>e
ResData.ResIntimacyLevel.<astGayMailReward_bytes>e__FixedBuffer,资源数据.资源亲密度等级.<astGay邮件奖励bytes>e固定缓冲,Res|Data|Res|Intimacy|Level|<ast|Gay|Mail|Reward|bytes>e|Fixed|Buffer,<ast Gay bytes>e
ResData.ResIntimacyLevel.<astIntimacyRewardList_bytes>e__FixedBuffer,资源数据.资源亲密度等级.<ast亲密度奖励列表bytes>e固定缓冲,Res|Data|Res|Intimacy|Level|<ast|Intimacy|Reward|List|bytes>e|Fixed|Buffer,<ast bytes>e
ResData.ResIntimacyLevel.<astLoverMailReward_bytes>e__FixedBuffer,资源数据.资源亲密度等级.<astLover邮件奖励bytes>e固定缓冲,Res|Data|Res|Intimacy|Level|<ast|Lover|Mail|Reward|bytes>e|Fixed|Buffer,<ast Lover bytes>e
ResData.ResIntimacyLevel.<astSidekickMailReward_bytes>e__FixedBuffer,资源数据.资源亲密度等级.<astSidekick邮件奖励bytes>e固定缓冲,Res|Data|Res|Intimacy|Level|<ast|Sidekick|Mail|Reward|bytes>e|Fixed|Buffer,<ast Sidekick bytes>e
ResData.ResIntimacyLevel.<astSisBroMailReward_bytes>e__FixedBuffer,资源数据.资源亲密度等级.<astSisBro邮件奖励bytes>e固定缓冲,Res|Data|Res|Intimacy|Level|<ast|Sis|Bro|Mail|Reward|bytes>e|Fixed|Buffer,<ast Sis Bro bytes>e
ResData.ResIntimacyLevel.<astSisterMailReward_bytes>e__FixedBuffer,资源数据.资源亲密度等级.<astSister邮件奖励bytes>e固定缓冲,Res|Data|Res|Intimacy|Level|<ast|Sister|Mail|Reward|bytes>e|Fixed|Buffer,<ast Sister bytes>e
ResData.ResIntimacyLevel,资源数据.资源亲密度等级,Res|Data|Res|Intimacy|Level,
ResData.ResHeroIDPool.<HeroID_bytes>e__FixedBuffer,资源数据.资源英雄ID池.<HeroIDbytes>e固定缓冲,Res|Data|Res|Hero|ID|Pool|<Hero|ID|bytes>e|Fixed|Buffer,<Hero bytes>e
ResData.ResHeroIDPool,资源数据.资源英雄ID池,Res|Data|Res|Hero|ID|Pool,
ResData.ResSurveyChoice.<astChoices_bytes>e__FixedBuffer,资源数据.资源SurveyChoice.<astChoicesbytes>e固定缓冲,Res|Data|Res|Survey|Choice|<ast|Choices|bytes>e|Fixed|Buffer,Survey Choice <ast Choices bytes>e
ResData.ResSurveyChoice,资源数据.资源SurveyChoice,Res|Data|Res|Survey|Choice,Survey Choice
ResData.ResSurvey.<astQuestions_bytes>e__FixedBuffer,资源数据.资源Survey.<astQuestionsbytes>e固定缓冲,Res|Data|Res|Survey|<ast|Questions|bytes>e|Fixed|Buffer,Survey <ast Questions bytes>e
ResData.ResSurvey,资源数据.资源Survey,Res|Data|Res|Survey,Survey
ResData.ResQuestionnaireRewardConf.<astRewardDetail_bytes>e__FixedBuffer,资源数据.资源Questionnaire奖励配置.<ast奖励细节bytes>e固定缓冲,Res|Data|Res|Questionnaire|Reward|Conf|<ast|Reward|Detail|bytes>e|Fixed|Buffer,Questionnaire <ast bytes>e
ResData.ResQuestionnaireRewardConf,资源数据.资源Questionnaire奖励配置,Res|Data|Res|Questionnaire|Reward|Conf,Questionnaire
ResData.ResSuitRecommend.<RecommendEquipId_bytes>e__FixedBuffer,资源数据.资源套装推荐.<Recommend装备IDbytes>e固定缓冲,Res|Data|Res|Suit|Recommend|<Recommend|Equip|Id|bytes>e|Fixed|Buffer,<Recommend bytes>e
ResData.ResSuitRecommend.<RecommendSymbolId_bytes>e__FixedBuffer,资源数据.资源套装推荐.<Recommend铭文IDbytes>e固定缓冲,Res|Data|Res|Suit|Recommend|<Recommend|Symbol|Id|bytes>e|Fixed|Buffer,<Recommend bytes>e
ResData.ResSuitRecommend,资源数据.资源套装推荐,Res|Data|Res|Suit|Recommend,
ResData.ResYearStoryVideoConfig.<astVideoFragment_bytes>e__FixedBuffer,资源数据.资源年剧情视频配置.<ast视频Fragmentbytes>e固定缓冲,Res|Data|Res|Year|Story|Video|Config|<ast|Video|Fragment|bytes>e|Fixed|Buffer,<ast Fragment bytes>e
ResData.ResYearStoryVideoConfig,资源数据.资源年剧情视频配置,Res|Data|Res|Year|Story|Video|Config,
ResData.ResBreakingNewsDialog.<astChoice_bytes>e__FixedBuffer,资源数据.资源BreakingNews对话.<astChoicebytes>e固定缓冲,Res|Data|Res|Breaking|News|Dialog|<ast|Choice|bytes>e|Fixed|Buffer,Breaking News <ast Choice bytes>e
ResData.ResBreakingNewsDialog,资源数据.资源BreakingNews对话,Res|Data|Res|Breaking|News|Dialog,Breaking News
ResData.ResCompetitionYearStageAward.<astAward_bytes>e__FixedBuffer,资源数据.资源比赛年阶段奖励.<ast奖励bytes>e固定缓冲,Res|Data|Res|Competition|Year|Stage|Award|<ast|Award|bytes>e|Fixed|Buffer,<ast bytes>e
ResData.ResCompetitionYearStageAward,资源数据.资源比赛年阶段奖励,Res|Data|Res|Competition|Year|Stage|Award,
ResData.ResYearStoryEventCondition.<Param_bytes>e__FixedBuffer,资源数据.资源年剧情事件条件.<Parambytes>e固定缓冲,Res|Data|Res|Year|Story|Event|Condition|<Param|bytes>e|Fixed|Buffer,<Param bytes>e
ResData.ResYearStoryEventCondition,资源数据.资源年剧情事件条件,Res|Data|Res|Year|Story|Event|Condition,
ResData.ResSkinShare.<astPrefabName_bytes>e__FixedBuffer,资源数据.资源皮肤共享.<ast预制体名称bytes>e固定缓冲,Res|Data|Res|Skin|Share|<ast|Prefab|Name|bytes>e|Fixed|Buffer,<ast bytes>e
ResData.ResSkinShare,资源数据.资源皮肤共享,Res|Data|Res|Skin|Share,
ResData.ResUgcAwardConf.<astLoseAward_bytes>e__FixedBuffer,资源数据.资源UGC奖励配置.<ast失败奖励bytes>e固定缓冲,Res|Data|Res|Ugc|Award|Conf|<ast|Lose|Award|bytes>e|Fixed|Buffer,<ast bytes>e
ResData.ResUgcAwardConf,资源数据.资源UGC奖励配置,Res|Data|Res|Ugc|Award|Conf,
ResData.ResMapExtraFuncInfo.<GrayParam_bytes>e__FixedBuffer,资源数据.资源地图额外函数信息.<Gray参数bytes>e固定缓冲,Res|Data|Res|Map|Extra|Func|Info|<Gray|Param|bytes>e|Fixed|Buffer,<Gray bytes>e
ResData.ResMapExtraFuncInfo.<astTriggerTask_bytes>e__FixedBuffer,资源数据.资源地图额外函数信息.<ast触发任务bytes>e固定缓冲,Res|Data|Res|Map|Extra|Func|Info|<ast|Trigger|Task|bytes>e|Fixed|Buffer,<ast bytes>e
ResData.ResMapExtraFuncInfo,资源数据.资源地图额外函数信息,Res|Data|Res|Map|Extra|Func|Info,
ResData.ResGlobalFuncOpenTime.<Param_bytes>e__FixedBuffer,资源数据.资源全局函数打开时间.<Parambytes>e固定缓冲,Res|Data|Res|Global|Func|Open|Time|<Param|bytes>e|Fixed|Buffer,<Param bytes>e
ResData.ResGlobalFuncOpenTime,资源数据.资源全局函数打开时间,Res|Data|Res|Global|Func|Open|Time,
ResData.ResUbfMoreInfo,资源数据.资源Ubf更多信息,Res|Data|Res|Ubf|More|Info,Ubf
ResData.ResCommResShop.<PromotionID_bytes>e__FixedBuffer,资源数据.资源通信资源商店.<PromotionIDbytes>e固定缓冲,Res|Data|Res|Comm|Res|Shop|<Promotion|ID|bytes>e|Fixed|Buffer,<Promotion bytes>e
ResData.ResCommResShop,资源数据.资源通信资源商店,Res|Data|Res|Comm|Res|Shop,
ResData.ResCommResPromotion,资源数据.资源通信资源晋级,Res|Data|Res|Comm|Res|Promotion,
ResData.ResHighlightInfo.<FilterHeroCfgID_bytes>e__FixedBuffer,资源数据.资源高亮信息.<Filter英雄配置IDbytes>e固定缓冲,Res|Data|Res|Highlight|Info|<Filter|Hero|Cfg|ID|bytes>e|Fixed|Buffer,<Filter bytes>e
ResData.ResHighlightInfo.<HeroCfgID_bytes>e__FixedBuffer,资源数据.资源高亮信息.<Hero配置IDbytes>e固定缓冲,Res|Data|Res|Highlight|Info|<Hero|Cfg|ID|bytes>e|Fixed|Buffer,<Hero bytes>e
ResData.ResHighlightInfo.<astHighlightDelayTrigger_bytes>e__FixedBuffer,资源数据.资源高亮信息.<ast高亮延迟触发bytes>e固定缓冲,Res|Data|Res|Highlight|Info|<ast|Highlight|Delay|Trigger|bytes>e|Fixed|Buffer,<ast bytes>e
ResData.ResHighlightInfo,资源数据.资源高亮信息,Res|Data|Res|Highlight|Info,
ResData.ResEsportsHighlightInfo.<FilterHeroCfgID_bytes>e__FixedBuffer,资源数据.资源电竞高亮信息.<Filter英雄配置IDbytes>e固定缓冲,Res|Data|Res|Esports|Highlight|Info|<Filter|Hero|Cfg|ID|bytes>e|Fixed|Buffer,<Filter bytes>e
ResData.ResEsportsHighlightInfo.<HeroCfgID_bytes>e__FixedBuffer,资源数据.资源电竞高亮信息.<Hero配置IDbytes>e固定缓冲,Res|Data|Res|Esports|Highlight|Info|<Hero|Cfg|ID|bytes>e|Fixed|Buffer,<Hero bytes>e
ResData.ResEsportsHighlightInfo,资源数据.资源电竞高亮信息,Res|Data|Res|Esports|Highlight|Info,
ResData.ResHighlightExtendParam.<ExtendParam_bytes>e__FixedBuffer,资源数据.资源高亮延长参数.<Extend参数bytes>e固定缓冲,Res|Data|Res|Highlight|Extend|Param|<Extend|Param|bytes>e|Fixed|Buffer,<Extend bytes>e
ResData.ResHighlightExtendParam,资源数据.资源高亮延长参数,Res|Data|Res|Highlight|Extend|Param,
ResData.ResHighlightSkinSpecialEffect.<astSkinEffect_bytes>e__FixedBuffer,资源数据.资源高亮皮肤特殊效果.<ast皮肤效果bytes>e固定缓冲,Res|Data|Res|Highlight|Skin|Special|Effect|<ast|Skin|Effect|bytes>e|Fixed|Buffer,<ast bytes>e
ResData.ResHighlightSkinSpecialEffect,资源数据.资源高亮皮肤特殊效果,Res|Data|Res|Highlight|Skin|Special|Effect,
ResData.ResHighlightCustomParam.<ParamType_bytes>e__FixedBuffer,资源数据.资源高亮自定义参数.<Param类型bytes>e固定缓冲,Res|Data|Res|Highlight|Custom|Param|<Param|Type|bytes>e|Fixed|Buffer,<Param bytes>e
ResData.ResHighlightCustomParam,资源数据.资源高亮自定义参数,Res|Data|Res|Highlight|Custom|Param,
ResData.ResHighlightInfoValidStartTime.<BuffID_bytes>e__FixedBuffer,资源数据.资源高亮信息有效开始时间.<BuffIDbytes>e固定缓冲,Res|Data|Res|Highlight|Info|Valid|Start|Time|<Buff|ID|bytes>e|Fixed|Buffer,<Buff bytes>e
ResData.ResHighlightInfoValidStartTime.<HighlightID_bytes>e__FixedBuffer,资源数据.资源高亮信息有效开始时间.<HighlightIDbytes>e固定缓冲,Res|Data|Res|Highlight|Info|Valid|Start|Time|<Highlight|ID|bytes>e|Fixed|Buffer,<Highlight bytes>e
ResData.ResHighlightInfoValidStartTime,资源数据.资源高亮信息有效开始时间,Res|Data|Res|Highlight|Info|Valid|Start|Time,
ResData.ResHighlightConditionListParam.<ListParam_bytes>e__FixedBuffer,资源数据.资源高亮条件列表参数.<List参数bytes>e固定缓冲,Res|Data|Res|Highlight|Condition|List|Param|<List|Param|bytes>e|Fixed|Buffer,<List bytes>e
ResData.ResHighlightConditionListParam,资源数据.资源高亮条件列表参数,Res|Data|Res|Highlight|Condition|List|Param,
ResData.ResBattleBehavior.<HeroCfgID_bytes>e__FixedBuffer,资源数据.资源战斗行为.<Hero配置IDbytes>e固定缓冲,Res|Data|Res|Battle|Behavior|<Hero|Cfg|ID|bytes>e|Fixed|Buffer,<Hero bytes>e
ResData.ResBattleBehavior.<Param_bytes>e__FixedBuffer,资源数据.资源战斗行为.<Parambytes>e固定缓冲,Res|Data|Res|Battle|Behavior|<Param|bytes>e|Fixed|Buffer,<Param bytes>e
ResData.ResBattleBehavior,资源数据.资源战斗行为,Res|Data|Res|Battle|Behavior,
ResData.ResDT_HeroTrickTrainStepCondition.<astConditionParam_bytes>e__FixedBuffer,资源数据.资源数据表英雄技巧训练步长条件.<ast条件参数bytes>e固定缓冲,Res|Data|Res|DT|Hero|Trick|Train|Step|Condition|<ast|Condition|Param|bytes>e|Fixed|Buffer,<ast bytes>e
ResData.ResDT_HeroTrickTrainStepCondition,资源数据.资源数据表英雄技巧训练步长条件,Res|Data|Res|DT|Hero|Trick|Train|Step|Condition,
ResData.ResHeroTrickTrain.<StepID_bytes>e__FixedBuffer,资源数据.资源英雄技巧训练.<StepIDbytes>e固定缓冲,Res|Data|Res|Hero|Trick|Train|<Step|ID|bytes>e|Fixed|Buffer,<Step bytes>e
ResData.ResHeroTrickTrain,资源数据.资源英雄技巧训练,Res|Data|Res|Hero|Trick|Train,
ResData.ResHeroPracticeLevelInfo.<astPracticeGoalList_bytes>e__FixedBuffer,资源数据.资源英雄练习等级信息.<ast练习目标列表bytes>e固定缓冲,Res|Data|Res|Hero|Practice|Level|Info|<ast|Practice|Goal|List|bytes>e|Fixed|Buffer,<ast bytes>e
ResData.ResHeroPracticeLevelInfo,资源数据.资源英雄练习等级信息,Res|Data|Res|Hero|Practice|Level|Info,
ResData.ResHeroPracticeAccumulateRewardInfo.<astPracticeRewardList_bytes>e__FixedBuffer,资源数据.资源英雄练习累积奖励信息.<ast练习奖励列表bytes>e固定缓冲,Res|Data|Res|Hero|Practice|Accumulate|Reward|Info|<ast|Practice|Reward|List|bytes>e|Fixed|Buffer,<ast bytes>e
ResData.ResHeroPracticeAccumulateRewardInfo,资源数据.资源英雄练习累积奖励信息,Res|Data|Res|Hero|Practice|Accumulate|Reward|Info,
ResData.ResCampHeroTips.<astTipsContent_bytes>e__FixedBuffer,资源数据.资源阵营英雄提示.<ast提示内容bytes>e固定缓冲,Res|Data|Res|Camp|Hero|Tips|<ast|Tips|Content|bytes>e|Fixed|Buffer,<ast bytes>e
ResData.ResCampHeroTips,资源数据.资源阵营英雄提示,Res|Data|Res|Camp|Hero|Tips,
ResData.ResHeroPracticeCampInfo.<astHeroList_bytes>e__FixedBuffer,资源数据.资源英雄练习阵营信息.<ast英雄列表bytes>e固定缓冲,Res|Data|Res|Hero|Practice|Camp|Info|<ast|Hero|List|bytes>e|Fixed|Buffer,<ast bytes>e
ResData.ResHeroPracticeCampInfo,资源数据.资源英雄练习阵营信息,Res|Data|Res|Hero|Practice|Camp|Info,
ResData.ResDT_AIInstructionFinishCondition.<Param_bytes>e__FixedBuffer,资源数据.资源数据表AI说明结束条件.<Parambytes>e固定缓冲,Res|Data|Res|DT|AI|Instruction|Finish|Condition|<Param|bytes>e|Fixed|Buffer,<Param bytes>e
ResData.ResDT_AIInstructionFinishCondition,资源数据.资源数据表AI说明结束条件,Res|Data|Res|DT|AI|Instruction|Finish|Condition,
ResData.ResEmojiPkgInfo.<EmojiParam_bytes>e__FixedBuffer,资源数据.资源表情Pkg信息.<Emoji参数bytes>e固定缓冲,Res|Data|Res|Emoji|Pkg|Info|<Emoji|Param|bytes>e|Fixed|Buffer,Pkg <Emoji bytes>e
ResData.ResEmojiPkgInfo,资源数据.资源表情Pkg信息,Res|Data|Res|Emoji|Pkg|Info,Pkg
ResData.ResSeasonHonorRoadConf.<astRewardInfo_bytes>e__FixedBuffer,资源数据.资源赛季荣誉道路配置.<ast奖励信息bytes>e固定缓冲,Res|Data|Res|Season|Honor|Road|Conf|<ast|Reward|Info|bytes>e|Fixed|Buffer,<ast bytes>e
ResData.ResSeasonHonorRoadConf,资源数据.资源赛季荣誉道路配置,Res|Data|Res|Season|Honor|Road|Conf,
ResData.ResSeasonHonorRoadAccumuExtraRewardLevelConf,资源数据.资源赛季荣誉道路Accumu额外奖励等级配置,Res|Data|Res|Season|Honor|Road|Accumu|Extra|Reward|Level|Conf,Accumu
ResData.ResSeasonHonorRoadAccumuExtraRewardConf.<astRewardInfo_bytes>e__FixedBuffer,资源数据.资源赛季荣誉道路Accumu额外奖励配置.<ast奖励信息bytes>e固定缓冲,Res|Data|Res|Season|Honor|Road|Accumu|Extra|Reward|Conf|<ast|Reward|Info|bytes>e|Fixed|Buffer,Accumu <ast bytes>e
ResData.ResSeasonHonorRoadAccumuExtraRewardConf,资源数据.资源赛季荣誉道路Accumu额外奖励配置,Res|Data|Res|Season|Honor|Road|Accumu|Extra|Reward|Conf,Accumu
ResData.ResDeviceSOCDefaultQualityConf,资源数据.资源设备SOC默认品质配置,Res|Data|Res|Device|SOC|Default|Quality|Conf,SOC
ResData.ResDeviceModelDefaultQualityConf,资源数据.资源设备模型默认品质配置,Res|Data|Res|Device|Model|Default|Quality|Conf,
ResData.ResWealFund,资源数据.资源福利Fund,Res|Data|Res|Weal|Fund,Fund
ResData.ResHeroShowVibrationInfo.<astVibrationInfo_bytes>e__FixedBuffer,资源数据.资源英雄显示震动信息.<ast震动信息bytes>e固定缓冲,Res|Data|Res|Hero|Show|Vibration|Info|<ast|Vibration|Info|bytes>e|Fixed|Buffer,<ast bytes>e
ResData.ResHeroShowVibrationInfo,资源数据.资源英雄显示震动信息,Res|Data|Res|Hero|Show|Vibration|Info,
ResData.ResSkyScreen.<BindHeroSkinID_bytes>e__FixedBuffer,资源数据.资源Sky屏幕.<Bind英雄皮肤IDbytes>e固定缓冲,Res|Data|Res|Sky|Screen|<Bind|Hero|Skin|ID|bytes>e|Fixed|Buffer,Sky <Bind bytes>e
ResData.ResSkyScreen,资源数据.资源Sky屏幕,Res|Data|Res|Sky|Screen,Sky
ResData.ResPickEffect,资源数据.资源拾取效果,Res|Data|Res|Pick|Effect,
ResData.ResSkinBookInfo.<szSkinCollectionQualityTabs_bytes>e__FixedBuffer,资源数据.资源皮肤Book信息.<sz皮肤收集品质Tabsbytes>e固定缓冲,Res|Data|Res|Skin|Book|Info|<sz|Skin|Collection|Quality|Tabs|bytes>e|Fixed|Buffer,Book <sz Tabs bytes>e
ResData.ResSkinBookInfo,资源数据.资源皮肤Book信息,Res|Data|Res|Skin|Book|Info,Book
ResData.ResIncomeAssistAllocRule.<Params_bytes>e__FixedBuffer,资源数据.资源收益助攻Alloc规则.<Paramsbytes>e固定缓冲,Res|Data|Res|Income|Assist|Alloc|Rule|<Params|bytes>e|Fixed|Buffer,Alloc <Params bytes>e
ResData.ResIncomeAssistAllocRule,资源数据.资源收益助攻Alloc规则,Res|Data|Res|Income|Assist|Alloc|Rule,Alloc
ResData.ResHeroPreSettingRule.<BanBranchType_bytes>e__FixedBuffer,资源数据.资源英雄预设置规则.<Ban分支类型bytes>e固定缓冲,Res|Data|Res|Hero|Pre|Setting|Rule|<Ban|Branch|Type|bytes>e|Fixed|Buffer,<Ban bytes>e
ResData.ResHeroPreSettingRule.<astUniqueMap_bytes>e__FixedBuffer,资源数据.资源英雄预设置规则.<ast唯一地图bytes>e固定缓冲,Res|Data|Res|Hero|Pre|Setting|Rule|<ast|Unique|Map|bytes>e|Fixed|Buffer,<ast bytes>e
ResData.ResHeroPreSettingRule,资源数据.资源英雄预设置规则,Res|Data|Res|Hero|Pre|Setting|Rule,
ResData.ResMapCommonCond.<astCoinInfo_bytes>e__FixedBuffer,资源数据.资源地图通用条件.<ast金币信息bytes>e固定缓冲,Res|Data|Res|Map|Common|Cond|<ast|Coin|Info|bytes>e|Fixed|Buffer,<ast bytes>e
ResData.ResMapCommonCond,资源数据.资源地图通用条件,Res|Data|Res|Map|Common|Cond,
ResData.ResWishAssistStep.<Step_bytes>e__FixedBuffer,资源数据.资源心愿助攻步长.<Stepbytes>e固定缓冲,Res|Data|Res|Wish|Assist|Step|<Step|bytes>e|Fixed|Buffer,<Step bytes>e
ResData.ResWishAssistStep,资源数据.资源心愿助攻步长,Res|Data|Res|Wish|Assist|Step,
ResData.ResDT_AdditionReward,资源数据.资源数据表附加奖励,Res|Data|Res|DT|Addition|Reward,
ResData.ResGrowthBadgeExpSkin.<ExpSkinList_bytes>e__FixedBuffer,资源数据.资源成长徽章经验皮肤.<Exp皮肤列表bytes>e固定缓冲,Res|Data|Res|Growth|Badge|Exp|Skin|<Exp|Skin|List|bytes>e|Fixed|Buffer,<Exp bytes>e
ResData.ResGrowthBadgeExpSkin,资源数据.资源成长徽章经验皮肤,Res|Data|Res|Growth|Badge|Exp|Skin,
ResData.ChatAdCodeConf.<AdcodeList_bytes>e__FixedBuffer,资源数据.聊天物理码配置.<Adcode列表bytes>e固定缓冲,Res|Data|Chat|Ad|Code|Conf|<Adcode|List|bytes>e|Fixed|Buffer,<Adcode bytes>e
ResData.ChatAdCodeConf,资源数据.聊天物理码配置,Res|Data|Chat|Ad|Code|Conf,
ResData.ResDT_LocWeights.<astWeights_bytes>e__FixedBuffer,资源数据.资源数据表位置Weights.<astWeightsbytes>e固定缓冲,Res|Data|Res|DT|Loc|Weights|<ast|Weights|bytes>e|Fixed|Buffer,Weights <ast Weights bytes>e
ResData.ResDT_LocWeights,资源数据.资源数据表位置Weights,Res|Data|Res|DT|Loc|Weights,Weights
ResData.ResItemMakingInfo.<astMakingItems_bytes>e__FixedBuffer,资源数据.资源道具制作信息.<ast制作Itemsbytes>e固定缓冲,Res|Data|Res|Item|Making|Info|<ast|Making|Items|bytes>e|Fixed|Buffer,<ast Items bytes>e
ResData.ResItemMakingInfo,资源数据.资源道具制作信息,Res|Data|Res|Item|Making|Info,
ResData.ResTreasureInsureRefInfo.<astZoneWeights_bytes>e__FixedBuffer,资源数据.资源宝藏Insure引用信息.<ast区域Weightsbytes>e固定缓冲,Res|Data|Res|Treasure|Insure|Ref|Info|<ast|Zone|Weights|bytes>e|Fixed|Buffer,Insure <ast Weights bytes>e
ResData.ResTreasureInsureRefInfo,资源数据.资源宝藏Insure引用信息,Res|Data|Res|Treasure|Insure|Ref|Info,Insure
ResData.ResBattleUIBlockConfig.<astPrefabNodePath_bytes>e__FixedBuffer,资源数据.资源战斗UI阻挡配置.<ast预制体节点路径bytes>e固定缓冲,Res|Data|Res|Battle|UI|Block|Config|<ast|Prefab|Node|Path|bytes>e|Fixed|Buffer,<ast bytes>e
ResData.ResBattleUIBlockConfig,资源数据.资源战斗UI阻挡配置,Res|Data|Res|Battle|UI|Block|Config,
ResData.ResTeamFightForbidHero.<HeroCfgID_bytes>e__FixedBuffer,资源数据.资源队伍战斗禁止英雄.<Hero配置IDbytes>e固定缓冲,Res|Data|Res|Team|Fight|Forbid|Hero|<Hero|Cfg|ID|bytes>e|Fixed|Buffer,<Hero bytes>e
ResData.ResTeamFightForbidHero,资源数据.资源队伍战斗禁止英雄,Res|Data|Res|Team|Fight|Forbid|Hero,
ResData.ResCustomStatusUnlockCond.<CondParam_bytes>e__FixedBuffer,资源数据.资源自定义状态解锁条件.<Cond参数bytes>e固定缓冲,Res|Data|Res|Custom|Status|Unlock|Cond|<Cond|Param|bytes>e|Fixed|Buffer,<Cond bytes>e
ResData.ResCustomStatusUnlockCond,资源数据.资源自定义状态解锁条件,Res|Data|Res|Custom|Status|Unlock|Cond,
ResData.ResSkinKolFeature,资源数据.资源皮肤KOL特性,Res|Data|Res|Skin|Kol|Feature,
ResData.ResHintTriggerCond.<astCond_bytes>e__FixedBuffer,资源数据.资源Hint触发条件.<ast条件bytes>e固定缓冲,Res|Data|Res|Hint|Trigger|Cond|<ast|Cond|bytes>e|Fixed|Buffer,Hint <ast bytes>e
ResData.ResHintTriggerCond,资源数据.资源Hint触发条件,Res|Data|Res|Hint|Trigger|Cond,Hint
ResData.ResRandomRewardDiscountCfg.<astRewardDetail_bytes>e__FixedBuffer,资源数据.资源随机奖励折扣配置.<ast奖励细节bytes>e固定缓冲,Res|Data|Res|Random|Reward|Discount|Cfg|<ast|Reward|Detail|bytes>e|Fixed|Buffer,<ast bytes>e
ResData.ResRandomRewardDiscountCfg,资源数据.资源随机奖励折扣配置,Res|Data|Res|Random|Reward|Discount|Cfg,
ResData.ResAfterGameInteractionCfg.<astConditionList_bytes>e__FixedBuffer,资源数据.资源之后游戏交互配置.<ast条件列表bytes>e固定缓冲,Res|Data|Res|After|Game|Interaction|Cfg|<ast|Condition|List|bytes>e|Fixed|Buffer,<ast bytes>e
ResData.ResAfterGameInteractionCfg,资源数据.资源之后游戏交互配置,Res|Data|Res|After|Game|Interaction|Cfg,
ResData.ResThumbsUpCfg.<astConditionList_bytes>e__FixedBuffer,资源数据.资源Thumbs上配置.<ast条件列表bytes>e固定缓冲,Res|Data|Res|Thumbs|Up|Cfg|<ast|Condition|List|bytes>e|Fixed|Buffer,Thumbs <ast bytes>e
ResData.ResThumbsUpCfg,资源数据.资源Thumbs上配置,Res|Data|Res|Thumbs|Up|Cfg,Thumbs
ResData.ResCollectorNameCondition.<CondParam_bytes>e__FixedBuffer,资源数据.资源Collector名称条件.<Cond参数bytes>e固定缓冲,Res|Data|Res|Collector|Name|Condition|<Cond|Param|bytes>e|Fixed|Buffer,Collector <Cond bytes>e
ResData.ResCollectorNameCondition,资源数据.资源Collector名称条件,Res|Data|Res|Collector|Name|Condition,Collector
ResData.ResHerosCollector.<HerosID_bytes>e__FixedBuffer,资源数据.资源HerosCollector.<HerosIDbytes>e固定缓冲,Res|Data|Res|Heros|Collector|<Heros|ID|bytes>e|Fixed|Buffer,Heros Collector <Heros bytes>e
ResData.ResHerosCollector,资源数据.资源HerosCollector,Res|Data|Res|Heros|Collector,Heros Collector
ResData.ResHeroTrainingTargetInfo.<JumpParm_bytes>e__FixedBuffer,资源数据.资源英雄训练目标信息.<JumpParmbytes>e固定缓冲,Res|Data|Res|Hero|Training|Target|Info|<Jump|Parm|bytes>e|Fixed|Buffer,<Jump Parm bytes>e
ResData.ResHeroTrainingTargetInfo.<Parm_bytes>e__FixedBuffer,资源数据.资源英雄训练目标信息.<Parmbytes>e固定缓冲,Res|Data|Res|Hero|Training|Target|Info|<Parm|bytes>e|Fixed|Buffer,<Parm bytes>e
ResData.ResHeroTrainingTargetInfo.<astAwardList_bytes>e__FixedBuffer,资源数据.资源英雄训练目标信息.<ast奖励列表bytes>e固定缓冲,Res|Data|Res|Hero|Training|Target|Info|<ast|Award|List|bytes>e|Fixed|Buffer,<ast bytes>e
ResData.ResHeroTrainingTargetInfo,资源数据.资源英雄训练目标信息,Res|Data|Res|Hero|Training|Target|Info,
ResData.ResHeroTrainingLevelFinishRewardInfo.<astAwardList_bytes>e__FixedBuffer,资源数据.资源英雄训练等级结束奖励信息.<ast奖励列表bytes>e固定缓冲,Res|Data|Res|Hero|Training|Level|Finish|Reward|Info|<ast|Award|List|bytes>e|Fixed|Buffer,<ast bytes>e
ResData.ResHeroTrainingLevelFinishRewardInfo,资源数据.资源英雄训练等级结束奖励信息,Res|Data|Res|Hero|Training|Level|Finish|Reward|Info,
ResData.ResHeroPracticeSuitConf.<RecommendEquipId_bytes>e__FixedBuffer,资源数据.资源英雄练习套装配置.<Recommend装备IDbytes>e固定缓冲,Res|Data|Res|Hero|Practice|Suit|Conf|<Recommend|Equip|Id|bytes>e|Fixed|Buffer,<Recommend bytes>e
ResData.ResHeroPracticeSuitConf.<RecommendSymbolId_bytes>e__FixedBuffer,资源数据.资源英雄练习套装配置.<Recommend铭文IDbytes>e固定缓冲,Res|Data|Res|Hero|Practice|Suit|Conf|<Recommend|Symbol|Id|bytes>e|Fixed|Buffer,<Recommend bytes>e
ResData.ResHeroPracticeSuitConf,资源数据.资源英雄练习套装配置,Res|Data|Res|Hero|Practice|Suit|Conf,
ResData.ResHeroPracticeOneSkillCombo.<astFriendlyPuppetPos_bytes>e__FixedBuffer,资源数据.资源英雄练习一技能连击.<ast友方傀儡位置bytes>e固定缓冲,Res|Data|Res|Hero|Practice|One|Skill|Combo|<ast|Friendly|Puppet|Pos|bytes>e|Fixed|Buffer,<ast bytes>e
ResData.ResHeroPracticeOneSkillCombo.<astHostilePuppetPos_bytes>e__FixedBuffer,资源数据.资源英雄练习一技能连击.<astHostile傀儡位置bytes>e固定缓冲,Res|Data|Res|Hero|Practice|One|Skill|Combo|<ast|Hostile|Puppet|Pos|bytes>e|Fixed|Buffer,<ast Hostile bytes>e
ResData.ResHeroPracticeOneSkillCombo,资源数据.资源英雄练习一技能连击,Res|Data|Res|Hero|Practice|One|Skill|Combo,
ResData.ResSkinDistribution.<astDistributionItemList_bytes>e__FixedBuffer,资源数据.资源皮肤Distribution.<astDistribution道具列表bytes>e固定缓冲,Res|Data|Res|Skin|Distribution|<ast|Distribution|Item|List|bytes>e|Fixed|Buffer,Distribution <ast Distribution bytes>e
ResData.ResSkinDistribution,资源数据.资源皮肤Distribution,Res|Data|Res|Skin|Distribution,Distribution
ResData.ResDT_NewHeroTarget.<ConditionParam_bytes>e__FixedBuffer,资源数据.资源数据表新英雄目标.<Condition参数bytes>e固定缓冲,Res|Data|Res|DT|New|Hero|Target|<Condition|Param|bytes>e|Fixed|Buffer,<Condition bytes>e
ResData.ResDT_NewHeroTarget,资源数据.资源数据表新英雄目标,Res|Data|Res|DT|New|Hero|Target,
ResData.ResNewHeroPracticeHeroInfo.<EnemyHeroID_bytes>e__FixedBuffer,资源数据.资源新英雄练习英雄信息.<Enemy英雄IDbytes>e固定缓冲,Res|Data|Res|New|Hero|Practice|Hero|Info|<Enemy|Hero|ID|bytes>e|Fixed|Buffer,<Enemy bytes>e
ResData.ResNewHeroPracticeHeroInfo.<FriendlyHeroID_bytes>e__FixedBuffer,资源数据.资源新英雄练习英雄信息.<Friendly英雄IDbytes>e固定缓冲,Res|Data|Res|New|Hero|Practice|Hero|Info|<Friendly|Hero|ID|bytes>e|Fixed|Buffer,<Friendly bytes>e
ResData.ResNewHeroPracticeHeroInfo.<LobbyTaskID_bytes>e__FixedBuffer,资源数据.资源新英雄练习英雄信息.<Lobby任务IDbytes>e固定缓冲,Res|Data|Res|New|Hero|Practice|Hero|Info|<Lobby|Task|ID|bytes>e|Fixed|Buffer,<Lobby bytes>e
ResData.ResNewHeroPracticeHeroInfo.<TaskID_bytes>e__FixedBuffer,资源数据.资源新英雄练习英雄信息.<TaskIDbytes>e固定缓冲,Res|Data|Res|New|Hero|Practice|Hero|Info|<Task|ID|bytes>e|Fixed|Buffer,<Task bytes>e
ResData.ResNewHeroPracticeHeroInfo,资源数据.资源新英雄练习英雄信息,Res|Data|Res|New|Hero|Practice|Hero|Info,
ResData.ResNewHeroPracticeLobbyInfo.<astAwardList_bytes>e__FixedBuffer,资源数据.资源新英雄练习大厅信息.<ast奖励列表bytes>e固定缓冲,Res|Data|Res|New|Hero|Practice|Lobby|Info|<ast|Award|List|bytes>e|Fixed|Buffer,<ast bytes>e
ResData.ResNewHeroPracticeLobbyInfo,资源数据.资源新英雄练习大厅信息,Res|Data|Res|New|Hero|Practice|Lobby|Info,
ResData.ResHeroPracticeCourtAIHeroPool.<SkinID_bytes>e__FixedBuffer,资源数据.资源英雄练习CourtAI英雄池.<SkinIDbytes>e固定缓冲,Res|Data|Res|Hero|Practice|Court|AI|Hero|Pool|<Skin|ID|bytes>e|Fixed|Buffer,Court <Skin bytes>e
ResData.ResHeroPracticeCourtAIHeroPool,资源数据.资源英雄练习CourtAI英雄池,Res|Data|Res|Hero|Practice|Court|AI|Hero|Pool,Court
ResData.ResHeroPracticeLobbyCfg.<astCombo_bytes>e__FixedBuffer,资源数据.资源英雄练习大厅配置.<ast连击bytes>e固定缓冲,Res|Data|Res|Hero|Practice|Lobby|Cfg|<ast|Combo|bytes>e|Fixed|Buffer,<ast bytes>e
ResData.ResHeroPracticeLobbyCfg.<astSimulative_bytes>e__FixedBuffer,资源数据.资源英雄练习大厅配置.<astSimulativebytes>e固定缓冲,Res|Data|Res|Hero|Practice|Lobby|Cfg|<ast|Simulative|bytes>e|Fixed|Buffer,<ast Simulative bytes>e
ResData.ResHeroPracticeLobbyCfg,资源数据.资源英雄练习大厅配置,Res|Data|Res|Hero|Practice|Lobby|Cfg,
ResData.ResHeroPracticeNewHeroLoadingCfg.<astLoadingText_bytes>e__FixedBuffer,资源数据.资源英雄练习新英雄加载配置.<ast加载文本bytes>e固定缓冲,Res|Data|Res|Hero|Practice|New|Hero|Loading|Cfg|<ast|Loading|Text|bytes>e|Fixed|Buffer,<ast bytes>e
ResData.ResHeroPracticeNewHeroLoadingCfg,资源数据.资源英雄练习新英雄加载配置,Res|Data|Res|Hero|Practice|New|Hero|Loading|Cfg,
ResData.ResNationalTips.<astConditions_bytes>e__FixedBuffer,资源数据.资源全国提示.<astConditionsbytes>e固定缓冲,Res|Data|Res|National|Tips|<ast|Conditions|bytes>e|Fixed|Buffer,<ast Conditions bytes>e
ResData.ResNationalTips,资源数据.资源全国提示,Res|Data|Res|National|Tips,
ResData.ResHeroPracticePerformerHeroConf.<EnemyHeroID_bytes>e__FixedBuffer,资源数据.资源英雄练习Performer英雄配置.<Enemy英雄IDbytes>e固定缓冲,Res|Data|Res|Hero|Practice|Performer|Hero|Conf|<Enemy|Hero|ID|bytes>e|Fixed|Buffer,Performer <Enemy bytes>e
ResData.ResHeroPracticePerformerHeroConf.<FriendlyHeroID_bytes>e__FixedBuffer,资源数据.资源英雄练习Performer英雄配置.<Friendly英雄IDbytes>e固定缓冲,Res|Data|Res|Hero|Practice|Performer|Hero|Conf|<Friendly|Hero|ID|bytes>e|Fixed|Buffer,Performer <Friendly bytes>e
ResData.ResHeroPracticePerformerHeroConf.<astComboStop_bytes>e__FixedBuffer,资源数据.资源英雄练习Performer英雄配置.<ast连击停止bytes>e固定缓冲,Res|Data|Res|Hero|Practice|Performer|Hero|Conf|<ast|Combo|Stop|bytes>e|Fixed|Buffer,Performer <ast bytes>e
ResData.ResHeroPracticePerformerHeroConf,资源数据.资源英雄练习Performer英雄配置,Res|Data|Res|Hero|Practice|Performer|Hero|Conf,Performer
ResData.ResSituationalChallengeInfo.<MaxAbilityValue_bytes>e__FixedBuffer,资源数据.资源Situational挑战信息.<Max能力值bytes>e固定缓冲,Res|Data|Res|Situational|Challenge|Info|<Max|Ability|Value|bytes>e|Fixed|Buffer,Situational <Max bytes>e
ResData.ResSituationalChallengeInfo.<astPicPath_bytes>e__FixedBuffer,资源数据.资源Situational挑战信息.<ast图片路径bytes>e固定缓冲,Res|Data|Res|Situational|Challenge|Info|<ast|Pic|Path|bytes>e|Fixed|Buffer,Situational <ast bytes>e
ResData.ResSituationalChallengeInfo,资源数据.资源Situational挑战信息,Res|Data|Res|Situational|Challenge|Info,Situational
ResData.ResTxtTmplt.<SuggestTriggerIDs_bytes>e__FixedBuffer,资源数据.资源文本Tmplt.<Suggest触发IDbytes>e固定缓冲,Res|Data|Res|Txt|Tmplt|<Suggest|Trigger|IDs|bytes>e|Fixed|Buffer,Tmplt <Suggest bytes>e
ResData.ResTxtTmplt,资源数据.资源文本Tmplt,Res|Data|Res|Txt|Tmplt,Tmplt
ResData.ResInteractionEffect.<ConditionParams_bytes>e__FixedBuffer,资源数据.资源交互效果.<Condition参数bytes>e固定缓冲,Res|Data|Res|Interaction|Effect|<Condition|Params|bytes>e|Fixed|Buffer,<Condition bytes>e
ResData.ResInteractionEffect.<EffectParams_bytes>e__FixedBuffer,资源数据.资源交互效果.<Effect参数bytes>e固定缓冲,Res|Data|Res|Interaction|Effect|<Effect|Params|bytes>e|Fixed|Buffer,<Effect bytes>e
ResData.ResInteractionEffect.<ObjectParams_bytes>e__FixedBuffer,资源数据.资源交互效果.<Object参数bytes>e固定缓冲,Res|Data|Res|Interaction|Effect|<Object|Params|bytes>e|Fixed|Buffer,<Object bytes>e
ResData.ResInteractionEffect,资源数据.资源交互效果,Res|Data|Res|Interaction|Effect,
ResData.ResSkillBattlePreview.<astAgeInfo_bytes>e__FixedBuffer,资源数据.资源技能战斗预览.<ast推进信息bytes>e固定缓冲,Res|Data|Res|Skill|Battle|Preview|<ast|Age|Info|bytes>e|Fixed|Buffer,<ast bytes>e
ResData.ResSkillBattlePreview,资源数据.资源技能战斗预览,Res|Data|Res|Skill|Battle|Preview,
ResData.ResBattlePreviewModelReplace.<astModelResReplacePaths_bytes>e__FixedBuffer,资源数据.资源战斗预览模型替换.<ast模型资源替换路径bytes>e固定缓冲,Res|Data|Res|Battle|Preview|Model|Replace|<ast|Model|Res|Replace|Paths|bytes>e|Fixed|Buffer,<ast bytes>e
ResData.ResBattlePreviewModelReplace,资源数据.资源战斗预览模型替换,Res|Data|Res|Battle|Preview|Model|Replace,
ResData.ResSkillQTE.<OpParam_bytes>e__FixedBuffer,资源数据.资源技能QTE.<Op参数bytes>e固定缓冲,Res|Data|Res|Skill|QTE|<Op|Param|bytes>e|Fixed|Buffer,QTE <Op bytes>e
ResData.ResSkillQTE.<astStepOpTips_bytes>e__FixedBuffer,资源数据.资源技能QTE.<ast步长操作提示bytes>e固定缓冲,Res|Data|Res|Skill|QTE|<ast|Step|Op|Tips|bytes>e|Fixed|Buffer,QTE <ast bytes>e
ResData.ResSkillQTE,资源数据.资源技能QTE,Res|Data|Res|Skill|QTE,QTE
ResData.ResFriendExperienceMilestoneCfg.<Params_bytes>e__FixedBuffer,资源数据.资源友方经验里程碑配置.<Paramsbytes>e固定缓冲,Res|Data|Res|Friend|Experience|Milestone|Cfg|<Params|bytes>e|Fixed|Buffer,<Params bytes>e
ResData.ResFriendExperienceMilestoneCfg,资源数据.资源友方经验里程碑配置,Res|Data|Res|Friend|Experience|Milestone|Cfg,
ResData.ResMasterMatchZoneConf.<astLevelActTime_bytes>e__FixedBuffer,资源数据.资源主匹配区域配置.<ast等级活动时间bytes>e固定缓冲,Res|Data|Res|Master|Match|Zone|Conf|<ast|Level|Act|Time|bytes>e|Fixed|Buffer,<ast bytes>e
ResData.ResMasterMatchZoneConf,资源数据.资源主匹配区域配置,Res|Data|Res|Master|Match|Zone|Conf,
ResData.ResCanyonWikiMapConf,资源数据.资源峡谷Wiki地图配置,Res|Data|Res|Canyon|Wiki|Map|Conf,Wiki
ResData.ResCanyonWikiMapBranchConf,资源数据.资源峡谷Wiki地图分支配置,Res|Data|Res|Canyon|Wiki|Map|Branch|Conf,Wiki
ResData.ResCanyonWikiMapTimingConf,资源数据.资源峡谷Wiki地图时机配置,Res|Data|Res|Canyon|Wiki|Map|Timing|Conf,Wiki
ResData.ResCanyonWikiMapEffectConf,资源数据.资源峡谷Wiki地图效果配置,Res|Data|Res|Canyon|Wiki|Map|Effect|Conf,Wiki
ResData.ResShareNationChannelCfg.<szInviteChannels_bytes>e__FixedBuffer,资源数据.资源共享国家频道配置.<sz邀请频道bytes>e固定缓冲,Res|Data|Res|Share|Nation|Channel|Cfg|<sz|Invite|Channels|bytes>e|Fixed|Buffer,<sz bytes>e
ResData.ResShareNationChannelCfg.<szLinkChannels_bytes>e__FixedBuffer,资源数据.资源共享国家频道配置.<sz链接频道bytes>e固定缓冲,Res|Data|Res|Share|Nation|Channel|Cfg|<sz|Link|Channels|bytes>e|Fixed|Buffer,<sz bytes>e
ResData.ResShareNationChannelCfg.<szPictureChannels_bytes>e__FixedBuffer,资源数据.资源共享国家频道配置.<szPicture频道bytes>e固定缓冲,Res|Data|Res|Share|Nation|Channel|Cfg|<sz|Picture|Channels|bytes>e|Fixed|Buffer,<sz Picture bytes>e
ResData.ResShareNationChannelCfg.<szTextChannels_bytes>e__FixedBuffer,资源数据.资源共享国家频道配置.<sz文本频道bytes>e固定缓冲,Res|Data|Res|Share|Nation|Channel|Cfg|<sz|Text|Channels|bytes>e|Fixed|Buffer,<sz bytes>e
ResData.ResShareNationChannelCfg.<szVideoChannels_bytes>e__FixedBuffer,资源数据.资源共享国家频道配置.<sz视频频道bytes>e固定缓冲,Res|Data|Res|Share|Nation|Channel|Cfg|<sz|Video|Channels|bytes>e|Fixed|Buffer,<sz bytes>e
ResData.ResShareNationChannelCfg,资源数据.资源共享国家频道配置,Res|Data|Res|Share|Nation|Channel|Cfg,
ResData.ResChatEmojiCfg.<astPictures_bytes>e__FixedBuffer,资源数据.资源聊天表情配置.<astPicturesbytes>e固定缓冲,Res|Data|Res|Chat|Emoji|Cfg|<ast|Pictures|bytes>e|Fixed|Buffer,<ast Pictures bytes>e
ResData.ResChatEmojiCfg,资源数据.资源聊天表情配置,Res|Data|Res|Chat|Emoji|Cfg,
ResData.ResGlobalChatCharConf.<Language_bytes>e__FixedBuffer,资源数据.资源全局聊天Char配置.<Languagebytes>e固定缓冲,Res|Data|Res|Global|Chat|Char|Conf|<Language|bytes>e|Fixed|Buffer,Char <Language bytes>e
ResData.ResGlobalChatCharConf,资源数据.资源全局聊天Char配置,Res|Data|Res|Global|Chat|Char|Conf,Char
ResData.ChatHighLightCfg.<EventArgs_bytes>e__FixedBuffer,资源数据.聊天高光配置.<EventArgsbytes>e固定缓冲,Res|Data|Chat|High|Light|Cfg|<Event|Args|bytes>e|Fixed|Buffer,<Event Args bytes>e
ResData.ChatHighLightCfg.<EventType_bytes>e__FixedBuffer,资源数据.聊天高光配置.<Event类型bytes>e固定缓冲,Res|Data|Chat|High|Light|Cfg|<Event|Type|bytes>e|Fixed|Buffer,<Event bytes>e
ResData.ChatHighLightCfg,资源数据.聊天高光配置,Res|Data|Chat|High|Light|Cfg,
ResData.ResCommonReportCfg.<szReportTypeList_bytes>e__FixedBuffer,资源数据.资源通用举报配置.<sz举报类型列表bytes>e固定缓冲,Res|Data|Res|Common|Report|Cfg|<sz|Report|Type|List|bytes>e|Fixed|Buffer,<sz bytes>e
ResData.ResCommonReportCfg,资源数据.资源通用举报配置,Res|Data|Res|Common|Report|Cfg,
ResData.ResReportTypeCfg.<astChildReportOptionList_bytes>e__FixedBuffer,资源数据.资源举报类型配置.<ast子级举报Option列表bytes>e固定缓冲,Res|Data|Res|Report|Type|Cfg|<ast|Child|Report|Option|List|bytes>e|Fixed|Buffer,<ast Option bytes>e
ResData.ResReportTypeCfg,资源数据.资源举报类型配置,Res|Data|Res|Report|Type|Cfg,
ResData.ResTeachingLevelConf.<astRefKnowledgeInfo_bytes>e__FixedBuffer,资源数据.资源教学等级配置.<ast引用Knowledge信息bytes>e固定缓冲,Res|Data|Res|Teaching|Level|Conf|<ast|Ref|Knowledge|Info|bytes>e|Fixed|Buffer,<ast Knowledge bytes>e
ResData.ResTeachingLevelConf,资源数据.资源教学等级配置,Res|Data|Res|Teaching|Level|Conf,
ResData.ResMallProductShowCurrencyCfg.<astCurrencyEntries_bytes>e__FixedBuffer,资源数据.资源商城商品显示货币配置.<ast货币Entriesbytes>e固定缓冲,Res|Data|Res|Mall|Product|Show|Currency|Cfg|<ast|Currency|Entries|bytes>e|Fixed|Buffer,<ast Entries bytes>e
ResData.ResMallProductShowCurrencyCfg,资源数据.资源商城商品显示货币配置,Res|Data|Res|Mall|Product|Show|Currency|Cfg,
ResData.ResDT_KeepSakeProfit,资源数据.资源数据表保持Sake收益,Res|Data|Res|DT|Keep|Sake|Profit,Sake
ResData.ResVoicePackageCfg.<VoiceList_bytes>e__FixedBuffer,资源数据.资源语音礼包配置.<Voice列表bytes>e固定缓冲,Res|Data|Res|Voice|Package|Cfg|<Voice|List|bytes>e|Fixed|Buffer,<Voice bytes>e
ResData.ResVoicePackageCfg,资源数据.资源语音礼包配置,Res|Data|Res|Voice|Package|Cfg,
ResData.ResCommResExposeWebView,资源数据.资源通信资源暴露Web视图,Res|Data|Res|Comm|Res|Expose|Web|View,Web
ResData.ResTsWealPackCfg,资源数据.资源时间戳福利打包配置,Res|Data|Res|Ts|Weal|Pack|Cfg,
ResData.ResHeroPracticeLevelEntryConf.<astLevelLabel_bytes>e__FixedBuffer,资源数据.资源英雄练习等级入口配置.<ast等级标签bytes>e固定缓冲,Res|Data|Res|Hero|Practice|Level|Entry|Conf|<ast|Level|Label|bytes>e|Fixed|Buffer,<ast bytes>e
ResData.ResHeroPracticeLevelEntryConf,资源数据.资源英雄练习等级入口配置,Res|Data|Res|Hero|Practice|Level|Entry|Conf,
ResData.ResDLCRemovablePackageGroupConf.<astFilter_bytes>e__FixedBuffer,资源数据.资源DLCRemovable礼包分组配置.<ast过滤bytes>e固定缓冲,Res|Data|Res|DLC|Removable|Package|Group|Conf|<ast|Filter|bytes>e|Fixed|Buffer,DLC Removable <ast bytes>e
ResData.ResDLCRemovablePackageGroupConf,资源数据.资源DLCRemovable礼包分组配置,Res|Data|Res|DLC|Removable|Package|Group|Conf,DLC Removable
ResData.ResHeroSkinAnimReplaceCfg.<astAnims_bytes>e__FixedBuffer,资源数据.资源英雄皮肤动画替换配置.<ast动画bytes>e固定缓冲,Res|Data|Res|Hero|Skin|Anim|Replace|Cfg|<ast|Anims|bytes>e|Fixed|Buffer,<ast bytes>e
ResData.ResHeroSkinAnimReplaceCfg,资源数据.资源英雄皮肤动画替换配置,Res|Data|Res|Hero|Skin|Anim|Replace|Cfg,
ResData.ResHeroSkinFallbackParamsCfg.<IntParams_bytes>e__FixedBuffer,资源数据.资源英雄皮肤回退参数配置.<Int参数bytes>e固定缓冲,Res|Data|Res|Hero|Skin|Fallback|Params|Cfg|<Int|Params|bytes>e|Fixed|Buffer,<Int bytes>e
ResData.ResHeroSkinFallbackParamsCfg,资源数据.资源英雄皮肤回退参数配置,Res|Data|Res|Hero|Skin|Fallback|Params|Cfg,
ResData.ResHeroSkinBonePointReplaceCfg.<astAnims_bytes>e__FixedBuffer,资源数据.资源英雄皮肤骨骼点替换配置.<ast动画bytes>e固定缓冲,Res|Data|Res|Hero|Skin|Bone|Point|Replace|Cfg|<ast|Anims|bytes>e|Fixed|Buffer,<ast bytes>e
ResData.ResHeroSkinBonePointReplaceCfg,资源数据.资源英雄皮肤骨骼点替换配置,Res|Data|Res|Hero|Skin|Bone|Point|Replace|Cfg,
ResData.ResHopeSeedChatCfg.<astContents_bytes>e__FixedBuffer,资源数据.资源HopeSeed聊天配置.<ast内容bytes>e固定缓冲,Res|Data|Res|Hope|Seed|Chat|Cfg|<ast|Contents|bytes>e|Fixed|Buffer,Hope Seed <ast bytes>e
ResData.ResHopeSeedChatCfg,资源数据.资源HopeSeed聊天配置,Res|Data|Res|Hope|Seed|Chat|Cfg,Hope Seed
ResData.ResTokenInfo.<astPresentTokenChkResList_bytes>e__FixedBuffer,资源数据.资源令牌信息.<ast礼物令牌Chk资源列表bytes>e固定缓冲,Res|Data|Res|Token|Info|<ast|Present|Token|Chk|Res|List|bytes>e|Fixed|Buffer,<ast Chk bytes>e
ResData.ResTokenInfo,资源数据.资源令牌信息,Res|Data|Res|Token|Info,
ResData.ResTokenExchange.<LimitInfos_bytes>e__FixedBuffer,资源数据.资源令牌交换.<LimitInfosbytes>e固定缓冲,Res|Data|Res|Token|Exchange|<Limit|Infos|bytes>e|Fixed|Buffer,<Limit Infos bytes>e
ResData.ResTokenExchange.<LimitSplitTime_bytes>e__FixedBuffer,资源数据.资源令牌交换.<Limit分裂时间bytes>e固定缓冲,Res|Data|Res|Token|Exchange|<Limit|Split|Time|bytes>e|Fixed|Buffer,<Limit bytes>e
ResData.ResTokenExchange,资源数据.资源令牌交换,Res|Data|Res|Token|Exchange,
ResData.ResLotteryInfo.<RelatedTaskIDList_bytes>e__FixedBuffer,资源数据.资源抽奖信息.<Related任务ID列表bytes>e固定缓冲,Res|Data|Res|Lottery|Info|<Related|Task|ID|List|bytes>e|Fixed|Buffer,<Related bytes>e
ResData.ResLotteryInfo.<RelatedTokenIDList_bytes>e__FixedBuffer,资源数据.资源抽奖信息.<Related令牌ID列表bytes>e固定缓冲,Res|Data|Res|Lottery|Info|<Related|Token|ID|List|bytes>e|Fixed|Buffer,<Related bytes>e
ResData.ResLotteryInfo.<astMustHitEveryXPoolLimitList_bytes>e__FixedBuffer,资源数据.资源抽奖信息.<astMust命中EveryX池限制列表bytes>e固定缓冲,Res|Data|Res|Lottery|Info|<ast|Must|Hit|Every|X|Pool|Limit|List|bytes>e|Fixed|Buffer,<ast Must Every bytes>e
ResData.ResLotteryInfo.<astWelfare_bytes>e__FixedBuffer,资源数据.资源抽奖信息.<astWelfarebytes>e固定缓冲,Res|Data|Res|Lottery|Info|<ast|Welfare|bytes>e|Fixed|Buffer,<ast Welfare bytes>e
ResData.ResLotteryInfo,资源数据.资源抽奖信息,Res|Data|Res|Lottery|Info,
ResData.ResLotteryPoolInfo.<ExtraInfos_bytes>e__FixedBuffer,资源数据.资源抽奖池信息.<ExtraInfosbytes>e固定缓冲,Res|Data|Res|Lottery|Pool|Info|<Extra|Infos|bytes>e|Fixed|Buffer,<Extra Infos bytes>e
ResData.ResLotteryPoolInfo.<GroupMustHitEveryXCntList_bytes>e__FixedBuffer,资源数据.资源抽奖池信息.<GroupMust命中EveryX计数列表bytes>e固定缓冲,Res|Data|Res|Lottery|Pool|Info|<Group|Must|Hit|Every|X|Cnt|List|bytes>e|Fixed|Buffer,<Group Must Every bytes>e
ResData.ResLotteryPoolInfo.<MustHitAtXCntList_bytes>e__FixedBuffer,资源数据.资源抽奖池信息.<Must命中在X计数列表bytes>e固定缓冲,Res|Data|Res|Lottery|Pool|Info|<Must|Hit|At|X|Cnt|List|bytes>e|Fixed|Buffer,<Must bytes>e
ResData.ResLotteryPoolInfo.<MustHitEveryXCntList_bytes>e__FixedBuffer,资源数据.资源抽奖池信息.<Must命中EveryX计数列表bytes>e固定缓冲,Res|Data|Res|Lottery|Pool|Info|<Must|Hit|Every|X|Cnt|List|bytes>e|Fixed|Buffer,<Must Every bytes>e
ResData.ResLotteryPoolInfo,资源数据.资源抽奖池信息,Res|Data|Res|Lottery|Pool|Info,
ResData.ResLotteryDrawCountReward,资源数据.资源抽奖抽奖计数奖励,Res|Data|Res|Lottery|Draw|Count|Reward,
ResData.ResExchangeShopProductConf.<astExchangeChkResList_bytes>e__FixedBuffer,资源数据.资源交换商店商品配置.<ast交换Chk资源列表bytes>e固定缓冲,Res|Data|Res|Exchange|Shop|Product|Conf|<ast|Exchange|Chk|Res|List|bytes>e|Fixed|Buffer,<ast Chk bytes>e
ResData.ResExchangeShopProductConf.<astResExchangeShopCost_bytes>e__FixedBuffer,资源数据.资源交换商店商品配置.<ast资源交换商店消耗bytes>e固定缓冲,Res|Data|Res|Exchange|Shop|Product|Conf|<ast|Res|Exchange|Shop|Cost|bytes>e|Fixed|Buffer,<ast bytes>e
ResData.ResExchangeShopProductConf,资源数据.资源交换商店商品配置,Res|Data|Res|Exchange|Shop|Product|Conf,
ResData.ResNewLuckyDraw.<astEveryXLuckyPointRule_bytes>e__FixedBuffer,资源数据.资源新幸运抽奖.<astEveryX幸运点规则bytes>e固定缓冲,Res|Data|Res|New|Lucky|Draw|<ast|Every|X|Lucky|Point|Rule|bytes>e|Fixed|Buffer,<ast Every bytes>e
ResData.ResNewLuckyDraw.<astLuckyDrawPeriod_bytes>e__FixedBuffer,资源数据.资源新幸运抽奖.<ast幸运抽奖周期bytes>e固定缓冲,Res|Data|Res|New|Lucky|Draw|<ast|Lucky|Draw|Period|bytes>e|Fixed|Buffer,<ast bytes>e
ResData.ResNewLuckyDraw.<astLuckyPointRule_bytes>e__FixedBuffer,资源数据.资源新幸运抽奖.<ast幸运点规则bytes>e固定缓冲,Res|Data|Res|New|Lucky|Draw|<ast|Lucky|Point|Rule|bytes>e|Fixed|Buffer,<ast bytes>e
ResData.ResNewLuckyDraw,资源数据.资源新幸运抽奖,Res|Data|Res|New|Lucky|Draw,
ResData.ResNewLuckyDrawPool.<astFinalProbability_bytes>e__FixedBuffer,资源数据.资源新幸运抽奖池.<ast最终概率bytes>e固定缓冲,Res|Data|Res|New|Lucky|Draw|Pool|<ast|Final|Probability|bytes>e|Fixed|Buffer,<ast bytes>e
ResData.ResNewLuckyDrawPool,资源数据.资源新幸运抽奖池,Res|Data|Res|New|Lucky|Draw|Pool,
ResData.ResNewLuckyDrawDiscount.<DiscountProp_bytes>e__FixedBuffer,资源数据.资源新幸运抽奖折扣.<Discount属性bytes>e固定缓冲,Res|Data|Res|New|Lucky|Draw|Discount|<Discount|Prop|bytes>e|Fixed|Buffer,<Discount bytes>e
ResData.ResNewLuckyDrawDiscount,资源数据.资源新幸运抽奖折扣,Res|Data|Res|New|Lucky|Draw|Discount,
ResData.ResRankingNumberLevelCfg.<Param_bytes>e__FixedBuffer,资源数据.资源排行数字等级配置.<Parambytes>e固定缓冲,Res|Data|Res|Ranking|Number|Level|Cfg|<Param|bytes>e|Fixed|Buffer,<Param bytes>e
ResData.ResRankingNumberLevelCfg,资源数据.资源排行数字等级配置,Res|Data|Res|Ranking|Number|Level|Cfg,
ResData.ResUgcPveActorPropertyCfg.<astLimitChangeProperty_bytes>e__FixedBuffer,资源数据.资源UGCPve角色属性配置.<ast限制变更属性bytes>e固定缓冲,Res|Data|Res|Ugc|Pve|Actor|Property|Cfg|<ast|Limit|Change|Property|bytes>e|Fixed|Buffer,Pve <ast bytes>e
ResData.ResUgcPveActorPropertyCfg,资源数据.资源UGCPve角色属性配置,Res|Data|Res|Ugc|Pve|Actor|Property|Cfg,Pve
ResData.ResUgcPveActorHurtTagCfg.<astCustomProperty_bytes>e__FixedBuffer,资源数据.资源UGCPve角色伤害标签配置.<ast自定义属性bytes>e固定缓冲,Res|Data|Res|Ugc|Pve|Actor|Hurt|Tag|Cfg|<ast|Custom|Property|bytes>e|Fixed|Buffer,Pve <ast bytes>e
ResData.ResUgcPveActorHurtTagCfg,资源数据.资源UGCPve角色伤害标签配置,Res|Data|Res|Ugc|Pve|Actor|Hurt|Tag|Cfg,Pve
ResData.ResUgcPveActorCustomPropertyCfg.<astCustomProperty_bytes>e__FixedBuffer,资源数据.资源UGCPve角色自定义属性配置.<ast自定义属性bytes>e固定缓冲,Res|Data|Res|Ugc|Pve|Actor|Custom|Property|Cfg|<ast|Custom|Property|bytes>e|Fixed|Buffer,Pve <ast bytes>e
ResData.ResUgcPveActorCustomPropertyCfg,资源数据.资源UGCPve角色自定义属性配置,Res|Data|Res|Ugc|Pve|Actor|Custom|Property|Cfg,Pve
ResData.ResUltimateAwakenTalentCfg.<NewAddBuffs_bytes>e__FixedBuffer,资源数据.资源终极觉醒天赋配置.<New添加增益bytes>e固定缓冲,Res|Data|Res|Ultimate|Awaken|Talent|Cfg|<New|Add|Buffs|bytes>e|Fixed|Buffer,<New bytes>e
ResData.ResUltimateAwakenTalentCfg.<ReplayceLevelBuffs_bytes>e__FixedBuffer,资源数据.资源终极觉醒天赋配置.<Replayce等级增益bytes>e固定缓冲,Res|Data|Res|Ultimate|Awaken|Talent|Cfg|<Replayce|Level|Buffs|bytes>e|Fixed|Buffer,<Replayce bytes>e
ResData.ResUltimateAwakenTalentCfg.<TalentAdditionTagList_bytes>e__FixedBuffer,资源数据.资源终极觉醒天赋配置.<Talent附加标签列表bytes>e固定缓冲,Res|Data|Res|Ultimate|Awaken|Talent|Cfg|<Talent|Addition|Tag|List|bytes>e|Fixed|Buffer,<Talent bytes>e
ResData.ResUltimateAwakenTalentCfg.<UpgradeLevelBuffs_bytes>e__FixedBuffer,资源数据.资源终极觉醒天赋配置.<Upgrade等级增益bytes>e固定缓冲,Res|Data|Res|Ultimate|Awaken|Talent|Cfg|<Upgrade|Level|Buffs|bytes>e|Fixed|Buffer,<Upgrade bytes>e
ResData.ResUltimateAwakenTalentCfg,资源数据.资源终极觉醒天赋配置,Res|Data|Res|Ultimate|Awaken|Talent|Cfg,
ResData.ResDTAwakenSuitTalentInfo.<TalentIDList_bytes>e__FixedBuffer,资源数据.资源数据表觉醒套装天赋信息.<TalentID列表bytes>e固定缓冲,Res|Data|Res|DT|Awaken|Suit|Talent|Info|<Talent|ID|List|bytes>e|Fixed|Buffer,<Talent bytes>e
ResData.ResDTAwakenSuitTalentInfo,资源数据.资源数据表觉醒套装天赋信息,Res|Data|Res|DT|Awaken|Suit|Talent|Info,
ResData.ResAwakenInGameTaskCfg.<TargetProgressParams_bytes>e__FixedBuffer,资源数据.资源觉醒内游戏任务配置.<Target进度参数bytes>e固定缓冲,Res|Data|Res|Awaken|In|Game|Task|Cfg|<Target|Progress|Params|bytes>e|Fixed|Buffer,<Target bytes>e
ResData.ResAwakenInGameTaskCfg,资源数据.资源觉醒内游戏任务配置,Res|Data|Res|Awaken|In|Game|Task|Cfg,
ResData.ResUltimateDefenseTrialsEvent.<EventStartTimeRange_bytes>e__FixedBuffer,资源数据.资源终极防御试炼事件.<Event开始时间范围bytes>e固定缓冲,Res|Data|Res|Ultimate|Defense|Trials|Event|<Event|Start|Time|Range|bytes>e|Fixed|Buffer,<Event bytes>e
ResData.ResUltimateDefenseTrialsEvent.<FailReward_bytes>e__FixedBuffer,资源数据.资源终极防御试炼事件.<Fail奖励bytes>e固定缓冲,Res|Data|Res|Ultimate|Defense|Trials|Event|<Fail|Reward|bytes>e|Fixed|Buffer,<Fail bytes>e
ResData.ResUltimateDefenseTrialsEvent.<Params_bytes>e__FixedBuffer,资源数据.资源终极防御试炼事件.<Paramsbytes>e固定缓冲,Res|Data|Res|Ultimate|Defense|Trials|Event|<Params|bytes>e|Fixed|Buffer,<Params bytes>e
ResData.ResUltimateDefenseTrialsEvent.<SuccessReward_bytes>e__FixedBuffer,资源数据.资源终极防御试炼事件.<Success奖励bytes>e固定缓冲,Res|Data|Res|Ultimate|Defense|Trials|Event|<Success|Reward|bytes>e|Fixed|Buffer,<Success bytes>e
ResData.ResUltimateDefenseTrialsEvent,资源数据.资源终极防御试炼事件,Res|Data|Res|Ultimate|Defense|Trials|Event,
ResData.ResUltimateDefenseTrialsLevel.<SoldierBuffs_bytes>e__FixedBuffer,资源数据.资源终极防御试炼等级.<Soldier增益bytes>e固定缓冲,Res|Data|Res|Ultimate|Defense|Trials|Level|<Soldier|Buffs|bytes>e|Fixed|Buffer,<Soldier bytes>e
ResData.ResUltimateDefenseTrialsLevel,资源数据.资源终极防御试炼等级,Res|Data|Res|Ultimate|Defense|Trials|Level,
ResData.ResRogueMowGlobalConf,资源数据.资源肉鸽Mow全局配置,Res|Data|Res|Rogue|Mow|Global|Conf,Mow
ResData.ResRogueMowDrawConf.<HeroList_bytes>e__FixedBuffer,资源数据.资源肉鸽Mow抽奖配置.<Hero列表bytes>e固定缓冲,Res|Data|Res|Rogue|Mow|Draw|Conf|<Hero|List|bytes>e|Fixed|Buffer,Mow <Hero bytes>e
ResData.ResRogueMowDrawConf.<ItemList_bytes>e__FixedBuffer,资源数据.资源肉鸽Mow抽奖配置.<Item列表bytes>e固定缓冲,Res|Data|Res|Rogue|Mow|Draw|Conf|<Item|List|bytes>e|Fixed|Buffer,Mow <Item bytes>e
ResData.ResRogueMowDrawConf.<WeaponList_bytes>e__FixedBuffer,资源数据.资源肉鸽Mow抽奖配置.<Weapon列表bytes>e固定缓冲,Res|Data|Res|Rogue|Mow|Draw|Conf|<Weapon|List|bytes>e|Fixed|Buffer,Mow <Weapon bytes>e
ResData.ResRogueMowDrawConf.<astCoinRate_bytes>e__FixedBuffer,资源数据.资源肉鸽Mow抽奖配置.<ast金币速率bytes>e固定缓冲,Res|Data|Res|Rogue|Mow|Draw|Conf|<ast|Coin|Rate|bytes>e|Fixed|Buffer,Mow <ast bytes>e
ResData.ResRogueMowDrawConf,资源数据.资源肉鸽Mow抽奖配置,Res|Data|Res|Rogue|Mow|Draw|Conf,Mow
ResData.ResRogueMowAchievementAwardConf,资源数据.资源肉鸽Mow成就奖励配置,Res|Data|Res|Rogue|Mow|Achievement|Award|Conf,Mow
ResData.ResRogueMowDifficultyConf.<LevelBuff_bytes>e__FixedBuffer,资源数据.资源肉鸽Mow难度配置.<Level增益bytes>e固定缓冲,Res|Data|Res|Rogue|Mow|Difficulty|Conf|<Level|Buff|bytes>e|Fixed|Buffer,Mow <Level bytes>e
ResData.ResRogueMowDifficultyConf,资源数据.资源肉鸽Mow难度配置,Res|Data|Res|Rogue|Mow|Difficulty|Conf,Mow
ResData.ResRogueMowChapterMonsterConf.<astMonsterInfo_bytes>e__FixedBuffer,资源数据.资源肉鸽Mow章节野怪配置.<ast野怪信息bytes>e固定缓冲,Res|Data|Res|Rogue|Mow|Chapter|Monster|Conf|<ast|Monster|Info|bytes>e|Fixed|Buffer,Mow <ast bytes>e
ResData.ResRogueMowChapterMonsterConf,资源数据.资源肉鸽Mow章节野怪配置,Res|Data|Res|Rogue|Mow|Chapter|Monster|Conf,Mow
ResData.ResRogueMowLevelBossConf.<BossID_bytes>e__FixedBuffer,资源数据.资源肉鸽Mow等级首领配置.<BossIDbytes>e固定缓冲,Res|Data|Res|Rogue|Mow|Level|Boss|Conf|<Boss|ID|bytes>e|Fixed|Buffer,Mow <Boss bytes>e
ResData.ResRogueMowLevelBossConf,资源数据.资源肉鸽Mow等级首领配置,Res|Data|Res|Rogue|Mow|Level|Boss|Conf,Mow
ResData.ResUltimateAwakenMonsterConf.<astMonsterInfo_bytes>e__FixedBuffer,资源数据.资源终极觉醒野怪配置.<ast野怪信息bytes>e固定缓冲,Res|Data|Res|Ultimate|Awaken|Monster|Conf|<ast|Monster|Info|bytes>e|Fixed|Buffer,<ast bytes>e
ResData.ResUltimateAwakenMonsterConf,资源数据.资源终极觉醒野怪配置,Res|Data|Res|Ultimate|Awaken|Monster|Conf,
ResData.RESDT_RogueMowApolloRankNoDetail.<astRewardItem_bytes>e__FixedBuffer,资源数据.RESDT肉鸽MowApollo排行无细节.<ast奖励道具bytes>e固定缓冲,Res|Data|RESDT|Rogue|Mow|Apollo|Rank|No|Detail|<ast|Reward|Item|bytes>e|Fixed|Buffer,RESDT Mow <ast bytes>e
ResData.RESDT_RogueMowApolloRankNoDetail,资源数据.RESDT肉鸽MowApollo排行无细节,Res|Data|RESDT|Rogue|Mow|Apollo|Rank|No|Detail,RESDT Mow
ResData.ResPveUnlockCondition.<ConditionValue_bytes>e__FixedBuffer,资源数据.资源Pve解锁条件.<Condition值bytes>e固定缓冲,Res|Data|Res|Pve|Unlock|Condition|<Condition|Value|bytes>e|Fixed|Buffer,Pve <Condition bytes>e
ResData.ResPveUnlockCondition,资源数据.资源Pve解锁条件,Res|Data|Res|Pve|Unlock|Condition,Pve
ResData.ResRogueMowHeroConf.<PreChooseWeaponID_bytes>e__FixedBuffer,资源数据.资源肉鸽Mow英雄配置.<Pre选择武器IDbytes>e固定缓冲,Res|Data|Res|Rogue|Mow|Hero|Conf|<Pre|Choose|Weapon|ID|bytes>e|Fixed|Buffer,Mow <Pre bytes>e
ResData.ResRogueMowHeroConf,资源数据.资源肉鸽Mow英雄配置,Res|Data|Res|Rogue|Mow|Hero|Conf,Mow
ResData.ResRogueMowTalentConf.<MutexTalentID_bytes>e__FixedBuffer,资源数据.资源肉鸽Mow天赋配置.<Mutex天赋IDbytes>e固定缓冲,Res|Data|Res|Rogue|Mow|Talent|Conf|<Mutex|Talent|ID|bytes>e|Fixed|Buffer,Mow <Mutex bytes>e
ResData.ResRogueMowTalentConf.<PreTalentID_bytes>e__FixedBuffer,资源数据.资源肉鸽Mow天赋配置.<Pre天赋IDbytes>e固定缓冲,Res|Data|Res|Rogue|Mow|Talent|Conf|<Pre|Talent|ID|bytes>e|Fixed|Buffer,Mow <Pre bytes>e
ResData.ResRogueMowTalentConf,资源数据.资源肉鸽Mow天赋配置,Res|Data|Res|Rogue|Mow|Talent|Conf,Mow
ResData.ResRogueMowInifinitLevelAwardConf,资源数据.资源肉鸽MowInifinit等级奖励配置,Res|Data|Res|Rogue|Mow|Inifinit|Level|Award|Conf,Mow Inifinit
ResData.ResRogueMowWeaponConf,资源数据.资源肉鸽Mow武器配置,Res|Data|Res|Rogue|Mow|Weapon|Conf,Mow
ResData.ResRogueMowItemConf,资源数据.资源肉鸽Mow道具配置,Res|Data|Res|Rogue|Mow|Item|Conf,Mow
ResData.ResRogueMowHeroSkillConf.<Skill_bytes>e__FixedBuffer,资源数据.资源肉鸽Mow英雄技能配置.<Skillbytes>e固定缓冲,Res|Data|Res|Rogue|Mow|Hero|Skill|Conf|<Skill|bytes>e|Fixed|Buffer,Mow <Skill bytes>e
ResData.ResRogueMowHeroSkillConf,资源数据.资源肉鸽Mow英雄技能配置,Res|Data|Res|Rogue|Mow|Hero|Skill|Conf,Mow
ResData.ResRogueMowStrategyConf.<astPic_bytes>e__FixedBuffer,资源数据.资源肉鸽Mow策略配置.<ast图片bytes>e固定缓冲,Res|Data|Res|Rogue|Mow|Strategy|Conf|<ast|Pic|bytes>e|Fixed|Buffer,Mow <ast bytes>e
ResData.ResRogueMowStrategyConf,资源数据.资源肉鸽Mow策略配置,Res|Data|Res|Rogue|Mow|Strategy|Conf,Mow
ResData.ResDT_HeroAcquisitionCondition.<ConditionParam_bytes>e__FixedBuffer,资源数据.资源数据表英雄获取条件.<Condition参数bytes>e固定缓冲,Res|Data|Res|DT|Hero|Acquisition|Condition|<Condition|Param|bytes>e|Fixed|Buffer,<Condition bytes>e
ResData.ResDT_HeroAcquisitionCondition,资源数据.资源数据表英雄获取条件,Res|Data|Res|DT|Hero|Acquisition|Condition,
ResData.ResHeroTypeRecommendEquipGroup.<RecommendEquipID_bytes>e__FixedBuffer,资源数据.资源英雄类型推荐装备分组.<Recommend装备IDbytes>e固定缓冲,Res|Data|Res|Hero|Type|Recommend|Equip|Group|<Recommend|Equip|ID|bytes>e|Fixed|Buffer,<Recommend bytes>e
ResData.ResHeroTypeRecommendEquipGroup,资源数据.资源英雄类型推荐装备分组,Res|Data|Res|Hero|Type|Recommend|Equip|Group,
ResData.ResCustomizeRecommendOfficalConf.<BindHeroOrSkinList_bytes>e__FixedBuffer,资源数据.资源Customize推荐Offical配置.<Bind英雄或皮肤列表bytes>e固定缓冲,Res|Data|Res|Customize|Recommend|Offical|Conf|<Bind|Hero|Or|Skin|List|bytes>e|Fixed|Buffer,Customize Offical <Bind bytes>e
ResData.ResCustomizeRecommendOfficalConf.<astItemList_bytes>e__FixedBuffer,资源数据.资源Customize推荐Offical配置.<ast道具列表bytes>e固定缓冲,Res|Data|Res|Customize|Recommend|Offical|Conf|<ast|Item|List|bytes>e|Fixed|Buffer,Customize Offical <ast bytes>e
ResData.ResCustomizeRecommendOfficalConf,资源数据.资源Customize推荐Offical配置,Res|Data|Res|Customize|Recommend|Offical|Conf,Customize Offical
ResData.ResGangUpShareCfg.<OpenCondParams_bytes>e__FixedBuffer,资源数据.资源Gang上共享配置.<Open条件参数bytes>e固定缓冲,Res|Data|Res|Gang|Up|Share|Cfg|<Open|Cond|Params|bytes>e|Fixed|Buffer,Gang <Open bytes>e
ResData.ResGangUpShareCfg.<SharePoolIDList_bytes>e__FixedBuffer,资源数据.资源Gang上共享配置.<Share池ID列表bytes>e固定缓冲,Res|Data|Res|Gang|Up|Share|Cfg|<Share|Pool|ID|List|bytes>e|Fixed|Buffer,Gang <Share bytes>e
ResData.ResGangUpShareCfg,资源数据.资源Gang上共享配置,Res|Data|Res|Gang|Up|Share|Cfg,Gang
ResData.ResGangUpSharePoolCfg.<ResourceIDList_bytes>e__FixedBuffer,资源数据.资源Gang上共享池配置.<ResourceID列表bytes>e固定缓冲,Res|Data|Res|Gang|Up|Share|Pool|Cfg|<Resource|ID|List|bytes>e|Fixed|Buffer,Gang <Resource bytes>e
ResData.ResGangUpSharePoolCfg,资源数据.资源Gang上共享池配置,Res|Data|Res|Gang|Up|Share|Pool|Cfg,Gang
ResData.ResSacredAnimalRightsRule.<astRulePicInfo_bytes>e__FixedBuffer,资源数据.资源神圣动物Rights规则.<ast规则图片信息bytes>e固定缓冲,Res|Data|Res|Sacred|Animal|Rights|Rule|<ast|Rule|Pic|Info|bytes>e|Fixed|Buffer,Rights <ast bytes>e
ResData.ResSacredAnimalRightsRule,资源数据.资源神圣动物Rights规则,Res|Data|Res|Sacred|Animal|Rights|Rule,Rights
ResData.ResSacredAnimalInteract.<ParamList_bytes>e__FixedBuffer,资源数据.资源神圣动物交互.<Param列表bytes>e固定缓冲,Res|Data|Res|Sacred|Animal|Interact|<Param|List|bytes>e|Fixed|Buffer,<Param bytes>e
ResData.ResSacredAnimalInteract,资源数据.资源神圣动物交互,Res|Data|Res|Sacred|Animal|Interact,
ResData.ResSacredAnimalDiaryInfo,资源数据.资源神圣动物日记信息,Res|Data|Res|Sacred|Animal|Diary|Info,
ResData.ResSacredAnimalInteractRule,资源数据.资源神圣动物交互规则,Res|Data|Res|Sacred|Animal|Interact|Rule,
ResData.ResSacredAnimalPropRule.<astRulePicInfo_bytes>e__FixedBuffer,资源数据.资源神圣动物属性规则.<ast规则图片信息bytes>e固定缓冲,Res|Data|Res|Sacred|Animal|Prop|Rule|<ast|Rule|Pic|Info|bytes>e|Fixed|Buffer,<ast bytes>e
ResData.ResSacredAnimalPropRule,资源数据.资源神圣动物属性规则,Res|Data|Res|Sacred|Animal|Prop|Rule,
ResData.ResSacredAnimalIntimacyRule.<astRulePicInfoLock_bytes>e__FixedBuffer,资源数据.资源神圣动物亲密度规则.<ast规则图片信息锁定bytes>e固定缓冲,Res|Data|Res|Sacred|Animal|Intimacy|Rule|<ast|Rule|Pic|Info|Lock|bytes>e|Fixed|Buffer,<ast bytes>e
ResData.ResSacredAnimalIntimacyRule.<astRulePicInfoUnlock_bytes>e__FixedBuffer,资源数据.资源神圣动物亲密度规则.<ast规则图片信息解锁bytes>e固定缓冲,Res|Data|Res|Sacred|Animal|Intimacy|Rule|<ast|Rule|Pic|Info|Unlock|bytes>e|Fixed|Buffer,<ast bytes>e
ResData.ResSacredAnimalIntimacyRule,资源数据.资源神圣动物亲密度规则,Res|Data|Res|Sacred|Animal|Intimacy|Rule,
ResData.ResLingBaoIntimacyLevel.<UnlockRightList_bytes>e__FixedBuffer,资源数据.资源LingBao亲密度等级.<Unlock右列表bytes>e固定缓冲,Res|Data|Res|Ling|Bao|Intimacy|Level|<Unlock|Right|List|bytes>e|Fixed|Buffer,Ling Bao <Unlock bytes>e
ResData.ResLingBaoIntimacyLevel,资源数据.资源LingBao亲密度等级,Res|Data|Res|Ling|Bao|Intimacy|Level,Ling Bao
ResData.ResLingBaoRightLimitExp.<RightParams_bytes>e__FixedBuffer,资源数据.资源LingBao右限制经验.<Right参数bytes>e固定缓冲,Res|Data|Res|Ling|Bao|Right|Limit|Exp|<Right|Params|bytes>e|Fixed|Buffer,Ling Bao <Right bytes>e
ResData.ResLingBaoRightLimitExp,资源数据.资源LingBao右限制经验,Res|Data|Res|Ling|Bao|Right|Limit|Exp,Ling Bao
ResData.ResLingBaoLotteryBatch,资源数据.资源LingBao抽奖批次,Res|Data|Res|Ling|Bao|Lottery|Batch,Ling Bao
ResData.ResLingBaoLotterySpecialSuit.<SuitIDList_bytes>e__FixedBuffer,资源数据.资源LingBao抽奖特殊套装.<SuitID列表bytes>e固定缓冲,Res|Data|Res|Ling|Bao|Lottery|Special|Suit|<Suit|ID|List|bytes>e|Fixed|Buffer,Ling Bao <Suit bytes>e
ResData.ResLingBaoLotterySpecialSuit,资源数据.资源LingBao抽奖特殊套装,Res|Data|Res|Ling|Bao|Lottery|Special|Suit,Ling Bao
ResData.ResLingBaoLotteryExpLevelConf.<astUnlockRight_bytes>e__FixedBuffer,资源数据.资源LingBao抽奖经验等级配置.<ast解锁右bytes>e固定缓冲,Res|Data|Res|Ling|Bao|Lottery|Exp|Level|Conf|<ast|Unlock|Right|bytes>e|Fixed|Buffer,Ling Bao <ast bytes>e
ResData.ResLingBaoLotteryExpLevelConf,资源数据.资源LingBao抽奖经验等级配置,Res|Data|Res|Ling|Bao|Lottery|Exp|Level|Conf,Ling Bao
ResData.ResLingBaoLotteryPropRule.<astRulePicInfo_bytes>e__FixedBuffer,资源数据.资源LingBao抽奖属性规则.<ast规则图片信息bytes>e固定缓冲,Res|Data|Res|Ling|Bao|Lottery|Prop|Rule|<ast|Rule|Pic|Info|bytes>e|Fixed|Buffer,Ling Bao <ast bytes>e
ResData.ResLingBaoLotteryPropRule,资源数据.资源LingBao抽奖属性规则,Res|Data|Res|Ling|Bao|Lottery|Prop|Rule,Ling Bao
ResData.ResDT_LingBaoLotteryColorMatiralPlan.<astColorParamas_bytes>e__FixedBuffer,资源数据.资源数据表LingBao抽奖颜色Matiral计划.<ast颜色Paramasbytes>e固定缓冲,Res|Data|Res|DT|Ling|Bao|Lottery|Color|Matiral|Plan|<ast|Color|Paramas|bytes>e|Fixed|Buffer,Ling Bao Matiral <ast Paramas bytes>e
ResData.ResDT_LingBaoLotteryColorMatiralPlan,资源数据.资源数据表LingBao抽奖颜色Matiral计划,Res|Data|Res|DT|Ling|Bao|Lottery|Color|Matiral|Plan,Ling Bao Matiral
ResData.ResLingBaoLotteryWorkbenchConf.<astShowColors_bytes>e__FixedBuffer,资源数据.资源LingBao抽奖Workbench配置.<ast显示Colorsbytes>e固定缓冲,Res|Data|Res|Ling|Bao|Lottery|Workbench|Conf|<ast|Show|Colors|bytes>e|Fixed|Buffer,Ling Bao Workbench <ast Colors bytes>e
ResData.ResLingBaoLotteryWorkbenchConf,资源数据.资源LingBao抽奖Workbench配置,Res|Data|Res|Ling|Bao|Lottery|Workbench|Conf,Ling Bao Workbench
ResData.ResDimensionLotteryBatch.<astSuitInfo_bytes>e__FixedBuffer,资源数据.资源维度抽奖批次.<ast套装信息bytes>e固定缓冲,Res|Data|Res|Dimension|Lottery|Batch|<ast|Suit|Info|bytes>e|Fixed|Buffer,<ast bytes>e
ResData.ResDimensionLotteryBatch,资源数据.资源维度抽奖批次,Res|Data|Res|Dimension|Lottery|Batch,
ResData.ResDimensionLotteryExpLevelConf.<astUnlockRight_bytes>e__FixedBuffer,资源数据.资源维度抽奖经验等级配置.<ast解锁右bytes>e固定缓冲,Res|Data|Res|Dimension|Lottery|Exp|Level|Conf|<ast|Unlock|Right|bytes>e|Fixed|Buffer,<ast bytes>e
ResData.ResDimensionLotteryExpLevelConf,资源数据.资源维度抽奖经验等级配置,Res|Data|Res|Dimension|Lottery|Exp|Level|Conf,
ResData.ResDimensionLotteryResourceConf.<astColorParamas_bytes>e__FixedBuffer,资源数据.资源维度抽奖资源配置.<ast颜色Paramasbytes>e固定缓冲,Res|Data|Res|Dimension|Lottery|Resource|Conf|<ast|Color|Paramas|bytes>e|Fixed|Buffer,<ast Paramas bytes>e
ResData.ResDimensionLotteryResourceConf,资源数据.资源维度抽奖资源配置,Res|Data|Res|Dimension|Lottery|Resource|Conf,
ResData.ResDimensionLotteryAttributeDetail.<astRulePicInfo_bytes>e__FixedBuffer,资源数据.资源维度抽奖属性细节.<ast规则图片信息bytes>e固定缓冲,Res|Data|Res|Dimension|Lottery|Attribute|Detail|<ast|Rule|Pic|Info|bytes>e|Fixed|Buffer,<ast bytes>e
ResData.ResDimensionLotteryAttributeDetail,资源数据.资源维度抽奖属性细节,Res|Data|Res|Dimension|Lottery|Attribute|Detail,
ResData.ResDimensionLotteryTypeDetail.<astRulePicInfo_bytes>e__FixedBuffer,资源数据.资源维度抽奖类型细节.<ast规则图片信息bytes>e固定缓冲,Res|Data|Res|Dimension|Lottery|Type|Detail|<ast|Rule|Pic|Info|bytes>e|Fixed|Buffer,<ast bytes>e
ResData.ResDimensionLotteryTypeDetail,资源数据.资源维度抽奖类型细节,Res|Data|Res|Dimension|Lottery|Type|Detail,
ResData.ResTeamUpHeadIconGroup.<HeadIcons_bytes>e__FixedBuffer,资源数据.资源队伍上头部图标分组.<HeadIconsbytes>e固定缓冲,Res|Data|Res|Team|Up|Head|Icon|Group|<Head|Icons|bytes>e|Fixed|Buffer,<Head Icons bytes>e
ResData.ResTeamUpHeadIconGroup,资源数据.资源队伍上头部图标分组,Res|Data|Res|Team|Up|Head|Icon|Group,
ResData.ResTeamUpDistrictIconGroup.<DistrictIcons_bytes>e__FixedBuffer,资源数据.资源队伍上District图标分组.<DistrictIconsbytes>e固定缓冲,Res|Data|Res|Team|Up|District|Icon|Group|<District|Icons|bytes>e|Fixed|Buffer,District <District Icons bytes>e
ResData.ResTeamUpDistrictIconGroup,资源数据.资源队伍上District图标分组,Res|Data|Res|Team|Up|District|Icon|Group,District
ResData.ResUltiAwakenChooseHeroLevelCfg.<astRewardInfo_bytes>e__FixedBuffer,资源数据.资源Ulti觉醒选择英雄等级配置.<ast奖励信息bytes>e固定缓冲,Res|Data|Res|Ulti|Awaken|Choose|Hero|Level|Cfg|<ast|Reward|Info|bytes>e|Fixed|Buffer,Ulti <ast bytes>e
ResData.ResUltiAwakenChooseHeroLevelCfg,资源数据.资源Ulti觉醒选择英雄等级配置,Res|Data|Res|Ulti|Awaken|Choose|Hero|Level|Cfg,Ulti
ResData.ResUltiAwakenHeroCfg.<ExtarTalentTag_bytes>e__FixedBuffer,资源数据.资源Ulti觉醒英雄配置.<Extar天赋标签bytes>e固定缓冲,Res|Data|Res|Ulti|Awaken|Hero|Cfg|<Extar|Talent|Tag|bytes>e|Fixed|Buffer,Ulti <Extar bytes>e
ResData.ResUltiAwakenHeroCfg.<TalentTag_bytes>e__FixedBuffer,资源数据.资源Ulti觉醒英雄配置.<Talent标签bytes>e固定缓冲,Res|Data|Res|Ulti|Awaken|Hero|Cfg|<Talent|Tag|bytes>e|Fixed|Buffer,Ulti <Talent bytes>e
ResData.ResUltiAwakenHeroCfg,资源数据.资源Ulti觉醒英雄配置,Res|Data|Res|Ulti|Awaken|Hero|Cfg,Ulti
ResData.ResBranchFillInHeroConf.<HeroList_bytes>e__FixedBuffer,资源数据.资源分支Fill内英雄配置.<Hero列表bytes>e固定缓冲,Res|Data|Res|Branch|Fill|In|Hero|Conf|<Hero|List|bytes>e|Fixed|Buffer,Fill <Hero bytes>e
ResData.ResBranchFillInHeroConf,资源数据.资源分支Fill内英雄配置,Res|Data|Res|Branch|Fill|In|Hero|Conf,Fill
ResData.ResDimensionHeroPropertyCfg.<InitBuff_bytes>e__FixedBuffer,资源数据.资源维度英雄属性配置.<Init增益bytes>e固定缓冲,Res|Data|Res|Dimension|Hero|Property|Cfg|<Init|Buff|bytes>e|Fixed|Buffer,<Init bytes>e
ResData.ResDimensionHeroPropertyCfg.<Passive_bytes>e__FixedBuffer,资源数据.资源维度英雄属性配置.<Passivebytes>e固定缓冲,Res|Data|Res|Dimension|Hero|Property|Cfg|<Passive|bytes>e|Fixed|Buffer,<Passive bytes>e
ResData.ResDimensionHeroPropertyCfg.<RemoveBuff_bytes>e__FixedBuffer,资源数据.资源维度英雄属性配置.<Remove增益bytes>e固定缓冲,Res|Data|Res|Dimension|Hero|Property|Cfg|<Remove|Buff|bytes>e|Fixed|Buffer,<Remove bytes>e
ResData.ResDimensionHeroPropertyCfg.<astEffectTagList_bytes>e__FixedBuffer,资源数据.资源维度英雄属性配置.<ast效果标签列表bytes>e固定缓冲,Res|Data|Res|Dimension|Hero|Property|Cfg|<ast|Effect|Tag|List|bytes>e|Fixed|Buffer,<ast bytes>e
ResData.ResDimensionHeroPropertyCfg.<astSkill_bytes>e__FixedBuffer,资源数据.资源维度英雄属性配置.<ast技能bytes>e固定缓冲,Res|Data|Res|Dimension|Hero|Property|Cfg|<ast|Skill|bytes>e|Fixed|Buffer,<ast bytes>e
ResData.ResDimensionHeroPropertyCfg,资源数据.资源维度英雄属性配置,Res|Data|Res|Dimension|Hero|Property|Cfg,
ResData.ResOpSettingCfg.<astLevel_bytes>e__FixedBuffer,资源数据.资源操作设置配置.<ast等级bytes>e固定缓冲,Res|Data|Res|Op|Setting|Cfg|<ast|Level|bytes>e|Fixed|Buffer,<ast bytes>e
ResData.ResOpSettingCfg,资源数据.资源操作设置配置,Res|Data|Res|Op|Setting|Cfg,
ResData.ResSettingSettleTip.<astSettingItemList_bytes>e__FixedBuffer,资源数据.资源设置结算提示.<ast设置道具列表bytes>e固定缓冲,Res|Data|Res|Setting|Settle|Tip|<ast|Setting|Item|List|bytes>e|Fixed|Buffer,<ast bytes>e
ResData.ResSettingSettleTip,资源数据.资源设置结算提示,Res|Data|Res|Setting|Settle|Tip,
ResData.ResExternalLinkConf.<astProtocol_bytes>e__FixedBuffer,资源数据.资源外部链接配置.<astProtocolbytes>e固定缓冲,Res|Data|Res|External|Link|Conf|<ast|Protocol|bytes>e|Fixed|Buffer,<ast Protocol bytes>e
ResData.ResExternalLinkConf,资源数据.资源外部链接配置,Res|Data|Res|External|Link|Conf,
ResData.ResSoldierSkin.<astFeature_bytes>e__FixedBuffer,资源数据.资源小兵皮肤.<ast特性bytes>e固定缓冲,Res|Data|Res|Soldier|Skin|<ast|Feature|bytes>e|Fixed|Buffer,<ast bytes>e
ResData.ResSoldierSkin,资源数据.资源小兵皮肤,Res|Data|Res|Soldier|Skin,
ResData.ResSoldierSkinBubble.<astButtleInfoList_bytes>e__FixedBuffer,资源数据.资源小兵皮肤气泡.<astButtle信息列表bytes>e固定缓冲,Res|Data|Res|Soldier|Skin|Bubble|<ast|Buttle|Info|List|bytes>e|Fixed|Buffer,<ast Buttle bytes>e
ResData.ResSoldierSkinBubble,资源数据.资源小兵皮肤气泡,Res|Data|Res|Soldier|Skin|Bubble,
ResData.ResFreedomHeroCardConf.<FreedomHeroList_bytes>e__FixedBuffer,资源数据.资源Freedom英雄卡牌配置.<Freedom英雄列表bytes>e固定缓冲,Res|Data|Res|Freedom|Hero|Card|Conf|<Freedom|Hero|List|bytes>e|Fixed|Buffer,Freedom <Freedom bytes>e
ResData.ResFreedomHeroCardConf,资源数据.资源Freedom英雄卡牌配置,Res|Data|Res|Freedom|Hero|Card|Conf,Freedom
ResData.ResFreedomSkinCardConf.<FreedomSkinList_bytes>e__FixedBuffer,资源数据.资源Freedom皮肤卡牌配置.<Freedom皮肤列表bytes>e固定缓冲,Res|Data|Res|Freedom|Skin|Card|Conf|<Freedom|Skin|List|bytes>e|Fixed|Buffer,Freedom <Freedom bytes>e
ResData.ResFreedomSkinCardConf,资源数据.资源Freedom皮肤卡牌配置,Res|Data|Res|Freedom|Skin|Card|Conf,Freedom
ResData.ResCouponsPayNewbieRewardInfo.<astRewardItem_bytes>e__FixedBuffer,资源数据.资源点券支付新手奖励信息.<ast奖励道具bytes>e固定缓冲,Res|Data|Res|Coupons|Pay|Newbie|Reward|Info|<ast|Reward|Item|bytes>e|Fixed|Buffer,<ast bytes>e
ResData.ResCouponsPayNewbieRewardInfo,资源数据.资源点券支付新手奖励信息,Res|Data|Res|Coupons|Pay|Newbie|Reward|Info,
ResData.ResDimensionCreateRole,资源数据.资源维度创建角色,Res|Data|Res|Dimension|Create|Role,
ResData.ResDimensionPart.<Params_bytes>e__FixedBuffer,资源数据.资源维度部件.<Paramsbytes>e固定缓冲,Res|Data|Res|Dimension|Part|<Params|bytes>e|Fixed|Buffer,<Params bytes>e
ResData.ResDimensionPart,资源数据.资源维度部件,Res|Data|Res|Dimension|Part,
ResData.ResDimensionPartAction.<Params_bytes>e__FixedBuffer,资源数据.资源维度部件动作.<Paramsbytes>e固定缓冲,Res|Data|Res|Dimension|Part|Action|<Params|bytes>e|Fixed|Buffer,<Params bytes>e
ResData.ResDimensionPartAction,资源数据.资源维度部件动作,Res|Data|Res|Dimension|Part|Action,
ResData.ResDimensionProp.<astMontageNames_bytes>e__FixedBuffer,资源数据.资源维度属性.<ast蒙太奇名称bytes>e固定缓冲,Res|Data|Res|Dimension|Prop|<ast|Montage|Names|bytes>e|Fixed|Buffer,<ast bytes>e
ResData.ResDimensionProp,资源数据.资源维度属性,Res|Data|Res|Dimension|Prop,
ResData.ResDimensionPartAttachment.<astBusinessCardSlots_bytes>e__FixedBuffer,资源数据.资源维度部件附着.<ast业务卡牌槽位bytes>e固定缓冲,Res|Data|Res|Dimension|Part|Attachment|<ast|Business|Card|Slots|bytes>e|Fixed|Buffer,<ast bytes>e
ResData.ResDimensionPartAttachment.<astInBattleHoldSlots_bytes>e__FixedBuffer,资源数据.资源维度部件附着.<ast内战斗保持槽位bytes>e固定缓冲,Res|Data|Res|Dimension|Part|Attachment|<ast|In|Battle|Hold|Slots|bytes>e|Fixed|Buffer,<ast bytes>e
ResData.ResDimensionPartAttachment.<astOutBattleHoldSlots_bytes>e__FixedBuffer,资源数据.资源维度部件附着.<ast外战斗保持槽位bytes>e固定缓冲,Res|Data|Res|Dimension|Part|Attachment|<ast|Out|Battle|Hold|Slots|bytes>e|Fixed|Buffer,<ast bytes>e
ResData.ResDimensionPartAttachment.<astRestSlots_bytes>e__FixedBuffer,资源数据.资源维度部件附着.<ast其余槽位bytes>e固定缓冲,Res|Data|Res|Dimension|Part|Attachment|<ast|Rest|Slots|bytes>e|Fixed|Buffer,<ast bytes>e
ResData.ResDimensionPartAttachment,资源数据.资源维度部件附着,Res|Data|Res|Dimension|Part|Attachment,
ResData.ResDimensionOutfit.<PartIds_bytes>e__FixedBuffer,资源数据.资源维度外观.<PartIDbytes>e固定缓冲,Res|Data|Res|Dimension|Outfit|<Part|Ids|bytes>e|Fixed|Buffer,<Part bytes>e
ResData.ResDimensionOutfit,资源数据.资源维度外观,Res|Data|Res|Dimension|Outfit,
ResData.ResDimensionPartDefaultMutex,资源数据.资源维度部件默认Mutex,Res|Data|Res|Dimension|Part|Default|Mutex,Mutex
ResData.ResDimensionNpcAsset,资源数据.资源维度NPC资源,Res|Data|Res|Dimension|Npc|Asset,
ResData.ResDimensionGuideTaskCfg.<TaskCompletionParam_bytes>e__FixedBuffer,资源数据.资源维度引导任务配置.<TaskCompletion参数bytes>e固定缓冲,Res|Data|Res|Dimension|Guide|Task|Cfg|<Task|Completion|Param|bytes>e|Fixed|Buffer,<Task Completion bytes>e
ResData.ResDimensionGuideTaskCfg,资源数据.资源维度引导任务配置,Res|Data|Res|Dimension|Guide|Task|Cfg,
ResData.ResDimensionNewBieGeneralGuideTaskCfg.<ConditionParam_bytes>e__FixedBuffer,资源数据.资源维度新Bie通用引导任务配置.<Condition参数bytes>e固定缓冲,Res|Data|Res|Dimension|New|Bie|General|Guide|Task|Cfg|<Condition|Param|bytes>e|Fixed|Buffer,Bie <Condition bytes>e
ResData.ResDimensionNewBieGeneralGuideTaskCfg.<Param_bytes>e__FixedBuffer,资源数据.资源维度新Bie通用引导任务配置.<Parambytes>e固定缓冲,Res|Data|Res|Dimension|New|Bie|General|Guide|Task|Cfg|<Param|bytes>e|Fixed|Buffer,Bie <Param bytes>e
ResData.ResDimensionNewBieGeneralGuideTaskCfg.<astStrParam_bytes>e__FixedBuffer,资源数据.资源维度新Bie通用引导任务配置.<ast字符串参数bytes>e固定缓冲,Res|Data|Res|Dimension|New|Bie|General|Guide|Task|Cfg|<ast|Str|Param|bytes>e|Fixed|Buffer,Bie <ast bytes>e
ResData.ResDimensionNewBieGeneralGuideTaskCfg.<astTaskAward_bytes>e__FixedBuffer,资源数据.资源维度新Bie通用引导任务配置.<ast任务奖励bytes>e固定缓冲,Res|Data|Res|Dimension|New|Bie|General|Guide|Task|Cfg|<ast|Task|Award|bytes>e|Fixed|Buffer,Bie <ast bytes>e
ResData.ResDimensionNewBieGeneralGuideTaskCfg,资源数据.资源维度新Bie通用引导任务配置,Res|Data|Res|Dimension|New|Bie|General|Guide|Task|Cfg,Bie
ResData.ResDimensionMallRecommend.<astRecommendBit_bytes>e__FixedBuffer,资源数据.资源维度商城推荐.<ast推荐位bytes>e固定缓冲,Res|Data|Res|Dimension|Mall|Recommend|<ast|Recommend|Bit|bytes>e|Fixed|Buffer,<ast bytes>e
ResData.ResDimensionMallRecommend,资源数据.资源维度商城推荐,Res|Data|Res|Dimension|Mall|Recommend,
ResData.ResDimensionPhotoBustCfg,资源数据.资源维度照片Bust配置,Res|Data|Res|Dimension|Photo|Bust|Cfg,Bust
ResData.ResDimensionItem.<Params_bytes>e__FixedBuffer,资源数据.资源维度道具.<Paramsbytes>e固定缓冲,Res|Data|Res|Dimension|Item|<Params|bytes>e|Fixed|Buffer,<Params bytes>e
ResData.ResDimensionItem,资源数据.资源维度道具,Res|Data|Res|Dimension|Item,
ResData.ResDimensionItemEvent.<astParams_bytes>e__FixedBuffer,资源数据.资源维度道具事件.<ast参数bytes>e固定缓冲,Res|Data|Res|Dimension|Item|Event|<ast|Params|bytes>e|Fixed|Buffer,<ast bytes>e
ResData.ResDimensionItemEvent,资源数据.资源维度道具事件,Res|Data|Res|Dimension|Item|Event,
ResData.ResDimensionItemBuff.<astBuffParams_bytes>e__FixedBuffer,资源数据.资源维度道具增益.<ast增益参数bytes>e固定缓冲,Res|Data|Res|Dimension|Item|Buff|<ast|Buff|Params|bytes>e|Fixed|Buffer,<ast bytes>e
ResData.ResDimensionItemBuff.<astStackParams_bytes>e__FixedBuffer,资源数据.资源维度道具增益.<astStack参数bytes>e固定缓冲,Res|Data|Res|Dimension|Item|Buff|<ast|Stack|Params|bytes>e|Fixed|Buffer,<ast Stack bytes>e
ResData.ResDimensionItemBuff,资源数据.资源维度道具增益,Res|Data|Res|Dimension|Item|Buff,
ResData.ResDT_DimensionMapGatherTriggerItem.<TriggerParams_bytes>e__FixedBuffer,资源数据.资源数据表维度地图聚集触发道具.<Trigger参数bytes>e固定缓冲,Res|Data|Res|DT|Dimension|Map|Gather|Trigger|Item|<Trigger|Params|bytes>e|Fixed|Buffer,<Trigger bytes>e
ResData.ResDT_DimensionMapGatherTriggerItem,资源数据.资源数据表维度地图聚集触发道具,Res|Data|Res|DT|Dimension|Map|Gather|Trigger|Item,
ResData.ResDimensionMapStarLevel.<astReward_bytes>e__FixedBuffer,资源数据.资源维度地图星等级.<ast奖励bytes>e固定缓冲,Res|Data|Res|Dimension|Map|Star|Level|<ast|Reward|bytes>e|Fixed|Buffer,<ast bytes>e
ResData.ResDimensionMapStarLevel,资源数据.资源维度地图星等级,Res|Data|Res|Dimension|Map|Star|Level,
ResData.ResDimensionSecondaryAction.<MontageIds_bytes>e__FixedBuffer,资源数据.资源维度次要动作.<MontageIDbytes>e固定缓冲,Res|Data|Res|Dimension|Secondary|Action|<Montage|Ids|bytes>e|Fixed|Buffer,<Montage bytes>e
ResData.ResDimensionSecondaryAction,资源数据.资源维度次要动作,Res|Data|Res|Dimension|Secondary|Action,
ResData.ResPartBuyShop.<astTermList_bytes>e__FixedBuffer,资源数据.资源部件购买商店.<ast项列表bytes>e固定缓冲,Res|Data|Res|Part|Buy|Shop|<ast|Term|List|bytes>e|Fixed|Buffer,<ast bytes>e
ResData.ResPartBuyShop,资源数据.资源部件购买商店,Res|Data|Res|Part|Buy|Shop,
ResData.ResAnni101RebateRewardConf.<astReward_bytes>e__FixedBuffer,资源数据.资源Anni101返利奖励配置.<ast奖励bytes>e固定缓冲,Res|Data|Res|Anni|101|Rebate|Reward|Conf|<ast|Reward|bytes>e|Fixed|Buffer,Anni <ast bytes>e
ResData.ResAnni101RebateRewardConf,资源数据.资源Anni101返利奖励配置,Res|Data|Res|Anni|101|Rebate|Reward|Conf,Anni
ResData.ResDT_Anni101EveSwitchSkinInfo.<SkinID_bytes>e__FixedBuffer,资源数据.资源数据表Anni101Eve切换皮肤信息.<SkinIDbytes>e固定缓冲,Res|Data|Res|DT|Anni|101|Eve|Switch|Skin|Info|<Skin|ID|bytes>e|Fixed|Buffer,Anni Eve <Skin bytes>e
ResData.ResDT_Anni101EveSwitchSkinInfo,资源数据.资源数据表Anni101Eve切换皮肤信息,Res|Data|Res|DT|Anni|101|Eve|Switch|Skin|Info,Anni Eve
ResData.ResClanActivityType.<SuccRewardPropIDList_bytes>e__FixedBuffer,资源数据.资源Clan活动类型.<Succ奖励属性ID列表bytes>e固定缓冲,Res|Data|Res|Clan|Activity|Type|<Succ|Reward|Prop|ID|List|bytes>e|Fixed|Buffer,Clan <Succ bytes>e
ResData.ResClanActivityType,资源数据.资源Clan活动类型,Res|Data|Res|Clan|Activity|Type,Clan
ResData.ResRank5V5Points.<LoseRankPoints_bytes>e__FixedBuffer,资源数据.资源排行5V5积分.<Lose排行积分bytes>e固定缓冲,Res|Data|Res|Rank|5|V|5|Points|<Lose|Rank|Points|bytes>e|Fixed|Buffer,<Lose bytes>e
ResData.ResRank5V5Points.<WinRankPoints_bytes>e__FixedBuffer,资源数据.资源排行5V5积分.<Win排行积分bytes>e固定缓冲,Res|Data|Res|Rank|5|V|5|Points|<Win|Rank|Points|bytes>e|Fixed|Buffer,<Win bytes>e
ResData.ResRank5V5Points.<astConWinExtraScoreList_bytes>e__FixedBuffer,资源数据.资源排行5V5积分.<astCon胜利额外得分列表bytes>e固定缓冲,Res|Data|Res|Rank|5|V|5|Points|<ast|Con|Win|Extra|Score|List|bytes>e|Fixed|Buffer,<ast Con bytes>e
ResData.ResRank5V5Points.<astGradeDiffLoseInfo_bytes>e__FixedBuffer,资源数据.资源排行5V5积分.<ast等级差异失败信息bytes>e固定缓冲,Res|Data|Res|Rank|5|V|5|Points|<ast|Grade|Diff|Lose|Info|bytes>e|Fixed|Buffer,<ast bytes>e
ResData.ResRank5V5Points.<astGradeDiffWinInfo_bytes>e__FixedBuffer,资源数据.资源排行5V5积分.<ast等级差异胜利信息bytes>e固定缓冲,Res|Data|Res|Rank|5|V|5|Points|<ast|Grade|Diff|Win|Info|bytes>e|Fixed|Buffer,<ast bytes>e
ResData.ResRank5V5Points,资源数据.资源排行5V5积分,Res|Data|Res|Rank|5|V|5|Points,
ResData.ResRank10V10Grade.<LoseRankScore_bytes>e__FixedBuffer,资源数据.资源排行10V10等级.<Lose排行得分bytes>e固定缓冲,Res|Data|Res|Rank|10|V|10|Grade|<Lose|Rank|Score|bytes>e|Fixed|Buffer,<Lose bytes>e
ResData.ResRank10V10Grade.<WinRankScore_bytes>e__FixedBuffer,资源数据.资源排行10V10等级.<Win排行得分bytes>e固定缓冲,Res|Data|Res|Rank|10|V|10|Grade|<Win|Rank|Score|bytes>e|Fixed|Buffer,<Win bytes>e
ResData.ResRank10V10Grade,资源数据.资源排行10V10等级,Res|Data|Res|Rank|10|V|10|Grade,
ResData.ResRank10V10Reward.<astRewardDetail_bytes>e__FixedBuffer,资源数据.资源排行10V10奖励.<ast奖励细节bytes>e固定缓冲,Res|Data|Res|Rank|10|V|10|Reward|<ast|Reward|Detail|bytes>e|Fixed|Buffer,<ast bytes>e
ResData.ResRank10V10Reward,资源数据.资源排行10V10奖励,Res|Data|Res|Rank|10|V|10|Reward,
ResData.ResDT_InscribeCounterCondition.<astIntParam_bytes>e__FixedBuffer,资源数据.资源数据表铭文计数条件.<ast整数参数bytes>e固定缓冲,Res|Data|Res|DT|Inscribe|Counter|Condition|<ast|Int|Param|bytes>e|Fixed|Buffer,<ast bytes>e
ResData.ResDT_InscribeCounterCondition,资源数据.资源数据表铭文计数条件,Res|Data|Res|DT|Inscribe|Counter|Condition,
ResData.ResDT_BattleInscribeEffect.<astIntParam_bytes>e__FixedBuffer,资源数据.资源数据表战斗铭文效果.<ast整数参数bytes>e固定缓冲,Res|Data|Res|DT|Battle|Inscribe|Effect|<ast|Int|Param|bytes>e|Fixed|Buffer,<ast bytes>e
ResData.ResDT_BattleInscribeEffect.<astResPath_bytes>e__FixedBuffer,资源数据.资源数据表战斗铭文效果.<ast资源路径bytes>e固定缓冲,Res|Data|Res|DT|Battle|Inscribe|Effect|<ast|Res|Path|bytes>e|Fixed|Buffer,<ast bytes>e
ResData.ResDT_BattleInscribeEffect,资源数据.资源数据表战斗铭文效果,Res|Data|Res|DT|Battle|Inscribe|Effect,
ResData.ResMall94MainRecommendCfg,资源数据.资源商城94主推荐配置,Res|Data|Res|Mall|94|Main|Recommend|Cfg,
ResData.ResHolidayAtmosphereDailyConf.<astDailyInfo_bytes>e__FixedBuffer,资源数据.资源HolidayAtmosphere每日配置.<ast每日信息bytes>e固定缓冲,Res|Data|Res|Holiday|Atmosphere|Daily|Conf|<ast|Daily|Info|bytes>e|Fixed|Buffer,Holiday Atmosphere <ast bytes>e
ResData.ResHolidayAtmosphereDailyConf,资源数据.资源HolidayAtmosphere每日配置,Res|Data|Res|Holiday|Atmosphere|Daily|Conf,Holiday Atmosphere
ResData.ResTimeLimitEvent.<astProgressInfo_bytes>e__FixedBuffer,资源数据.资源时间限制事件.<ast进度信息bytes>e固定缓冲,Res|Data|Res|Time|Limit|Event|<ast|Progress|Info|bytes>e|Fixed|Buffer,<ast bytes>e
ResData.ResTimeLimitEvent.<astStageInfo_bytes>e__FixedBuffer,资源数据.资源时间限制事件.<ast阶段信息bytes>e固定缓冲,Res|Data|Res|Time|Limit|Event|<ast|Stage|Info|bytes>e|Fixed|Buffer,<ast bytes>e
ResData.ResTimeLimitEvent,资源数据.资源时间限制事件,Res|Data|Res|Time|Limit|Event,
ResData.ResSeasonAlbumDiscountRewardPoolLevelReward.<astDiscountList_bytes>e__FixedBuffer,资源数据.资源赛季相册折扣奖励池等级奖励.<ast折扣列表bytes>e固定缓冲,Res|Data|Res|Season|Album|Discount|Reward|Pool|Level|Reward|<ast|Discount|List|bytes>e|Fixed|Buffer,<ast bytes>e
ResData.ResSeasonAlbumDiscountRewardPoolLevelReward,资源数据.资源赛季相册折扣奖励池等级奖励,Res|Data|Res|Season|Album|Discount|Reward|Pool|Level|Reward,
ResData.ResSeasonAlbumFreeSkinReward,资源数据.资源赛季相册免费皮肤奖励,Res|Data|Res|Season|Album|Free|Skin|Reward,
ResData.ResSeasonAlbumFreeSkinV2Reward,资源数据.资源赛季相册免费皮肤V2奖励,Res|Data|Res|Season|Album|Free|Skin|V|2|Reward,
ResData.ResUpGradeGiftLevel.<astLevelList_bytes>e__FixedBuffer,资源数据.资源上等级礼包等级.<ast等级列表bytes>e固定缓冲,Res|Data|Res|Up|Grade|Gift|Level|<ast|Level|List|bytes>e|Fixed|Buffer,<ast bytes>e
ResData.ResUpGradeGiftLevel,资源数据.资源上等级礼包等级,Res|Data|Res|Up|Grade|Gift|Level,
ResData.ResLiveGamePlatformGift.<astGift_bytes>e__FixedBuffer,资源数据.资源Live游戏平台礼包.<ast礼包bytes>e固定缓冲,Res|Data|Res|Live|Game|Platform|Gift|<ast|Gift|bytes>e|Fixed|Buffer,Live <ast bytes>e
ResData.ResLiveGamePlatformGift,资源数据.资源Live游戏平台礼包,Res|Data|Res|Live|Game|Platform|Gift,Live
ResData.ResBanHeroSkinDetail.<BanSkinList_bytes>e__FixedBuffer,资源数据.资源禁用英雄皮肤细节.<Ban皮肤列表bytes>e固定缓冲,Res|Data|Res|Ban|Hero|Skin|Detail|<Ban|Skin|List|bytes>e|Fixed|Buffer,<Ban bytes>e
ResData.ResBanHeroSkinDetail,资源数据.资源禁用英雄皮肤细节,Res|Data|Res|Ban|Hero|Skin|Detail,
ResData.ResSacredAnimalAssetAction.<BindSuitList_bytes>e__FixedBuffer,资源数据.资源神圣动物资源动作.<Bind套装列表bytes>e固定缓冲,Res|Data|Res|Sacred|Animal|Asset|Action|<Bind|Suit|List|bytes>e|Fixed|Buffer,<Bind bytes>e
ResData.ResSacredAnimalAssetAction,资源数据.资源神圣动物资源动作,Res|Data|Res|Sacred|Animal|Asset|Action,
ResData.ResSacredAnimalSuitPart.<PartID_bytes>e__FixedBuffer,资源数据.资源神圣动物套装部件.<PartIDbytes>e固定缓冲,Res|Data|Res|Sacred|Animal|Suit|Part|<Part|ID|bytes>e|Fixed|Buffer,<Part bytes>e
ResData.ResSacredAnimalSuitPart,资源数据.资源神圣动物套装部件,Res|Data|Res|Sacred|Animal|Suit|Part,
ResData.ResSacredAnimalPartInfo.<astSlotsInfo_bytes>e__FixedBuffer,资源数据.资源神圣动物部件信息.<ast槽位信息bytes>e固定缓冲,Res|Data|Res|Sacred|Animal|Part|Info|<ast|Slots|Info|bytes>e|Fixed|Buffer,<ast bytes>e
ResData.ResSacredAnimalPartInfo,资源数据.资源神圣动物部件信息,Res|Data|Res|Sacred|Animal|Part|Info,
ResData.ResCollectValueCfg.<CollectValue_bytes>e__FixedBuffer,资源数据.资源收集值配置.<Collect值bytes>e固定缓冲,Res|Data|Res|Collect|Value|Cfg|<Collect|Value|bytes>e|Fixed|Buffer,<Collect bytes>e
ResData.ResCollectValueCfg,资源数据.资源收集值配置,Res|Data|Res|Collect|Value|Cfg,
ResData.ResCollectValuePrivilegeDisplay.<astResPath_bytes>e__FixedBuffer,资源数据.资源收集值特权显示.<ast资源路径bytes>e固定缓冲,Res|Data|Res|Collect|Value|Privilege|Display|<ast|Res|Path|bytes>e|Fixed|Buffer,<ast bytes>e
ResData.ResCollectValuePrivilegeDisplay,资源数据.资源收集值特权显示,Res|Data|Res|Collect|Value|Privilege|Display,
ResData.ResSacredAnimalDeadTeachingForHero.<EventIDs_bytes>e__FixedBuffer,资源数据.资源神圣动物死亡教学用于英雄.<EventIDbytes>e固定缓冲,Res|Data|Res|Sacred|Animal|Dead|Teaching|For|Hero|<Event|IDs|bytes>e|Fixed|Buffer,<Event bytes>e
ResData.ResSacredAnimalDeadTeachingForHero,资源数据.资源神圣动物死亡教学用于英雄,Res|Data|Res|Sacred|Animal|Dead|Teaching|For|Hero,
ResData.ResDT_ResSacredAnimalDeadTeachingForHeroCondition.<Param_bytes>e__FixedBuffer,资源数据.资源数据表资源神圣动物死亡教学用于英雄条件.<Parambytes>e固定缓冲,Res|Data|Res|DT|Res|Sacred|Animal|Dead|Teaching|For|Hero|Condition|<Param|bytes>e|Fixed|Buffer,<Param bytes>e
ResData.ResDT_ResSacredAnimalDeadTeachingForHeroCondition,资源数据.资源数据表资源神圣动物死亡教学用于英雄条件,Res|Data|Res|DT|Res|Sacred|Animal|Dead|Teaching|For|Hero|Condition,
ResData.ResSacredAnimalAIVoiceMultiCharacterAnimation.<astActionNames_bytes>e__FixedBuffer,资源数据.资源神圣动物AI语音多重角色动画.<ast动作名称bytes>e固定缓冲,Res|Data|Res|Sacred|Animal|AI|Voice|Multi|Character|Animation|<ast|Action|Names|bytes>e|Fixed|Buffer,<ast bytes>e
ResData.ResSacredAnimalAIVoiceMultiCharacterAnimation,资源数据.资源神圣动物AI语音多重角色动画,Res|Data|Res|Sacred|Animal|AI|Voice|Multi|Character|Animation,
ResData.ResTVBattlePassCycle,资源数据.资源TV战斗通行证循环,Res|Data|Res|TV|Battle|Pass|Cycle,TV
ResData.ResAwakenHeroInfo.<CostID_bytes>e__FixedBuffer,资源数据.资源觉醒英雄信息.<CostIDbytes>e固定缓冲,Res|Data|Res|Awaken|Hero|Info|<Cost|ID|bytes>e|Fixed|Buffer,<Cost bytes>e
ResData.ResAwakenHeroInfo,资源数据.资源觉醒英雄信息,Res|Data|Res|Awaken|Hero|Info,
ResData.ResDT_ResHeroPlayWikiSubMenu.<astImgUrl_bytes>e__FixedBuffer,资源数据.资源数据表资源英雄播放Wiki子菜单.<ast图片链接bytes>e固定缓冲,Res|Data|Res|DT|Res|Hero|Play|Wiki|Sub|Menu|<ast|Img|Url|bytes>e|Fixed|Buffer,Wiki <ast bytes>e
ResData.ResDT_ResHeroPlayWikiSubMenu,资源数据.资源数据表资源英雄播放Wiki子菜单,Res|Data|Res|DT|Res|Hero|Play|Wiki|Sub|Menu,Wiki
ResData.ResAwakenSettleReward,资源数据.资源觉醒结算奖励,Res|Data|Res|Awaken|Settle|Reward,
ResData.ResAwakenUnlockSlotConfig.<astSlotPos_bytes>e__FixedBuffer,资源数据.资源觉醒解锁槽位配置.<ast槽位位置bytes>e固定缓冲,Res|Data|Res|Awaken|Unlock|Slot|Config|<ast|Slot|Pos|bytes>e|Fixed|Buffer,<ast bytes>e
ResData.ResAwakenUnlockSlotConfig,资源数据.资源觉醒解锁槽位配置,Res|Data|Res|Awaken|Unlock|Slot|Config,
ResData.ResTeamBondEffectConfig.<HeroList_bytes>e__FixedBuffer,资源数据.资源队伍Bond效果配置.<Hero列表bytes>e固定缓冲,Res|Data|Res|Team|Bond|Effect|Config|<Hero|List|bytes>e|Fixed|Buffer,Bond <Hero bytes>e
ResData.ResTeamBondEffectConfig,资源数据.资源队伍Bond效果配置,Res|Data|Res|Team|Bond|Effect|Config,Bond
ResData.ResDimensionInteractiveObject.<astAction_bytes>e__FixedBuffer,资源数据.资源维度交互对象.<ast动作bytes>e固定缓冲,Res|Data|Res|Dimension|Interactive|Object|<ast|Action|bytes>e|Fixed|Buffer,<ast bytes>e
ResData.ResDimensionInteractiveObject,资源数据.资源维度交互对象,Res|Data|Res|Dimension|Interactive|Object,
ResData.ResMallHotRecommend102.<astRecommend_bytes>e__FixedBuffer,资源数据.资源商城热门推荐102.<ast推荐bytes>e固定缓冲,Res|Data|Res|Mall|Hot|Recommend|102|<ast|Recommend|bytes>e|Fixed|Buffer,<ast bytes>e
ResData.ResMallHotRecommend102,资源数据.资源商城热门推荐102,Res|Data|Res|Mall|Hot|Recommend|102,
ResData.ResMallHotRecommendVideoPoster102,资源数据.资源商城热门推荐视频Poster102,Res|Data|Res|Mall|Hot|Recommend|Video|Poster|102,Poster
ResData.ResJinLiTicketLotteryBatch.<astDrawNumberCond_bytes>e__FixedBuffer,资源数据.资源JinLi券抽奖批次.<ast抽奖数字条件bytes>e固定缓冲,Res|Data|Res|Jin|Li|Ticket|Lottery|Batch|<ast|Draw|Number|Cond|bytes>e|Fixed|Buffer,Jin Li <ast bytes>e
ResData.ResJinLiTicketLotteryBatch,资源数据.资源JinLi券抽奖批次,Res|Data|Res|Jin|Li|Ticket|Lottery|Batch,Jin Li
ResData.ResJinLiTicketLotteryRewardLevel,资源数据.资源JinLi券抽奖奖励等级,Res|Data|Res|Jin|Li|Ticket|Lottery|Reward|Level,Jin Li
ResData.ResJinLiTicketLotteryRewardPool.<RewardID_bytes>e__FixedBuffer,资源数据.资源JinLi券抽奖奖励池.<RewardIDbytes>e固定缓冲,Res|Data|Res|Jin|Li|Ticket|Lottery|Reward|Pool|<Reward|ID|bytes>e|Fixed|Buffer,Jin Li <Reward bytes>e
ResData.ResJinLiTicketLotteryRewardPool,资源数据.资源JinLi券抽奖奖励池,Res|Data|Res|Jin|Li|Ticket|Lottery|Reward|Pool,Jin Li
ResData.ResJinLiTicketLotteryReward.<Param_bytes>e__FixedBuffer,资源数据.资源JinLi券抽奖奖励.<Parambytes>e固定缓冲,Res|Data|Res|Jin|Li|Ticket|Lottery|Reward|<Param|bytes>e|Fixed|Buffer,Jin Li <Param bytes>e
ResData.ResJinLiTicketLotteryReward,资源数据.资源JinLi券抽奖奖励,Res|Data|Res|Jin|Li|Ticket|Lottery|Reward,Jin Li
ResData.ResJinLiBackflowWelfare.<ParamList_bytes>e__FixedBuffer,资源数据.资源JinLi回流Welfare.<Param列表bytes>e固定缓冲,Res|Data|Res|Jin|Li|Backflow|Welfare|<Param|List|bytes>e|Fixed|Buffer,Jin Li Welfare <Param bytes>e
ResData.ResJinLiBackflowWelfare,资源数据.资源JinLi回流Welfare,Res|Data|Res|Jin|Li|Backflow|Welfare,Jin Li Welfare
ResData.ResJinLiPrivilegeLevelUnlock.<astLevelUnlock_bytes>e__FixedBuffer,资源数据.资源JinLi特权等级解锁.<ast等级解锁bytes>e固定缓冲,Res|Data|Res|Jin|Li|Privilege|Level|Unlock|<ast|Level|Unlock|bytes>e|Fixed|Buffer,Jin Li <ast bytes>e
ResData.ResJinLiPrivilegeLevelUnlock,资源数据.资源JinLi特权等级解锁,Res|Data|Res|Jin|Li|Privilege|Level|Unlock,Jin Li
ResData.ResDT_JinLiLevelDisplayInfo,资源数据.资源数据表JinLi等级显示信息,Res|Data|Res|DT|Jin|Li|Level|Display|Info,Jin Li
ResData.ResJinLiDoubleTokenChatStr.<astChatStrArr_bytes>e__FixedBuffer,资源数据.资源JinLi双倍令牌聊天字符串.<ast聊天字符串数组bytes>e固定缓冲,Res|Data|Res|Jin|Li|Double|Token|Chat|Str|<ast|Chat|Str|Arr|bytes>e|Fixed|Buffer,Jin Li <ast bytes>e
ResData.ResJinLiDoubleTokenChatStr,资源数据.资源JinLi双倍令牌聊天字符串,Res|Data|Res|Jin|Li|Double|Token|Chat|Str,Jin Li
ResData.ResCurrencyBagConf.<astGetInfo_bytes>e__FixedBuffer,资源数据.资源货币背包配置.<ast获取信息bytes>e固定缓冲,Res|Data|Res|Currency|Bag|Conf|<ast|Get|Info|bytes>e|Fixed|Buffer,<ast bytes>e
ResData.ResCurrencyBagConf,资源数据.资源货币背包配置,Res|Data|Res|Currency|Bag|Conf,
ResData.ResSkin60CardAdPicConf.<astResDT_Skin60CardAdPicInfo_bytes>e__FixedBuffer,资源数据.资源皮肤60卡牌物理图片配置.<ast资源数据表皮肤60卡牌物理图片信息bytes>e固定缓冲,Res|Data|Res|Skin|60|Card|Ad|Pic|Conf|<ast|Res|DT|Skin|60|Card|Ad|Pic|Info|bytes>e|Fixed|Buffer,<ast bytes>e
ResData.ResSkin60CardAdPicConf,资源数据.资源皮肤60卡牌物理图片配置,Res|Data|Res|Skin|60|Card|Ad|Pic|Conf,
ResData.ResCommanderAIPlayer.<JueWuHeroPool_bytes>e__FixedBuffer,资源数据.资源指挥官AI玩家.<JueWu英雄池bytes>e固定缓冲,Res|Data|Res|Commander|AI|Player|<Jue|Wu|Hero|Pool|bytes>e|Fixed|Buffer,<Jue Wu bytes>e
ResData.ResCommanderAIPlayer.<NormalHeroPool_bytes>e__FixedBuffer,资源数据.资源指挥官AI玩家.<Normal英雄池bytes>e固定缓冲,Res|Data|Res|Commander|AI|Player|<Normal|Hero|Pool|bytes>e|Fixed|Buffer,<Normal bytes>e
ResData.ResCommanderAIPlayer,资源数据.资源指挥官AI玩家,Res|Data|Res|Commander|AI|Player,
ResData.ResOMGWeaponCfg.<GroupRandomWeights_bytes>e__FixedBuffer,资源数据.资源OMG武器配置.<Group随机Weightsbytes>e固定缓冲,Res|Data|Res|OMG|Weapon|Cfg|<Group|Random|Weights|bytes>e|Fixed|Buffer,<Group Weights bytes>e
ResData.ResOMGWeaponCfg.<GroupSkillID_bytes>e__FixedBuffer,资源数据.资源OMG武器配置.<Group技能IDbytes>e固定缓冲,Res|Data|Res|OMG|Weapon|Cfg|<Group|Skill|ID|bytes>e|Fixed|Buffer,<Group bytes>e
ResData.ResOMGWeaponCfg.<PassiveSkillID_bytes>e__FixedBuffer,资源数据.资源OMG武器配置.<Passive技能IDbytes>e固定缓冲,Res|Data|Res|OMG|Weapon|Cfg|<Passive|Skill|ID|bytes>e|Fixed|Buffer,<Passive bytes>e
ResData.ResOMGWeaponCfg.<WeaponTag_bytes>e__FixedBuffer,资源数据.资源OMG武器配置.<Weapon标签bytes>e固定缓冲,Res|Data|Res|OMG|Weapon|Cfg|<Weapon|Tag|bytes>e|Fixed|Buffer,<Weapon bytes>e
ResData.ResOMGWeaponCfg,资源数据.资源OMG武器配置,Res|Data|Res|OMG|Weapon|Cfg,
ResData.ResOMGWeaponPropertyCfg.<astQualityInfo_bytes>e__FixedBuffer,资源数据.资源OMG武器属性配置.<ast品质信息bytes>e固定缓冲,Res|Data|Res|OMG|Weapon|Property|Cfg|<ast|Quality|Info|bytes>e|Fixed|Buffer,<ast bytes>e
ResData.ResOMGWeaponPropertyCfg,资源数据.资源OMG武器属性配置,Res|Data|Res|OMG|Weapon|Property|Cfg,
ResData.ResOMGWeaponRecommendCfg.<RecommendWeaponID_bytes>e__FixedBuffer,资源数据.资源OMG武器推荐配置.<Recommend武器IDbytes>e固定缓冲,Res|Data|Res|OMG|Weapon|Recommend|Cfg|<Recommend|Weapon|ID|bytes>e|Fixed|Buffer,<Recommend bytes>e
ResData.ResOMGWeaponRecommendCfg,资源数据.资源OMG武器推荐配置,Res|Data|Res|OMG|Weapon|Recommend|Cfg,
ResData.ResOMGWeaponPropertyRandomCfg.<szIsInRandomPool_bytes>e__FixedBuffer,资源数据.资源OMG武器属性随机配置.<sz是否内随机池bytes>e固定缓冲,Res|Data|Res|OMG|Weapon|Property|Random|Cfg|<sz|Is|In|Random|Pool|bytes>e|Fixed|Buffer,<sz bytes>e
ResData.ResOMGWeaponPropertyRandomCfg,资源数据.资源OMG武器属性随机配置,Res|Data|Res|OMG|Weapon|Property|Random|Cfg,
ResData.ResOMGWeaponCarryCfg.<astPointInfo_bytes>e__FixedBuffer,资源数据.资源OMG武器携带配置.<ast点信息bytes>e固定缓冲,Res|Data|Res|OMG|Weapon|Carry|Cfg|<ast|Point|Info|bytes>e|Fixed|Buffer,<ast bytes>e
ResData.ResOMGWeaponCarryCfg,资源数据.资源OMG武器携带配置,Res|Data|Res|OMG|Weapon|Carry|Cfg,
ResData.ResCiYuanDZZReforgeCfg.<ProbilityForRandom_bytes>e__FixedBuffer,资源数据.资源CiYuanDZZReforge配置.<Probility用于随机bytes>e固定缓冲,Res|Data|Res|Ci|Yuan|DZZ|Reforge|Cfg|<Probility|For|Random|bytes>e|Fixed|Buffer,Ci Yuan DZZ Reforge <Probility bytes>e
ResData.ResCiYuanDZZReforgeCfg,资源数据.资源CiYuanDZZReforge配置,Res|Data|Res|Ci|Yuan|DZZ|Reforge|Cfg,Ci Yuan DZZ Reforge
ResData.ResOMGArmorPropertyCfg.<astQualityInfo_bytes>e__FixedBuffer,资源数据.资源OMG护甲属性配置.<ast品质信息bytes>e固定缓冲,Res|Data|Res|OMG|Armor|Property|Cfg|<ast|Quality|Info|bytes>e|Fixed|Buffer,<ast bytes>e
ResData.ResOMGArmorPropertyCfg,资源数据.资源OMG护甲属性配置,Res|Data|Res|OMG|Armor|Property|Cfg,
ResData.ResOMGArmorRandomCfg.<PassiveSKillRandomID_bytes>e__FixedBuffer,资源数据.资源OMG护甲随机配置.<PassiveS击杀随机IDbytes>e固定缓冲,Res|Data|Res|OMG|Armor|Random|Cfg|<Passive|S|Kill|Random|ID|bytes>e|Fixed|Buffer,<Passive bytes>e
ResData.ResOMGArmorRandomCfg.<RamdomPoolProperty_bytes>e__FixedBuffer,资源数据.资源OMG护甲随机配置.<Ramdom池属性bytes>e固定缓冲,Res|Data|Res|OMG|Armor|Random|Cfg|<Ramdom|Pool|Property|bytes>e|Fixed|Buffer,<Ramdom bytes>e
ResData.ResOMGArmorRandomCfg,资源数据.资源OMG护甲随机配置,Res|Data|Res|OMG|Armor|Random|Cfg,
ResData.ResOMGArmorSkillContactCfg.<ContactProfession_bytes>e__FixedBuffer,资源数据.资源OMG护甲技能Contact配置.<ContactProfessionbytes>e固定缓冲,Res|Data|Res|OMG|Armor|Skill|Contact|Cfg|<Contact|Profession|bytes>e|Fixed|Buffer,Contact <Contact Profession bytes>e
ResData.ResOMGArmorSkillContactCfg,资源数据.资源OMG护甲技能Contact配置,Res|Data|Res|OMG|Armor|Skill|Contact|Cfg,Contact
ResData.ResOMGProfessionCfg.<UsableWeapon_bytes>e__FixedBuffer,资源数据.资源OMGProfession配置.<Usable武器bytes>e固定缓冲,Res|Data|Res|OMG|Profession|Cfg|<Usable|Weapon|bytes>e|Fixed|Buffer,Profession <Usable bytes>e
ResData.ResOMGProfessionCfg,资源数据.资源OMGProfession配置,Res|Data|Res|OMG|Profession|Cfg,Profession
ResData.ResOMGDrugCfg,资源数据.资源OMGDrug配置,Res|Data|Res|OMG|Drug|Cfg,Drug
ResData.ResOMGTreasureCfg,资源数据.资源OMG宝藏配置,Res|Data|Res|OMG|Treasure|Cfg,
ResData.ResOPEPRoblemCfg.<astProblemItemInfo_bytes>e__FixedBuffer,资源数据.资源OPEPRoblem配置.<astProblem道具信息bytes>e固定缓冲,Res|Data|Res|OPEP|Roblem|Cfg|<ast|Problem|Item|Info|bytes>e|Fixed|Buffer,OPEP Roblem <ast Problem bytes>e
ResData.ResOPEPRoblemCfg,资源数据.资源OPEPRoblem配置,Res|Data|Res|OPEP|Roblem|Cfg,OPEP Roblem
ResData.ResBuffToResReplaceCfg.<astBuffToResReplaceData_bytes>e__FixedBuffer,资源数据.资源增益到资源替换配置.<ast增益到资源替换数据bytes>e固定缓冲,Res|Data|Res|Buff|To|Res|Replace|Cfg|<ast|Buff|To|Res|Replace|Data|bytes>e|Fixed|Buffer,<ast bytes>e
ResData.ResBuffToResReplaceCfg,资源数据.资源增益到资源替换配置,Res|Data|Res|Buff|To|Res|Replace|Cfg,
ResData.ResEnvEntityCfg,资源数据.资源环境实体配置,Res|Data|Res|Env|Entity|Cfg,
ResData.ResDestructibleCfg,资源数据.资源Destructible配置,Res|Data|Res|Destructible|Cfg,Destructible
ResData.ResEnvInventoryItemCfg,资源数据.资源环境背包道具配置,Res|Data|Res|Env|Inventory|Item|Cfg,
ResData.ResEnvInventoryContainerCfg,资源数据.资源环境背包Container配置,Res|Data|Res|Env|Inventory|Container|Cfg,Container
ResData.ResDimensionGameModeBragGameRankConfig,资源数据.资源维度游戏模式炫耀游戏排行配置,Res|Data|Res|Dimension|Game|Mode|Brag|Game|Rank|Config,
ResData.ResDimensionBragGameTitleConf.<astStatEntryList_bytes>e__FixedBuffer,资源数据.资源维度炫耀游戏标题配置.<ast统计入口列表bytes>e固定缓冲,Res|Data|Res|Dimension|Brag|Game|Title|Conf|<ast|Stat|Entry|List|bytes>e|Fixed|Buffer,<ast bytes>e
ResData.ResDimensionBragGameTitleConf,资源数据.资源维度炫耀游戏标题配置,Res|Data|Res|Dimension|Brag|Game|Title|Conf,
ResData.ResDimensionHouseCustomizedAreaConfig.<FunctionAreaList_bytes>e__FixedBuffer,资源数据.资源维度家园Customized区域配置.<Function区域列表bytes>e固定缓冲,Res|Data|Res|Dimension|House|Customized|Area|Config|<Function|Area|List|bytes>e|Fixed|Buffer,Customized <Function bytes>e
ResData.ResDimensionHouseCustomizedAreaConfig,资源数据.资源维度家园Customized区域配置,Res|Data|Res|Dimension|House|Customized|Area|Config,Customized
ResData.ResDimensionHouseCustomizedFunctionAreaConfig.<SceneItemAreaPosId_bytes>e__FixedBuffer,资源数据.资源维度家园Customized功能区域配置.<Scene道具区域位置IDbytes>e固定缓冲,Res|Data|Res|Dimension|House|Customized|Function|Area|Config|<Scene|Item|Area|Pos|Id|bytes>e|Fixed|Buffer,Customized <Scene bytes>e
ResData.ResDimensionHouseCustomizedFunctionAreaConfig,资源数据.资源维度家园Customized功能区域配置,Res|Data|Res|Dimension|House|Customized|Function|Area|Config,Customized
ResData.ResDimensionHouseSceneItemConfig,资源数据.资源维度家园场景道具配置,Res|Data|Res|Dimension|House|Scene|Item|Config,
ResData.ResDimensionHouseDecorationConfig,资源数据.资源维度家园Decoration配置,Res|Data|Res|Dimension|House|Decoration|Config,Decoration
ResData.ResDimensionHouseItemConfig.<DecorationPoints_bytes>e__FixedBuffer,资源数据.资源维度家园道具配置.<Decoration积分bytes>e固定缓冲,Res|Data|Res|Dimension|House|Item|Config|<Decoration|Points|bytes>e|Fixed|Buffer,<Decoration bytes>e
ResData.ResDimensionHouseItemConfig.<astBoxes_bytes>e__FixedBuffer,资源数据.资源维度家园道具配置.<astBoxesbytes>e固定缓冲,Res|Data|Res|Dimension|House|Item|Config|<ast|Boxes|bytes>e|Fixed|Buffer,<ast Boxes bytes>e
ResData.ResDimensionHouseItemConfig,资源数据.资源维度家园道具配置,Res|Data|Res|Dimension|House|Item|Config,
ResData.ResDimensionHouseWallTypeConfig.<ConditionList_bytes>e__FixedBuffer,资源数据.资源维度家园墙类型配置.<Condition列表bytes>e固定缓冲,Res|Data|Res|Dimension|House|Wall|Type|Config|<Condition|List|bytes>e|Fixed|Buffer,<Condition bytes>e
ResData.ResDimensionHouseWallTypeConfig.<SubList_bytes>e__FixedBuffer,资源数据.资源维度家园墙类型配置.<Sub列表bytes>e固定缓冲,Res|Data|Res|Dimension|House|Wall|Type|Config|<Sub|List|bytes>e|Fixed|Buffer,<Sub bytes>e
ResData.ResDimensionHouseWallTypeConfig,资源数据.资源维度家园墙类型配置,Res|Data|Res|Dimension|House|Wall|Type|Config,
ResData.ResDimensionHouseWallSubTypeConfig.<ContainItemType_bytes>e__FixedBuffer,资源数据.资源维度家园墙子类型配置.<Contain道具类型bytes>e固定缓冲,Res|Data|Res|Dimension|House|Wall|Sub|Type|Config|<Contain|Item|Type|bytes>e|Fixed|Buffer,<Contain bytes>e
ResData.ResDimensionHouseWallSubTypeConfig,资源数据.资源维度家园墙子类型配置,Res|Data|Res|Dimension|House|Wall|Sub|Type|Config,
ResData.ResDimensionHouseWallObjFilterConditonConfig.<SubConditionList_bytes>e__FixedBuffer,资源数据.资源维度家园墙对象过滤Conditon配置.<Sub条件列表bytes>e固定缓冲,Res|Data|Res|Dimension|House|Wall|Obj|Filter|Conditon|Config|<Sub|Condition|List|bytes>e|Fixed|Buffer,Conditon <Sub bytes>e
ResData.ResDimensionHouseWallObjFilterConditonConfig,资源数据.资源维度家园墙对象过滤Conditon配置,Res|Data|Res|Dimension|House|Wall|Obj|Filter|Conditon|Config,Conditon
ResData.ResDimensionHouseWallObjConfig.<RelationParamUInt_bytes>e__FixedBuffer,资源数据.资源维度家园墙对象配置.<Relation参数U整数bytes>e固定缓冲,Res|Data|Res|Dimension|House|Wall|Obj|Config|<Relation|Param|U|Int|bytes>e|Fixed|Buffer,<Relation bytes>e
ResData.ResDimensionHouseWallObjConfig,资源数据.资源维度家园墙对象配置,Res|Data|Res|Dimension|House|Wall|Obj|Config,
ResData.ResSuperSaturdayActivityConf.<PreviewWeekNo_bytes>e__FixedBuffer,资源数据.资源超级Saturday活动配置.<Preview周无bytes>e固定缓冲,Res|Data|Res|Super|Saturday|Activity|Conf|<Preview|Week|No|bytes>e|Fixed|Buffer,Saturday <Preview bytes>e
ResData.ResSuperSaturdayActivityConf,资源数据.资源超级Saturday活动配置,Res|Data|Res|Super|Saturday|Activity|Conf,Saturday
ResData.ResSuperSaturdayScoreConf.<astBackFlowRate_bytes>e__FixedBuffer,资源数据.资源超级Saturday得分配置.<ast返回流动速率bytes>e固定缓冲,Res|Data|Res|Super|Saturday|Score|Conf|<ast|Back|Flow|Rate|bytes>e|Fixed|Buffer,Saturday <ast bytes>e
ResData.ResSuperSaturdayScoreConf,资源数据.资源超级Saturday得分配置,Res|Data|Res|Super|Saturday|Score|Conf,Saturday
ResData.ResSuperSaturdayShareSkinPoolConf.<SkinID_bytes>e__FixedBuffer,资源数据.资源超级Saturday共享皮肤池配置.<SkinIDbytes>e固定缓冲,Res|Data|Res|Super|Saturday|Share|Skin|Pool|Conf|<Skin|ID|bytes>e|Fixed|Buffer,Saturday <Skin bytes>e
ResData.ResSuperSaturdayShareSkinPoolConf,资源数据.资源超级Saturday共享皮肤池配置,Res|Data|Res|Super|Saturday|Share|Skin|Pool|Conf,Saturday
ResData.ResSuperSaturdayShareHeroPoolConf.<HeroID_bytes>e__FixedBuffer,资源数据.资源超级Saturday共享英雄池配置.<HeroIDbytes>e固定缓冲,Res|Data|Res|Super|Saturday|Share|Hero|Pool|Conf|<Hero|ID|bytes>e|Fixed|Buffer,Saturday <Hero bytes>e
ResData.ResSuperSaturdayShareHeroPoolConf,资源数据.资源超级Saturday共享英雄池配置,Res|Data|Res|Super|Saturday|Share|Hero|Pool|Conf,Saturday
ResData.ResMall94DiscoverTemplateConf.<RecResIDs_bytes>e__FixedBuffer,资源数据.资源商城94发现模板配置.<Rec资源IDbytes>e固定缓冲,Res|Data|Res|Mall|94|Discover|Template|Conf|<Rec|Res|IDs|bytes>e|Fixed|Buffer,<Rec bytes>e
ResData.ResMall94DiscoverTemplateConf.<astBGArgs_bytes>e__FixedBuffer,资源数据.资源商城94发现模板配置.<ast背景Argsbytes>e固定缓冲,Res|Data|Res|Mall|94|Discover|Template|Conf|<ast|BG|Args|bytes>e|Fixed|Buffer,<ast Args bytes>e
ResData.ResMall94DiscoverTemplateConf,资源数据.资源商城94发现模板配置,Res|Data|Res|Mall|94|Discover|Template|Conf,
ResData.ResMall94DiscoverRecResConf.<astCommercialShowArgs_bytes>e__FixedBuffer,资源数据.资源商城94发现记录资源配置.<ast商业显示Argsbytes>e固定缓冲,Res|Data|Res|Mall|94|Discover|Rec|Res|Conf|<ast|Commercial|Show|Args|bytes>e|Fixed|Buffer,<ast Args bytes>e
ResData.ResMall94DiscoverRecResConf,资源数据.资源商城94发现记录资源配置,Res|Data|Res|Mall|94|Discover|Rec|Res|Conf,
ResData.ResHeroSkillRange.<szSkillFlags_bytes>e__FixedBuffer,资源数据.资源英雄技能范围.<sz技能标记bytes>e固定缓冲,Res|Data|Res|Hero|Skill|Range|<sz|Skill|Flags|bytes>e|Fixed|Buffer,<sz bytes>e
ResData.ResHeroSkillRange,资源数据.资源英雄技能范围,Res|Data|Res|Hero|Skill|Range,
ResData.ResEquipRandomPropertyRandom.<astRandomPropertyPool_bytes>e__FixedBuffer,资源数据.资源装备随机属性随机.<ast随机属性池bytes>e固定缓冲,Res|Data|Res|Equip|Random|Property|Random|<ast|Random|Property|Pool|bytes>e|Fixed|Buffer,<ast bytes>e
ResData.ResEquipRandomPropertyRandom,资源数据.资源装备随机属性随机,Res|Data|Res|Equip|Random|Property|Random,
ResData.ResCollectValue.<astTotalCollectValueList_bytes>e__FixedBuffer,资源数据.资源收集值.<ast总计收集值列表bytes>e固定缓冲,Res|Data|Res|Collect|Value|<ast|Total|Collect|Value|List|bytes>e|Fixed|Buffer,<ast bytes>e
ResData.ResCollectValue,资源数据.资源收集值,Res|Data|Res|Collect|Value,
ResData.ResCollectValueTabInfo.<SubTabList_bytes>e__FixedBuffer,资源数据.资源收集值页签信息.<Sub页签列表bytes>e固定缓冲,Res|Data|Res|Collect|Value|Tab|Info|<Sub|Tab|List|bytes>e|Fixed|Buffer,<Sub bytes>e
ResData.ResCollectValueTabInfo,资源数据.资源收集值页签信息,Res|Data|Res|Collect|Value|Tab|Info,
ResData.ResBackFlowExcitationEventConf.<MutexEventID_bytes>e__FixedBuffer,资源数据.资源返回流动Excitation事件配置.<Mutex事件IDbytes>e固定缓冲,Res|Data|Res|Back|Flow|Excitation|Event|Conf|<Mutex|Event|ID|bytes>e|Fixed|Buffer,Excitation <Mutex bytes>e
ResData.ResBackFlowExcitationEventConf.<astReward_bytes>e__FixedBuffer,资源数据.资源返回流动Excitation事件配置.<ast奖励bytes>e固定缓冲,Res|Data|Res|Back|Flow|Excitation|Event|Conf|<ast|Reward|bytes>e|Fixed|Buffer,Excitation <ast bytes>e
ResData.ResBackFlowExcitationEventConf,资源数据.资源返回流动Excitation事件配置,Res|Data|Res|Back|Flow|Excitation|Event|Conf,Excitation
ResData.ResSoulMatchGift.<astItemDetail_bytes>e__FixedBuffer,资源数据.资源灵魂匹配礼包.<ast道具细节bytes>e固定缓冲,Res|Data|Res|Soul|Match|Gift|<ast|Item|Detail|bytes>e|Fixed|Buffer,<ast bytes>e
ResData.ResSoulMatchGift,资源数据.资源灵魂匹配礼包,Res|Data|Res|Soul|Match|Gift,
ResData.ResWorkShopHallGuide.<astRewardList_bytes>e__FixedBuffer,资源数据.资源Work商店大厅引导.<ast奖励列表bytes>e固定缓冲,Res|Data|Res|Work|Shop|Hall|Guide|<ast|Reward|List|bytes>e|Fixed|Buffer,Work <ast bytes>e
ResData.ResWorkShopHallGuide,资源数据.资源Work商店大厅引导,Res|Data|Res|Work|Shop|Hall|Guide,Work
ResData.ResWorkShopHall,资源数据.资源Work商店大厅,Res|Data|Res|Work|Shop|Hall,Work
ResData.ResGameplayStoreLobby,资源数据.资源玩法商店大厅,Res|Data|Res|Gameplay|Store|Lobby,
ResData.ResGameplayStoreDetail.<astCustomTab_bytes>e__FixedBuffer,资源数据.资源玩法商店细节.<ast自定义页签bytes>e固定缓冲,Res|Data|Res|Gameplay|Store|Detail|<ast|Custom|Tab|bytes>e|Fixed|Buffer,<ast bytes>e
ResData.ResGameplayStoreDetail,资源数据.资源玩法商店细节,Res|Data|Res|Gameplay|Store|Detail,
ResData.ResGameplayStoreStrategy.<astTab_bytes>e__FixedBuffer,资源数据.资源玩法商店策略.<ast页签bytes>e固定缓冲,Res|Data|Res|Gameplay|Store|Strategy|<ast|Tab|bytes>e|Fixed|Buffer,<ast bytes>e
ResData.ResGameplayStoreStrategy,资源数据.资源玩法商店策略,Res|Data|Res|Gameplay|Store|Strategy,
ResData.ResGamePlayStoreEntry,资源数据.资源游戏播放商店入口,Res|Data|Res|Game|Play|Store|Entry,
ResData.ResWorkShopCalander.<CycleParm_bytes>e__FixedBuffer,资源数据.资源Work商店Calander.<CycleParmbytes>e固定缓冲,Res|Data|Res|Work|Shop|Calander|<Cycle|Parm|bytes>e|Fixed|Buffer,Work Calander <Cycle Parm bytes>e
ResData.ResWorkShopCalander,资源数据.资源Work商店Calander,Res|Data|Res|Work|Shop|Calander,Work Calander
ResData.ResCommonGameLobbyConf.<astSuGameEntry_bytes>e__FixedBuffer,资源数据.资源通用游戏大厅配置.<astSu游戏入口bytes>e固定缓冲,Res|Data|Res|Common|Game|Lobby|Conf|<ast|Su|Game|Entry|bytes>e|Fixed|Buffer,<ast Su bytes>e
ResData.ResCommonGameLobbyConf,资源数据.资源通用游戏大厅配置,Res|Data|Res|Common|Game|Lobby|Conf,
ResData.ResSettleArmShowVibeConf.<astPosInfo_bytes>e__FixedBuffer,资源数据.资源结算Arm显示氛围配置.<ast位置信息bytes>e固定缓冲,Res|Data|Res|Settle|Arm|Show|Vibe|Conf|<ast|Pos|Info|bytes>e|Fixed|Buffer,Arm <ast bytes>e
ResData.ResSettleArmShowVibeConf,资源数据.资源结算Arm显示氛围配置,Res|Data|Res|Settle|Arm|Show|Vibe|Conf,Arm
ResData.ResSoloTauntBubbleInfo.<CounterBubbleIDs_bytes>e__FixedBuffer,资源数据.资源单人Taunt气泡信息.<Counter气泡IDbytes>e固定缓冲,Res|Data|Res|Solo|Taunt|Bubble|Info|<Counter|Bubble|IDs|bytes>e|Fixed|Buffer,Taunt <Counter bytes>e
ResData.ResSoloTauntBubbleInfo,资源数据.资源单人Taunt气泡信息,Res|Data|Res|Solo|Taunt|Bubble|Info,Taunt
ResData.ResSoloTauntCounterBubbleInfo,资源数据.资源单人Taunt计数气泡信息,Res|Data|Res|Solo|Taunt|Counter|Bubble|Info,Taunt
ResData.ResBagSecondaryCategoryInfo.<astSecondaryCategoryInfoList_bytes>e__FixedBuffer,资源数据.资源背包次要分类信息.<ast次要分类信息列表bytes>e固定缓冲,Res|Data|Res|Bag|Secondary|Category|Info|<ast|Secondary|Category|Info|List|bytes>e|Fixed|Buffer,<ast bytes>e
ResData.ResBagSecondaryCategoryInfo,资源数据.资源背包次要分类信息,Res|Data|Res|Bag|Secondary|Category|Info,
ResData.ResBagTertiaryCategoryInfo.<astSecondaryCategoryList_bytes>e__FixedBuffer,资源数据.资源背包Tertiary分类信息.<ast次要分类列表bytes>e固定缓冲,Res|Data|Res|Bag|Tertiary|Category|Info|<ast|Secondary|Category|List|bytes>e|Fixed|Buffer,Tertiary <ast bytes>e
ResData.ResBagTertiaryCategoryInfo.<szPrimaryCategoryList_bytes>e__FixedBuffer,资源数据.资源背包Tertiary分类信息.<szPrimary分类列表bytes>e固定缓冲,Res|Data|Res|Bag|Tertiary|Category|Info|<sz|Primary|Category|List|bytes>e|Fixed|Buffer,Tertiary <sz Primary bytes>e
ResData.ResBagTertiaryCategoryInfo,资源数据.资源背包Tertiary分类信息,Res|Data|Res|Bag|Tertiary|Category|Info,Tertiary
ResData.ResFarmItemResConf.<EffectParams_bytes>e__FixedBuffer,资源数据.资源农场道具资源配置.<Effect参数bytes>e固定缓冲,Res|Data|Res|Farm|Item|Res|Conf|<Effect|Params|bytes>e|Fixed|Buffer,<Effect bytes>e
ResData.ResFarmItemResConf,资源数据.资源农场道具资源配置,Res|Data|Res|Farm|Item|Res|Conf,
ResData.ResFarmTimeConf.<astWeekHour_bytes>e__FixedBuffer,资源数据.资源农场时间配置.<ast周Hourbytes>e固定缓冲,Res|Data|Res|Farm|Time|Conf|<ast|Week|Hour|bytes>e|Fixed|Buffer,<ast Hour bytes>e
ResData.ResFarmTimeConf,资源数据.资源农场时间配置,Res|Data|Res|Farm|Time|Conf,
ResData.ResFarmSeasonBPHeroVisitConf.<astGiftRewardList_bytes>e__FixedBuffer,资源数据.资源农场赛季战令英雄Visit配置.<ast礼包奖励列表bytes>e固定缓冲,Res|Data|Res|Farm|Season|BP|Hero|Visit|Conf|<ast|Gift|Reward|List|bytes>e|Fixed|Buffer,Visit <ast bytes>e
ResData.ResFarmSeasonBPHeroVisitConf,资源数据.资源农场赛季战令英雄Visit配置,Res|Data|Res|Farm|Season|BP|Hero|Visit|Conf,Visit
ResData.ResDimensionNewBieGeneralGuideMainLineCfg.<astSkipCondition_bytes>e__FixedBuffer,资源数据.资源维度新Bie通用引导主线配置.<ast跳过条件bytes>e固定缓冲,Res|Data|Res|Dimension|New|Bie|General|Guide|Main|Line|Cfg|<ast|Skip|Condition|bytes>e|Fixed|Buffer,Bie <ast bytes>e
ResData.ResDimensionNewBieGeneralGuideMainLineCfg.<astStopTime_bytes>e__FixedBuffer,资源数据.资源维度新Bie通用引导主线配置.<ast停止时间bytes>e固定缓冲,Res|Data|Res|Dimension|New|Bie|General|Guide|Main|Line|Cfg|<ast|Stop|Time|bytes>e|Fixed|Buffer,Bie <ast bytes>e
ResData.ResDimensionNewBieGeneralGuideMainLineCfg.<astTriggerCondition_bytes>e__FixedBuffer,资源数据.资源维度新Bie通用引导主线配置.<ast触发条件bytes>e固定缓冲,Res|Data|Res|Dimension|New|Bie|General|Guide|Main|Line|Cfg|<ast|Trigger|Condition|bytes>e|Fixed|Buffer,Bie <ast bytes>e
ResData.ResDimensionNewBieGeneralGuideMainLineCfg.<astTriggerTime_bytes>e__FixedBuffer,资源数据.资源维度新Bie通用引导主线配置.<ast触发时间bytes>e固定缓冲,Res|Data|Res|Dimension|New|Bie|General|Guide|Main|Line|Cfg|<ast|Trigger|Time|bytes>e|Fixed|Buffer,Bie <ast bytes>e
ResData.ResDimensionNewBieGeneralGuideMainLineCfg,资源数据.资源维度新Bie通用引导主线配置,Res|Data|Res|Dimension|New|Bie|General|Guide|Main|Line|Cfg,Bie
ResData.ResPlayLotteryInfo.<BatchLottery_bytes>e__FixedBuffer,资源数据.资源播放抽奖信息.<Batch抽奖bytes>e固定缓冲,Res|Data|Res|Play|Lottery|Info|<Batch|Lottery|bytes>e|Fixed|Buffer,<Batch bytes>e
ResData.ResPlayLotteryInfo,资源数据.资源播放抽奖信息,Res|Data|Res|Play|Lottery|Info,
ResData.ResPlayLotteryPoolInfo.<GroupMustHitEveryXCntList_bytes>e__FixedBuffer,资源数据.资源播放抽奖池信息.<GroupMust命中EveryX计数列表bytes>e固定缓冲,Res|Data|Res|Play|Lottery|Pool|Info|<Group|Must|Hit|Every|X|Cnt|List|bytes>e|Fixed|Buffer,<Group Must Every bytes>e
ResData.ResPlayLotteryPoolInfo.<MustHitEveryXCntList_bytes>e__FixedBuffer,资源数据.资源播放抽奖池信息.<Must命中EveryX计数列表bytes>e固定缓冲,Res|Data|Res|Play|Lottery|Pool|Info|<Must|Hit|Every|X|Cnt|List|bytes>e|Fixed|Buffer,<Must Every bytes>e
ResData.ResPlayLotteryPoolInfo,资源数据.资源播放抽奖池信息,Res|Data|Res|Play|Lottery|Pool|Info,
ResData.ResDimensionMahjongRankCfg,资源数据.资源维度麻将排行配置,Res|Data|Res|Dimension|Mahjong|Rank|Cfg,
ResData.ResDimensionTableGameRankConf,资源数据.资源维度表游戏排行配置,Res|Data|Res|Dimension|Table|Game|Rank|Conf,
ResData.ResDT_GuishiItemCommomCfg.<AquireBuffID_bytes>e__FixedBuffer,资源数据.资源数据表Guishi道具Commom配置.<Aquire增益IDbytes>e固定缓冲,Res|Data|Res|DT|Guishi|Item|Commom|Cfg|<Aquire|Buff|ID|bytes>e|Fixed|Buffer,Commom <Aquire bytes>e
ResData.ResDT_GuishiItemCommomCfg,资源数据.资源数据表Guishi道具Commom配置,Res|Data|Res|DT|Guishi|Item|Commom|Cfg,Commom
ResData.ResGuishiWeaponPropertyCfg.<astPropertyInfo_bytes>e__FixedBuffer,资源数据.资源Guishi武器属性配置.<ast属性信息bytes>e固定缓冲,Res|Data|Res|Guishi|Weapon|Property|Cfg|<ast|Property|Info|bytes>e|Fixed|Buffer,<ast bytes>e
ResData.ResGuishiWeaponPropertyCfg,资源数据.资源Guishi武器属性配置,Res|Data|Res|Guishi|Weapon|Property|Cfg,
ResData.ResEnvGuishiInventoryItemCfg,资源数据.资源环境Guishi背包道具配置,Res|Data|Res|Env|Guishi|Inventory|Item|Cfg,
ResData.ResLuckyCardBatchCfg.<BindingSkinID_bytes>e__FixedBuffer,资源数据.资源幸运卡牌批次配置.<Binding皮肤IDbytes>e固定缓冲,Res|Data|Res|Lucky|Card|Batch|Cfg|<Binding|Skin|ID|bytes>e|Fixed|Buffer,<Binding bytes>e
ResData.ResLuckyCardBatchCfg.<YearLimitSkinID_bytes>e__FixedBuffer,资源数据.资源幸运卡牌批次配置.<Year限制皮肤IDbytes>e固定缓冲,Res|Data|Res|Lucky|Card|Batch|Cfg|<Year|Limit|Skin|ID|bytes>e|Fixed|Buffer,<Year bytes>e
ResData.ResLuckyCardBatchCfg,资源数据.资源幸运卡牌批次配置,Res|Data|Res|Lucky|Card|Batch|Cfg,
ResData.ResNewbieCarnivalReward.<astRewardList_bytes>e__FixedBuffer,资源数据.资源新手嘉年华奖励.<ast奖励列表bytes>e固定缓冲,Res|Data|Res|Newbie|Carnival|Reward|<ast|Reward|List|bytes>e|Fixed|Buffer,<ast bytes>e
ResData.ResNewbieCarnivalReward,资源数据.资源新手嘉年华奖励,Res|Data|Res|Newbie|Carnival|Reward,
ResData.ResFriendSource.<astAddSourceDescList_bytes>e__FixedBuffer,资源数据.资源友方来源.<ast添加来源描述列表bytes>e固定缓冲,Res|Data|Res|Friend|Source|<ast|Add|Source|Desc|List|bytes>e|Fixed|Buffer,<ast bytes>e
ResData.ResFriendSource,资源数据.资源友方来源,Res|Data|Res|Friend|Source,
ResData.ResStashBoxCfg,资源数据.资源Stash盒配置,Res|Data|Res|Stash|Box|Cfg,Stash
ResData.ResActivityClientReportGrayCfg.<astStageInfo_bytes>e__FixedBuffer,资源数据.资源活动客户端举报灰度配置.<ast阶段信息bytes>e固定缓冲,Res|Data|Res|Activity|Client|Report|Gray|Cfg|<ast|Stage|Info|bytes>e|Fixed|Buffer,<ast bytes>e
ResData.ResActivityClientReportGrayCfg,资源数据.资源活动客户端举报灰度配置,Res|Data|Res|Activity|Client|Report|Gray|Cfg,
ResData.ResGamePlayGoalSystemScoreRewardCfg.<astRewardInfo_bytes>e__FixedBuffer,资源数据.资源游戏播放目标系统得分奖励配置.<ast奖励信息bytes>e固定缓冲,Res|Data|Res|Game|Play|Goal|System|Score|Reward|Cfg|<ast|Reward|Info|bytes>e|Fixed|Buffer,<ast bytes>e
ResData.ResGamePlayGoalSystemScoreRewardCfg,资源数据.资源游戏播放目标系统得分奖励配置,Res|Data|Res|Game|Play|Goal|System|Score|Reward|Cfg,
ResData.ResGamePlayGoalSystemTaskCfg.<TaskID_bytes>e__FixedBuffer,资源数据.资源游戏播放目标系统任务配置.<TaskIDbytes>e固定缓冲,Res|Data|Res|Game|Play|Goal|System|Task|Cfg|<Task|ID|bytes>e|Fixed|Buffer,<Task bytes>e
ResData.ResGamePlayGoalSystemTaskCfg,资源数据.资源游戏播放目标系统任务配置,Res|Data|Res|Game|Play|Goal|System|Task|Cfg,
ResData.ResGamePlayGoalSystemGemEffectCfg.<astEffectParam_bytes>e__FixedBuffer,资源数据.资源游戏播放目标系统宝石效果配置.<ast效果参数bytes>e固定缓冲,Res|Data|Res|Game|Play|Goal|System|Gem|Effect|Cfg|<ast|Effect|Param|bytes>e|Fixed|Buffer,<ast bytes>e
ResData.ResGamePlayGoalSystemGemEffectCfg,资源数据.资源游戏播放目标系统宝石效果配置,Res|Data|Res|Game|Play|Goal|System|Gem|Effect|Cfg,
ResData.ResGamePlayGoalSystemGemExchangeCfg.<Prices_bytes>e__FixedBuffer,资源数据.资源游戏播放目标系统宝石交换配置.<Pricesbytes>e固定缓冲,Res|Data|Res|Game|Play|Goal|System|Gem|Exchange|Cfg|<Prices|bytes>e|Fixed|Buffer,<Prices bytes>e
ResData.ResGamePlayGoalSystemGemExchangeCfg,资源数据.资源游戏播放目标系统宝石交换配置,Res|Data|Res|Game|Play|Goal|System|Gem|Exchange|Cfg,
ResData.ResCampusFuncSwitchConfig.<astFuncSwitchList_bytes>e__FixedBuffer,资源数据.资源校园函数切换配置.<ast函数切换列表bytes>e固定缓冲,Res|Data|Res|Campus|Func|Switch|Config|<ast|Func|Switch|List|bytes>e|Fixed|Buffer,<ast bytes>e
ResData.ResCampusFuncSwitchConfig,资源数据.资源校园函数切换配置,Res|Data|Res|Campus|Func|Switch|Config,
ResData.ResCampusRewardCfg.<astAward_bytes>e__FixedBuffer,资源数据.资源校园奖励配置.<ast奖励bytes>e固定缓冲,Res|Data|Res|Campus|Reward|Cfg|<ast|Award|bytes>e|Fixed|Buffer,<ast bytes>e
ResData.ResCampusRewardCfg,资源数据.资源校园奖励配置,Res|Data|Res|Campus|Reward|Cfg,
ResData.ResCampusInviteReward.<astRewardList_bytes>e__FixedBuffer,资源数据.资源校园邀请奖励.<ast奖励列表bytes>e固定缓冲,Res|Data|Res|Campus|Invite|Reward|<ast|Reward|List|bytes>e|Fixed|Buffer,<ast bytes>e
ResData.ResCampusInviteReward,资源数据.资源校园邀请奖励,Res|Data|Res|Campus|Invite|Reward,
ResData.ResCampusMatchReward.<astRewardList_bytes>e__FixedBuffer,资源数据.资源校园匹配奖励.<ast奖励列表bytes>e固定缓冲,Res|Data|Res|Campus|Match|Reward|<ast|Reward|List|bytes>e|Fixed|Buffer,<ast bytes>e
ResData.ResCampusMatchReward,资源数据.资源校园匹配奖励,Res|Data|Res|Campus|Match|Reward,
ResData.ResCampusMatchNonParticipantReward.<RewardList_bytes>e__FixedBuffer,资源数据.资源校园匹配非Participant奖励.<Reward列表bytes>e固定缓冲,Res|Data|Res|Campus|Match|Non|Participant|Reward|<Reward|List|bytes>e|Fixed|Buffer,Participant <Reward bytes>e
ResData.ResCampusMatchNonParticipantReward,资源数据.资源校园匹配非Participant奖励,Res|Data|Res|Campus|Match|Non|Participant|Reward,Participant
ResData.ResCampusReward.<RewardList_bytes>e__FixedBuffer,资源数据.资源校园奖励.<Reward列表bytes>e固定缓冲,Res|Data|Res|Campus|Reward|<Reward|List|bytes>e|Fixed|Buffer,<Reward bytes>e
ResData.ResCampusReward,资源数据.资源校园奖励,Res|Data|Res|Campus|Reward,
ResData.ResRebateCardCfg,资源数据.资源返利卡牌配置,Res|Data|Res|Rebate|Card|Cfg,
ResData.ResPlayModeEntry,资源数据.资源播放模式入口,Res|Data|Res|Play|Mode|Entry,
ResData.ResResonanceCrystalLevelCfg.<RewardSkills_bytes>e__FixedBuffer,资源数据.资源Resonance水晶等级配置.<RewardSkillsbytes>e固定缓冲,Res|Data|Res|Resonance|Crystal|Level|Cfg|<Reward|Skills|bytes>e|Fixed|Buffer,Resonance <Reward Skills bytes>e
ResData.ResResonanceCrystalLevelCfg,资源数据.资源Resonance水晶等级配置,Res|Data|Res|Resonance|Crystal|Level|Cfg,Resonance
ResData.ResGamePlayRatingGradeConf.<ExtraList_bytes>e__FixedBuffer,资源数据.资源游戏播放Rating等级配置.<Extra列表bytes>e固定缓冲,Res|Data|Res|Game|Play|Rating|Grade|Conf|<Extra|List|bytes>e|Fixed|Buffer,Rating <Extra bytes>e
ResData.ResGamePlayRatingGradeConf.<astRewardList_bytes>e__FixedBuffer,资源数据.资源游戏播放Rating等级配置.<ast奖励列表bytes>e固定缓冲,Res|Data|Res|Game|Play|Rating|Grade|Conf|<ast|Reward|List|bytes>e|Fixed|Buffer,Rating <ast bytes>e
ResData.ResGamePlayRatingGradeConf,资源数据.资源游戏播放Rating等级配置,Res|Data|Res|Game|Play|Rating|Grade|Conf,Rating
ResData.ResInBattleEffectBuffRandomRuleCfg.<BuffTag_bytes>e__FixedBuffer,资源数据.资源内战斗效果增益随机规则配置.<Buff标签bytes>e固定缓冲,Res|Data|Res|In|Battle|Effect|Buff|Random|Rule|Cfg|<Buff|Tag|bytes>e|Fixed|Buffer,<Buff bytes>e
ResData.ResInBattleEffectBuffRandomRuleCfg,资源数据.资源内战斗效果增益随机规则配置,Res|Data|Res|In|Battle|Effect|Buff|Random|Rule|Cfg,
ResData.ResInBattleEffectBuyCfg.<EffectBuyParamList_bytes>e__FixedBuffer,资源数据.资源内战斗效果购买配置.<Effect购买参数列表bytes>e固定缓冲,Res|Data|Res|In|Battle|Effect|Buy|Cfg|<Effect|Buy|Param|List|bytes>e|Fixed|Buffer,<Effect bytes>e
ResData.ResInBattleEffectBuyCfg.<astPosCfg_bytes>e__FixedBuffer,资源数据.资源内战斗效果购买配置.<ast位置配置bytes>e固定缓冲,Res|Data|Res|In|Battle|Effect|Buy|Cfg|<ast|Pos|Cfg|bytes>e|Fixed|Buffer,<ast bytes>e
ResData.ResInBattleEffectBuyCfg,资源数据.资源内战斗效果购买配置,Res|Data|Res|In|Battle|Effect|Buy|Cfg,
ResData.ResInBattleEffectHeroFilterCfg.<ForbidTagList_bytes>e__FixedBuffer,资源数据.资源内战斗效果英雄过滤配置.<Forbid标签列表bytes>e固定缓冲,Res|Data|Res|In|Battle|Effect|Hero|Filter|Cfg|<Forbid|Tag|List|bytes>e|Fixed|Buffer,<Forbid bytes>e
ResData.ResInBattleEffectHeroFilterCfg,资源数据.资源内战斗效果英雄过滤配置,Res|Data|Res|In|Battle|Effect|Hero|Filter|Cfg,
ResData.ResFootBallEndlessRewardConf.<astRewardList_bytes>e__FixedBuffer,资源数据.资源Foot球Endless奖励配置.<ast奖励列表bytes>e固定缓冲,Res|Data|Res|Foot|Ball|Endless|Reward|Conf|<ast|Reward|List|bytes>e|Fixed|Buffer,Foot Endless <ast bytes>e
ResData.ResFootBallEndlessRewardConf,资源数据.资源Foot球Endless奖励配置,Res|Data|Res|Foot|Ball|Endless|Reward|Conf,Foot Endless
ResData.ResHeroGroup.<HeroIDList_bytes>e__FixedBuffer,资源数据.资源英雄分组.<HeroID列表bytes>e固定缓冲,Res|Data|Res|Hero|Group|<Hero|ID|List|bytes>e|Fixed|Buffer,<Hero bytes>e
ResData.ResHeroGroup,资源数据.资源英雄分组,Res|Data|Res|Hero|Group,
ResData.ResGamePlayRelicStarLevel.<FuncParamList_bytes>e__FixedBuffer,资源数据.资源游戏播放Relic星等级.<Func参数列表bytes>e固定缓冲,Res|Data|Res|Game|Play|Relic|Star|Level|<Func|Param|List|bytes>e|Fixed|Buffer,Relic <Func bytes>e
ResData.ResGamePlayRelicStarLevel,资源数据.资源游戏播放Relic星等级,Res|Data|Res|Game|Play|Relic|Star|Level,Relic
ResData.ResRelicBlindBoxDropRule.<BlindBoxDropRateList_bytes>e__FixedBuffer,资源数据.资源RelicBlind盒掉落规则.<Blind盒掉落速率列表bytes>e固定缓冲,Res|Data|Res|Relic|Blind|Box|Drop|Rule|<Blind|Box|Drop|Rate|List|bytes>e|Fixed|Buffer,Relic Blind <Blind bytes>e
ResData.ResRelicBlindBoxDropRule.<BlindBoxList_bytes>e__FixedBuffer,资源数据.资源RelicBlind盒掉落规则.<Blind盒列表bytes>e固定缓冲,Res|Data|Res|Relic|Blind|Box|Drop|Rule|<Blind|Box|List|bytes>e|Fixed|Buffer,Relic Blind <Blind bytes>e
ResData.ResRelicBlindBoxDropRule,资源数据.资源RelicBlind盒掉落规则,Res|Data|Res|Relic|Blind|Box|Drop|Rule,Relic Blind
ResData.ResGamePlayBattlePassSeasonConf.<astEndlessReward_bytes>e__FixedBuffer,资源数据.资源游戏播放战斗通行证赛季配置.<astEndless奖励bytes>e固定缓冲,Res|Data|Res|Game|Play|Battle|Pass|Season|Conf|<ast|Endless|Reward|bytes>e|Fixed|Buffer,<ast Endless bytes>e
ResData.ResGamePlayBattlePassSeasonConf,资源数据.资源游戏播放战斗通行证赛季配置,Res|Data|Res|Game|Play|Battle|Pass|Season|Conf,
ResData.ResGamePlayBattlePassMilestoneConf.<astReward_bytes>e__FixedBuffer,资源数据.资源游戏播放战斗通行证里程碑配置.<ast奖励bytes>e固定缓冲,Res|Data|Res|Game|Play|Battle|Pass|Milestone|Conf|<ast|Reward|bytes>e|Fixed|Buffer,<ast bytes>e
ResData.ResGamePlayBattlePassMilestoneConf,资源数据.资源游戏播放战斗通行证里程碑配置,Res|Data|Res|Game|Play|Battle|Pass|Milestone|Conf,
ResData.ResHorizontalTaskFilter.<astFilters_bytes>e__FixedBuffer,资源数据.资源水平任务过滤.<astFiltersbytes>e固定缓冲,Res|Data|Res|Horizontal|Task|Filter|<ast|Filters|bytes>e|Fixed|Buffer,<ast Filters bytes>e
ResData.ResHorizontalTaskFilter,资源数据.资源水平任务过滤,Res|Data|Res|Horizontal|Task|Filter,
ResData.ResHorizontalTask.<astOperationArray_bytes>e__FixedBuffer,资源数据.资源水平任务.<ast操作数组bytes>e固定缓冲,Res|Data|Res|Horizontal|Task|<ast|Operation|Array|bytes>e|Fixed|Buffer,<ast bytes>e
ResData.ResHorizontalTask,资源数据.资源水平任务,Res|Data|Res|Horizontal|Task,
ResData.ResLevelCfgInfo.<AIHeroID_bytes>e__FixedBuffer,资源数据.资源等级配置信息.<AI英雄IDbytes>e固定缓冲,Res|Data|Res|Level|Cfg|Info|<AI|Hero|ID|bytes>e|Fixed|Buffer,<AI bytes>e
ResData.ResLevelCfgInfo.<RecommendLevel_bytes>e__FixedBuffer,资源数据.资源等级配置信息.<Recommend等级bytes>e固定缓冲,Res|Data|Res|Level|Cfg|Info|<Recommend|Level|bytes>e|Fixed|Buffer,<Recommend bytes>e
ResData.ResLevelCfgInfo.<RecommendPower_bytes>e__FixedBuffer,资源数据.资源等级配置信息.<Recommend威力bytes>e固定缓冲,Res|Data|Res|Level|Cfg|Info|<Recommend|Power|bytes>e|Fixed|Buffer,<Recommend bytes>e
ResData.ResLevelCfgInfo.<SelfCampAIHeroID_bytes>e__FixedBuffer,资源数据.资源等级配置信息.<Self阵营AI英雄IDbytes>e固定缓冲,Res|Data|Res|Level|Cfg|Info|<Self|Camp|AI|Hero|ID|bytes>e|Fixed|Buffer,<Self bytes>e
ResData.ResLevelCfgInfo.<ServerCheckPower_bytes>e__FixedBuffer,资源数据.资源等级配置信息.<Server检查威力bytes>e固定缓冲,Res|Data|Res|Level|Cfg|Info|<Server|Check|Power|bytes>e|Fixed|Buffer,<Server bytes>e
ResData.ResLevelCfgInfo.<SettleIDDetail_bytes>e__FixedBuffer,资源数据.资源等级配置信息.<SettleID细节bytes>e固定缓冲,Res|Data|Res|Level|Cfg|Info|<Settle|ID|Detail|bytes>e|Fixed|Buffer,<Settle bytes>e
ResData.ResLevelCfgInfo.<astMapBuffs_bytes>e__FixedBuffer,资源数据.资源等级配置信息.<ast地图增益bytes>e固定缓冲,Res|Data|Res|Level|Cfg|Info|<ast|Map|Buffs|bytes>e|Fixed|Buffer,<ast bytes>e
ResData.ResLevelCfgInfo.<astReviveInfo_bytes>e__FixedBuffer,资源数据.资源等级配置信息.<ast复活信息bytes>e固定缓冲,Res|Data|Res|Level|Cfg|Info|<ast|Revive|Info|bytes>e|Fixed|Buffer,<ast bytes>e
ResData.ResLevelCfgInfo.<astRewardShowDetail_bytes>e__FixedBuffer,资源数据.资源等级配置信息.<ast奖励显示细节bytes>e固定缓冲,Res|Data|Res|Level|Cfg|Info|<ast|Reward|Show|Detail|bytes>e|Fixed|Buffer,<ast bytes>e
ResData.ResLevelCfgInfo.<astStarDetail_bytes>e__FixedBuffer,资源数据.资源等级配置信息.<ast星细节bytes>e固定缓冲,Res|Data|Res|Level|Cfg|Info|<ast|Star|Detail|bytes>e|Fixed|Buffer,<ast bytes>e
ResData.ResLevelCfgInfo,资源数据.资源等级配置信息,Res|Data|Res|Level|Cfg|Info,
ResData.ResBattleTaskInfo.<astTaskConditionInfo_bytes>e__FixedBuffer,资源数据.资源战斗任务信息.<ast任务条件信息bytes>e固定缓冲,Res|Data|Res|Battle|Task|Info|<ast|Task|Condition|Info|bytes>e|Fixed|Buffer,<ast bytes>e
ResData.ResBattleTaskInfo,资源数据.资源战斗任务信息,Res|Data|Res|Battle|Task|Info,
ResData.ResSkillPassiveCfgInfo.<astPassiveConditon_bytes>e__FixedBuffer,资源数据.资源技能被动配置信息.<ast被动Conditonbytes>e固定缓冲,Res|Data|Res|Skill|Passive|Cfg|Info|<ast|Passive|Conditon|bytes>e|Fixed|Buffer,<ast Conditon bytes>e
ResData.ResSkillPassiveCfgInfo,资源数据.资源技能被动配置信息,Res|Data|Res|Skill|Passive|Cfg|Info,
ResData.ResSkillCombineCfgInfo.<astMutexCfgIDs_bytes>e__FixedBuffer,资源数据.资源技能合并配置信息.<astMutex配置IDbytes>e固定缓冲,Res|Data|Res|Skill|Combine|Cfg|Info|<ast|Mutex|Cfg|IDs|bytes>e|Fixed|Buffer,<ast Mutex bytes>e
ResData.ResSkillCombineCfgInfo.<astOverrideCfgIDs_bytes>e__FixedBuffer,资源数据.资源技能合并配置信息.<ast覆盖配置IDbytes>e固定缓冲,Res|Data|Res|Skill|Combine|Cfg|Info|<ast|Override|Cfg|IDs|bytes>e|Fixed|Buffer,<ast bytes>e
ResData.ResSkillCombineCfgInfo.<astSkillFuncInfo_bytes>e__FixedBuffer,资源数据.资源技能合并配置信息.<ast技能函数信息bytes>e固定缓冲,Res|Data|Res|Skill|Combine|Cfg|Info|<ast|Skill|Func|Info|bytes>e|Fixed|Buffer,<ast bytes>e
ResData.ResSkillCombineCfgInfo,资源数据.资源技能合并配置信息,Res|Data|Res|Skill|Combine|Cfg|Info,
ResData.ResSpecSale.<Tab_bytes>e__FixedBuffer,资源数据.资源规格出售.<Tabbytes>e固定缓冲,Res|Data|Res|Spec|Sale|<Tab|bytes>e|Fixed|Buffer,<Tab bytes>e
ResData.ResSpecSale,资源数据.资源规格出售,Res|Data|Res|Spec|Sale,
ResData.ResCustomTeamTask.<astOpenTaskParam_bytes>e__FixedBuffer,资源数据.资源自定义队伍任务.<ast打开任务参数bytes>e固定缓冲,Res|Data|Res|Custom|Team|Task|<ast|Open|Task|Param|bytes>e|Fixed|Buffer,<ast bytes>e
ResData.ResCustomTeamTask.<astPrerequisiteArray_bytes>e__FixedBuffer,资源数据.资源自定义队伍任务.<ast前置条件数组bytes>e固定缓冲,Res|Data|Res|Custom|Team|Task|<ast|Prerequisite|Array|bytes>e|Fixed|Buffer,<ast bytes>e
ResData.ResCustomTeamTask,资源数据.资源自定义队伍任务,Res|Data|Res|Custom|Team|Task,
ResData.ResTask.<ExtraParams_bytes>e__FixedBuffer,资源数据.资源任务.<Extra参数bytes>e固定缓冲,Res|Data|Res|Task|<Extra|Params|bytes>e|Fixed|Buffer,<Extra bytes>e
ResData.ResTask.<JumpParm_bytes>e__FixedBuffer,资源数据.资源任务.<JumpParmbytes>e固定缓冲,Res|Data|Res|Task|<Jump|Parm|bytes>e|Fixed|Buffer,<Jump Parm bytes>e
ResData.ResTask.<NextTaskID_bytes>e__FixedBuffer,资源数据.资源任务.<Next任务IDbytes>e固定缓冲,Res|Data|Res|Task|<Next|Task|ID|bytes>e|Fixed|Buffer,<Next bytes>e
ResData.ResTask.<astOpenTaskParam_bytes>e__FixedBuffer,资源数据.资源任务.<ast打开任务参数bytes>e固定缓冲,Res|Data|Res|Task|<ast|Open|Task|Param|bytes>e|Fixed|Buffer,<ast bytes>e
ResData.ResTask.<astPrerequisiteArray_bytes>e__FixedBuffer,资源数据.资源任务.<ast前置条件数组bytes>e固定缓冲,Res|Data|Res|Task|<ast|Prerequisite|Array|bytes>e|Fixed|Buffer,<ast bytes>e
ResData.ResTask,资源数据.资源任务,Res|Data|Res|Task,
ResData.ResEvaluateStarInfo.<astConditions_bytes>e__FixedBuffer,资源数据.资源求值星信息.<astConditionsbytes>e固定缓冲,Res|Data|Res|Evaluate|Star|Info|<ast|Conditions|bytes>e|Fixed|Buffer,<ast Conditions bytes>e
ResData.ResEvaluateStarInfo,资源数据.资源求值星信息,Res|Data|Res|Evaluate|Star|Info,
ResData.ResDT_LevelCommonInfo.<DropItemInBattleRuleID_bytes>e__FixedBuffer,资源数据.资源数据表等级通用信息.<Drop道具内战斗规则IDbytes>e固定缓冲,Res|Data|Res|DT|Level|Common|Info|<Drop|Item|In|Battle|Rule|ID|bytes>e|Fixed|Buffer,<Drop bytes>e
ResData.ResDT_LevelCommonInfo,资源数据.资源数据表等级通用信息,Res|Data|Res|DT|Level|Common|Info,
ResData.ResShopType.<astAPRefreshInfo_bytes>e__FixedBuffer,资源数据.资源商店类型.<ast法术刷新信息bytes>e固定缓冲,Res|Data|Res|Shop|Type|<ast|AP|Refresh|Info|bytes>e|Fixed|Buffer,<ast bytes>e
ResData.ResShopType,资源数据.资源商店类型,Res|Data|Res|Shop|Type,
ResData.ResRefreshInfo,资源数据.资源刷新信息,Res|Data|Res|Refresh|Info,
ResData.ResAIJungleWeightConf.<astTimeData_bytes>e__FixedBuffer,资源数据.资源AI野区权重配置.<ast时间数据bytes>e固定缓冲,Res|Data|Res|AI|Jungle|Weight|Conf|<ast|Time|Data|bytes>e|Fixed|Buffer,<ast bytes>e
ResData.ResAIJungleWeightConf.<astTowerStateData_bytes>e__FixedBuffer,资源数据.资源AI野区权重配置.<ast防御塔状态数据bytes>e固定缓冲,Res|Data|Res|AI|Jungle|Weight|Conf|<ast|Tower|State|Data|bytes>e|Fixed|Buffer,<ast bytes>e
ResData.ResAIJungleWeightConf,资源数据.资源AI野区权重配置,Res|Data|Res|AI|Jungle|Weight|Conf,
ResData.ResIncomeAllocRule.<IncomeChangeRate_bytes>e__FixedBuffer,资源数据.资源收益Alloc规则.<Income变更速率bytes>e固定缓冲,Res|Data|Res|Income|Alloc|Rule|<Income|Change|Rate|bytes>e|Fixed|Buffer,Alloc <Income bytes>e
ResData.ResIncomeAllocRule.<astIncomeRule_bytes>e__FixedBuffer,资源数据.资源收益Alloc规则.<ast收益规则bytes>e固定缓冲,Res|Data|Res|Income|Alloc|Rule|<ast|Income|Rule|bytes>e|Fixed|Buffer,Alloc <ast bytes>e
ResData.ResIncomeAllocRule,资源数据.资源收益Alloc规则,Res|Data|Res|Income|Alloc|Rule,Alloc
ResData.ResRedEnvelope.<DaojuRedThanksEMOJI_bytes>e__FixedBuffer,资源数据.资源红Envelope.<Daoju红Thanks表情bytes>e固定缓冲,Res|Data|Res|Red|Envelope|<Daoju|Red|Thanks|EMOJI|bytes>e|Fixed|Buffer,Envelope <Daoju Thanks bytes>e
ResData.ResRedEnvelope.<astSkinRedResPath_bytes>e__FixedBuffer,资源数据.资源红Envelope.<ast皮肤红资源路径bytes>e固定缓冲,Res|Data|Res|Red|Envelope|<ast|Skin|Red|Res|Path|bytes>e|Fixed|Buffer,Envelope <ast bytes>e
ResData.ResRedEnvelope,资源数据.资源红Envelope,Res|Data|Res|Red|Envelope,Envelope
ResData.ResNewHeroActivityBatch,资源数据.资源新英雄活动批次,Res|Data|Res|New|Hero|Activity|Batch,
ResData.ResWealMultiple.<ConInfo_bytes>e__FixedBuffer,资源数据.资源福利多重.<Con信息bytes>e固定缓冲,Res|Data|Res|Weal|Multiple|<Con|Info|bytes>e|Fixed|Buffer,<Con bytes>e
ResData.ResWealMultiple.<astPeriod_bytes>e__FixedBuffer,资源数据.资源福利多重.<ast周期bytes>e固定缓冲,Res|Data|Res|Weal|Multiple|<ast|Period|bytes>e|Fixed|Buffer,<ast bytes>e
ResData.ResWealMultiple,资源数据.资源福利多重,Res|Data|Res|Weal|Multiple,
ResData.ResWealCondition.<astConInfo_bytes>e__FixedBuffer,资源数据.资源福利条件.<astCon信息bytes>e固定缓冲,Res|Data|Res|Weal|Condition|<ast|Con|Info|bytes>e|Fixed|Buffer,<ast Con bytes>e
ResData.ResWealCondition,资源数据.资源福利条件,Res|Data|Res|Weal|Condition,
ResData.ResDT_NewbieConditionGroup.<astConInfo_bytes>e__FixedBuffer,资源数据.资源数据表新手条件分组.<astCon信息bytes>e固定缓冲,Res|Data|Res|DT|Newbie|Condition|Group|<ast|Con|Info|bytes>e|Fixed|Buffer,<ast Con bytes>e
ResData.ResDT_NewbieConditionGroup,资源数据.资源数据表新手条件分组,Res|Data|Res|DT|Newbie|Condition|Group,
ResData.ResWealStampInfo.<astXRewardInfo_bytes>e__FixedBuffer,资源数据.资源福利Stamp信息.<astX奖励信息bytes>e固定缓冲,Res|Data|Res|Weal|Stamp|Info|<ast|X|Reward|Info|bytes>e|Fixed|Buffer,Stamp <ast bytes>e
ResData.ResWealStampInfo.<astXStampInfo_bytes>e__FixedBuffer,资源数据.资源福利Stamp信息.<astXStamp信息bytes>e固定缓冲,Res|Data|Res|Weal|Stamp|Info|<ast|X|Stamp|Info|bytes>e|Fixed|Buffer,Stamp <ast Stamp bytes>e
ResData.ResWealStampInfo.<astYRewardInfo_bytes>e__FixedBuffer,资源数据.资源福利Stamp信息.<astY奖励信息bytes>e固定缓冲,Res|Data|Res|Weal|Stamp|Info|<ast|Y|Reward|Info|bytes>e|Fixed|Buffer,Stamp <ast bytes>e
ResData.ResWealStampInfo,资源数据.资源福利Stamp信息,Res|Data|Res|Weal|Stamp|Info,Stamp
ResData.ResPosTitleCondition.<astSubCondList_bytes>e__FixedBuffer,资源数据.资源位置标题条件.<ast子条件列表bytes>e固定缓冲,Res|Data|Res|Pos|Title|Condition|<ast|Sub|Cond|List|bytes>e|Fixed|Buffer,<ast bytes>e
ResData.ResPosTitleCondition,资源数据.资源位置标题条件,Res|Data|Res|Pos|Title|Condition,
ResData.ResLuckyDrawPrice.<astEggFiveInfo_bytes>e__FixedBuffer,资源数据.资源幸运抽奖价格.<astEgg五信息bytes>e固定缓冲,Res|Data|Res|Lucky|Draw|Price|<ast|Egg|Five|Info|bytes>e|Fixed|Buffer,<ast Egg bytes>e
ResData.ResLuckyDrawPrice.<astEggSingleInfo_bytes>e__FixedBuffer,资源数据.资源幸运抽奖价格.<astEgg单个信息bytes>e固定缓冲,Res|Data|Res|Lucky|Draw|Price|<ast|Egg|Single|Info|bytes>e|Fixed|Buffer,<ast Egg bytes>e
ResData.ResLuckyDrawPrice.<astLuckyDrawPeriod_bytes>e__FixedBuffer,资源数据.资源幸运抽奖价格.<ast幸运抽奖周期bytes>e固定缓冲,Res|Data|Res|Lucky|Draw|Price|<ast|Lucky|Draw|Period|bytes>e|Fixed|Buffer,<ast bytes>e
ResData.ResLuckyDrawPrice,资源数据.资源幸运抽奖价格,Res|Data|Res|Lucky|Draw|Price,
ResData.ResEquipInBattle.<astActiveSkill_bytes>e__FixedBuffer,资源数据.资源装备内战斗.<ast激活技能bytes>e固定缓冲,Res|Data|Res|Equip|In|Battle|<ast|Active|Skill|bytes>e|Fixed|Buffer,<ast bytes>e
ResData.ResEquipInBattle.<astEffectCombine_bytes>e__FixedBuffer,资源数据.资源装备内战斗.<ast效果合并bytes>e固定缓冲,Res|Data|Res|Equip|In|Battle|<ast|Effect|Combine|bytes>e|Fixed|Buffer,<ast bytes>e
ResData.ResEquipInBattle.<astPassiveSkill_bytes>e__FixedBuffer,资源数据.资源装备内战斗.<ast被动技能bytes>e固定缓冲,Res|Data|Res|Equip|In|Battle|<ast|Passive|Skill|bytes>e|Fixed|Buffer,<ast bytes>e
ResData.ResEquipInBattle,资源数据.资源装备内战斗,Res|Data|Res|Equip|In|Battle,
ResData.ResPVEEquipInBattle.<astActiveSkill_bytes>e__FixedBuffer,资源数据.资源PVE装备内战斗.<ast激活技能bytes>e固定缓冲,Res|Data|Res|PVE|Equip|In|Battle|<ast|Active|Skill|bytes>e|Fixed|Buffer,<ast bytes>e
ResData.ResPVEEquipInBattle.<astEffectCombine_bytes>e__FixedBuffer,资源数据.资源PVE装备内战斗.<ast效果合并bytes>e固定缓冲,Res|Data|Res|PVE|Equip|In|Battle|<ast|Effect|Combine|bytes>e|Fixed|Buffer,<ast bytes>e
ResData.ResPVEEquipInBattle.<astPassiveSkill_bytes>e__FixedBuffer,资源数据.资源PVE装备内战斗.<ast被动技能bytes>e固定缓冲,Res|Data|Res|PVE|Equip|In|Battle|<ast|Passive|Skill|bytes>e|Fixed|Buffer,<ast bytes>e
ResData.ResPVEEquipInBattle,资源数据.资源PVE装备内战斗,Res|Data|Res|PVE|Equip|In|Battle,
ResData.ResPickWhiteListHero.<astHeroItem_bytes>e__FixedBuffer,资源数据.资源拾取白列表英雄.<ast英雄道具bytes>e固定缓冲,Res|Data|Res|Pick|White|List|Hero|<ast|Hero|Item|bytes>e|Fixed|Buffer,<ast bytes>e
ResData.ResPickWhiteListHero,资源数据.资源拾取白列表英雄,Res|Data|Res|Pick|White|List|Hero,
ResData.ResSkillDynamicIndicatorCfgInfo.<CommonParam_bytes>e__FixedBuffer,资源数据.资源技能动态指示器配置信息.<Common参数bytes>e固定缓冲,Res|Data|Res|Skill|Dynamic|Indicator|Cfg|Info|<Common|Param|bytes>e|Fixed|Buffer,<Common bytes>e
ResData.ResSkillDynamicIndicatorCfgInfo.<astActorStateInfo_bytes>e__FixedBuffer,资源数据.资源技能动态指示器配置信息.<ast角色状态信息bytes>e固定缓冲,Res|Data|Res|Skill|Dynamic|Indicator|Cfg|Info|<ast|Actor|State|Info|bytes>e|Fixed|Buffer,<ast bytes>e
ResData.ResSkillDynamicIndicatorCfgInfo,资源数据.资源技能动态指示器配置信息,Res|Data|Res|Skill|Dynamic|Indicator|Cfg|Info,
ResData.ResComboGuideTaskStepConf.<astCompleteCondition_bytes>e__FixedBuffer,资源数据.资源连击引导任务步长配置.<ast完成条件bytes>e固定缓冲,Res|Data|Res|Combo|Guide|Task|Step|Conf|<ast|Complete|Condition|bytes>e|Fixed|Buffer,<ast bytes>e
ResData.ResComboGuideTaskStepConf.<astFailCondition_bytes>e__FixedBuffer,资源数据.资源连击引导任务步长配置.<ast失败条件bytes>e固定缓冲,Res|Data|Res|Combo|Guide|Task|Step|Conf|<ast|Fail|Condition|bytes>e|Fixed|Buffer,<ast bytes>e
ResData.ResComboGuideTaskStepConf,资源数据.资源连击引导任务步长配置,Res|Data|Res|Combo|Guide|Task|Step|Conf,
ResData.ResCondGuideTaskStepConf.<astCompleteCondition_bytes>e__FixedBuffer,资源数据.资源条件引导任务步长配置.<ast完成条件bytes>e固定缓冲,Res|Data|Res|Cond|Guide|Task|Step|Conf|<ast|Complete|Condition|bytes>e|Fixed|Buffer,<ast bytes>e
ResData.ResCondGuideTaskStepConf.<astFailCondition_bytes>e__FixedBuffer,资源数据.资源条件引导任务步长配置.<ast失败条件bytes>e固定缓冲,Res|Data|Res|Cond|Guide|Task|Step|Conf|<ast|Fail|Condition|bytes>e|Fixed|Buffer,<ast bytes>e
ResData.ResCondGuideTaskStepConf,资源数据.资源条件引导任务步长配置,Res|Data|Res|Cond|Guide|Task|Step|Conf,
ResData.ResEsportsThemeBadge,资源数据.资源电竞主题徽章,Res|Data|Res|Esports|Theme|Badge,
ResData.ResCareerTargetInfo.<astBaseTargetInfo_bytes>e__FixedBuffer,资源数据.资源职业目标信息.<ast基础目标信息bytes>e固定缓冲,Res|Data|Res|Career|Target|Info|<ast|Base|Target|Info|bytes>e|Fixed|Buffer,<ast bytes>e
ResData.ResCareerTargetInfo,资源数据.资源职业目标信息,Res|Data|Res|Career|Target|Info,
ResData.ResHeroBadge.<StageValue_bytes>e__FixedBuffer,资源数据.资源英雄徽章.<Stage值bytes>e固定缓冲,Res|Data|Res|Hero|Badge|<Stage|Value|bytes>e|Fixed|Buffer,<Stage bytes>e
ResData.ResHeroBadge,资源数据.资源英雄徽章,Res|Data|Res|Hero|Badge,
ResData.ResHeroTitle,资源数据.资源英雄标题,Res|Data|Res|Hero|Title,
ResData.ResCompetitionEffectFensiTaiInfo.<astFensiTaiSecCheckInfo_bytes>e__FixedBuffer,资源数据.资源比赛效果FensiTai信息.<astFensiTai秒检查信息bytes>e固定缓冲,Res|Data|Res|Competition|Effect|Fensi|Tai|Info|<ast|Fensi|Tai|Sec|Check|Info|bytes>e|Fixed|Buffer,Fensi Tai <ast Fensi Tai bytes>e
ResData.ResCompetitionEffectFensiTaiInfo,资源数据.资源比赛效果FensiTai信息,Res|Data|Res|Competition|Effect|Fensi|Tai|Info,Fensi Tai
ResData.ResCompetitionEffectFensiTaiObjInfo.<astTaiInfos_bytes>e__FixedBuffer,资源数据.资源比赛效果FensiTai对象信息.<astTaiInfosbytes>e固定缓冲,Res|Data|Res|Competition|Effect|Fensi|Tai|Obj|Info|<ast|Tai|Infos|bytes>e|Fixed|Buffer,Fensi Tai <ast Tai Infos bytes>e
ResData.ResCompetitionEffectFensiTaiObjInfo,资源数据.资源比赛效果FensiTai对象信息,Res|Data|Res|Competition|Effect|Fensi|Tai|Obj|Info,Fensi Tai
ResData.ResBattlePassLevelAward.<astAdvanced_bytes>e__FixedBuffer,资源数据.资源战斗通行证等级奖励.<ast高级bytes>e固定缓冲,Res|Data|Res|Battle|Pass|Level|Award|<ast|Advanced|bytes>e|Fixed|Buffer,<ast bytes>e
ResData.ResBattlePassLevelAward,资源数据.资源战斗通行证等级奖励,Res|Data|Res|Battle|Pass|Level|Award,
ResData.ResBattlePassLevelAwardV2.<astAwardInfo_bytes>e__FixedBuffer,资源数据.资源战斗通行证等级奖励V2.<ast奖励信息bytes>e固定缓冲,Res|Data|Res|Battle|Pass|Level|Award|V|2|<ast|Award|Info|bytes>e|Fixed|Buffer,<ast bytes>e
ResData.ResBattlePassLevelAwardV2,资源数据.资源战斗通行证等级奖励V2,Res|Data|Res|Battle|Pass|Level|Award|V|2,
ResData.ResTaskPool.<CommonTaskID_bytes>e__FixedBuffer,资源数据.资源任务池.<Common任务IDbytes>e固定缓冲,Res|Data|Res|Task|Pool|<Common|Task|ID|bytes>e|Fixed|Buffer,<Common bytes>e
ResData.ResTaskPool.<TaskID_bytes>e__FixedBuffer,资源数据.资源任务池.<TaskIDbytes>e固定缓冲,Res|Data|Res|Task|Pool|<Task|ID|bytes>e|Fixed|Buffer,<Task bytes>e
ResData.ResTaskPool,资源数据.资源任务池,Res|Data|Res|Task|Pool,
ResData.ResSvrBuff,资源数据.资源服务端增益,Res|Data|Res|Svr|Buff,
ResData.ResChessGlobalEffect.<astEffectDetail_bytes>e__FixedBuffer,资源数据.资源棋盘全局效果.<ast效果细节bytes>e固定缓冲,Res|Data|Res|Chess|Global|Effect|<ast|Effect|Detail|bytes>e|Fixed|Buffer,<ast bytes>e
ResData.ResChessGlobalEffect,资源数据.资源棋盘全局效果,Res|Data|Res|Chess|Global|Effect,
ResData.ResChessEquipInfo.<astActiveSkill_bytes>e__FixedBuffer,资源数据.资源棋盘装备信息.<ast激活技能bytes>e固定缓冲,Res|Data|Res|Chess|Equip|Info|<ast|Active|Skill|bytes>e|Fixed|Buffer,<ast bytes>e
ResData.ResChessEquipInfo.<astEffectCombine_bytes>e__FixedBuffer,资源数据.资源棋盘装备信息.<ast效果合并bytes>e固定缓冲,Res|Data|Res|Chess|Equip|Info|<ast|Effect|Combine|bytes>e|Fixed|Buffer,<ast bytes>e
ResData.ResChessEquipInfo.<astPassiveSkill_bytes>e__FixedBuffer,资源数据.资源棋盘装备信息.<ast被动技能bytes>e固定缓冲,Res|Data|Res|Chess|Equip|Info|<ast|Passive|Skill|bytes>e|Fixed|Buffer,<ast bytes>e
ResData.ResChessEquipInfo.<szAdditionRelative_bytes>e__FixedBuffer,资源数据.资源棋盘装备信息.<sz附加相对bytes>e固定缓冲,Res|Data|Res|Chess|Equip|Info|<sz|Addition|Relative|bytes>e|Fixed|Buffer,<sz bytes>e
ResData.ResChessEquipInfo,资源数据.资源棋盘装备信息,Res|Data|Res|Chess|Equip|Info,
ResData.ResTrial.<RemainTimeWarning_bytes>e__FixedBuffer,资源数据.资源试炼.<Remain时间Warningbytes>e固定缓冲,Res|Data|Res|Trial|<Remain|Time|Warning|bytes>e|Fixed|Buffer,<Remain Warning bytes>e
ResData.ResTrial.<astEnergyDraw_bytes>e__FixedBuffer,资源数据.资源试炼.<ast能量抽奖bytes>e固定缓冲,Res|Data|Res|Trial|<ast|Energy|Draw|bytes>e|Fixed|Buffer,<ast bytes>e
ResData.ResTrial.<astTrialScoreSale_bytes>e__FixedBuffer,资源数据.资源试炼.<ast试炼得分出售bytes>e固定缓冲,Res|Data|Res|Trial|<ast|Trial|Score|Sale|bytes>e|Fixed|Buffer,<ast bytes>e
ResData.ResTrial.<astTrialStage_bytes>e__FixedBuffer,资源数据.资源试炼.<ast试炼阶段bytes>e固定缓冲,Res|Data|Res|Trial|<ast|Trial|Stage|bytes>e|Fixed|Buffer,<ast bytes>e
ResData.ResTrial,资源数据.资源试炼,Res|Data|Res|Trial,
ResData.ResProj8ActivityInfo.<astAwardStage_bytes>e__FixedBuffer,资源数据.资源项目8活动信息.<ast奖励阶段bytes>e固定缓冲,Res|Data|Res|Proj|8|Activity|Info|<ast|Award|Stage|bytes>e|Fixed|Buffer,<ast bytes>e
ResData.ResProj8ActivityInfo,资源数据.资源项目8活动信息,Res|Data|Res|Proj|8|Activity|Info,
ResData.ResProject8DrawItemRandomInfo.<astRandomGroup_bytes>e__FixedBuffer,资源数据.资源项目8抽奖道具随机信息.<ast随机分组bytes>e固定缓冲,Res|Data|Res|Project|8|Draw|Item|Random|Info|<ast|Random|Group|bytes>e|Fixed|Buffer,<ast bytes>e
ResData.ResProject8DrawItemRandomInfo,资源数据.资源项目8抽奖道具随机信息,Res|Data|Res|Project|8|Draw|Item|Random|Info,
ResData.ResCommonConditon.<astContion_bytes>e__FixedBuffer,资源数据.资源通用Conditon.<astContionbytes>e固定缓冲,Res|Data|Res|Common|Conditon|<ast|Contion|bytes>e|Fixed|Buffer,Conditon <ast Contion bytes>e
ResData.ResCommonConditon,资源数据.资源通用Conditon,Res|Data|Res|Common|Conditon,Conditon
ResData.ResHeroEvent.<TriggerTimeParm_bytes>e__FixedBuffer,资源数据.资源英雄事件.<Trigger时间Parmbytes>e固定缓冲,Res|Data|Res|Hero|Event|<Trigger|Time|Parm|bytes>e|Fixed|Buffer,<Trigger Parm bytes>e
ResData.ResHeroEvent.<astTriggerCond_bytes>e__FixedBuffer,资源数据.资源英雄事件.<ast触发条件bytes>e固定缓冲,Res|Data|Res|Hero|Event|<ast|Trigger|Cond|bytes>e|Fixed|Buffer,<ast bytes>e
ResData.ResHeroEvent.<astTriggerContent_bytes>e__FixedBuffer,资源数据.资源英雄事件.<ast触发内容bytes>e固定缓冲,Res|Data|Res|Hero|Event|<ast|Trigger|Content|bytes>e|Fixed|Buffer,<ast bytes>e
ResData.ResHeroEvent,资源数据.资源英雄事件,Res|Data|Res|Hero|Event,
ResData.ResYearStoryEventConfig.<IntParam_bytes>e__FixedBuffer,资源数据.资源年剧情事件配置.<Int参数bytes>e固定缓冲,Res|Data|Res|Year|Story|Event|Config|<Int|Param|bytes>e|Fixed|Buffer,<Int bytes>e
ResData.ResYearStoryEventConfig.<astActiveCondition_bytes>e__FixedBuffer,资源数据.资源年剧情事件配置.<ast激活条件bytes>e固定缓冲,Res|Data|Res|Year|Story|Event|Config|<ast|Active|Condition|bytes>e|Fixed|Buffer,<ast bytes>e
ResData.ResYearStoryEventConfig.<astCompleteCondition_bytes>e__FixedBuffer,资源数据.资源年剧情事件配置.<ast完成条件bytes>e固定缓冲,Res|Data|Res|Year|Story|Event|Config|<ast|Complete|Condition|bytes>e|Fixed|Buffer,<ast bytes>e
ResData.ResYearStoryEventConfig.<astStrParam_bytes>e__FixedBuffer,资源数据.资源年剧情事件配置.<ast字符串参数bytes>e固定缓冲,Res|Data|Res|Year|Story|Event|Config|<ast|Str|Param|bytes>e|Fixed|Buffer,<ast bytes>e
ResData.ResYearStoryEventConfig,资源数据.资源年剧情事件配置,Res|Data|Res|Year|Story|Event|Config,
ResData.ResHighlightCondition.<astConditon_bytes>e__FixedBuffer,资源数据.资源高亮条件.<astConditonbytes>e固定缓冲,Res|Data|Res|Highlight|Condition|<ast|Conditon|bytes>e|Fixed|Buffer,<ast Conditon bytes>e
ResData.ResHighlightCondition,资源数据.资源高亮条件,Res|Data|Res|Highlight|Condition,
ResData.ResHighlightSkinInfo.<astHero_bytes>e__FixedBuffer,资源数据.资源高亮皮肤信息.<ast英雄bytes>e固定缓冲,Res|Data|Res|Highlight|Skin|Info|<ast|Hero|bytes>e|Fixed|Buffer,<ast bytes>e
ResData.ResHighlightSkinInfo,资源数据.资源高亮皮肤信息,Res|Data|Res|Highlight|Skin|Info,
ResData.ResHeroTrickTrainStep.<astStepCompleteCondition_bytes>e__FixedBuffer,资源数据.资源英雄技巧训练步长.<ast步长完成条件bytes>e固定缓冲,Res|Data|Res|Hero|Trick|Train|Step|<ast|Step|Complete|Condition|bytes>e|Fixed|Buffer,<ast bytes>e
ResData.ResHeroTrickTrainStep.<astStepPrevCondition_bytes>e__FixedBuffer,资源数据.资源英雄技巧训练步长.<ast步长上一个条件bytes>e固定缓冲,Res|Data|Res|Hero|Trick|Train|Step|<ast|Step|Prev|Condition|bytes>e|Fixed|Buffer,<ast bytes>e
ResData.ResHeroTrickTrainStep,资源数据.资源英雄技巧训练步长,Res|Data|Res|Hero|Trick|Train|Step,
ResData.ResAIOverallSenseLanguage.<astFinishCondition_bytes>e__FixedBuffer,资源数据.资源AI总体Sense语言.<ast结束条件bytes>e固定缓冲,Res|Data|Res|AI|Overall|Sense|Language|<ast|Finish|Condition|bytes>e|Fixed|Buffer,Sense <ast bytes>e
ResData.ResAIOverallSenseLanguage,资源数据.资源AI总体Sense语言,Res|Data|Res|AI|Overall|Sense|Language,Sense
ResData.ResEsportsCityBadge.<astCityBadgeSettle_bytes>e__FixedBuffer,资源数据.资源电竞城市徽章.<ast城市徽章结算bytes>e固定缓冲,Res|Data|Res|Esports|City|Badge|<ast|City|Badge|Settle|bytes>e|Fixed|Buffer,<ast bytes>e
ResData.ResEsportsCityBadge,资源数据.资源电竞城市徽章,Res|Data|Res|Esports|City|Badge,
ResData.ResDT_GrowthBadgeReward.<astAdditionReward_bytes>e__FixedBuffer,资源数据.资源数据表成长徽章奖励.<ast附加奖励bytes>e固定缓冲,Res|Data|Res|DT|Growth|Badge|Reward|<ast|Addition|Reward|bytes>e|Fixed|Buffer,<ast bytes>e
ResData.ResDT_GrowthBadgeReward,资源数据.资源数据表成长徽章奖励,Res|Data|Res|DT|Growth|Badge|Reward,
ResData.ResDT_CampLocWeights.<astLocWeights_bytes>e__FixedBuffer,资源数据.资源数据表阵营位置Weights.<ast位置Weightsbytes>e固定缓冲,Res|Data|Res|DT|Camp|Loc|Weights|<ast|Loc|Weights|bytes>e|Fixed|Buffer,Weights <ast Weights bytes>e
ResData.ResDT_CampLocWeights,资源数据.资源数据表阵营位置Weights,Res|Data|Res|DT|Camp|Loc|Weights,Weights
ResData.ResGroup,资源数据.资源分组,Res|Data|Res|Group,
ResData.ResCustomStatusCfg,资源数据.资源自定义状态配置,Res|Data|Res|Custom|Status|Cfg,
ResData.ResBattleHintCfg.<DetailIntro_bytes>e__FixedBuffer,资源数据.资源战斗Hint配置.<Detail开场bytes>e固定缓冲,Res|Data|Res|Battle|Hint|Cfg|<Detail|Intro|bytes>e|Fixed|Buffer,Hint <Detail bytes>e
ResData.ResBattleHintCfg,资源数据.资源战斗Hint配置,Res|Data|Res|Battle|Hint|Cfg,Hint
ResData.ResHeroPracticeSkillComboInfo,资源数据.资源英雄练习技能连击信息,Res|Data|Res|Hero|Practice|Skill|Combo|Info,
ResData.ResNewHeroPracticeTargetInfo.<astEnemyHeroInfo_bytes>e__FixedBuffer,资源数据.资源新英雄练习目标信息.<ast敌方英雄信息bytes>e固定缓冲,Res|Data|Res|New|Hero|Practice|Target|Info|<ast|Enemy|Hero|Info|bytes>e|Fixed|Buffer,<ast bytes>e
ResData.ResNewHeroPracticeTargetInfo.<astFriendlyHeroInfo_bytes>e__FixedBuffer,资源数据.资源新英雄练习目标信息.<ast友方英雄信息bytes>e固定缓冲,Res|Data|Res|New|Hero|Practice|Target|Info|<ast|Friendly|Hero|Info|bytes>e|Fixed|Buffer,<ast bytes>e
ResData.ResNewHeroPracticeTargetInfo.<astTarget_bytes>e__FixedBuffer,资源数据.资源新英雄练习目标信息.<ast目标bytes>e固定缓冲,Res|Data|Res|New|Hero|Practice|Target|Info|<ast|Target|bytes>e|Fixed|Buffer,<ast bytes>e
ResData.ResNewHeroPracticeTargetInfo,资源数据.资源新英雄练习目标信息,Res|Data|Res|New|Hero|Practice|Target|Info,
ResData.ResKeepSakeCfg.<astProfits_bytes>e__FixedBuffer,资源数据.资源保持Sake配置.<astProfitsbytes>e固定缓冲,Res|Data|Res|Keep|Sake|Cfg|<ast|Profits|bytes>e|Fixed|Buffer,Sake <ast Profits bytes>e
ResData.ResKeepSakeCfg,资源数据.资源保持Sake配置,Res|Data|Res|Keep|Sake|Cfg,Sake
ResData.ResAwakenSuitRecommendCfg.<EquipIDList_bytes>e__FixedBuffer,资源数据.资源觉醒套装推荐配置.<EquipID列表bytes>e固定缓冲,Res|Data|Res|Awaken|Suit|Recommend|Cfg|<Equip|ID|List|bytes>e|Fixed|Buffer,<Equip bytes>e
ResData.ResAwakenSuitRecommendCfg.<RecommendSymbolId_bytes>e__FixedBuffer,资源数据.资源觉醒套装推荐配置.<Recommend铭文IDbytes>e固定缓冲,Res|Data|Res|Awaken|Suit|Recommend|Cfg|<Recommend|Symbol|Id|bytes>e|Fixed|Buffer,<Recommend bytes>e
ResData.ResAwakenSuitRecommendCfg.<astSlotList_bytes>e__FixedBuffer,资源数据.资源觉醒套装推荐配置.<ast槽位列表bytes>e固定缓冲,Res|Data|Res|Awaken|Suit|Recommend|Cfg|<ast|Slot|List|bytes>e|Fixed|Buffer,<ast bytes>e
ResData.ResAwakenSuitRecommendCfg,资源数据.资源觉醒套装推荐配置,Res|Data|Res|Awaken|Suit|Recommend|Cfg,
ResData.ResRogueMowApolloRankReward.<astRankNo_bytes>e__FixedBuffer,资源数据.资源肉鸽MowApollo排行奖励.<ast排行无bytes>e固定缓冲,Res|Data|Res|Rogue|Mow|Apollo|Rank|Reward|<ast|Rank|No|bytes>e|Fixed|Buffer,Mow <ast bytes>e
ResData.ResRogueMowApolloRankReward,资源数据.资源肉鸽MowApollo排行奖励,Res|Data|Res|Rogue|Mow|Apollo|Rank|Reward,Mow
ResData.ResPveUnlockConf.<astUnlockCondition_bytes>e__FixedBuffer,资源数据.资源Pve解锁配置.<ast解锁条件bytes>e固定缓冲,Res|Data|Res|Pve|Unlock|Conf|<ast|Unlock|Condition|bytes>e|Fixed|Buffer,Pve <ast bytes>e
ResData.ResPveUnlockConf,资源数据.资源Pve解锁配置,Res|Data|Res|Pve|Unlock|Conf,Pve
ResData.ResHeroAcquisitionCfg.<astConditions_bytes>e__FixedBuffer,资源数据.资源英雄获取配置.<astConditionsbytes>e固定缓冲,Res|Data|Res|Hero|Acquisition|Cfg|<ast|Conditions|bytes>e|Fixed|Buffer,<ast Conditions bytes>e
ResData.ResHeroAcquisitionCfg,资源数据.资源英雄获取配置,Res|Data|Res|Hero|Acquisition|Cfg,
ResData.ResLingBaoLotteryColorPlanConf.<astMatiralPlans_bytes>e__FixedBuffer,资源数据.资源LingBao抽奖颜色计划配置.<astMatiralPlansbytes>e固定缓冲,Res|Data|Res|Ling|Bao|Lottery|Color|Plan|Conf|<ast|Matiral|Plans|bytes>e|Fixed|Buffer,Ling Bao <ast Matiral Plans bytes>e
ResData.ResLingBaoLotteryColorPlanConf,资源数据.资源LingBao抽奖颜色计划配置,Res|Data|Res|Ling|Bao|Lottery|Color|Plan|Conf,Ling Bao
ResData.ResDimensionMapGatherConf.<SceneEventID_bytes>e__FixedBuffer,资源数据.资源维度地图聚集配置.<Scene事件IDbytes>e固定缓冲,Res|Data|Res|Dimension|Map|Gather|Conf|<Scene|Event|ID|bytes>e|Fixed|Buffer,<Scene bytes>e
ResData.ResDimensionMapGatherConf.<astTrigger_bytes>e__FixedBuffer,资源数据.资源维度地图聚集配置.<ast触发bytes>e固定缓冲,Res|Data|Res|Dimension|Map|Gather|Conf|<ast|Trigger|bytes>e|Fixed|Buffer,<ast bytes>e
ResData.ResDimensionMapGatherConf,资源数据.资源维度地图聚集配置,Res|Data|Res|Dimension|Map|Gather|Conf,
ResData.ResAnni101EveRewardConf,资源数据.资源Anni101Eve奖励配置,Res|Data|Res|Anni|101|Eve|Reward|Conf,Anni Eve
ResData.ResHeroInscribeInfo.<astEffect_bytes>e__FixedBuffer,资源数据.资源英雄铭文信息.<ast效果bytes>e固定缓冲,Res|Data|Res|Hero|Inscribe|Info|<ast|Effect|bytes>e|Fixed|Buffer,<ast bytes>e
ResData.ResHeroInscribeInfo.<astMilestoneInterval_bytes>e__FixedBuffer,资源数据.资源英雄铭文信息.<ast里程碑间隔bytes>e固定缓冲,Res|Data|Res|Hero|Inscribe|Info|<ast|Milestone|Interval|bytes>e|Fixed|Buffer,<ast bytes>e
ResData.ResHeroInscribeInfo.<astMilestoneStage_bytes>e__FixedBuffer,资源数据.资源英雄铭文信息.<ast里程碑阶段bytes>e固定缓冲,Res|Data|Res|Hero|Inscribe|Info|<ast|Milestone|Stage|bytes>e|Fixed|Buffer,<ast bytes>e
ResData.ResHeroInscribeInfo,资源数据.资源英雄铭文信息,Res|Data|Res|Hero|Inscribe|Info,
ResData.ResBanHeroSkin.<astBanHeroSkinList_bytes>e__FixedBuffer,资源数据.资源禁用英雄皮肤.<ast禁用英雄皮肤列表bytes>e固定缓冲,Res|Data|Res|Ban|Hero|Skin|<ast|Ban|Hero|Skin|List|bytes>e|Fixed|Buffer,<ast bytes>e
ResData.ResBanHeroSkin,资源数据.资源禁用英雄皮肤,Res|Data|Res|Ban|Hero|Skin,
ResData.ResSacredAnimalDeadTeachingForHeroEvents.<astConditions_bytes>e__FixedBuffer,资源数据.资源神圣动物死亡教学用于英雄Events.<astConditionsbytes>e固定缓冲,Res|Data|Res|Sacred|Animal|Dead|Teaching|For|Hero|Events|<ast|Conditions|bytes>e|Fixed|Buffer,Events <ast Conditions bytes>e
ResData.ResSacredAnimalDeadTeachingForHeroEvents,资源数据.资源神圣动物死亡教学用于英雄Events,Res|Data|Res|Sacred|Animal|Dead|Teaching|For|Hero|Events,Events
ResData.ResHeroWiki.<astEffectparm_bytes>e__FixedBuffer,资源数据.资源英雄Wiki.<astEffectparmbytes>e固定缓冲,Res|Data|Res|Hero|Wiki|<ast|Effectparm|bytes>e|Fixed|Buffer,Wiki <ast Effectparm bytes>e
ResData.ResHeroWiki,资源数据.资源英雄Wiki,Res|Data|Res|Hero|Wiki,Wiki
ResData.ResAwakenAchievementConfig.<TaskKeyProgressInBattle_bytes>e__FixedBuffer,资源数据.资源觉醒成就配置.<Task键进度内战斗bytes>e固定缓冲,Res|Data|Res|Awaken|Achievement|Config|<Task|Key|Progress|In|Battle|bytes>e|Fixed|Buffer,<Task bytes>e
ResData.ResAwakenAchievementConfig.<astEffectList_bytes>e__FixedBuffer,资源数据.资源觉醒成就配置.<ast效果列表bytes>e固定缓冲,Res|Data|Res|Awaken|Achievement|Config|<ast|Effect|List|bytes>e|Fixed|Buffer,<ast bytes>e
ResData.ResAwakenAchievementConfig,资源数据.资源觉醒成就配置,Res|Data|Res|Awaken|Achievement|Config,
ResData.ResJinLiPrivilegeDisplayInfo.<astLevelDisplayInfo_bytes>e__FixedBuffer,资源数据.资源JinLi特权显示信息.<ast等级显示信息bytes>e固定缓冲,Res|Data|Res|Jin|Li|Privilege|Display|Info|<ast|Level|Display|Info|bytes>e|Fixed|Buffer,Jin Li <ast bytes>e
ResData.ResJinLiPrivilegeDisplayInfo,资源数据.资源JinLi特权显示信息,Res|Data|Res|Jin|Li|Privilege|Display|Info,Jin Li
ResData.ResGuishiWeaponCfg.<ActiveBuffID_bytes>e__FixedBuffer,资源数据.资源Guishi武器配置.<Active增益IDbytes>e固定缓冲,Res|Data|Res|Guishi|Weapon|Cfg|<Active|Buff|ID|bytes>e|Fixed|Buffer,<Active bytes>e
ResData.ResGuishiWeaponCfg,资源数据.资源Guishi武器配置,Res|Data|Res|Guishi|Weapon|Cfg,
ResData.ResDT_GuishiConsumableCommomCfg.<ActiveBuffID_bytes>e__FixedBuffer,资源数据.资源数据表Guishi消耗品Commom配置.<Active增益IDbytes>e固定缓冲,Res|Data|Res|DT|Guishi|Consumable|Commom|Cfg|<Active|Buff|ID|bytes>e|Fixed|Buffer,Commom <Active bytes>e
ResData.ResDT_GuishiConsumableCommomCfg,资源数据.资源数据表Guishi消耗品Commom配置,Res|Data|Res|DT|Guishi|Consumable|Commom|Cfg,Commom
ResData.ResTrainLevelCfgInfo.<astCampsHeroInfo_bytes>e__FixedBuffer,资源数据.资源训练等级配置信息.<astCamps英雄信息bytes>e固定缓冲,Res|Data|Res|Train|Level|Cfg|Info|<ast|Camps|Hero|Info|bytes>e|Fixed|Buffer,<ast Camps bytes>e
ResData.ResTrainLevelCfgInfo,资源数据.资源训练等级配置信息,Res|Data|Res|Train|Level|Cfg|Info,
ResData.ResAcntBattleLevelInfo.<RelationActivityMapID_bytes>e__FixedBuffer,资源数据.资源账号战斗等级信息.<Relation活动地图IDbytes>e固定缓冲,Res|Data|Res|Acnt|Battle|Level|Info|<Relation|Activity|Map|ID|bytes>e|Fixed|Buffer,<Relation bytes>e
ResData.ResAcntBattleLevelInfo,资源数据.资源账号战斗等级信息,Res|Data|Res|Acnt|Battle|Level|Info,
ResData.ResCounterPartLevelInfo.<DefaultReviveCoin_bytes>e__FixedBuffer,资源数据.资源计数部件等级信息.<Default复活金币bytes>e固定缓冲,Res|Data|Res|Counter|Part|Level|Info|<Default|Revive|Coin|bytes>e|Fixed|Buffer,<Default bytes>e
ResData.ResCounterPartLevelInfo.<MixPay_bytes>e__FixedBuffer,资源数据.资源计数部件等级信息.<Mix支付bytes>e固定缓冲,Res|Data|Res|Counter|Part|Level|Info|<Mix|Pay|bytes>e|Fixed|Buffer,<Mix bytes>e
ResData.ResCounterPartLevelInfo.<ReviveCoinUseLimit_bytes>e__FixedBuffer,资源数据.资源计数部件等级信息.<Revive金币使用限制bytes>e固定缓冲,Res|Data|Res|Counter|Part|Level|Info|<Revive|Coin|Use|Limit|bytes>e|Fixed|Buffer,<Revive bytes>e
ResData.ResCounterPartLevelInfo.<ReviveCoupons_bytes>e__FixedBuffer,资源数据.资源计数部件等级信息.<Revive点券bytes>e固定缓冲,Res|Data|Res|Counter|Part|Level|Info|<Revive|Coupons|bytes>e|Fixed|Buffer,<Revive bytes>e
ResData.ResCounterPartLevelInfo.<szAffixCnt_bytes>e__FixedBuffer,资源数据.资源计数部件等级信息.<sz词缀计数bytes>e固定缓冲,Res|Data|Res|Counter|Part|Level|Info|<sz|Affix|Cnt|bytes>e|Fixed|Buffer,<sz bytes>e
ResData.ResCounterPartLevelInfo,资源数据.资源计数部件等级信息,Res|Data|Res|Counter|Part|Level|Info,
ResData.ResRankLevelInfo,资源数据.资源排行等级信息,Res|Data|Res|Rank|Level|Info,
ResData.ResEntertainmentLevelInfo,资源数据.资源娱乐等级信息,Res|Data|Res|Entertainment|Level|Info,
ResData.ResGuildMatchLevelInfo,资源数据.资源公会匹配等级信息,Res|Data|Res|Guild|Match|Level|Info,
ResData.ResMasterLevelInfo,资源数据.资源主等级信息,Res|Data|Res|Master|Level|Info,
ResData.ResUGCLevelInfo.<OnlyUseUGCDatabinTableList_bytes>e__FixedBuffer,资源数据.资源UGC等级信息.<Only使用UGC数据表表列表bytes>e固定缓冲,Res|Data|Res|UGC|Level|Info|<Only|Use|UGC|Databin|Table|List|bytes>e|Fixed|Buffer,<Only bytes>e
ResData.ResUGCLevelInfo,资源数据.资源UGC等级信息,Res|Data|Res|UGC|Level|Info,
ResData.ResCompetitionLevelInfo,资源数据.资源比赛等级信息,Res|Data|Res|Competition|Level|Info,
ResData.ResESportsLevelInfo,资源数据.资源ESports等级信息,Res|Data|Res|E|Sports|Level|Info,Sports
ResData.ResRewardMatchLevelInfo,资源数据.资源奖励匹配等级信息,Res|Data|Res|Reward|Match|Level|Info,
ResData.ResWealNewbie.<astGroupDetail_bytes>e__FixedBuffer,资源数据.资源福利新手.<ast分组细节bytes>e固定缓冲,Res|Data|Res|Weal|Newbie|<ast|Group|Detail|bytes>e|Fixed|Buffer,<ast bytes>e
ResData.ResWealNewbie,资源数据.资源福利新手,Res|Data|Res|Weal|Newbie,
ResData.ResGrowthBadgeReward,资源数据.资源成长徽章奖励,Res|Data|Res|Growth|Badge|Reward,
ResData.ResDT_ModifyLocWeights.<astCampWeights_bytes>e__FixedBuffer,资源数据.资源数据表修改位置Weights.<ast阵营Weightsbytes>e固定缓冲,Res|Data|Res|DT|Modify|Loc|Weights|<ast|Camp|Weights|bytes>e|Fixed|Buffer,Weights <ast Weights bytes>e
ResData.ResDT_ModifyLocWeights.<astModifyParam_bytes>e__FixedBuffer,资源数据.资源数据表修改位置Weights.<ast修改参数bytes>e固定缓冲,Res|Data|Res|DT|Modify|Loc|Weights|<ast|Modify|Param|bytes>e|Fixed|Buffer,Weights <ast bytes>e
ResData.ResDT_ModifyLocWeights,资源数据.资源数据表修改位置Weights,Res|Data|Res|DT|Modify|Loc|Weights,Weights
ResData.ResRank10V10LevelInfo,资源数据.资源排行10V10等级信息,Res|Data|Res|Rank|10|V|10|Level|Info,
ResData.ResMaster2v2LevelInfo,资源数据.资源主2v2等级信息,Res|Data|Res|Master|2|v|2|Level|Info,
ResData.ResGuishiDrugCfg.<Params_bytes>e__FixedBuffer,资源数据.资源GuishiDrug配置.<Paramsbytes>e固定缓冲,Res|Data|Res|Guishi|Drug|Cfg|<Params|bytes>e|Fixed|Buffer,Drug <Params bytes>e
ResData.ResGuishiDrugCfg,资源数据.资源GuishiDrug配置,Res|Data|Res|Guishi|Drug|Cfg,Drug
ResData.ResTreasureRefreshInfo.<astCampWeights_bytes>e__FixedBuffer,资源数据.资源宝藏刷新信息.<ast阵营Weightsbytes>e固定缓冲,Res|Data|Res|Treasure|Refresh|Info|<ast|Camp|Weights|bytes>e|Fixed|Buffer,<ast Weights bytes>e
ResData.ResTreasureRefreshInfo.<astNewCmpWeights_bytes>e__FixedBuffer,资源数据.资源宝藏刷新信息.<ast新比较Weightsbytes>e固定缓冲,Res|Data|Res|Treasure|Refresh|Info|<ast|New|Cmp|Weights|bytes>e|Fixed|Buffer,<ast Weights bytes>e
ResData.ResTreasureRefreshInfo,资源数据.资源宝藏刷新信息,Res|Data|Res|Treasure|Refresh|Info,
ResData.ResDataMacros,资源数据.资源数据Macros,Res|Data|Res|Data|Macros,Macros
ResData.MetaLib,资源数据.Meta库,Res|Data|Meta|Lib,Meta
ResData.RES_SETTING_LEVEL,资源数据.资源设置等级,Res|Data|RES|SETTING|LEVEL,
ResData.RES_SETTING_LEVEL_NEW,资源数据.资源设置等级新,Res|Data|RES|SETTING|LEVEL|NEW,
ResData.RES_DEVICE_LEVEL,资源数据.资源设备等级,Res|Data|RES|DEVICE|LEVEL,
ResData.RES_OPSETTING_RCMD_MASTERTYPE,资源数据.资源OPSETTING推荐MASTERTYPE,Res|Data|RES|OPSETTING|RCMD|MASTERTYPE,OPSETTING MASTERTYPE
ResData.RES_SPECIAL_TIP_POS,资源数据.资源特殊提示位置,Res|Data|RES|SPECIAL|TIP|POS,
ResData.RES_PROJ8_CARD_STG_SYS_COND_TYPE,资源数据.资源项目8卡牌STG系统条件类型,Res|Data|RES|PROJ|8|CARD|STG|SYS|COND|TYPE,
ResData.RES_PROJ8_CARD_STG_BATTLE_COND_TYPE,资源数据.资源项目8卡牌STG战斗条件类型,Res|Data|RES|PROJ|8|CARD|STG|BATTLE|COND|TYPE,
ResData.RES_PROJ8_CARD_STG_OPT_TYPE,资源数据.资源项目8卡牌STG可选类型,Res|Data|RES|PROJ|8|CARD|STG|OPT|TYPE,
ResData.RES_PROJ8_CARD_STG_FILTER_DATA_SRC_TYPE,资源数据.资源项目8卡牌STG过滤数据来源类型,Res|Data|RES|PROJ|8|CARD|STG|FILTER|DATA|SRC|TYPE,
ResData.RES_PROJ8_CARD_STG_FILTER_COND_TYPE,资源数据.资源项目8卡牌STG过滤条件类型,Res|Data|RES|PROJ|8|CARD|STG|FILTER|COND|TYPE,
ResData.RES_OPERATOR_TYPE,资源数据.资源运算符类型,Res|Data|RES|OPERATOR|TYPE,
ResData.RES_HERO_DEAD_CONTROL_TYPE,资源数据.资源英雄死亡控制类型,Res|Data|RES|HERO|DEAD|CONTROL|TYPE,
ResData.RES_WANTED_EXINFO_TYPE,资源数据.资源WANTEDEXINFO类型,Res|Data|RES|WANTED|EXINFO|TYPE,WANTED EXINFO
ResData.RES_ESPORTS_NATIONAL_LEVEL_TYPE,资源数据.资源电竞全国等级类型,Res|Data|RES|ESPORTS|NATIONAL|LEVEL|TYPE,
ResData.RES_ESPORTS_NATIONAL_REGION_TYPE,资源数据.资源电竞全国区域类型,Res|Data|RES|ESPORTS|NATIONAL|REGION|TYPE,
ResData.RES_CHILD_TYPE,资源数据.资源子级类型,Res|Data|RES|CHILD|TYPE,
ResData.RES_SpecialPropertyShowType,资源数据.资源特殊属性显示类型,Res|Data|RES|Special|Property|Show|Type,
ResData.RES_SpecialPropertyType,资源数据.资源特殊属性类型,Res|Data|RES|Special|Property|Type,
ResData.SkillRangeAppointType,资源数据.技能范围Appoint类型,Res|Data|Skill|Range|Appoint|Type,Appoint
ResData.BulletMoveType,资源数据.子弹移动类型,Res|Data|Bullet|Move|Type,
ResData.HonerTitleRankType,资源数据.Honer标题排行类型,Res|Data|Honer|Title|Rank|Type,Honer
ResData.HonerTitleRankAwardType,资源数据.Honer标题排行奖励类型,Res|Data|Honer|Title|Rank|Award|Type,Honer
ResData.HonerTitleLevelType,资源数据.Honer标题等级类型,Res|Data|Honer|Title|Level|Type,Honer
ResData.BattleConditionType,资源数据.战斗条件类型,Res|Data|Battle|Condition|Type,
ResData.BattleTaskType,资源数据.战斗任务类型,Res|Data|Battle|Task|Type,
ResData.SkillUseRule,资源数据.技能使用规则,Res|Data|Skill|Use|Rule,
ResData.PROJ8_EFFECT_DEGREE_TYPE,资源数据.项目8效果程度类型,Res|Data|PROJ|8|EFFECT|DEGREE|TYPE,
ResData.TrainableType,资源数据.Trainable类型,Res|Data|Trainable|Type,Trainable
ResData.SkillTargetRule,资源数据.技能目标规则,Res|Data|Skill|Target|Rule,
ResData.SelectEnemyAdpation,资源数据.选择敌方Adpation,Res|Data|Select|Enemy|Adpation,Adpation
ResData.SkillEffectType,资源数据.技能效果类型,Res|Data|Skill|Effect|Type,
ResData.RES_VALUE_TYPE,资源数据.资源值类型,Res|Data|RES|VALUE|TYPE,
ResData.CaptainSwitchValueReplaceType,资源数据.队长切换值替换类型,Res|Data|Captain|Switch|Value|Replace|Type,
ResData.HeroVOLoadType,资源数据.英雄VO加载类型,Res|Data|Hero|VO|Load|Type,VO
ResData.SettingStrategyType,资源数据.设置策略类型,Res|Data|Setting|Strategy|Type,
ResData.RestrictPurchaseType,资源数据.RestrictPurchase类型,Res|Data|Restrict|Purchase|Type,Restrict Purchase
ResData.ResAllocToHostType,资源数据.资源Alloc到宿主类型,Res|Data|Res|Alloc|To|Host|Type,Alloc
ResData.GrantAllocRuleType,资源数据.GrantAlloc规则类型,Res|Data|Grant|Alloc|Rule|Type,Grant Alloc
ResData.DynamicObjType,资源数据.动态对象类型,Res|Data|Dynamic|Obj|Type,
ResData.UltimateAwakenGlobleSysType,资源数据.终极觉醒Globle系统类型,Res|Data|Ultimate|Awaken|Globle|Sys|Type,Globle
ResData.PassiveEventType,资源数据.被动事件类型,Res|Data|Passive|Event|Type,
ResData.PassiveConditionType,资源数据.被动条件类型,Res|Data|Passive|Condition|Type,
ResData.ResSkillCombineEffectType,资源数据.资源技能合并效果类型,Res|Data|Res|Skill|Combine|Effect|Type,
ResData.ResSkillFuncTypeAddHPCombineEffectType,资源数据.资源技能函数类型添加生命值合并效果类型,Res|Data|Res|Skill|Func|Type|Add|HP|Combine|Effect|Type,
ResData.ResSkillCombineEffectSubType,资源数据.资源技能合并效果子类型,Res|Data|Res|Skill|Combine|Effect|Sub|Type,
ResData.ResSkillCombineControlEffectType,资源数据.资源技能合并控制效果类型,Res|Data|Res|Skill|Combine|Control|Effect|Type,
ResData.RES_SKILLFUNC_OVERLAY_TYPE,资源数据.资源技能功能叠加类型,Res|Data|RES|SKILLFUNC|OVERLAY|TYPE,
ResData.RES_SKILLFUNC_OVERLAY_RULE,资源数据.资源技能功能叠加规则,Res|Data|RES|SKILLFUNC|OVERLAY|RULE,
ResData.RES_SKILLFUNC_CLEAR_RULE,资源数据.资源技能功能清除规则,Res|Data|RES|SKILLFUNC|CLEAR|RULE,
ResData.RES_SKILLFUNC_PROTECT_TYPE,资源数据.资源技能功能保护类型,Res|Data|RES|SKILLFUNC|PROTECT|TYPE,
ResData.RES_SKILLFUNC_TYPE,资源数据.资源技能功能类型,Res|Data|RES|SKILLFUNC|TYPE,
ResData.ResSkillCombineShowBuffGroup,资源数据.资源技能合并显示增益分组,Res|Data|Res|Skill|Combine|Show|Buff|Group,
ResData.RES_PROJECT8_TALENT_EFFECT_TYPE,资源数据.资源项目8天赋效果类型,Res|Data|RES|PROJECT|8|TALENT|EFFECT|TYPE,
ResData.RES_SUMMONERSKILL_TYPE,资源数据.资源SUMMONERSKILL类型,Res|Data|RES|SUMMONERSKILL|TYPE,SUMMONERSKILL
ResData.RES_EQUIP_USAGE_TYPE,资源数据.资源装备用途类型,Res|Data|RES|EQUIP|USAGE|TYPE,
ResData.RES_BUFF_SKILL_USAGE_TYPE,资源数据.资源增益技能用途类型,Res|Data|RES|BUFF|SKILL|USAGE|TYPE,
ResData.RES_SKILL_USAGE_TYPE,资源数据.资源技能用途类型,Res|Data|RES|SKILL|USAGE|TYPE,
ResData.RES_INTERACT_ITEM_USAGE_TYPE,资源数据.资源交互道具用途类型,Res|Data|RES|INTERACT|ITEM|USAGE|TYPE,
ResData.RES_SCENE_TYPE,资源数据.资源场景类型,Res|Data|RES|SCENE|TYPE,
ResData.RES_ITEM_SORT_TYPE,资源数据.资源道具排序类型,Res|Data|RES|ITEM|SORT|TYPE,
ResData.RES_ITEM_TYPE,资源数据.资源道具类型,Res|Data|RES|ITEM|TYPE,
ResData.RES_HEROSKIN_SUBTYPE,资源数据.资源英雄皮肤子类型,Res|Data|RES|HEROSKIN|SUBTYPE,
ResData.COMM_RES_PRIVILEGE_TYPE,资源数据.通信资源特权类型,Res|Data|COMM|RES|PRIVILEGE|TYPE,
ResData.RES_ITEM_GRADE_TYPE,资源数据.资源道具等级类型,Res|Data|RES|ITEM|GRADE|TYPE,
ResData.RES_CREDIT_WEEK_SUMMARY_RATING_TYPE,资源数据.资源信誉周SUMMARYRATING类型,Res|Data|RES|CREDIT|WEEK|SUMMARY|RATING|TYPE,SUMMARY RATING
ResData.RES_CONTINUE_WIN,资源数据.资源继续胜利,Res|Data|RES|CONTINUE|WIN,
ResData.RES_GUILD_LBS_PROP_TYPE,资源数据.资源公会LBS属性类型,Res|Data|RES|GUILD|LBS|PROP|TYPE,LBS
ResData.RES_PROP_TYPE_TYPE,资源数据.资源属性类型类型,Res|Data|RES|PROP|TYPE|TYPE,
ResData.RES_SPECSALE_SUB_TYPE_TYPE,资源数据.资源SPECSALE子类型类型,Res|Data|RES|SPECSALE|SUB|TYPE|TYPE,SPECSALE
ResData.RES_SEASONALBUM_VALUE_TYPE,资源数据.资源赛季相册值类型,Res|Data|RES|SEASONALBUM|VALUE|TYPE,
ResData.RES_SEASONALBUM_REWARD_TABTYPE,资源数据.资源赛季相册奖励TABTYPE,Res|Data|RES|SEASONALBUM|REWARD|TABTYPE,TABTYPE
ResData.RES_SEASONALBUM_POOL_TABTYPE,资源数据.资源赛季相册池TABTYPE,Res|Data|RES|SEASONALBUM|POOL|TABTYPE,TABTYPE
ResData.RES_SEASONALBUM_REWARD_FLAGTYPE,资源数据.资源赛季相册奖励FLAGTYPE,Res|Data|RES|SEASONALBUM|REWARD|FLAGTYPE,FLAGTYPE
ResData.RES_SEASONALBUM_FREESKIN_TASK_QUALITY,资源数据.资源赛季相册FREESKIN任务品质,Res|Data|RES|SEASONALBUM|FREESKIN|TASK|QUALITY,FREESKIN
ResData.RES_SEASONALBUM_FREESKIN_TAB_TYPE,资源数据.资源赛季相册FREESKIN页签类型,Res|Data|RES|SEASONALBUM|FREESKIN|TAB|TYPE,FREESKIN
ResData.RES_PROP_BATTLERECORD_CARD_TYPE,资源数据.资源属性BATTLERECORD卡牌类型,Res|Data|RES|PROP|BATTLERECORD|CARD|TYPE,BATTLERECORD
ResData.RES_PROP_ESPORTSMATCH_CLEARCARD_TYPE,资源数据.资源属性ESPORTSMATCHCLEARCARD类型,Res|Data|RES|PROP|ESPORTSMATCH|CLEARCARD|TYPE,ESPORTSMATCH CLEARCARD
ResData.RES_GIFTUSE_SCENE_TYPE,资源数据.资源GIFTUSE场景类型,Res|Data|RES|GIFTUSE|SCENE|TYPE,GIFTUSE
ResData.RES_PROP_CLASS_TYPE,资源数据.资源属性职业类型,Res|Data|RES|PROP|CLASS|TYPE,
ResData.RES_PROP_MULTIPLE_TIME_TYPE,资源数据.资源属性多重时间类型,Res|Data|RES|PROP|MULTIPLE|TIME|TYPE,
ResData.RES_PROP_VALFUNC_TYPE,资源数据.资源属性数值功能类型,Res|Data|RES|PROP|VALFUNC|TYPE,
ResData.RES_PROP_MONTHWEEK_CARDTYPE,资源数据.资源属性MONTHWEEKCARDTYPE,Res|Data|RES|PROP|MONTHWEEK|CARDTYPE,MONTHWEEK CARDTYPE
ResData.RES_PROP_REBATE_TYPE,资源数据.资源属性返利类型,Res|Data|RES|PROP|REBATE|TYPE,
ResData.RES_PROP_REBATE_COST_TYPE,资源数据.资源属性返利消耗类型,Res|Data|RES|PROP|REBATE|COST|TYPE,
ResData.RES_PROP_REBATE_HEROSKIN_SUB_TYPE,资源数据.资源属性返利英雄皮肤子类型,Res|Data|RES|PROP|REBATE|HEROSKIN|SUB|TYPE,
ResData.RES_PROP_REBATE_BUY_COND_TYPE,资源数据.资源属性返利购买条件类型,Res|Data|RES|PROP|REBATE|BUY|COND|TYPE,
ResData.RES_PROP_RANK_STAR_TYPE,资源数据.资源属性排行星类型,Res|Data|RES|PROP|RANK|STAR|TYPE,
ResData.RES_ITEM_SRC_TYPE,资源数据.资源道具来源类型,Res|Data|RES|ITEM|SRC|TYPE,
ResData.RES_FUNCEFT_TYPE,资源数据.资源技能效果类型,Res|Data|RES|FUNCEFT|TYPE,
ResData.RES_UGC_EXTRA_PROPERTY_TYPE,资源数据.资源UGC额外属性类型,Res|Data|RES|UGC|EXTRA|PROPERTY|TYPE,
ResData.RES_UGC_HURT_TAG,资源数据.资源UGC伤害标签,Res|Data|RES|UGC|HURT|TAG,
ResData.RES_SYMBOL_TYPE,资源数据.资源铭文类型,Res|Data|RES|SYMBOL|TYPE,
ResData.RES_SYMBOL_COLOR_TYPE,资源数据.资源铭文颜色类型,Res|Data|RES|SYMBOL|COLOR|TYPE,
ResData.RES_SYMBOLCOMP_TYPE,资源数据.资源SYMBOLCOMP类型,Res|Data|RES|SYMBOLCOMP|TYPE,SYMBOLCOMP
ResData.RES_SYMBOLRCMD_COUNT_TYPE,资源数据.资源SYMBOLRCMD计数类型,Res|Data|RES|SYMBOLRCMD|COUNT|TYPE,SYMBOLRCMD
ResData.RES_PVP_PRAM_TYPE,资源数据.资源竞技PRAM类型,Res|Data|RES|PVP|PRAM|TYPE,PRAM
ResData.RES_SRV2CLT_GLOBAL_CONF_TYPE,资源数据.资源服务端2客户端全局配置类型,Res|Data|RES|SRV|2|CLT|GLOBAL|CONF|TYPE,
ResData.RES_GAMECORE_CONF_TYPE,资源数据.资源游戏核心配置类型,Res|Data|RES|GAMECORE|CONF|TYPE,
ResData.RES_PVE_GLOBAL_CONF_TYPE,资源数据.资源PVE全局配置类型,Res|Data|RES|PVE|GLOBAL|CONF|TYPE,
ResData.RES_MULTI_AREA_GLOBAL_CONF_TYPE,资源数据.资源多重区域全局配置类型,Res|Data|RES|MULTI|AREA|GLOBAL|CONF|TYPE,
ResData.RES_MISC_CONF_TYPE,资源数据.资源杂项配置类型,Res|Data|RES|MISC|CONF|TYPE,
ResData.RES_RPT,资源数据.资源RPT,Res|Data|RES|RPT,RPT
ResData.RES_RPK,资源数据.资源RPK,Res|Data|RES|RPK,RPK
ResData.RES_RP_STYLE,资源数据.资源RP风格,Res|Data|RES|RP|STYLE,RP
ResData.RES_UBF_LOBBY,资源数据.资源UBF大厅,Res|Data|RES|UBF|LOBBY,UBF
ResData.RES_GLOBAL_CONF_TYPE,资源数据.资源全局配置类型,Res|Data|RES|GLOBAL|CONF|TYPE,
ResData.RES_GLOBAL_TXTCONF_TYPE,资源数据.资源全局文本配置类型,Res|Data|RES|GLOBAL|TXTCONF|TYPE,
ResData.RES_BATTLE_GLOBAL_TXTCONF_TYPE,资源数据.资源战斗全局文本配置类型,Res|Data|RES|BATTLE|GLOBAL|TXTCONF|TYPE,
ResData.RES_SRV2CLT_GLOBAL_TXTCONF_TYPE,资源数据.资源服务端2客户端全局文本配置类型,Res|Data|RES|SRV|2|CLT|GLOBAL|TXTCONF|TYPE,
ResData.RES_BATTLE_CONF_TYPE,资源数据.资源战斗配置类型,Res|Data|RES|BATTLE|CONF|TYPE,
ResData.RES_LEVEL_TYPE,资源数据.资源等级类型,Res|Data|RES|LEVEL|TYPE,
ResData.RES_DAABUSE_TIP_TYPE,资源数据.资源DAABUSE提示类型,Res|Data|RES|DAABUSE|TIP|TYPE,DAABUSE
ResData.RES_PVE_LEVEL_SUB_TYPE,资源数据.资源PVE等级子类型,Res|Data|RES|PVE|LEVEL|SUB|TYPE,
ResData.RES_LEVEL_HEROAITYPE,资源数据.资源等级HEROAITYPE,Res|Data|RES|LEVEL|HEROAITYPE,HEROAITYPE
ResData.RES_BACKFLOW_RANKRAPID_SEASON_HIGHEST_SHOW_GRADE_TYPE,资源数据.资源回流快速排行赛季最高显示等级类型,Res|Data|RES|BACKFLOW|RANKRAPID|SEASON|HIGHEST|SHOW|GRADE|TYPE,
ResData.RES_BACKFLOW_RANKRAPID_ACCELERATE_RULE_TYPE,资源数据.资源回流快速排行加速规则类型,Res|Data|RES|BACKFLOW|RANKRAPID|ACCELERATE|RULE|TYPE,
ResData.RES_BACKFLOW_RANKRAPID_ACCELERATE_CONDITION_BATTLE_RESULT_TYPE,资源数据.资源回流快速排行加速条件战斗结果类型,Res|Data|RES|BACKFLOW|RANKRAPID|ACCELERATE|CONDITION|BATTLE|RESULT|TYPE,
ResData.RES_BACKFLOW_PRIVILEGE_SLOT_TYPE,资源数据.资源回流特权槽位类型,Res|Data|RES|BACKFLOW|PRIVILEGE|SLOT|TYPE,
ResData.RES_LEVEL_WIN_COND,资源数据.资源等级胜利条件,Res|Data|RES|LEVEL|WIN|COND,
ResData.RES_ACTOR_TYPE,资源数据.资源角色类型,Res|Data|RES|ACTOR|TYPE,
ResData.RES_GETOPT_TYPE,资源数据.资源GETOPT类型,Res|Data|RES|GETOPT|TYPE,GETOPT
ResData.RES_TASK_SYMBOL_CONDITION_TYPE,资源数据.资源任务铭文条件类型,Res|Data|RES|TASK|SYMBOL|CONDITION|TYPE,
ResData.RES_PERREQUISITE_TYPE,资源数据.资源前置条件类型,Res|Data|RES|PERREQUISITE|TYPE,
ResData.RES_SAMECAMP_INCLUDE_HERO_TYPE,资源数据.资源SAMECAMP包含英雄类型,Res|Data|RES|SAMECAMP|INCLUDE|HERO|TYPE,SAMECAMP
ResData.RES_PERREQUISITE_ACCUMULATION_LOGIN_TYPE,资源数据.资源前置条件ACCUMULATION登录类型,Res|Data|RES|PERREQUISITE|ACCUMULATION|LOGIN|TYPE,ACCUMULATION
ResData.RES_PERREQUISITE_WATCH_GAME_TIME_TYPE,资源数据.资源前置条件观察游戏时间类型,Res|Data|RES|PERREQUISITE|WATCH|GAME|TIME|TYPE,
ResData.RES_PERREQUISITE_RECORD_TYPE,资源数据.资源前置条件记录类型,Res|Data|RES|PERREQUISITE|RECORD|TYPE,
ResData.RES_PERREQUISITE_LIKE_TYPE,资源数据.资源前置条件点赞类型,Res|Data|RES|PERREQUISITE|LIKE|TYPE,
ResData.RES_PERREQUISITE_DIDI_TYPE,资源数据.资源前置条件DIDI类型,Res|Data|RES|PERREQUISITE|DIDI|TYPE,DIDI
ResData.RES_PERREQUISITE_ACNT_ACTION_TYPE,资源数据.资源前置条件账号动作类型,Res|Data|RES|PERREQUISITE|ACNT|ACTION|TYPE,
ResData.RES_HEROOPT_TYPE,资源数据.资源HEROOPT类型,Res|Data|RES|HEROOPT|TYPE,HEROOPT
ResData.RES_SYMBOLOPT_TYPE,资源数据.资源SYMBOLOPT类型,Res|Data|RES|SYMBOLOPT|TYPE,SYMBOLOPT
ResData.RES_FRIENDOPT_TYPE,资源数据.资源FRIENDOPT类型,Res|Data|RES|FRIENDOPT|TYPE,FRIENDOPT
ResData.RES_FRIENDADD_TYPE,资源数据.资源FRIENDADD类型,Res|Data|RES|FRIENDADD|TYPE,FRIENDADD
ResData.RES_GUILDOPT_TYPE,资源数据.资源GUILDOPT类型,Res|Data|RES|GUILDOPT|TYPE,GUILDOPT
ResData.RES_BUYOPT_TYPE,资源数据.资源BUYOPT类型,Res|Data|RES|BUYOPT|TYPE,BUYOPT
ResData.RES_PLAYER_TAG_TYPE,资源数据.资源玩家标签类型,Res|Data|RES|PLAYER|TAG|TYPE,
ResData.RES_ARENAOPT_TYPE,资源数据.资源ARENAOPT类型,Res|Data|RES|ARENAOPT|TYPE,ARENAOPT
ResData.RES_CLIENTREPORT_TYPE,资源数据.资源CLIENTREPORT类型,Res|Data|RES|CLIENTREPORT|TYPE,CLIENTREPORT
ResData.RES_PERREQUISITE_LOGIN_TYPE,资源数据.资源前置条件登录类型,Res|Data|RES|PERREQUISITE|LOGIN|TYPE,
ResData.RES_PERREQUISITE_PVPKILLCNT_TYPE,资源数据.资源前置条件击杀数类型,Res|Data|RES|PERREQUISITE|PVPKILLCNT|TYPE,
ResData.RES_TASK_REWARD_ADDITION_TYPE,资源数据.资源任务奖励附加类型,Res|Data|RES|TASK|REWARD|ADDITION|TYPE,
ResData.RES_PERREQUISITE_PVPKILLCNT_RECORD_TYPE,资源数据.资源前置条件击杀数记录类型,Res|Data|RES|PERREQUISITE|PVPKILLCNT|RECORD|TYPE,
ResData.RES_PERREQUISITE_TEAM_TYPE,资源数据.资源前置条件队伍类型,Res|Data|RES|PERREQUISITE|TEAM|TYPE,
ResData.RES_PERREQUISITE_PVPKILLCNT_KATYPE,资源数据.资源前置条件击杀数KATYPE,Res|Data|RES|PERREQUISITE|PVPKILLCNT|KATYPE,KATYPE
ResData.RES_PERREQUISITE_PVPKILLCNT_DRANGONTYPE,资源数据.资源前置条件击杀数DRANGONTYPE,Res|Data|RES|PERREQUISITE|PVPKILLCNT|DRANGONTYPE,DRANGONTYPE
ResData.RES_SYMBOL_OPT_TYPE,资源数据.资源铭文可选类型,Res|Data|RES|SYMBOL|OPT|TYPE,
ResData.RES_REWARDS_TYPE,资源数据.资源奖励类型,Res|Data|RES|REWARDS|TYPE,
ResData.RES_TASK_REWARDS_PARAM_TYPE,资源数据.资源任务奖励参数类型,Res|Data|RES|TASK|REWARDS|PARAM|TYPE,
ResData.RES_TASKOPEN_TYPE,资源数据.资源TASKOPEN类型,Res|Data|RES|TASKOPEN|TYPE,TASKOPEN
ResData.RES_AWAKEN_WEEKLY_TASK_SUBTYPE,资源数据.资源觉醒每周任务子类型,Res|Data|RES|AWAKEN|WEEKLY|TASK|SUBTYPE,
ResData.RES_TASK_TYPE,资源数据.资源任务类型,Res|Data|RES|TASK|TYPE,
ResData.RES_GAMEPLAY_GOAL_SYSTEM_TASK_SUBTYPE,资源数据.资源玩法目标系统任务子类型,Res|Data|RES|GAMEPLAY|GOAL|SYSTEM|TASK|SUBTYPE,
ResData.RES_GAMEPLAY_COMMON_TASK_SUBTYPE,资源数据.资源玩法通用任务子类型,Res|Data|RES|GAMEPLAY|COMMON|TASK|SUBTYPE,
ResData.RES_SACRED_ANIMAL_TASK_SUBTYPE,资源数据.资源神圣动物任务子类型,Res|Data|RES|SACRED|ANIMAL|TASK|SUBTYPE,
ResData.RES_PRAYER_CHECKIN_QUALITY,资源数据.资源PRAYER签到品质,Res|Data|RES|PRAYER|CHECKIN|QUALITY,PRAYER
ResData.RES_ACTIVITYTASK_SUBTYPE,资源数据.资源ACTIVITYTASK子类型,Res|Data|RES|ACTIVITYTASK|SUBTYPE,ACTIVITYTASK
ResData.RES_TASK_CONTENT_SHOW_TYPE,资源数据.资源任务内容显示类型,Res|Data|RES|TASK|CONTENT|SHOW|TYPE,
ResData.RES_AUTOCHESS_SUBTYPE,资源数据.资源自走棋子类型,Res|Data|RES|AUTOCHESS|SUBTYPE,
ResData.RES_MAINTASK_SUBTYPE,资源数据.资源MAINTASK子类型,Res|Data|RES|MAINTASK|SUBTYPE,MAINTASK
ResData.RES_USUALTASK_SUBTYPE,资源数据.资源USUALTASK子类型,Res|Data|RES|USUALTASK|SUBTYPE,USUALTASK
ResData.RES_BACKFLOW_SUBTYPE,资源数据.资源回流子类型,Res|Data|RES|BACKFLOW|SUBTYPE,
ResData.RES_BACKFLOW_CHALLENGE_SUBTYPE,资源数据.资源回流挑战子类型,Res|Data|RES|BACKFLOW|CHALLENGE|SUBTYPE,
ResData.RES_BACKFLOW_PRIVILEGE_GAMEPLAY_TASK_SUBTYPE,资源数据.资源回流特权玩法任务子类型,Res|Data|RES|BACKFLOW|PRIVILEGE|GAMEPLAY|TASK|SUBTYPE,
ResData.RES_BATTLEPASS_SUBTYPE,资源数据.资源战令子类型,Res|Data|RES|BATTLEPASS|SUBTYPE,
ResData.RES_BATTLE_PASS_GRADE_TYPE,资源数据.资源战斗通行证等级类型,Res|Data|RES|BATTLE|PASS|GRADE|TYPE,
ResData.RES_TRIAL_SUBTYPE,资源数据.资源试炼子类型,Res|Data|RES|TRIAL|SUBTYPE,
ResData.RES_BACKFLOW_CUSTIMIZEREWARDTASK_SUBTYPE,资源数据.资源回流CUSTIMIZEREWARDTASK子类型,Res|Data|RES|BACKFLOW|CUSTIMIZEREWARDTASK|SUBTYPE,CUSTIMIZEREWARDTASK
ResData.RES_HEROWAKE_OPTTYPE,资源数据.资源HEROWAKEOPTTYPE,Res|Data|RES|HEROWAKE|OPTTYPE,HEROWAKE OPTTYPE
ResData.RES_HERORELATIONBUFF_TYPE,资源数据.资源HERORELATIONBUFF类型,Res|Data|RES|HERORELATIONBUFF|TYPE,HERORELATIONBUFF
ResData.RES_GUILDLEVEL_TYPE,资源数据.资源GUILDLEVEL类型,Res|Data|RES|GUILDLEVEL|TYPE,GUILDLEVEL
ResData.RES_PLAYWITH_TYPE,资源数据.资源PLAYWITH类型,Res|Data|RES|PLAYWITH|TYPE,PLAYWITH
ResData.RES_TASKREFRESH_TYPE,资源数据.资源TASKREFRESH类型,Res|Data|RES|TASKREFRESH|TYPE,TASKREFRESH
ResData.RES_MULTI_GAME_EXP_TYPE,资源数据.资源多重游戏经验类型,Res|Data|RES|MULTI|GAME|EXP|TYPE,
ResData.RES_STATISTIC_TYPE,资源数据.资源统计类型,Res|Data|RES|STATISTIC|TYPE,
ResData.RES_ROGUEMOW_ANTICHECK_TYPE,资源数据.资源肉鸽割草ANTICHECK类型,Res|Data|RES|ROGUEMOW|ANTICHECK|TYPE,ANTICHECK
ResData.RES_ROGUEMOW_ANTICHEAT_PARAM_TYPE,资源数据.资源肉鸽割草反外挂参数类型,Res|Data|RES|ROGUEMOW|ANTICHEAT|PARAM|TYPE,
ResData.RES_AWAKEN_MULTIPVE_ANTICHECK_TYPE,资源数据.资源觉醒MULTIPVEANTICHECK类型,Res|Data|RES|AWAKEN|MULTIPVE|ANTICHECK|TYPE,MULTIPVE ANTICHECK
ResData.RES_AWAKEN_MULTIPVE_ANTICHEAT_PARAM_TYPE,资源数据.资源觉醒MULTIPVE反外挂参数类型,Res|Data|RES|AWAKEN|MULTIPVE|ANTICHEAT|PARAM|TYPE,MULTIPVE
ResData.RES_STATISTIC_ATTR_DATA_TYPE,资源数据.资源统计属性数据类型,Res|Data|RES|STATISTIC|ATTR|DATA|TYPE,
ResData.RES_COMPARE_OPERATOR_TYPE,资源数据.资源比较运算符类型,Res|Data|RES|COMPARE|OPERATOR|TYPE,
ResData.RES_SEASONREVIEW_HIGHLIGHT_TYPE,资源数据.资源赛季回顾高亮类型,Res|Data|RES|SEASONREVIEW|HIGHLIGHT|TYPE,
ResData.RES_SEASONREVIEW_TYPE,资源数据.资源赛季回顾类型,Res|Data|RES|SEASONREVIEW|TYPE,
ResData.RES_SEASONREVIEW_PERFORM_TYPE,资源数据.资源赛季回顾表现类型,Res|Data|RES|SEASONREVIEW|PERFORM|TYPE,
ResData.RES_SEASONREVIEW_MOOD_TYPE,资源数据.资源赛季回顾心情类型,Res|Data|RES|SEASONREVIEW|MOOD|TYPE,
ResData.RES_SEASONREVIEW_GAMESTYLE_TYPE,资源数据.资源赛季回顾GAMESTYLE类型,Res|Data|RES|SEASONREVIEW|GAMESTYLE|TYPE,GAMESTYLE
ResData.RES_SEASONREVIEW_DATADETAIL_TYPE,资源数据.资源赛季回顾DATADETAIL类型,Res|Data|RES|SEASONREVIEW|DATADETAIL|TYPE,DATADETAIL
ResData.RES_SEASONREVIEW_FATEHERO_TYPE,资源数据.资源赛季回顾FATEHERO类型,Res|Data|RES|SEASONREVIEW|FATEHERO|TYPE,FATEHERO
ResData.RES_SEASONREVIEW_FRIEND_TYPE,资源数据.资源赛季回顾友方类型,Res|Data|RES|SEASONREVIEW|FRIEND|TYPE,
ResData.RES_SEASONREVIEW_FRIEND_MOOD_TYPE,资源数据.资源赛季回顾友方心情类型,Res|Data|RES|SEASONREVIEW|FRIEND|MOOD|TYPE,
ResData.RES_SEASONREVIEW_ACTION_TYPE,资源数据.资源赛季回顾动作类型,Res|Data|RES|SEASONREVIEW|ACTION|TYPE,
ResData.RES_SEASONREVIEW_ACTIONMASK_TYPE,资源数据.资源赛季回顾ACTIONMASK类型,Res|Data|RES|SEASONREVIEW|ACTIONMASK|TYPE,ACTIONMASK
ResData.RES_SEASONREVIEW_EXTRA_TYPE,资源数据.资源赛季回顾额外类型,Res|Data|RES|SEASONREVIEW|EXTRA|TYPE,
ResData.RES_GROWTHBADGE_TYPE,资源数据.资源成长徽章类型,Res|Data|RES|GROWTHBADGE|TYPE,
ResData.RES_GROWTHBADGE_ADDTION_TYPE,资源数据.资源成长徽章ADDTION类型,Res|Data|RES|GROWTHBADGE|ADDTION|TYPE,ADDTION
ResData.RES_GROWTHBADGE_ACNT_TYPE,资源数据.资源成长徽章账号类型,Res|Data|RES|GROWTHBADGE|ACNT|TYPE,
ResData.RES_COMPARE_DATA_TYPE,资源数据.资源比较数据类型,Res|Data|RES|COMPARE|DATA|TYPE,
ResData.RES_STATISTIC_SETTLE_DATA_TYPE,资源数据.资源统计结算数据类型,Res|Data|RES|STATISTIC|SETTLE|DATA|TYPE,
ResData.RES_BUFTYPE,资源数据.资源BUFTYPE,Res|Data|RES|BUFTYPE,BUFTYPE
ResData.RES_RANDOM_REWARD_TYPE,资源数据.资源随机奖励类型,Res|Data|RES|RANDOM|REWARD|TYPE,
ResData.RES_CUSTOMSTATUS_TIMETYPE,资源数据.资源CUSTOMSTATUSTIMETYPE,Res|Data|RES|CUSTOMSTATUS|TIMETYPE,CUSTOMSTATUS TIMETYPE
ResData.RES_CUSTOMTEAMTASK_TYPE,资源数据.资源CUSTOMTEAMTASK类型,Res|Data|RES|CUSTOMTEAMTASK|TYPE,CUSTOMTEAMTASK
ResData.RES_CUSTOMTEAMTASKTYPE_RAND_SUBTYPE,资源数据.资源CUSTOMTEAMTASKTYPE随机子类型,Res|Data|RES|CUSTOMTEAMTASKTYPE|RAND|SUBTYPE,CUSTOMTEAMTASKTYPE
ResData.RES_CUSTOMTEAMTASKOPEN_TYPE,资源数据.资源CUSTOMTEAMTASKOPEN类型,Res|Data|RES|CUSTOMTEAMTASKOPEN|TYPE,CUSTOMTEAMTASKOPEN
ResData.RES_CUSTOMTEAMTASKPERREQUISITE_TYPE,资源数据.资源CUSTOMTEAMTASKPERREQUISITE类型,Res|Data|RES|CUSTOMTEAMTASKPERREQUISITE|TYPE,CUSTOMTEAMTASKPERREQUISITE
ResData.RES_CUSTOMTEAMREWARD_TYPE,资源数据.资源CUSTOMTEAMREWARD类型,Res|Data|RES|CUSTOMTEAMREWARD|TYPE,CUSTOMTEAMREWARD
ResData.RES_CUSTOMTEAMTASKPERREQUISITE_PVPKILLCNT_TYPE,资源数据.资源CUSTOMTEAMTASKPERREQUISITE击杀数类型,Res|Data|RES|CUSTOMTEAMTASKPERREQUISITE|PVPKILLCNT|TYPE,CUSTOMTEAMTASKPERREQUISITE
ResData.RES_CUSTOMTEAMTASKPERREQUISITE_PVPKILLCNT_BITS,资源数据.资源CUSTOMTEAMTASKPERREQUISITE击杀数BITS,Res|Data|RES|CUSTOMTEAMTASKPERREQUISITE|PVPKILLCNT|BITS,CUSTOMTEAMTASKPERREQUISITE BITS
ResData.RES_CUSTOMTEAMTASKPERREQUISITE_TEAMOPT_TYPE,资源数据.资源CUSTOMTEAMTASKPERREQUISITE队伍选项类型,Res|Data|RES|CUSTOMTEAMTASKPERREQUISITE|TEAMOPT|TYPE,CUSTOMTEAMTASKPERREQUISITE
ResData.RES_CUSTOMTEAMTASKPERREQUISITE_TEAMOPT_MEMLEIJIMORECNT_TYPE,资源数据.资源CUSTOMTEAMTASKPERREQUISITE队伍选项MEMLEIJIMORECNT类型,Res|Data|RES|CUSTOMTEAMTASKPERREQUISITE|TEAMOPT|MEMLEIJIMORECNT|TYPE,CUSTOMTEAMTASKPERREQUISITE MEMLEIJIMORECNT
ResData.RES_CUSTOMTEAMTASKPERREQUISITE_TEAMOPT_MEMLEIJIONECNT_TYPE,资源数据.资源CUSTOMTEAMTASKPERREQUISITE队伍选项MEMLEIJIONECNT类型,Res|Data|RES|CUSTOMTEAMTASKPERREQUISITE|TEAMOPT|MEMLEIJIONECNT|TYPE,CUSTOMTEAMTASKPERREQUISITE MEMLEIJIONECNT
ResData.RES_CUSTOMTEAM_TASKGROUP_CONDITION,资源数据.资源CUSTOMTEAMTASKGROUP条件,Res|Data|RES|CUSTOMTEAM|TASKGROUP|CONDITION,CUSTOMTEAM TASKGROUP
ResData.RES_RANDOM_REWARD_CALCULATE_TYPE,资源数据.资源随机奖励计算类型,Res|Data|RES|RANDOM|REWARD|CALCULATE|TYPE,
ResData.RES_RANDOM_REWARD_INIT_HERO_LIMIT,资源数据.资源随机奖励初始化英雄限制,Res|Data|RES|RANDOM|REWARD|INIT|HERO|LIMIT,
ResData.RES_DIALOG_STYLE,资源数据.资源对话风格,Res|Data|RES|DIALOG|STYLE,
ResData.RES_HERO_TYPE,资源数据.资源英雄类型,Res|Data|RES|HERO|TYPE,
ResData.RES_HERO_JOB,资源数据.资源英雄JOB,Res|Data|RES|HERO|JOB,JOB
ResData.RES_HERO_DUTY,资源数据.资源英雄DUTY,Res|Data|RES|HERO|DUTY,DUTY
ResData.RES_HERO_JOB_FEATURE,资源数据.资源英雄JOB特性,Res|Data|RES|HERO|JOB|FEATURE,JOB
ResData.RES_CAMP_TYPE,资源数据.资源阵营类型,Res|Data|RES|CAMP|TYPE,
ResData.RES_KNOWLEDGE_POINT_TYPE,资源数据.资源KNOWLEDGE点类型,Res|Data|RES|KNOWLEDGE|POINT|TYPE,KNOWLEDGE
ResData.RES_WARM_PLAY_BLUEPRINT_TYPE,资源数据.资源热身播放蓝图类型,Res|Data|RES|WARM|PLAY|BLUEPRINT|TYPE,
ResData.RES_AI_JUNGLE_PARAM_TYPE,资源数据.资源AI野区参数类型,Res|Data|RES|AI|JUNGLE|PARAM|TYPE,
ResData.RES_SHOPBUY_TYPE,资源数据.资源商城购买类型,Res|Data|RES|SHOPBUY|TYPE,
ResData.RES_SOCIALENUM_TYPE,资源数据.资源SOCIALENUM类型,Res|Data|RES|SOCIALENUM|TYPE,SOCIALENUM
ResData.RES_SHOPDRAW_SUBTYPE,资源数据.资源SHOPDRAW子类型,Res|Data|RES|SHOPDRAW|SUBTYPE,SHOPDRAW
ResData.RES_BUYRES_RULETYPE,资源数据.资源BUYRESRULETYPE,Res|Data|RES|BUYRES|RULETYPE,BUYRES RULETYPE
ResData.RES_STAR_CONDITION_EXT_TYPE,资源数据.资源星条件扩展类型,Res|Data|RES|STAR|CONDITION|EXT|TYPE,
ResData.RES_STAR_CONDITION_DATA_SUB_TYPE,资源数据.资源星条件数据子类型,Res|Data|RES|STAR|CONDITION|DATA|SUB|TYPE,
ResData.RES_PVP_ACHIEVEMENT_MULTI_KILL_TYPE,资源数据.资源竞技成就多重击杀类型,Res|Data|RES|PVP|ACHIEVEMENT|MULTI|KILL|TYPE,
ResData.RES_PVP_RANK_TEAM_NUM_TYPE,资源数据.资源竞技排行队伍数量类型,Res|Data|RES|PVP|RANK|TEAM|NUM|TYPE,
ResData.RES_EXTERN_GAME_VIP_TYPE,资源数据.资源外部游戏VIP类型,Res|Data|RES|EXTERN|GAME|VIP|TYPE,
ResData.RES_STAR_VIP_CARD_LEVEL_TYPE,资源数据.资源星VIP卡牌等级类型,Res|Data|RES|STAR|VIP|CARD|LEVEL|TYPE,
ResData.RES_PVP_ACHIEVEMENT_DESTROY_ORGAN_TYPE,资源数据.资源竞技成就销毁器官类型,Res|Data|RES|PVP|ACHIEVEMENT|DESTROY|ORGAN|TYPE,
ResData.RES_KillNotify_Item,资源数据.资源击杀通知道具,Res|Data|RES|Kill|Notify|Item,
ResData.RES_SHOPBUY_COINTYPE,资源数据.资源商城购买COINTYPE,Res|Data|RES|SHOPBUY|COINTYPE,COINTYPE
ResData.RES_BUY_PAYTYPE,资源数据.资源购买PAYTYPE,Res|Data|RES|BUY|PAYTYPE,PAYTYPE
ResData.RES_SHOP_TYPE,资源数据.资源商店类型,Res|Data|RES|SHOP|TYPE,
ResData.RES_SHOPSUBSTORE_TYPE,资源数据.资源SHOPSUBSTORE类型,Res|Data|RES|SHOPSUBSTORE|TYPE,SHOPSUBSTORE
ResData.RES_ORGAN_TYPE,资源数据.资源器官类型,Res|Data|RES|ORGAN|TYPE,
ResData.RES_MONSTER_TYPE,资源数据.资源野怪类型,Res|Data|RES|MONSTER|TYPE,
ResData.RES_CALLACTOR_TYPE,资源数据.资源CALLACTOR类型,Res|Data|RES|CALLACTOR|TYPE,CALLACTOR
ResData.RES_ATTACKDISTANCE_TYPE,资源数据.资源ATTACKDISTANCE类型,Res|Data|RES|ATTACKDISTANCE|TYPE,ATTACKDISTANCE
ResData.RES_MONSTER_GRADE,资源数据.资源野怪等级,Res|Data|RES|MONSTER|GRADE,
ResData.RES_RANDOM_TYPE,资源数据.资源随机类型,Res|Data|RES|RANDOM|TYPE,
ResData.RES_ATKSPEED_TYPE,资源数据.资源ATKSPEED类型,Res|Data|RES|ATKSPEED|TYPE,ATKSPEED
ResData.RES_DROP_PROBABILITY_TYPE,资源数据.资源掉落概率类型,Res|Data|RES|DROP|PROBABILITY|TYPE,
ResData.RES_SOLDIER_TYPE,资源数据.资源小兵类型,Res|Data|RES|SOLDIER|TYPE,
ResData.RES_MONSTER_USAGE_TYPE,资源数据.资源野怪用途类型,Res|Data|RES|MONSTER|USAGE|TYPE,
ResData.RES_DYNAMIC_INFO_TYPE,资源数据.资源动态信息类型,Res|Data|RES|DYNAMIC|INFO|TYPE,
ResData.RES_LEVEL_DIFFICULTY_TYPE,资源数据.资源等级难度类型,Res|Data|RES|LEVEL|DIFFICULTY|TYPE,
ResData.RES_ACTIVITY_TYPE,资源数据.资源活动类型,Res|Data|RES|ACTIVITY|TYPE,
ResData.RES_TASK_PVERECORD_TYPE,资源数据.资源任务PVERECORD类型,Res|Data|RES|TASK|PVERECORD|TYPE,PVERECORD
ResData.CutSceneDialogShowType,资源数据.切割场景对话显示类型,Res|Data|Cut|Scene|Dialog|Show|Type,
ResData.RES_INCOME_ITEM_TYPE,资源数据.资源收益道具类型,Res|Data|RES|INCOME|ITEM|TYPE,
ResData.RES_INCOME_MEMBER_CHOOSE_TYPE,资源数据.资源收益成员选择类型,Res|Data|RES|INCOME|MEMBER|CHOOSE|TYPE,
ResData.RES_INCOME_DIVIDE_TYPE,资源数据.资源收益DIVIDE类型,Res|Data|RES|INCOME|DIVIDE|TYPE,DIVIDE
ResData.RES_INCOME_KILL_TYPE,资源数据.资源收益击杀类型,Res|Data|RES|INCOME|KILL|TYPE,
ResData.RES_INCOME_ATTACKER_TYPE,资源数据.资源收益攻击者类型,Res|Data|RES|INCOME|ATTACKER|TYPE,
ResData.RES_UNLOCKCONDITION_TYPE,资源数据.资源UNLOCKCONDITION类型,Res|Data|RES|UNLOCKCONDITION|TYPE,UNLOCKCONDITION
ResData.RES_SPECIALFUNCUNLOCK_TYPE,资源数据.资源SPECIALFUNCUNLOCK类型,Res|Data|RES|SPECIALFUNCUNLOCK|TYPE,SPECIALFUNCUNLOCK
ResData.RES_NEWBIEGROWTH_FUNCUNLOCK_TYPE,资源数据.资源新手成长功能解锁类型,Res|Data|RES|NEWBIEGROWTH|FUNCUNLOCK|TYPE,
ResData.RES_NEWBIEGROWTH_FUNCLOCK_TYPE,资源数据.资源新手成长FUNCLOCK类型,Res|Data|RES|NEWBIEGROWTH|FUNCLOCK|TYPE,FUNCLOCK
ResData.RES_NEWBIE_CHANNEL_PARAM_TYPE,资源数据.资源新手频道参数类型,Res|Data|RES|NEWBIE|CHANNEL|PARAM|TYPE,
ResData.RES_LICENSE_ID,资源数据.资源LICENSEID,Res|Data|RES|LICENSE|ID,LICENSE
ResData.RES_LOGIC_OPERATION_TYPE,资源数据.资源逻辑操作类型,Res|Data|RES|LOGIC|OPERATION|TYPE,
ResData.RES_WEEKDAY,资源数据.资源WEEKDAY,Res|Data|RES|WEEKDAY,WEEKDAY
ResData.RES_MATCH_WEEKDAY,资源数据.资源匹配WEEKDAY,Res|Data|RES|MATCH|WEEKDAY,WEEKDAY
ResData.RES_CYCLETIME_TYPE,资源数据.资源CYCLETIME类型,Res|Data|RES|CYCLETIME|TYPE,CYCLETIME
ResData.RES_TIME_OPEN_TYPE,资源数据.资源时间打开类型,Res|Data|RES|TIME|OPEN|TYPE,
ResData.RES_ACTIVITY_OPEN_TYPE,资源数据.资源活动打开类型,Res|Data|RES|ACTIVITY|OPEN|TYPE,
ResData.RES_BATTLE_DYNAMIC_PROPERTY_VAR,资源数据.资源战斗动态属性变量,Res|Data|RES|BATTLE|DYNAMIC|PROPERTY|VAR,
ResData.RES_GAME_TASK_GROUP_START_TYPE,资源数据.资源游戏任务分组开始类型,Res|Data|RES|GAME|TASK|GROUP|START|TYPE,
ResData.RES_GAME_TASK_GROUP_CLOSE_TYPE,资源数据.资源游戏任务分组关闭类型,Res|Data|RES|GAME|TASK|GROUP|CLOSE|TYPE,
ResData.RES_GAME_TASK_ACHIEVE_TYPE,资源数据.资源游戏任务成就类型,Res|Data|RES|GAME|TASK|ACHIEVE|TYPE,
ResData.RES_BATTLE_TASK_SUBJECT,资源数据.资源战斗任务SUBJECT,Res|Data|RES|BATTLE|TASK|SUBJECT,SUBJECT
ResData.RES_GUILD_MISC_TYPE,资源数据.资源公会杂项类型,Res|Data|RES|GUILD|MISC|TYPE,
ResData.RES_TALENT_TYPE,资源数据.资源天赋类型,Res|Data|RES|TALENT|TYPE,
ResData.RES_GUILD_COMBAT_GAINTYPE,资源数据.资源公会COMBATGAINTYPE,Res|Data|RES|GUILD|COMBAT|GAINTYPE,COMBAT GAINTYPE
ResData.RES_HERO_RECOMMEND_POSITION,资源数据.资源英雄推荐位置,Res|Data|RES|HERO|RECOMMEND|POSITION,
ResData.RES_COMMON_RES_QUALITY_TYPE,资源数据.资源通用资源品质类型,Res|Data|RES|COMMON|RES|QUALITY|TYPE,
ResData.RES_SKIN_QUALITY_TYPE,资源数据.资源皮肤品质类型,Res|Data|RES|SKIN|QUALITY|TYPE,
ResData.RES_SKIN_FEATURE_TYPE,资源数据.资源皮肤特性类型,Res|Data|RES|SKIN|FEATURE|TYPE,
ResData.RES_HERO_QUALITY_TYPE,资源数据.资源英雄品质类型,Res|Data|RES|HERO|QUALITY|TYPE,
ResData.RES_SKINCOLLECTION_QUALITY_TAB,资源数据.资源SKINCOLLECTION品质页签,Res|Data|RES|SKINCOLLECTION|QUALITY|TAB,SKINCOLLECTION
ResData.RES_MATCH_GUILDTEAMMEM_NUM,资源数据.资源匹配GUILDTEAMMEM数量,Res|Data|RES|MATCH|GUILDTEAMMEM|NUM,GUILDTEAMMEM
ResData.RES_RANK_LIMIT_TYPE,资源数据.资源排行限制类型,Res|Data|RES|RANK|LIMIT|TYPE,
ResData.RESTRICT_TYPE,资源数据.RESTRICT类型,Res|Data|RESTRICT|TYPE,RESTRICT
ResData.RES_GUILD_BUILDING_TYPE,资源数据.资源公会建筑类型,Res|Data|RES|GUILD|BUILDING|TYPE,
ResData.RES_GUILD_DONATE_TYPE,资源数据.资源公会DONATE类型,Res|Data|RES|GUILD|DONATE|TYPE,DONATE
ResData.RES_RED_ENVELOPE_TYPE,资源数据.资源红ENVELOPE类型,Res|Data|RES|RED|ENVELOPE|TYPE,ENVELOPE
ResData.RES_REDENVELOPE_CATALOG,资源数据.资源红包CATALOG,Res|Data|RES|REDENVELOPE|CATALOG,CATALOG
ResData.RES_ACCUMULATE_TYPE,资源数据.资源累积类型,Res|Data|RES|ACCUMULATE|TYPE,
ResData.RES_COMMON_MSG_TYPE,资源数据.资源通用消息类型,Res|Data|RES|COMMON|MSG|TYPE,
ResData.RES_SKILL_SRC_TYPE,资源数据.资源技能来源类型,Res|Data|RES|SKILL|SRC|TYPE,
ResData.RES_WEAL_CHEKIN_TYPE,资源数据.资源福利CHEKIN类型,Res|Data|RES|WEAL|CHEKIN|TYPE,CHEKIN
ResData.RES_WEAL_CHEKINBREAK_TYPE,资源数据.资源福利CHEKINBREAK类型,Res|Data|RES|WEAL|CHEKINBREAK|TYPE,CHEKINBREAK
ResData.RES_WEAL_DEC_TYPE,资源数据.资源福利减类型,Res|Data|RES|WEAL|DEC|TYPE,
ResData.RES_WEAL_COLORBAR_TYPE,资源数据.资源福利COLORBAR类型,Res|Data|RES|WEAL|COLORBAR|TYPE,COLORBAR
ResData.RES_WEAL_ENTRANCE_TYPE,资源数据.资源福利入口类型,Res|Data|RES|WEAL|ENTRANCE|TYPE,
ResData.RES_WEAL_PLAT_TYPE,资源数据.资源福利平台类型,Res|Data|RES|WEAL|PLAT|TYPE,
ResData.RES_WEAL_TYPE,资源数据.资源福利类型,Res|Data|RES|WEAL|TYPE,
ResData.RES_SUBSCRIBE_TYPE,资源数据.资源订阅类型,Res|Data|RES|SUBSCRIBE|TYPE,
ResData.RES_WEAL_PROP_TYPE,资源数据.资源福利属性类型,Res|Data|RES|WEAL|PROP|TYPE,
ResData.RES_CLR_CD_TYPE,资源数据.资源CLR冷却类型,Res|Data|RES|CLR|CD|TYPE,CLR
ResData.RES_MALL_CLASSIFY_POS_TYPE,资源数据.资源商城CLASSIFY位置类型,Res|Data|RES|MALL|CLASSIFY|POS|TYPE,CLASSIFY
ResData.RES_MALL_HOMEPAGE_TAB_TYPE,资源数据.资源商城主页页签类型,Res|Data|RES|MALL|HOMEPAGE|TAB|TYPE,
ResData.RES_MALL_CLASSIFY_ITEM_TYPE,资源数据.资源商城CLASSIFY道具类型,Res|Data|RES|MALL|CLASSIFY|ITEM|TYPE,CLASSIFY
ResData.RES_WEAL_GAME_TYPE,资源数据.资源福利游戏类型,Res|Data|RES|WEAL|GAME|TYPE,
ResData.RES_WEALTEXT_REF_SYSTEM_DATA_TYPE,资源数据.资源WEALTEXT引用系统数据类型,Res|Data|RES|WEALTEXT|REF|SYSTEM|DATA|TYPE,WEALTEXT
ResData.RES_WEAL_STAMP_TYPE,资源数据.资源福利STAMP类型,Res|Data|RES|WEAL|STAMP|TYPE,STAMP
ResData.HORIZON_METHOD,资源数据.地平线方法,Res|Data|HORIZON|METHOD,
ResData.HERO_DAMAGE_TYPE,资源数据.英雄伤害类型,Res|Data|HERO|DAMAGE|TYPE,
ResData.HERO_ATTACK_TYPE,资源数据.英雄攻击类型,Res|Data|HERO|ATTACK|TYPE,
ResData.SHOPBUY_RESULT_COSTTYPE,资源数据.商城购买结果COSTTYPE,Res|Data|SHOPBUY|RESULT|COSTTYPE,COSTTYPE
ResData.RES_FUNCTION_SWITCH_TYPE,资源数据.资源功能切换类型,Res|Data|RES|FUNCTION|SWITCH|TYPE,
ResData.RES_WEAL_PLAYGAME_TYPE,资源数据.资源福利PLAYGAME类型,Res|Data|RES|WEAL|PLAYGAME|TYPE,PLAYGAME
ResData.RES_WEAL_PRESENT_TYPE,资源数据.资源福利礼物类型,Res|Data|RES|WEAL|PRESENT|TYPE,
ResData.RES_WEAL_WISHADD_TYPE,资源数据.资源福利WISHADD类型,Res|Data|RES|WEAL|WISHADD|TYPE,WISHADD
ResData.RES_WEAL_HERODATA_TYPE,资源数据.资源福利HERODATA类型,Res|Data|RES|WEAL|HERODATA|TYPE,HERODATA
ResData.RES_WEAL_CON_TYPE,资源数据.资源福利CON类型,Res|Data|RES|WEAL|CON|TYPE,CON
ResData.RES_FETTER_OBJ_TYPE,资源数据.资源羁绊对象类型,Res|Data|RES|FETTER|OBJ|TYPE,
ResData.RES_WEAL_CON_PARAM_COMPLAINTGUARD_TYPE,资源数据.资源福利CON参数COMPLAINTGUARD类型,Res|Data|RES|WEAL|CON|PARAM|COMPLAINTGUARD|TYPE,CON COMPLAINTGUARD
ResData.RES_DOACTION_TYPE,资源数据.资源DOACTION类型,Res|Data|RES|DOACTION|TYPE,DOACTION
ResData.RES_DOLIKE_TYPE,资源数据.资源DOLIKE类型,Res|Data|RES|DOLIKE|TYPE,DOLIKE
ResData.RES_WEAL_CON_PARAM_TYPE,资源数据.资源福利CON参数类型,Res|Data|RES|WEAL|CON|PARAM|TYPE,CON
ResData.RES_WEAL_PARAM_TYPE,资源数据.资源福利参数类型,Res|Data|RES|WEAL|PARAM|TYPE,
ResData.RES_AUTOCHESS_STAT_TYPE,资源数据.资源自走棋统计类型,Res|Data|RES|AUTOCHESS|STAT|TYPE,
ResData.RES_AUTOCHESS_ACCUDATA_TYPE,资源数据.资源自走棋ACCUDATA类型,Res|Data|RES|AUTOCHESS|ACCUDATA|TYPE,ACCUDATA
ResData.RES_AUTOCHESS_SINGLEDATA_TYPE,资源数据.资源自走棋SINGLEDATA类型,Res|Data|RES|AUTOCHESS|SINGLEDATA|TYPE,SINGLEDATA
ResData.RES_WEAL_CONTENTSHARE_TYPE,资源数据.资源福利CONTENTSHARE类型,Res|Data|RES|WEAL|CONTENTSHARE|TYPE,CONTENTSHARE
ResData.RES_WEAL_CONDTRIG_TYPE,资源数据.资源福利CONDTRIG类型,Res|Data|RES|WEAL|CONDTRIG|TYPE,CONDTRIG
ResData.RES_WEAL_CON_TEAM_TYPE,资源数据.资源福利CON队伍类型,Res|Data|RES|WEAL|CON|TEAM|TYPE,CON
ResData.RES_WEAL_TIME_TYPE,资源数据.资源福利时间类型,Res|Data|RES|WEAL|TIME|TYPE,
ResData.RES_WEAL_CON_CTRL,资源数据.资源福利CON控制,Res|Data|RES|WEAL|CON|CTRL,CON
ResData.RES_PVP_NUM_TYPE,资源数据.资源竞技数量类型,Res|Data|RES|PVP|NUM|TYPE,
ResData.RES_PVP_TYPE,资源数据.资源竞技类型,Res|Data|RES|PVP|TYPE,
ResData.RES_GAME_ENTRANCE_TYPE,资源数据.资源游戏入口类型,Res|Data|RES|GAME|ENTRANCE|TYPE,
ResData.RES_HEROBADGE_SHOWTYPE,资源数据.资源英雄徽章SHOWTYPE,Res|Data|RES|HEROBADGE|SHOWTYPE,SHOWTYPE
ResData.RES_HEROBADGE_STATTYPE,资源数据.资源英雄徽章STATTYPE,Res|Data|RES|HEROBADGE|STATTYPE,STATTYPE
ResData.RES_HEROABILITY_BIGTYPE,资源数据.资源HEROABILITYBIGTYPE,Res|Data|RES|HEROABILITY|BIGTYPE,HEROABILITY BIGTYPE
ResData.RES_HEROBADGE_HIGHLIGHT_TYPE,资源数据.资源英雄徽章高亮类型,Res|Data|RES|HEROBADGE|HIGHLIGHT|TYPE,
ResData.RES_GENERAL_COND_TYPE,资源数据.资源通用条件类型,Res|Data|RES|GENERAL|COND|TYPE,
ResData.RES_HEROBADGE_PVPKILL_SUBTYE,资源数据.资源英雄徽章击杀SUBTYE,Res|Data|RES|HEROBADGE|PVPKILL|SUBTYE,SUBTYE
ResData.RES_HEROBADGE_PVPKILL_SEASON_SUBTYPE,资源数据.资源英雄徽章击杀赛季子类型,Res|Data|RES|HEROBADGE|PVPKILL|SEASON|SUBTYPE,
ResData.RES_HEROBADGE_MVP_SUBTYPE,资源数据.资源英雄徽章MVP子类型,Res|Data|RES|HEROBADGE|MVP|SUBTYPE,
ResData.RES_HEROBADGE_MVP_VALUETYPE,资源数据.资源英雄徽章MVPVALUETYPE,Res|Data|RES|HEROBADGE|MVP|VALUETYPE,VALUETYPE
ResData.RES_HEROBADGE_SYS_SUBTYE,资源数据.资源英雄徽章系统SUBTYE,Res|Data|RES|HEROBADGE|SYS|SUBTYE,SUBTYE
ResData.RES_LBSTITLE_TYPE,资源数据.资源LBSTITLE类型,Res|Data|RES|LBSTITLE|TYPE,LBSTITLE
ResData.RES_HEROTITLE_STYLE_SUBTYE,资源数据.资源HEROTITLE风格SUBTYE,Res|Data|RES|HEROTITLE|STYLE|SUBTYE,HEROTITLE SUBTYE
ResData.RES_ACHIEVE_CLASSIFICATION,资源数据.资源成就CLASSIFICATION,Res|Data|RES|ACHIEVE|CLASSIFICATION,CLASSIFICATION
ResData.RES_HEROSKIN_BUST_TYPE,资源数据.资源英雄皮肤BUST类型,Res|Data|RES|HEROSKIN|BUST|TYPE,BUST
ResData.RES_MALL_RANK_BG_TYPE,资源数据.资源商城排行背景类型,Res|Data|RES|MALL|RANK|BG|TYPE,
ResData.RES_WORLD_TYPE,资源数据.资源世界类型,Res|Data|RES|WORLD|TYPE,
ResData.RES_ESPORTS_NOTIFY_TYPE,资源数据.资源电竞通知类型,Res|Data|RES|ESPORTS|NOTIFY|TYPE,
ResData.RES_ESPORTS_NOTIFY_TRIGGER_CONDITION_TYPE,资源数据.资源电竞通知触发条件类型,Res|Data|RES|ESPORTS|NOTIFY|TRIGGER|CONDITION|TYPE,
ResData.RES_ACHIEVE_TYPE,资源数据.资源成就类型,Res|Data|RES|ACHIEVE|TYPE,
ResData.RES_ACHIEVE_DONE_TYPE,资源数据.资源成就完成类型,Res|Data|RES|ACHIEVE|DONE|TYPE,
ResData.RES_LUCKYDRAW_ITEMTAG,资源数据.资源抽奖ITEMTAG,Res|Data|RES|LUCKYDRAW|ITEMTAG,ITEMTAG
ResData.RES_COMMONRES_TAG,资源数据.资源COMMONRES标签,Res|Data|RES|COMMONRES|TAG,COMMONRES
ResData.RES_SHOPPRODUCT_ITEMTAG,资源数据.资源SHOPPRODUCTITEMTAG,Res|Data|RES|SHOPPRODUCT|ITEMTAG,SHOPPRODUCT ITEMTAG
ResData.RES_FACTORYSHOP_TAB_TAG,资源数据.资源FACTORYSHOP页签标签,Res|Data|RES|FACTORYSHOP|TAB|TAG,FACTORYSHOP
ResData.RES_HERO_TAG,资源数据.资源英雄标签,Res|Data|RES|HERO|TAG,
ResData.RES_FACTORY_TAG,资源数据.资源工厂标签,Res|Data|RES|FACTORY|TAG,
ResData.RES_FACTORY_TAB_CONTENT_TYPE,资源数据.资源工厂页签内容类型,Res|Data|RES|FACTORY|TAB|CONTENT|TYPE,
ResData.RES_FACTORY_SHOW_ENTRY_TYPE,资源数据.资源工厂显示入口类型,Res|Data|RES|FACTORY|SHOW|ENTRY|TYPE,
ResData.RES_SHOP_DISCOUNT_TYPE,资源数据.资源商店折扣类型,Res|Data|RES|SHOP|DISCOUNT|TYPE,
ResData.RES_GAMEVIP_REWARD_TYPE,资源数据.资源游戏VIP奖励类型,Res|Data|RES|GAMEVIP|REWARD|TYPE,
ResData.RES_GAMEVIP_PROFIT_TYPE,资源数据.资源游戏VIP收益类型,Res|Data|RES|GAMEVIP|PROFIT|TYPE,
ResData.RES_GAMEVIP_TAG_TYPE,资源数据.资源游戏VIP标签类型,Res|Data|RES|GAMEVIP|TAG|TYPE,
ResData.RES_GAMEVIP_TIPS_TYPE,资源数据.资源游戏VIP提示类型,Res|Data|RES|GAMEVIP|TIPS|TYPE,
ResData.RES_HUOYUEDU_TYPE,资源数据.资源HUOYUEDU类型,Res|Data|RES|HUOYUEDU|TYPE,HUOYUEDU
ResData.RES_LEVEL_FIN_RESULT_TYPE,资源数据.资源等级FIN结果类型,Res|Data|RES|LEVEL|FIN|RESULT|TYPE,FIN
ResData.RES_WEAL_OWN_TYPE,资源数据.资源福利拥有类型,Res|Data|RES|WEAL|OWN|TYPE,
ResData.RES_WEALSTEP_TYPE,资源数据.资源WEALSTEP类型,Res|Data|RES|WEALSTEP|TYPE,WEALSTEP
ResData.RES_WEALSTEP_TIME_TYPE,资源数据.资源WEALSTEP时间类型,Res|Data|RES|WEALSTEP|TIME|TYPE,WEALSTEP
ResData.RES_WEALSTEP_STATIS_TYPE,资源数据.资源WEALSTEPSTATIS类型,Res|Data|RES|WEALSTEP|STATIS|TYPE,WEALSTEP STATIS
ResData.RES_AKALISHOPZHEKOU_TYPE,资源数据.资源AKALISHOPZHEKOU类型,Res|Data|RES|AKALISHOPZHEKOU|TYPE,AKALISHOPZHEKOU
ResData.RES_CHANGE_NAME_TYPE,资源数据.资源变更名称类型,Res|Data|RES|CHANGE|NAME|TYPE,
ResData.RES_CHANGE_ICON_TYPE,资源数据.资源变更图标类型,Res|Data|RES|CHANGE|ICON|TYPE,
ResData.RES_ROLLINGMSG_TYPE,资源数据.资源ROLLINGMSG类型,Res|Data|RES|ROLLINGMSG|TYPE,ROLLINGMSG
ResData.RES_SHOW_ACHIEVEMENT_TYPE,资源数据.资源显示成就类型,Res|Data|RES|SHOW|ACHIEVEMENT|TYPE,
ResData.RES_CALL_MONSTER_ADD_TYPE,资源数据.资源调用野怪添加类型,Res|Data|RES|CALL|MONSTER|ADD|TYPE,
ResData.RES_CALL_MONSTER_DEPENDENCY_TYPE,资源数据.资源调用野怪DEPENDENCY类型,Res|Data|RES|CALL|MONSTER|DEPENDENCY|TYPE,DEPENDENCY
ResData.RES_BOUTIQUE_TYPE,资源数据.资源BOUTIQUE类型,Res|Data|RES|BOUTIQUE|TYPE,BOUTIQUE
ResData.RES_BOUTIQUE_DISPLAYSCENE_TYPE,资源数据.资源BOUTIQUEDISPLAYSCENE类型,Res|Data|RES|BOUTIQUE|DISPLAYSCENE|TYPE,BOUTIQUE DISPLAYSCENE
ResData.RES_BOUTIQUE_DISPLAY_TYPE,资源数据.资源BOUTIQUE显示类型,Res|Data|RES|BOUTIQUE|DISPLAY|TYPE,BOUTIQUE
ResData.RES_BANNER_IMAGE_TYPE,资源数据.资源横幅图片类型,Res|Data|RES|BANNER|IMAGE|TYPE,
ResData.RES_BANNER_IMAGE_DISPLAY_POSITION,资源数据.资源横幅图片显示位置,Res|Data|RES|BANNER|IMAGE|DISPLAY|POSITION,
ResData.RES_HEADIMG_SOURCE_TYPE,资源数据.资源HEADIMG来源类型,Res|Data|RES|HEADIMG|SOURCE|TYPE,HEADIMG
ResData.RES_HEADID_SOURCE_TYPE,资源数据.资源HEADID来源类型,Res|Data|RES|HEADID|SOURCE|TYPE,HEADID
ResData.RES_TIME_INTERVAL_TYPE,资源数据.资源时间间隔类型,Res|Data|RES|TIME|INTERVAL|TYPE,
ResData.RES_REWARDS_MATCH_TYPE,资源数据.资源奖励匹配类型,Res|Data|RES|REWARDS|MATCH|TYPE,
ResData.RES_HORN_TYPE,资源数据.资源HORN类型,Res|Data|RES|HORN|TYPE,HORN
ResData.RES_HORN_CONTENT_TYPE,资源数据.资源HORN内容类型,Res|Data|RES|HORN|CONTENT|TYPE,HORN
ResData.RES_HONOR_TYPE,资源数据.资源荣誉类型,Res|Data|RES|HONOR|TYPE,
ResData.RES_WARM_BATTLE_STAGE,资源数据.资源热身战斗阶段,Res|Data|RES|WARM|BATTLE|STAGE,
ResData.RES_REWARDMATCH_SUBTYPE,资源数据.资源REWARDMATCH子类型,Res|Data|RES|REWARDMATCH|SUBTYPE,REWARDMATCH
ResData.RES_ENTERTAINMENT_MAP_SUB_TYPE,资源数据.资源娱乐地图子类型,Res|Data|RES|ENTERTAINMENT|MAP|SUB|TYPE,
ResData.RES_COUNTERPART_MAP_SUB_TYPE,资源数据.资源COUNTERPART地图子类型,Res|Data|RES|COUNTERPART|MAP|SUB|TYPE,COUNTERPART
ResData.RES_INBATTLE_AI_HAND_SHAKE_PRAM_TYPE,资源数据.资源对局中AI手抖动PRAM类型,Res|Data|RES|INBATTLE|AI|HAND|SHAKE|PRAM|TYPE,PRAM
ResData.RES_INBATTLE_MSG_SHOW_TYPE,资源数据.资源对局中消息显示类型,Res|Data|RES|INBATTLE|MSG|SHOW|TYPE,
ResData.RES_INBATTLE_MSG_CAMP_TYPE,资源数据.资源对局中消息阵营类型,Res|Data|RES|INBATTLE|MSG|CAMP|TYPE,
ResData.RES_COIN_GET_PATH_TYPE,资源数据.资源金币获取路径类型,Res|Data|RES|COIN|GET|PATH|TYPE,
ResData.RES_BATTLE_MAP_TYPE,资源数据.资源战斗地图类型,Res|Data|RES|BATTLE|MAP|TYPE,
ResData.RES_CREDIT_LEVEL_TYPE,资源数据.资源信誉等级类型,Res|Data|RES|CREDIT|LEVEL|TYPE,
ResData.RES_HISTORYCREDITDATA_TYPE,资源数据.资源HISTORYCREDITDATA类型,Res|Data|RES|HISTORYCREDITDATA|TYPE,HISTORYCREDITDATA
ResData.RES_INTIMACY_TYPE,资源数据.资源亲密度类型,Res|Data|RES|INTIMACY|TYPE,
ResData.RES_INTIMACY_RELATION_TYPE,资源数据.资源亲密度关系类型,Res|Data|RES|INTIMACY|RELATION|TYPE,
ResData.RES_ESPORTS_PLAYER_CARDPART_TYPE,资源数据.资源电竞玩家CARDPART类型,Res|Data|RES|ESPORTS|PLAYER|CARDPART|TYPE,CARDPART
ResData.RES_POPULARITY_TYPE,资源数据.资源人气类型,Res|Data|RES|POPULARITY|TYPE,
ResData.RES_MULTI_GAME_PICK_RULE,资源数据.资源多重游戏拾取规则,Res|Data|RES|MULTI|GAME|PICK|RULE,
ResData.RES_PICK_RULE_NORMAL_SUBTYPE,资源数据.资源拾取规则普通子类型,Res|Data|RES|PICK|RULE|NORMAL|SUBTYPE,
ResData.RES_BAN_PICK_ALL_MUTEX,资源数据.资源禁用拾取全部MUTEX,Res|Data|RES|BAN|PICK|ALL|MUTEX,MUTEX
ResData.RES_HANGUP_PUNISH_TYPE,资源数据.资源挂机惩罚类型,Res|Data|RES|HANGUP|PUNISH|TYPE,
ResData.RES_POINT_GETTYPE,资源数据.资源点GETTYPE,Res|Data|RES|POINT|GETTYPE,GETTYPE
ResData.RES_RECRUIMENT_TYPE,资源数据.资源RECRUIMENT类型,Res|Data|RES|RECRUIMENT|TYPE,RECRUIMENT
ResData.RES_RECRUIMENT_BITS,资源数据.资源RECRUIMENTBITS,Res|Data|RES|RECRUIMENT|BITS,RECRUIMENT BITS
ResData.RES_RANK_BIG_GRADE,资源数据.资源排行大等级,Res|Data|RES|RANK|BIG|GRADE,
ResData.RES_AIASSERTS_TYPE,资源数据.资源AIASSERTS类型,Res|Data|RES|AIASSERTS|TYPE,AIASSERTS
ResData.RES_PASSIVE_TRIGGER_LIMIT_TYPE,资源数据.资源被动触发限制类型,Res|Data|RES|PASSIVE|TRIGGER|LIMIT|TYPE,
ResData.RES_EXTRACT_EFFECT_CONDITION_TYPE,资源数据.资源EXTRACT效果条件类型,Res|Data|RES|EXTRACT|EFFECT|CONDITION|TYPE,EXTRACT
ResData.RES_DAMAGE_EFFECT_CONDITION_TYPE,资源数据.资源伤害效果条件类型,Res|Data|RES|DAMAGE|EFFECT|CONDITION|TYPE,
ResData.RES_DAMAGE_EFFECT_CONDITION_IGNORE_EXTRA_HURT_TYPE,资源数据.资源伤害效果条件忽略额外伤害类型,Res|Data|RES|DAMAGE|EFFECT|CONDITION|IGNORE|EXTRA|HURT|TYPE,
ResData.RES_DAMAGE_EFFECT_CONDITION_VALUE_TYPE,资源数据.资源伤害效果条件值类型,Res|Data|RES|DAMAGE|EFFECT|CONDITION|VALUE|TYPE,
ResData.RES_RANK_MAP_SUB_TYPE,资源数据.资源排行地图子类型,Res|Data|RES|RANK|MAP|SUB|TYPE,
ResData.RES_GUILDMATCH_MAP_SUB_TYPE,资源数据.资源GUILDMATCH地图子类型,Res|Data|RES|GUILDMATCH|MAP|SUB|TYPE,GUILDMATCH
ResData.RES_MASTERMATCH_MAP_DIFFICULTY_TYPE,资源数据.资源大师赛地图难度类型,Res|Data|RES|MASTERMATCH|MAP|DIFFICULTY|TYPE,
ResData.RES_ESPORTS_THEMEBADGE_TYPE,资源数据.资源电竞THEMEBADGE类型,Res|Data|RES|ESPORTS|THEMEBADGE|TYPE,THEMEBADGE
ResData.RES_ESPORTS_MAP_SUB_TYPE,资源数据.资源电竞地图子类型,Res|Data|RES|ESPORTS|MAP|SUB|TYPE,
ResData.RES_ESPORTS_SETTLE_SUB_TYPE,资源数据.资源电竞结算子类型,Res|Data|RES|ESPORTS|SETTLE|SUB|TYPE,
ResData.RES_ESPORTS_ESPORTS_CONCLUSION_TARGET_TYPE,资源数据.资源电竞电竞结论目标类型,Res|Data|RES|ESPORTS|ESPORTS|CONCLUSION|TARGET|TYPE,
ResData.RES_ESPORTS_ESPORTS_LOBBY_MATCHRECOMMAND_TYPE,资源数据.资源电竞电竞大厅MATCHRECOMMAND类型,Res|Data|RES|ESPORTS|ESPORTS|LOBBY|MATCHRECOMMAND|TYPE,MATCHRECOMMAND
ResData.RES_ESPORTS_ESPORTS_CONCLUSION_CONDITION_TYPE,资源数据.资源电竞电竞结论条件类型,Res|Data|RES|ESPORTS|ESPORTS|CONCLUSION|CONDITION|TYPE,
ResData.RES_VOICE_INTERFACTION_TYPE,资源数据.资源语音阵营交互类型,Res|Data|RES|VOICE|INTERFACTION|TYPE,
ResData.RES_VOICE_INTERFACTION_TRIGGER_TYPE,资源数据.资源语音阵营交互触发类型,Res|Data|RES|VOICE|INTERFACTION|TRIGGER|TYPE,
ResData.RES_VOICE_INTERFACTION_OBJ,资源数据.资源语音阵营交互对象,Res|Data|RES|VOICE|INTERFACTION|OBJ,
ResData.RES_AI_PARAM_TYPE,资源数据.资源AI参数类型,Res|Data|RES|AI|PARAM|TYPE,
ResData.RES_CHGCREDIT_CONFIG,资源数据.资源信誉变化配置,Res|Data|RES|CHGCREDIT|CONFIG,
ResData.RES_COMPLAINTJOBCHK_ID,资源数据.资源COMPLAINTJOBCHKID,Res|Data|RES|COMPLAINTJOBCHK|ID,COMPLAINTJOBCHK
ResData.RES_COMPLAINTALGO_TYPE,资源数据.资源COMPLAINTALGO类型,Res|Data|RES|COMPLAINTALGO|TYPE,COMPLAINTALGO
ResData.RES_COMPLAINTALGO_ID,资源数据.资源COMPLAINTALGOID,Res|Data|RES|COMPLAINTALGO|ID,COMPLAINTALGO
ResData.RES_COMPLAINTALGO_SUPPORTMAPTYPE,资源数据.资源COMPLAINTALGOSUPPORTMAPTYPE,Res|Data|RES|COMPLAINTALGO|SUPPORTMAPTYPE,COMPLAINTALGO SUPPORTMAPTYPE
ResData.RES_COMPLAINTMAPTYPECHK_ID,资源数据.资源COMPLAINTMAPTYPECHKID,Res|Data|RES|COMPLAINTMAPTYPECHK|ID,COMPLAINTMAPTYPECHK
ResData.RES_DEAD_INFO_SPECIAL_TYPE,资源数据.资源死亡信息特殊类型,Res|Data|RES|DEAD|INFO|SPECIAL|TYPE,
ResData.RES_COMPLAINT_TYPE,资源数据.资源举报类型,Res|Data|RES|COMPLAINT|TYPE,
ResData.RES_COMPLAINTDELSCORE_REASON,资源数据.资源COMPLAINTDELSCORE原因,Res|Data|RES|COMPLAINTDELSCORE|REASON,COMPLAINTDELSCORE
ResData.RES_REALTIME_COMPLAINT_VOTE_SCOREPOOL_TYPE,资源数据.资源实时举报投票SCOREPOOL类型,Res|Data|RES|REALTIME|COMPLAINT|VOTE|SCOREPOOL|TYPE,SCOREPOOL
ResData.RES_INBATTLECOMPLAINT_PUNISH_METHOD,资源数据.资源INBATTLECOMPLAINT惩罚方法,Res|Data|RES|INBATTLECOMPLAINT|PUNISH|METHOD,INBATTLECOMPLAINT
ResData.RES_INBATTLECOMPLAINT_PUNISH_GAMEMODE,资源数据.资源INBATTLECOMPLAINT惩罚GAMEMODE,Res|Data|RES|INBATTLECOMPLAINT|PUNISH|GAMEMODE,INBATTLECOMPLAINT GAMEMODE
ResData.RES_SOLDIER_ROUTE_TYPE,资源数据.资源小兵路线类型,Res|Data|RES|SOLDIER|ROUTE|TYPE,
ResData.RES_GIFTUSE_LIMITCOMM_TYPE,资源数据.资源GIFTUSELIMITCOMM类型,Res|Data|RES|GIFTUSE|LIMITCOMM|TYPE,GIFTUSE LIMITCOMM
ResData.RES_SPEEDADJUST_TYPE,资源数据.资源SPEEDADJUST类型,Res|Data|RES|SPEEDADJUST|TYPE,SPEEDADJUST
ResData.RES_PRESENTASKFOR_MSGTYPE,资源数据.资源PRESENTASKFORMSGTYPE,Res|Data|RES|PRESENTASKFOR|MSGTYPE,PRESENTASKFOR MSGTYPE
ResData.RES_EXPREWARD_CLRTYPE,资源数据.资源EXPREWARDCLRTYPE,Res|Data|RES|EXPREWARD|CLRTYPE,EXPREWARD CLRTYPE
ResData.RES_SKINSOUND_TYPE,资源数据.资源SKINSOUND类型,Res|Data|RES|SKINSOUND|TYPE,SKINSOUND
ResData.RES_ALTERNATIVE_SKIN_RES_TYPE,资源数据.资源备选皮肤资源类型,Res|Data|RES|ALTERNATIVE|SKIN|RES|TYPE,
ResData.RES_ACNTLEVEL_TYPE,资源数据.资源ACNTLEVEL类型,Res|Data|RES|ACNTLEVEL|TYPE,ACNTLEVEL
ResData.RES_LADDER_EXPECTDIFF_TYPE,资源数据.资源天梯EXPECTDIFF类型,Res|Data|RES|LADDER|EXPECTDIFF|TYPE,EXPECTDIFF
ResData.RES_SERVER_TEST_TYPE,资源数据.资源服务器测试类型,Res|Data|RES|SERVER|TEST|TYPE,
ResData.RES_SKILL_EFFECT_INDICATOR_TYPE,资源数据.资源技能效果指示器类型,Res|Data|RES|SKILL|EFFECT|INDICATOR|TYPE,
ResData.RES_SKILL_MULTI_INDICATOR_TYPE,资源数据.资源技能多重指示器类型,Res|Data|RES|SKILL|MULTI|INDICATOR|TYPE,
ResData.RES_SKILL_INDICATOR_OBJ_TYPE,资源数据.资源技能指示器对象类型,Res|Data|RES|SKILL|INDICATOR|OBJ|TYPE,
ResData.RES_SUBSCRIPTION_EVENT_TYPE,资源数据.资源SUBSCRIPTION事件类型,Res|Data|RES|SUBSCRIPTION|EVENT|TYPE,SUBSCRIPTION
ResData.RES_MASTER_EQUIP_CHK_TYPE,资源数据.资源主装备CHK类型,Res|Data|RES|MASTER|EQUIP|CHK|TYPE,CHK
ResData.RES_GAME_PERFEFT_TYPE,资源数据.资源游戏完美类型,Res|Data|RES|GAME|PERFEFT|TYPE,
ResData.RES_PERFEFT_FEATURE_TYPE,资源数据.资源完美特性类型,Res|Data|RES|PERFEFT|FEATURE|TYPE,
ResData.RES_PERFEFT_USE_TYPE,资源数据.资源完美使用类型,Res|Data|RES|PERFEFT|USE|TYPE,
ResData.RES_DAMAGE_OBJECT_TYPE,资源数据.资源伤害对象类型,Res|Data|RES|DAMAGE|OBJECT|TYPE,
ResData.RES_MONSTER_AREA_TYPE,资源数据.资源野怪区域类型,Res|Data|RES|MONSTER|AREA|TYPE,
ResData.RES_EQUIP_RECOMMEND_TYPE_SIMPLE,资源数据.资源装备推荐类型简单,Res|Data|RES|EQUIP|RECOMMEND|TYPE|SIMPLE,
ResData.RES_DEV_FUNC_TYPE,资源数据.资源DEV函数类型,Res|Data|RES|DEV|FUNC|TYPE,DEV
ResData.RES_COMBO_GUIDE_FAIL_CONDITION,资源数据.资源连击引导失败条件,Res|Data|RES|COMBO|GUIDE|FAIL|CONDITION,
ResData.RES_GUIDE_TASK_COM_CONDITION,资源数据.资源引导任务普通条件,Res|Data|RES|GUIDE|TASK|COM|CONDITION,
ResData.RES_GUIDE_TASK_TIMECOND_COUNTTYPE,资源数据.资源引导任务TIMECONDCOUNTTYPE,Res|Data|RES|GUIDE|TASK|TIMECOND|COUNTTYPE,TIMECOND COUNTTYPE
ResData.RES_MASTER_TIME_TYPE,资源数据.资源主时间类型,Res|Data|RES|MASTER|TIME|TYPE,
ResData.RES_GUIDE_TASK_COIN_INCOM_CONDTYPE,资源数据.资源引导任务金币INCOMCONDTYPE,Res|Data|RES|GUIDE|TASK|COIN|INCOM|CONDTYPE,INCOM CONDTYPE
ResData.RES_COMBO_GUIDE_COM_CONDITION,资源数据.资源连击引导普通条件,Res|Data|RES|COMBO|GUIDE|COM|CONDITION,
ResData.RES_COMPETITION_GAME_TYPE,资源数据.资源比赛游戏类型,Res|Data|RES|COMPETITION|GAME|TYPE,
ResData.RES_COMPETITION_MISC_TYPE,资源数据.资源比赛杂项类型,Res|Data|RES|COMPETITION|MISC|TYPE,
ResData.RES_COMPETITION_WONDERFUL_INDEX_TYPE,资源数据.资源比赛WONDERFUL索引类型,Res|Data|RES|COMPETITION|WONDERFUL|INDEX|TYPE,WONDERFUL
ResData.RES_REFRESH_TYPE,资源数据.资源刷新类型,Res|Data|RES|REFRESH|TYPE,
ResData.RES_COUPONSFILL_REWARDTYPE,资源数据.资源COUPONSFILLREWARDTYPE,Res|Data|RES|COUPONSFILL|REWARDTYPE,COUPONSFILL REWARDTYPE
ResData.RES_PVPSPECITEM_DROP_CONDTION_TYPE,资源数据.资源PVPSPECITEM掉落CONDTION类型,Res|Data|RES|PVPSPECITEM|DROP|CONDTION|TYPE,PVPSPECITEM CONDTION
ResData.RES_QUESTION_TYPE,资源数据.资源题目类型,Res|Data|RES|QUESTION|TYPE,
ResData.RES_QUESTION_OPEN_TYPE,资源数据.资源题目打开类型,Res|Data|RES|QUESTION|OPEN|TYPE,
ResData.RES_QUESTION_CHOOSE_RULE,资源数据.资源题目选择规则,Res|Data|RES|QUESTION|CHOOSE|RULE,
ResData.RES_QUESTION_CHOOSE_CONDITION_TYPE,资源数据.资源题目选择条件类型,Res|Data|RES|QUESTION|CHOOSE|CONDITION|TYPE,
ResData.RES_QUESTION_ANSWER_TYPE,资源数据.资源题目ANSWER类型,Res|Data|RES|QUESTION|ANSWER|TYPE,ANSWER
ResData.RES_SETTLE_RESULT_SHOW_TYPE,资源数据.资源结算结果显示类型,Res|Data|RES|SETTLE|RESULT|SHOW|TYPE,
ResData.RES_GUIDE_ACTION_TYPE,资源数据.资源引导动作类型,Res|Data|RES|GUIDE|ACTION|TYPE,
ResData.RES_CALC_GUIDE_TIMES_TYPE,资源数据.资源计算引导次数类型,Res|Data|RES|CALC|GUIDE|TIMES|TYPE,
ResData.RES_COMMON_BUBBLE_TIPS_POS,资源数据.资源通用气泡提示位置,Res|Data|RES|COMMON|BUBBLE|TIPS|POS,
ResData.RES_COMMON_BUBBLE_CLOSEBTN_POS,资源数据.资源通用气泡CLOSEBTN位置,Res|Data|RES|COMMON|BUBBLE|CLOSEBTN|POS,CLOSEBTN
ResData.RES_COMMON_BUBBLE_DISPLAY_TYPE,资源数据.资源通用气泡显示类型,Res|Data|RES|COMMON|BUBBLE|DISPLAY|TYPE,
ResData.RES_COMMON_GUIDE_FORM_CONTENT_TYPE,资源数据.资源通用引导形态内容类型,Res|Data|RES|COMMON|GUIDE|FORM|CONTENT|TYPE,
ResData.RES_COUPONSFILL_REWARD_TYPE,资源数据.资源COUPONSFILL奖励类型,Res|Data|RES|COUPONSFILL|REWARD|TYPE,COUPONSFILL
ResData.RES_INDICATOR_SPECIAL_TYPE,资源数据.资源指示器特殊类型,Res|Data|RES|INDICATOR|SPECIAL|TYPE,
ResData.RES_HURT_ATTACKER_TYPE,资源数据.资源伤害攻击者类型,Res|Data|RES|HURT|ATTACKER|TYPE,
ResData.RES_ZJJX_HERO_CAMP_TYPE,资源数据.资源ZJJX英雄阵营类型,Res|Data|RES|ZJJX|HERO|CAMP|TYPE,ZJJX
ResData.RES_ZJJX_CAMP_TYPE,资源数据.资源ZJJX阵营类型,Res|Data|RES|ZJJX|CAMP|TYPE,ZJJX
ResData.RES_SELECT_BRANCH_ANIMAL_GUIDE_COMPARE,资源数据.资源选择分支动物引导比较,Res|Data|RES|SELECT|BRANCH|ANIMAL|GUIDE|COMPARE,
ResData.RES_TRANK_BRANCH_TYPE,资源数据.资源战力榜分支类型,Res|Data|RES|TRANK|BRANCH|TYPE,
ResData.RES_BRANCH_ROAD_TYPE,资源数据.资源分支道路类型,Res|Data|RES|BRANCH|ROAD|TYPE,
ResData.RES_HERO_10V10_POSITION_TYPE,资源数据.资源英雄10V10位置类型,Res|Data|RES|HERO|10|V|10|POSITION|TYPE,
ResData.RES_PVP_TEAM_FIGHT_POSITION_TYPE,资源数据.资源竞技队伍战斗位置类型,Res|Data|RES|PVP|TEAM|FIGHT|POSITION|TYPE,
ResData.RES_RESOURCE_BUFF_TYPE,资源数据.资源资源增益类型,Res|Data|RES|RESOURCE|BUFF|TYPE,
ResData.RES_BUFF_DEMAND_TYPE,资源数据.资源增益需求类型,Res|Data|RES|BUFF|DEMAND|TYPE,
ResData.RES_EQUIP_FUNCTION_TYPE,资源数据.资源装备功能类型,Res|Data|RES|EQUIP|FUNCTION|TYPE,
ResData.RES_SHENFU_TYPE,资源数据.资源神符类型,Res|Data|RES|SHENFU|TYPE,
ResData.RES_PICKUPITEM_TYPE,资源数据.资源PICKUPITEM类型,Res|Data|RES|PICKUPITEM|TYPE,PICKUPITEM
ResData.RES_SHENFU_USAGE,资源数据.资源神符用途,Res|Data|RES|SHENFU|USAGE,
ResData.RES_SHENFUPICK_FILTER_CONDITION,资源数据.资源神符拾取过滤条件,Res|Data|RES|SHENFU|PICK|FILTER|CONDITION,
ResData.RES_SHENFU_PROBABLITY_TYPE,资源数据.资源神符PROBABLITY类型,Res|Data|RES|SHENFU|PROBABLITY|TYPE,PROBABLITY
ResData.RES_LEVELSWITCH_TYPE,资源数据.资源LEVELSWITCH类型,Res|Data|RES|LEVELSWITCH|TYPE,LEVELSWITCH
ResData.RES_HUD3D_COLOR_TYPE,资源数据.资源HUD3D颜色类型,Res|Data|RES|HUD|3|D|COLOR|TYPE,
ResData.RES_BROADCASTALLDEAD_TYPE,资源数据.资源BROADCASTALLDEAD类型,Res|Data|RES|BROADCASTALLDEAD|TYPE,BROADCASTALLDEAD
ResData.RES_LOWHP_TYPE,资源数据.资源LOWHP类型,Res|Data|RES|LOWHP|TYPE,LOWHP
ResData.RES_MINIMAPHEAD_ORDER_TYPE,资源数据.资源MINIMAPHEAD顺序类型,Res|Data|RES|MINIMAPHEAD|ORDER|TYPE,MINIMAPHEAD
ResData.RES_MINIMAPDRAG_TYPE,资源数据.资源MINIMAPDRAG类型,Res|Data|RES|MINIMAPDRAG|TYPE,MINIMAPDRAG
ResData.RES_MINIMAPDEAD_TYPE,资源数据.资源MINIMAPDEAD类型,Res|Data|RES|MINIMAPDEAD|TYPE,MINIMAPDEAD
ResData.RES_RANDDRAW_TYPE,资源数据.资源RANDDRAW类型,Res|Data|RES|RANDDRAW|TYPE,RANDDRAW
ResData.RES_TALK_JUDGE_PUNISH_TYPE,资源数据.资源TALK判定惩罚类型,Res|Data|RES|TALK|JUDGE|PUNISH|TYPE,TALK
ResData.RES_TALK_JUDGE_PUNISH_ACTION_DEF,资源数据.资源TALK判定惩罚动作防御,Res|Data|RES|TALK|JUDGE|PUNISH|ACTION|DEF,TALK
ResData.RES_BAN_PICK_TYPE,资源数据.资源禁用拾取类型,Res|Data|RES|BAN|PICK|TYPE,
ResData.RES_EXTRA_INTIMACY_TYPE,资源数据.资源额外亲密度类型,Res|Data|RES|EXTRA|INTIMACY|TYPE,
ResData.RES_INTIMACYMULTIPLE_OPT_TYPE,资源数据.资源INTIMACYMULTIPLE可选类型,Res|Data|RES|INTIMACYMULTIPLE|OPT|TYPE,INTIMACYMULTIPLE
ResData.RES_ITEMTRIGGER_TYPE,资源数据.资源ITEMTRIGGER类型,Res|Data|RES|ITEMTRIGGER|TYPE,ITEMTRIGGER
ResData.RES_INTIMACY_PROP_TYPE,资源数据.资源亲密度属性类型,Res|Data|RES|INTIMACY|PROP|TYPE,
ResData.RES_MATCHENGINE_TYPE,资源数据.资源MATCHENGINE类型,Res|Data|RES|MATCHENGINE|TYPE,MATCHENGINE
ResData.RES_WEALCONREWARD_TYPE,资源数据.资源WEALCONREWARD类型,Res|Data|RES|WEALCONREWARD|TYPE,WEALCONREWARD
ResData.RES_LERP_MODE,资源数据.资源插值模式,Res|Data|RES|LERP|MODE,
ResData.RES_SPECMONSTER_TYPE,资源数据.资源SPECMONSTER类型,Res|Data|RES|SPECMONSTER|TYPE,SPECMONSTER
ResData.RES_CAREER_DONE_BASETYPE,资源数据.资源职业完成BASETYPE,Res|Data|RES|CAREER|DONE|BASETYPE,BASETYPE
ResData.RES_CAREER_TARGET_LINENO_TYPE,资源数据.资源职业目标LINENO类型,Res|Data|RES|CAREER|TARGET|LINENO|TYPE,LINENO
ResData.RES_CAREER_TARGET_PLAY_TYPE,资源数据.资源职业目标播放类型,Res|Data|RES|CAREER|TARGET|PLAY|TYPE,
ResData.RES_CAREER_TITLE_FROM_TYPE,资源数据.资源职业标题从类型,Res|Data|RES|CAREER|TITLE|FROM|TYPE,
ResData.RES_CAREER_TARGET_EXPLORE_TYPE,资源数据.资源职业目标EXPLORE类型,Res|Data|RES|CAREER|TARGET|EXPLORE|TYPE,EXPLORE
ResData.RES_CAREER_BASETARGET_TYPE,资源数据.资源职业BASETARGET类型,Res|Data|RES|CAREER|BASETARGET|TYPE,BASETARGET
ResData.RES_CAREER_TARGETCLASS_TYPE,资源数据.资源职业TARGETCLASS类型,Res|Data|RES|CAREER|TARGETCLASS|TYPE,TARGETCLASS
ResData.RES_WARMBATTLE_MODE_TYPE,资源数据.资源热身赛模式类型,Res|Data|RES|WARMBATTLE|MODE|TYPE,
ResData.RES_AI_TYPE,资源数据.资源AI类型,Res|Data|RES|AI|TYPE,
ResData.RES_AI_MODEL_TYPE,资源数据.资源AI模型类型,Res|Data|RES|AI|MODEL|TYPE,
ResData.RES_WARMBATTLE_RULE_TYPE,资源数据.资源热身赛规则类型,Res|Data|RES|WARMBATTLE|RULE|TYPE,
ResData.RES_WARMBATTLE_AI_ADJUST_TYPE,资源数据.资源热身赛AI调整类型,Res|Data|RES|WARMBATTLE|AI|ADJUST|TYPE,
ResData.RES_WARMBATTLE_COMMON_TYPE,资源数据.资源热身赛通用类型,Res|Data|RES|WARMBATTLE|COMMON|TYPE,
ResData.RES_WARMBATTLE_FAKEDATA_TYPE,资源数据.资源热身赛FAKEDATA类型,Res|Data|RES|WARMBATTLE|FAKEDATA|TYPE,FAKEDATA
ResData.RES_WARMBATTLE_SPECIAL_MATCHID,资源数据.资源热身赛特殊MATCHID,Res|Data|RES|WARMBATTLE|SPECIAL|MATCHID,MATCHID
ResData.RES_BATTLEROYALE_ACNTNUM_EXTERN_TYPE,资源数据.资源大逃杀ACNTNUM外部类型,Res|Data|RES|BATTLEROYALE|ACNTNUM|EXTERN|TYPE,ACNTNUM
ResData.RES_BATTLEROYALE_TYPE_INDEX,资源数据.资源大逃杀类型索引,Res|Data|RES|BATTLEROYALE|TYPE|INDEX,
ResData.RES_BATTLEROYALE_TYPE,资源数据.资源大逃杀类型,Res|Data|RES|BATTLEROYALE|TYPE,
ResData.RES_FRUSTRATION_TYPE,资源数据.资源FRUSTRATION类型,Res|Data|RES|FRUSTRATION|TYPE,FRUSTRATION
ResData.RES_SGAME_EMOTION_TYPE,资源数据.资源SGAME情绪类型,Res|Data|RES|SGAME|EMOTION|TYPE,SGAME
ResData.RES_PLAYER_ACTIVE_TYPE,资源数据.资源玩家激活类型,Res|Data|RES|PLAYER|ACTIVE|TYPE,
ResData.RES_ECO_TYPE,资源数据.资源ECO类型,Res|Data|RES|ECO|TYPE,ECO
ResData.RES_BATTLETYPE,资源数据.资源BATTLETYPE,Res|Data|RES|BATTLETYPE,BATTLETYPE
ResData.RES_ENTERAINMENT_SUBTYPE,资源数据.资源ENTERAINMENT子类型,Res|Data|RES|ENTERAINMENT|SUBTYPE,ENTERAINMENT
ResData.RES_GRAY_RULE,资源数据.资源灰度规则,Res|Data|RES|GRAY|RULE,
ResData.RES_GRAY_TYPE,资源数据.资源灰度类型,Res|Data|RES|GRAY|TYPE,
ResData.RES_ABTEST_BUSINESS_TYPE,资源数据.资源ABTEST业务类型,Res|Data|RES|ABTEST|BUSINESS|TYPE,ABTEST
ResData.RES_SERVERAI_NORMALBATTLE_REASON,资源数据.资源SERVERAINORMALBATTLE原因,Res|Data|RES|SERVERAI|NORMALBATTLE|REASON,SERVERAI NORMALBATTLE
ResData.RES_HERO_SKIN_PART_TYPE,资源数据.资源英雄皮肤部件类型,Res|Data|RES|HERO|SKIN|PART|TYPE,
ResData.RES_QUALITY_TYPE,资源数据.资源品质类型,Res|Data|RES|QUALITY|TYPE,
ResData.RES_WANDER_SHOP_TRIGGER_TYPE,资源数据.资源WANDER商店触发类型,Res|Data|RES|WANDER|SHOP|TRIGGER|TYPE,WANDER
ResData.RES_BACKFLOW_AWARD_TYPE,资源数据.资源回流奖励类型,Res|Data|RES|BACKFLOW|AWARD|TYPE,
ResData.RES_ACTION_CLASS_TYPE,资源数据.资源动作职业类型,Res|Data|RES|ACTION|CLASS|TYPE,
ResData.RES_BUFF_DYNAMIC_UPDATE_RULE_TYPE,资源数据.资源增益动态更新规则类型,Res|Data|RES|BUFF|DYNAMIC|UPDATE|RULE|TYPE,
ResData.RES_COMMON_GUIDE_TRIGGER_TIME_TYPE,资源数据.资源通用引导触发时间类型,Res|Data|RES|COMMON|GUIDE|TRIGGER|TIME|TYPE,
ResData.RES_COMMON_GUIDE_TRIGGER_ACTION_TYPE,资源数据.资源通用引导触发动作类型,Res|Data|RES|COMMON|GUIDE|TRIGGER|ACTION|TYPE,
ResData.RES_COMPETITION_EFFECT_TYPE,资源数据.资源比赛效果类型,Res|Data|RES|COMPETITION|EFFECT|TYPE,
ResData.RES_COMPETITION_CUSTOMEFFECT_POS_TYPE,资源数据.资源比赛CUSTOMEFFECT位置类型,Res|Data|RES|COMPETITION|CUSTOMEFFECT|POS|TYPE,CUSTOMEFFECT
ResData.RES_COMPETITION_EFFECT_CONDITION_TYPE,资源数据.资源比赛效果条件类型,Res|Data|RES|COMPETITION|EFFECT|CONDITION|TYPE,
ResData.RES_IEG_HEROJOB,资源数据.资源IEGHEROJOB,Res|Data|RES|IEG|HEROJOB,IEG HEROJOB
ResData.RES_BATTLE_WIKI_CONTENT_TYPE,资源数据.资源战斗WIKI内容类型,Res|Data|RES|BATTLE|WIKI|CONTENT|TYPE,WIKI
ResData.RES_EVENT_SCORE_INCREASE_TYPE,资源数据.资源事件得分增加类型,Res|Data|RES|EVENT|SCORE|INCREASE|TYPE,
ResData.RES_TASKDISPLAY_TYPE,资源数据.资源任务显示类型,Res|Data|RES|TASKDISPLAY|TYPE,
ResData.RES_ESPORTS_CLASS_TYPE,资源数据.资源电竞职业类型,Res|Data|RES|ESPORTS|CLASS|TYPE,
ResData.RES_ESPORTS_WEEKTASK_REWARDTYPE,资源数据.资源电竞WEEKTASKREWARDTYPE,Res|Data|RES|ESPORTS|WEEKTASK|REWARDTYPE,WEEKTASK REWARDTYPE
ResData.RES_SUIT_CONDITION_TYPE,资源数据.资源套装条件类型,Res|Data|RES|SUIT|CONDITION|TYPE,
ResData.RES_PVE_EQUIP_ITEM_TYPE,资源数据.资源PVE装备道具类型,Res|Data|RES|PVE|EQUIP|ITEM|TYPE,
ResData.RES_PVE_EQUIP_WEAR_POS_TYPE,资源数据.资源PVE装备穿戴位置类型,Res|Data|RES|PVE|EQUIP|WEAR|POS|TYPE,
ResData.RES_PVE_ITEM_TYPE,资源数据.资源PVE道具类型,Res|Data|RES|PVE|ITEM|TYPE,
ResData.RES_PVE_TALENT_TYPE,资源数据.资源PVE天赋类型,Res|Data|RES|PVE|TALENT|TYPE,
ResData.RES_PVE_TALENT_GENRE,资源数据.资源PVE天赋GENRE,Res|Data|RES|PVE|TALENT|GENRE,GENRE
ResData.RES_PVE_MONSTER_BIG_BLOOD_TYPE,资源数据.资源PVE野怪大血量类型,Res|Data|RES|PVE|MONSTER|BIG|BLOOD|TYPE,
ResData.RES_PVE_SETTTE_RATE_LEVEL,资源数据.资源PVESETTTE速率等级,Res|Data|RES|PVE|SETTTE|RATE|LEVEL,SETTTE
ResData.RES_BATTLE_INTERFACTION_TYPE,资源数据.资源战斗阵营交互类型,Res|Data|RES|BATTLE|INTERFACTION|TYPE,
ResData.RES_WEALSTEP_WEALTYPE,资源数据.资源WEALSTEPWEALTYPE,Res|Data|RES|WEALSTEP|WEALTYPE,WEALSTEP WEALTYPE
ResData.RES_REWARD_TYPE,资源数据.资源奖励类型,Res|Data|RES|REWARD|TYPE,
ResData.RES_GRADEREWARD_TYPE,资源数据.资源GRADEREWARD类型,Res|Data|RES|GRADEREWARD|TYPE,GRADEREWARD
ResData.RES_KILL_EFFECT_MOVE_TYPE,资源数据.资源击杀效果移动类型,Res|Data|RES|KILL|EFFECT|MOVE|TYPE,
ResData.RES_BATTLEPASS_TYPE,资源数据.资源战令类型,Res|Data|RES|BATTLEPASS|TYPE,
ResData.RES_COMPETITION_BATTLEPASS_TYPE,资源数据.资源比赛战令类型,Res|Data|RES|COMPETITION|BATTLEPASS|TYPE,
ResData.RES_BATTLEPASS_SHARE_TYPE,资源数据.资源战令共享类型,Res|Data|RES|BATTLEPASS|SHARE|TYPE,
ResData.RES_BATTLEPASS_REWARD_OVERVIEW_TYPE,资源数据.资源战令奖励OVERVIEW类型,Res|Data|RES|BATTLEPASS|REWARD|OVERVIEW|TYPE,OVERVIEW
ResData.RES_BATTLEPASS_EXCHANGE_REWARDCATEGORY,资源数据.资源战令交换REWARDCATEGORY,Res|Data|RES|BATTLEPASS|EXCHANGE|REWARDCATEGORY,REWARDCATEGORY
ResData.RES_BATTLE_ENERGY_TYPE,资源数据.资源战斗能量类型,Res|Data|RES|BATTLE|ENERGY|TYPE,
ResData.RES_SKILL_ENERGY_COST_TYPE,资源数据.资源技能能量消耗类型,Res|Data|RES|SKILL|ENERGY|COST|TYPE,
ResData.RES_PRESENT_HAVECHK_TYPE,资源数据.资源礼物HAVECHK类型,Res|Data|RES|PRESENT|HAVECHK|TYPE,HAVECHK
ResData.RES_ROOM_CUSTOM_DEFINE_RULE_TYPE,资源数据.资源房间自定义DEFINE规则类型,Res|Data|RES|ROOM|CUSTOM|DEFINE|RULE|TYPE,DEFINE
ResData.RES_OVER_CONDITION_TYPE,资源数据.资源超过条件类型,Res|Data|RES|OVER|CONDITION|TYPE,
ResData.RES_OVER_CONDITION_OTHER_SUB_TYPE,资源数据.资源超过条件其他子类型,Res|Data|RES|OVER|CONDITION|OTHER|SUB|TYPE,
ResData.RES_RCD_ACTOR_TYPE,资源数据.资源记录角色类型,Res|Data|RES|RCD|ACTOR|TYPE,
ResData.RES_RCD_CAMP,资源数据.资源记录阵营,Res|Data|RES|RCD|CAMP,
ResData.RES_RCD_POSITON,资源数据.资源记录POSITON,Res|Data|RES|RCD|POSITON,POSITON
ResData.RES_RCD_BATTLE_EFFECT_TYPE,资源数据.资源记录战斗效果类型,Res|Data|RES|RCD|BATTLE|EFFECT|TYPE,
ResData.RES_WEALSTEPLOGIN_CIRCLETYPE,资源数据.资源WEALSTEPLOGINCIRCLETYPE,Res|Data|RES|WEALSTEPLOGIN|CIRCLETYPE,WEALSTEPLOGIN CIRCLETYPE
ResData.RES_USABLE_HERO_CREATE_METHOD,资源数据.资源USABLE英雄创建方法,Res|Data|RES|USABLE|HERO|CREATE|METHOD,USABLE
ResData.RES_USABLE_HERO_BY_DESK_RANDOM_TYPE,资源数据.资源USABLE英雄由桌面随机类型,Res|Data|RES|USABLE|HERO|BY|DESK|RANDOM|TYPE,USABLE
ResData.RES_ABSDUMP_KEY,资源数据.资源ABSDUMP键,Res|Data|RES|ABSDUMP|KEY,ABSDUMP
ResData.RES_SVR_BUFF_TYPE,资源数据.资源服务端增益类型,Res|Data|RES|SVR|BUFF|TYPE,
ResData.RES_MATCH_RULE_TYPE,资源数据.资源匹配规则类型,Res|Data|RES|MATCH|RULE|TYPE,
ResData.RES_COMPARE_OPERATOR_VALUE_TYPE,资源数据.资源比较运算符值类型,Res|Data|RES|COMPARE|OPERATOR|VALUE|TYPE,
ResData.RES_MALICIOUS_SCORE_CHANGE_DEF,资源数据.资源恶意得分变更防御,Res|Data|RES|MALICIOUS|SCORE|CHANGE|DEF,
ResData.RES_MALICIOUS_PUNISH_ACTION_DEF,资源数据.资源恶意惩罚动作防御,Res|Data|RES|MALICIOUS|PUNISH|ACTION|DEF,
ResData.RES_DROP_ITEM_IN_BATTLE_TYPE,资源数据.资源掉落道具内战斗类型,Res|Data|RES|DROP|ITEM|IN|BATTLE|TYPE,
ResData.RES_WEAL_OPTREWARD_OPTTYPE,资源数据.资源福利OPTREWARDOPTTYPE,Res|Data|RES|WEAL|OPTREWARD|OPTTYPE,OPTREWARD OPTTYPE
ResData.RES_PROJ8_RECOMMEND_DIFFICULTY_TYPE,资源数据.资源项目8推荐难度类型,Res|Data|RES|PROJ|8|RECOMMEND|DIFFICULTY|TYPE,
ResData.RES_PROJ8_RECOMMEND_ARRANGE_TYPE,资源数据.资源项目8推荐ARRANGE类型,Res|Data|RES|PROJ|8|RECOMMEND|ARRANGE|TYPE,ARRANGE
ResData.RES_PROJECT8_CAMP_TYPE,资源数据.资源项目8阵营类型,Res|Data|RES|PROJECT|8|CAMP|TYPE,
ResData.RES_PROJECT8_CAREER_TYPE,资源数据.资源项目8职业类型,Res|Data|RES|PROJECT|8|CAREER|TYPE,
ResData.RES_PROJECT8_EQUIP_TYPE,资源数据.资源项目8装备类型,Res|Data|RES|PROJECT|8|EQUIP|TYPE,
ResData.RES_PROJECT8_TALENT_CONDITION,资源数据.资源项目8天赋条件,Res|Data|RES|PROJECT|8|TALENT|CONDITION,
ResData.RES_PROJECT8_TALENT_PROMOTE_TYPE,资源数据.资源项目8天赋PROMOTE类型,Res|Data|RES|PROJECT|8|TALENT|PROMOTE|TYPE,PROMOTE
ResData.RES_PROJECT8_BUFF_SELECT_TYPE,资源数据.资源项目8增益选择类型,Res|Data|RES|PROJECT|8|BUFF|SELECT|TYPE,
ResData.RES_GAMESVR_PLAT_TYPE,资源数据.资源GAMESVR平台类型,Res|Data|RES|GAMESVR|PLAT|TYPE,GAMESVR
ResData.RES_TRIAL_TYPE,资源数据.资源试炼类型,Res|Data|RES|TRIAL|TYPE,
ResData.RES_RECOMMEND_POPUP_TYPE,资源数据.资源推荐弹窗类型,Res|Data|RES|RECOMMEND|POPUP|TYPE,
ResData.RES_PROJECT8_TALENT_BUFF_SELECT_TYPE,资源数据.资源项目8天赋增益选择类型,Res|Data|RES|PROJECT|8|TALENT|BUFF|SELECT|TYPE,
ResData.RES_PROJECT8_MATCH_GRADE_TYPE,资源数据.资源项目8匹配等级类型,Res|Data|RES|PROJECT|8|MATCH|GRADE|TYPE,
ResData.RES_GAMEOVER_COND_TYPE,资源数据.资源游戏结束条件类型,Res|Data|RES|GAMEOVER|COND|TYPE,
ResData.RES_HERO_ABILITY_TYPE,资源数据.资源英雄能力类型,Res|Data|RES|HERO|ABILITY|TYPE,
ResData.RES_HERO_ABILITY_SHOW_FORMAT,资源数据.资源英雄能力显示FORMAT,Res|Data|RES|HERO|ABILITY|SHOW|FORMAT,FORMAT
ResData.RES_HERO_ABILITY_SHOW_TYPE,资源数据.资源英雄能力显示类型,Res|Data|RES|HERO|ABILITY|SHOW|TYPE,
ResData.RES_PERFEFT_SPECTIME_TYPE,资源数据.资源完美SPECTIME类型,Res|Data|RES|PERFEFT|SPECTIME|TYPE,SPECTIME
ResData.RES_EP_STATE,资源数据.资源能量状态,Res|Data|RES|EP|STATE,
ResData.RES_HONOR_CHALLENGE_TYPE,资源数据.资源荣誉挑战类型,Res|Data|RES|HONOR|CHALLENGE|TYPE,
ResData.RES_GUIDE_INTRO_TYPE,资源数据.资源引导开场类型,Res|Data|RES|GUIDE|INTRO|TYPE,
ResData.RES_SKILL_TAG,资源数据.资源技能标签,Res|Data|RES|SKILL|TAG,
ResData.RES_TEAM_RANGE_RULE,资源数据.资源队伍范围规则,Res|Data|RES|TEAM|RANGE|RULE,
ResData.RES_CHESS_BOUNTYMATCH_LEVEL,资源数据.资源棋盘BOUNTYMATCH等级,Res|Data|RES|CHESS|BOUNTYMATCH|LEVEL,BOUNTYMATCH
ResData.RES_PROJECT8_DRAW_ITEM_TYPE,资源数据.资源项目8抽奖道具类型,Res|Data|RES|PROJECT|8|DRAW|ITEM|TYPE,
ResData.RES_GENERAL_SHOP_TYPE,资源数据.资源通用商店类型,Res|Data|RES|GENERAL|SHOP|TYPE,
ResData.RES_IN_BATTLE_OPEN_FUNC_PARAM_TYPE,资源数据.资源内战斗打开函数参数类型,Res|Data|RES|IN|BATTLE|OPEN|FUNC|PARAM|TYPE,
ResData.RES_IN_BATTLE_OPEN_FUNC_BIT,资源数据.资源内战斗打开函数位,Res|Data|RES|IN|BATTLE|OPEN|FUNC|BIT,
ResData.RES_IN_BATTLE_ACNT_FUNC_BIT,资源数据.资源内战斗账号函数位,Res|Data|RES|IN|BATTLE|ACNT|FUNC|BIT,
ResData.RES_GRAY_FUNC_BIT,资源数据.资源灰度函数位,Res|Data|RES|GRAY|FUNC|BIT,
ResData.RES_IN_BATTLE_ACNT_FUNC_PARAM_TYPE,资源数据.资源内战斗账号函数参数类型,Res|Data|RES|IN|BATTLE|ACNT|FUNC|PARAM|TYPE,
ResData.RES_WEALMULTIOPT_OPTTYPE,资源数据.资源WEALMULTIOPTOPTTYPE,Res|Data|RES|WEALMULTIOPT|OPTTYPE,WEALMULTIOPT OPTTYPE
ResData.RES_WEALMULTIOPT_TIMETYPE,资源数据.资源WEALMULTIOPTTIMETYPE,Res|Data|RES|WEALMULTIOPT|TIMETYPE,WEALMULTIOPT TIMETYPE
ResData.RES_IN_BATTLE_MSG_FUNCTION_AREA_CONDITION_TYPE,资源数据.资源内战斗消息功能区域条件类型,Res|Data|RES|IN|BATTLE|MSG|FUNCTION|AREA|CONDITION|TYPE,
ResData.RES_COMMDRAW_TYPE,资源数据.资源COMMDRAW类型,Res|Data|RES|COMMDRAW|TYPE,COMMDRAW
ResData.RES_HEROEVENT_TYPE,资源数据.资源HEROEVENT类型,Res|Data|RES|HEROEVENT|TYPE,HEROEVENT
ResData.RES_HEROEVENT_TIME_TYPE,资源数据.资源HEROEVENT时间类型,Res|Data|RES|HEROEVENT|TIME|TYPE,HEROEVENT
ResData.RES_HEROEVENT_COND_TYPE,资源数据.资源HEROEVENT条件类型,Res|Data|RES|HEROEVENT|COND|TYPE,HEROEVENT
ResData.RES_HEROEVENT_CONTENT_TYPE,资源数据.资源HEROEVENT内容类型,Res|Data|RES|HEROEVENT|CONTENT|TYPE,HEROEVENT
ResData.RES_HEROEVENT_EXTRA_ACTION_TYPE,资源数据.资源HEROEVENT额外动作类型,Res|Data|RES|HEROEVENT|EXTRA|ACTION|TYPE,HEROEVENT
ResData.RES_HEROEVENT_DIALOG_REWARD_GET_TYPE,资源数据.资源HEROEVENT对话奖励获取类型,Res|Data|RES|HEROEVENT|DIALOG|REWARD|GET|TYPE,HEROEVENT
ResData.RES_COMMON_CONTION_TYPE,资源数据.资源通用CONTION类型,Res|Data|RES|COMMON|CONTION|TYPE,CONTION
ResData.RES_LOADING_CHAT_CONTENT_ACTIVITY_TYPE,资源数据.资源加载聊天内容活动类型,Res|Data|RES|LOADING|CHAT|CONTENT|ACTIVITY|TYPE,
ResData.RES_LOADING_CHAT_CONTENT_TYPE,资源数据.资源加载聊天内容类型,Res|Data|RES|LOADING|CHAT|CONTENT|TYPE,
ResData.RES_ALBUM_TYPE,资源数据.资源相册类型,Res|Data|RES|ALBUM|TYPE,
ResData.RES_HERO_FAVOR_GIFT_TYPE,资源数据.资源英雄FAVOR礼包类型,Res|Data|RES|HERO|FAVOR|GIFT|TYPE,FAVOR
ResData.RES_DROP_RELATION_TYPE,资源数据.资源掉落关系类型,Res|Data|RES|DROP|RELATION|TYPE,
ResData.RES_HERO_RELATION_TYPE,资源数据.资源英雄关系类型,Res|Data|RES|HERO|RELATION|TYPE,
ResData.RES_HERO_GENDER,资源数据.资源英雄性别,Res|Data|RES|HERO|GENDER,
ResData.RES_HEROFAVORITEM_SUB_TYPE,资源数据.资源HEROFAVORITEM子类型,Res|Data|RES|HEROFAVORITEM|SUB|TYPE,HEROFAVORITEM
ResData.RES_HERO_STORY_TYPE,资源数据.资源英雄剧情类型,Res|Data|RES|HERO|STORY|TYPE,
ResData.RES_HERO_STORY_CARD_TYPE,资源数据.资源英雄剧情卡牌类型,Res|Data|RES|HERO|STORY|CARD|TYPE,
ResData.RES_SKILL_DYNAMIC_INDICATOR_TYPE,资源数据.资源技能动态指示器类型,Res|Data|RES|SKILL|DYNAMIC|INDICATOR|TYPE,
ResData.RES_SKILL_DYNAMIC_INDICATOR_GROUP,资源数据.资源技能动态指示器分组,Res|Data|RES|SKILL|DYNAMIC|INDICATOR|GROUP,
ResData.RES_SKILL_SPECIAL_DYNAMIC_INDICATOR_TYPE,资源数据.资源技能特殊动态指示器类型,Res|Data|RES|SKILL|SPECIAL|DYNAMIC|INDICATOR|TYPE,
ResData.RES_DISCOUNT_CONDITION,资源数据.资源折扣条件,Res|Data|RES|DISCOUNT|CONDITION,
ResData.RES_BUY_CONDITION,资源数据.资源购买条件,Res|Data|RES|BUY|CONDITION,
ResData.RES_BUY_SECOND_CONFIRM_CONDITION,资源数据.资源购买秒确认条件,Res|Data|RES|BUY|SECOND|CONFIRM|CONDITION,
ResData.RES_PROJ8_HELPDESC_SHOW_SYSTEM,资源数据.资源项目8HELPDESC显示系统,Res|Data|RES|PROJ|8|HELPDESC|SHOW|SYSTEM,HELPDESC
ResData.RES_BUFFGIFT_TYPE,资源数据.资源BUFFGIFT类型,Res|Data|RES|BUFFGIFT|TYPE,BUFFGIFT
ResData.RES_REMIND_MODULE_ID,资源数据.资源提醒模块ID,Res|Data|RES|REMIND|MODULE|ID,
ResData.RES_REMIND_JUDGE_TYPE,资源数据.资源提醒判定类型,Res|Data|RES|REMIND|JUDGE|TYPE,
ResData.RES_REMIND_SHOW_TYPE,资源数据.资源提醒显示类型,Res|Data|RES|REMIND|SHOW|TYPE,
ResData.RES_HEROGUIDE_PLAYER_TYPE,资源数据.资源HEROGUIDE玩家类型,Res|Data|RES|HEROGUIDE|PLAYER|TYPE,HEROGUIDE
ResData.RES_PROJECT8_SKILL_TYPE,资源数据.资源项目8技能类型,Res|Data|RES|PROJECT|8|SKILL|TYPE,
ResData.RES_PROJECT8_ABILITY_TYPE,资源数据.资源项目8能力类型,Res|Data|RES|PROJECT|8|ABILITY|TYPE,
ResData.PROJECT8_BAN_PICK_TYPE,资源数据.项目8禁用拾取类型,Res|Data|PROJECT|8|BAN|PICK|TYPE,
ResData.PROJECT8_BANPICK_SERVER_RULE,资源数据.项目8BANPICK服务器规则,Res|Data|PROJECT|8|BANPICK|SERVER|RULE,BANPICK
ResData.SETTING_SWITCH_TYPE,资源数据.设置切换类型,Res|Data|SETTING|SWITCH|TYPE,
ResData.SETTING_VALUE_TYPE,资源数据.设置值类型,Res|Data|SETTING|VALUE|TYPE,
ResData.SETTING_VALUE_TYPE_LINGBAO_ACCOMPANY_MODE_TYPE,资源数据.设置值类型灵宝陪伴模式类型,Res|Data|SETTING|VALUE|TYPE|LINGBAO|ACCOMPANY|MODE|TYPE,
ResData.SETTING_VALUE_TYPE_LINGBAO_ACCOMPANY_VOICE_TIMBRE_TYPE,资源数据.设置值类型灵宝陪伴语音TIMBRE类型,Res|Data|SETTING|VALUE|TYPE|LINGBAO|ACCOMPANY|VOICE|TIMBRE|TYPE,TIMBRE
ResData.SETTING_MACHINE_RELY_VALUE_TYPE,资源数据.设置机器依赖值类型,Res|Data|SETTING|MACHINE|RELY|VALUE|TYPE,
ResData.SETTING_TAB_TYPE,资源数据.设置页签类型,Res|Data|SETTING|TAB|TYPE,
ResData.SETTING_LOCAL_TYPE,资源数据.设置本地类型,Res|Data|SETTING|LOCAL|TYPE,
ResData.SETTING_VALUE_DATA_TYPE,资源数据.设置值数据类型,Res|Data|SETTING|VALUE|DATA|TYPE,
ResData.SETTING_DEFAULT_VALUE_TYPE,资源数据.设置默认值类型,Res|Data|SETTING|DEFAULT|VALUE|TYPE,
ResData.SETTING_SETTLE_TIP_TYPE,资源数据.设置结算提示类型,Res|Data|SETTING|SETTLE|TIP|TYPE,
ResData.SETTING_SETTLE_TIP_TRIGGER_TYPE,资源数据.设置结算提示触发类型,Res|Data|SETTING|SETTLE|TIP|TRIGGER|TYPE,
ResData.RES_REDDOT_TYPE,资源数据.资源REDDOT类型,Res|Data|RES|REDDOT|TYPE,REDDOT
ResData.RES_SETTLE_RULE,资源数据.资源结算规则,Res|Data|RES|SETTLE|RULE,
ResData.RES_RATELIMIT_TYPE,资源数据.资源RATELIMIT类型,Res|Data|RES|RATELIMIT|TYPE,RATELIMIT
ResData.RES_MASTER_REWARD_COND_TYPE,资源数据.资源主奖励条件类型,Res|Data|RES|MASTER|REWARD|COND|TYPE,
ResData.RES_MASTER_REWARD_LEVEL_TYPE,资源数据.资源主奖励等级类型,Res|Data|RES|MASTER|REWARD|LEVEL|TYPE,
ResData.RES_PUNISHSHOWLEVEL_TYPE,资源数据.资源PUNISHSHOWLEVEL类型,Res|Data|RES|PUNISHSHOWLEVEL|TYPE,PUNISHSHOWLEVEL
ResData.RES_HERO_FEATURE_UI_SHOW_TYPE,资源数据.资源英雄特性UI显示类型,Res|Data|RES|HERO|FEATURE|UI|SHOW|TYPE,
ResData.RES_PREBP_HERO_TYPE,资源数据.资源PREBP英雄类型,Res|Data|RES|PREBP|HERO|TYPE,PREBP
ResData.RES_HERO_SKIN_VOICE_TYPE,资源数据.资源英雄皮肤语音类型,Res|Data|RES|HERO|SKIN|VOICE|TYPE,
ResData.RES_GUILDPKACTIVITY_STAGE,资源数据.资源GUILDPKACTIVITY阶段,Res|Data|RES|GUILDPKACTIVITY|STAGE,GUILDPKACTIVITY
ResData.RES_SWITCHOFF_MASK_TYPE,资源数据.资源SWITCHOFF掩码类型,Res|Data|RES|SWITCHOFF|MASK|TYPE,SWITCHOFF
ResData.RES_UGC_FUNC_TYPE,资源数据.资源UGC函数类型,Res|Data|RES|UGC|FUNC|TYPE,
ResData.RES_BATTLEMATCH_SUBTYPE,资源数据.资源BATTLEMATCH子类型,Res|Data|RES|BATTLEMATCH|SUBTYPE,BATTLEMATCH
ResData.RES_BATTLE_HERO_FEATURE_EFF_TYPE,资源数据.资源战斗英雄特性效果类型,Res|Data|RES|BATTLE|HERO|FEATURE|EFF|TYPE,
ResData.RES_SURVEY_QUESTION_TYPE,资源数据.资源SURVEY题目类型,Res|Data|RES|SURVEY|QUESTION|TYPE,SURVEY
ResData.RES_1V1_CONDITION_TYPE,资源数据.资源1V1条件类型,Res|Data|RES|1|V|1|CONDITION|TYPE,
ResData.RES_MATCH_STRATEGY_PARAM,资源数据.资源匹配策略参数,Res|Data|RES|MATCH|STRATEGY|PARAM,
ResData.RES_APOLLO_TRANK_AREA_TYPE,资源数据.资源Apollo战力榜区域类型,Res|Data|RES|APOLLO|TRANK|AREA|TYPE,
ResData.RES_COMMON_GAMEPLAY_TRANK_IMAGE_PERIOD,资源数据.资源通用玩法战力榜图片周期,Res|Data|RES|COMMON|GAMEPLAY|TRANK|IMAGE|PERIOD,
ResData.RES_YEAR_STORY_DISPLAY_EVENT_TYPE,资源数据.资源年剧情显示事件类型,Res|Data|RES|YEAR|STORY|DISPLAY|EVENT|TYPE,
ResData.RES_YEAR_STORY_DISPLAY_EVENT_CONDITION_TYPE,资源数据.资源年剧情显示事件条件类型,Res|Data|RES|YEAR|STORY|DISPLAY|EVENT|CONDITION|TYPE,
ResData.RES_YEAR_STORY_COMMON_CONFIG_TYPE,资源数据.资源年剧情通用配置类型,Res|Data|RES|YEAR|STORY|COMMON|CONFIG|TYPE,
ResData.RES_YEAR_STORY_SECTION_TYPE,资源数据.资源年剧情SECTION类型,Res|Data|RES|YEAR|STORY|SECTION|TYPE,SECTION
ResData.RES_YEAR_STORY_TASK_TYPE,资源数据.资源年剧情任务类型,Res|Data|RES|YEAR|STORY|TASK|TYPE,
ResData.RES_YEAR_STORY_DISPLAY_TYPE,资源数据.资源年剧情显示类型,Res|Data|RES|YEAR|STORY|DISPLAY|TYPE,
ResData.RES_BREAKINGNEWS_EVENT_ACTOR_PLAY_TYPE,资源数据.资源快讯事件角色播放类型,Res|Data|RES|BREAKINGNEWS|EVENT|ACTOR|PLAY|TYPE,
ResData.RES_BREAKINGNEWS_EVENT_TRIGGERTIME_TYPE,资源数据.资源快讯事件TRIGGERTIME类型,Res|Data|RES|BREAKINGNEWS|EVENT|TRIGGERTIME|TYPE,TRIGGERTIME
ResData.RES_BREAKINGNEWS_EVENT_CONTIDION_TYPE,资源数据.资源快讯事件CONTIDION类型,Res|Data|RES|BREAKINGNEWS|EVENT|CONTIDION|TYPE,CONTIDION
ResData.RES_BREAKINGNEWS_EVENT_COMPLETE_TYPE,资源数据.资源快讯事件完成类型,Res|Data|RES|BREAKINGNEWS|EVENT|COMPLETE|TYPE,
ResData.RES_BREAKINGNEWS_QUESTION_POSTACTION_TYPE,资源数据.资源快讯题目POSTACTION类型,Res|Data|RES|BREAKINGNEWS|QUESTION|POSTACTION|TYPE,POSTACTION
ResData.RES_BREAKINGNEWS_DIALOG_ACTOR_POS,资源数据.资源快讯对话角色位置,Res|Data|RES|BREAKINGNEWS|DIALOG|ACTOR|POS,
ResData.RES_BREAKINGNEWS_QUESTION_FINISH_TYPE,资源数据.资源快讯题目结束类型,Res|Data|RES|BREAKINGNEWS|QUESTION|FINISH|TYPE,
ResData.RES_BREAKINGNEWS_SPECIAL_CONTENT_TYPE,资源数据.资源快讯特殊内容类型,Res|Data|RES|BREAKINGNEWS|SPECIAL|CONTENT|TYPE,
ResData.RES_BREAKINGNEWS_EXTRA_PARA_TYPE,资源数据.资源快讯额外参数类型,Res|Data|RES|BREAKINGNEWS|EXTRA|PARA|TYPE,
ResData.RES_SYSMSG_PAGE_TYPE,资源数据.资源SYSMSG页类型,Res|Data|RES|SYSMSG|PAGE|TYPE,SYSMSG
ResData.RES_BATTLE_DROPITEM_TYPE,资源数据.资源战斗DROPITEM类型,Res|Data|RES|BATTLE|DROPITEM|TYPE,DROPITEM
ResData.RES_BATTLE_DROPITEM_STAGE_TYPE,资源数据.资源战斗DROPITEM阶段类型,Res|Data|RES|BATTLE|DROPITEM|STAGE|TYPE,DROPITEM
ResData.RES_BATTLE_TASK_TRIGGER_STAGE_TYPE,资源数据.资源战斗任务触发阶段类型,Res|Data|RES|BATTLE|TASK|TRIGGER|STAGE|TYPE,
ResData.RES_SKIN_SHARE_TYPE,资源数据.资源皮肤共享类型,Res|Data|RES|SKIN|SHARE|TYPE,
ResData.RES_HERO_SKIN_SHARE_TAB_POSITION,资源数据.资源英雄皮肤共享页签位置,Res|Data|RES|HERO|SKIN|SHARE|TAB|POSITION,
ResData.RES_MALLRECOMMEND_TYPE,资源数据.资源MALLRECOMMEND类型,Res|Data|RES|MALLRECOMMEND|TYPE,MALLRECOMMEND
ResData.RES_Authority_TYPE,资源数据.资源Authority类型,Res|Data|RES|Authority|TYPE,Authority
ResData.RES_GAME_RESULT_FILTER_TYPE,资源数据.资源游戏结果过滤类型,Res|Data|RES|GAME|RESULT|FILTER|TYPE,
ResData.RES_TARGETVAL_REACHED_TYPE,资源数据.资源目标值已到达类型,Res|Data|RES|TARGETVAL|REACHED|TYPE,
ResData.RES_TARGETVAL_ACCUM_TYPE,资源数据.资源目标值累积类型,Res|Data|RES|TARGETVAL|ACCUM|TYPE,
ResData.RES_EXPERIENCESCORE_OUTPUT_TYPE,资源数据.资源EXPERIENCESCORE输出类型,Res|Data|RES|EXPERIENCESCORE|OUTPUT|TYPE,EXPERIENCESCORE
ResData.RES_GLOBAL_OPEN_FUNC,资源数据.资源全局打开函数,Res|Data|RES|GLOBAL|OPEN|FUNC,
ResData.RES_GLOBAL_HIGHLIGHT_TYPE,资源数据.资源全局高亮类型,Res|Data|RES|GLOBAL|HIGHLIGHT|TYPE,
ResData.RES_HIGHLIGHT_CONDITION_TYPE,资源数据.资源高亮条件类型,Res|Data|RES|HIGHLIGHT|CONDITION|TYPE,
ResData.RES_HIGHLIGHT_INFO_TYPE,资源数据.资源高亮信息类型,Res|Data|RES|HIGHLIGHT|INFO|TYPE,
ResData.RES_HIGHLIGHT_COMPARE_OBJECT,资源数据.资源高亮比较对象,Res|Data|RES|HIGHLIGHT|COMPARE|OBJECT,
ResData.RES_HIGHLIGHT_COMPARE_STAT_TYPE,资源数据.资源高亮比较统计类型,Res|Data|RES|HIGHLIGHT|COMPARE|STAT|TYPE,
ResData.RES_HIGHLIGHT_GET_TARGET_ACTOR_METHOD,资源数据.资源高亮获取目标角色方法,Res|Data|RES|HIGHLIGHT|GET|TARGET|ACTOR|METHOD,
ResData.RES_HIGHLIGHT_COMPARE_METHOD,资源数据.资源高亮比较方法,Res|Data|RES|HIGHLIGHT|COMPARE|METHOD,
ResData.RES_HIGHLIGHT_COMPARE_INDEX,资源数据.资源高亮比较索引,Res|Data|RES|HIGHLIGHT|COMPARE|INDEX,
ResData.RES_HIGHLIGHT_SOUND_TRIGGER_RULE,资源数据.资源高亮音效触发规则,Res|Data|RES|HIGHLIGHT|SOUND|TRIGGER|RULE,
ResData.RES_HIGHLIGHT_CONDITION_RELY_TYPE,资源数据.资源高亮条件依赖类型,Res|Data|RES|HIGHLIGHT|CONDITION|RELY|TYPE,
ResData.RES_HIGHLIGHT_INFO_PARAM_SKILL_CONTROL,资源数据.资源高亮信息参数技能控制,Res|Data|RES|HIGHLIGHT|INFO|PARAM|SKILL|CONTROL,
ResData.RES_HIGHLIGHT_INFO_PARAM_USE_SKILL,资源数据.资源高亮信息参数使用技能,Res|Data|RES|HIGHLIGHT|INFO|PARAM|USE|SKILL,
ResData.RES_HIGHLIGHT_INFO_PARAM_SKILL_HARD_CONTROL_DURATION,资源数据.资源高亮信息参数技能硬控制持续时间,Res|Data|RES|HIGHLIGHT|INFO|PARAM|SKILL|HARD|CONTROL|DURATION,
ResData.RES_HIGHLIGHT_INFO_PARAM_USE_SKILL_SIGHT,资源数据.资源高亮信息参数使用技能视野,Res|Data|RES|HIGHLIGHT|INFO|PARAM|USE|SKILL|SIGHT,
ResData.RES_HIGHLIGHT_INFO_PARAM_REFRESH_SKILL,资源数据.资源高亮信息参数刷新技能,Res|Data|RES|HIGHLIGHT|INFO|PARAM|REFRESH|SKILL,
ResData.RES_HIGHLIGHT_INFO_PARAM_ACTOR_DEATH,资源数据.资源高亮信息参数角色死亡,Res|Data|RES|HIGHLIGHT|INFO|PARAM|ACTOR|DEATH,
ResData.RES_HIGHLIGHT_INFO_PARAM_SKILL_HIT,资源数据.资源高亮信息参数技能命中,Res|Data|RES|HIGHLIGHT|INFO|PARAM|SKILL|HIT,
ResData.RES_HIGHLIGHT_VALUE_LABEL,资源数据.资源高亮值标签,Res|Data|RES|HIGHLIGHT|VALUE|LABEL,
ResData.RES_HIGHLIGHT_SKILL_TAG,资源数据.资源高亮技能标签,Res|Data|RES|HIGHLIGHT|SKILL|TAG,
ResData.RES_HIGHLIGHT_TYPE,资源数据.资源高亮类型,Res|Data|RES|HIGHLIGHT|TYPE,
ResData.RES_HIGHLIGHT_TRIGGER_TYPE,资源数据.资源高亮触发类型,Res|Data|RES|HIGHLIGHT|TRIGGER|TYPE,
ResData.RES_HIGHLIGHT_CUSTOM_PARAM_TYPE,资源数据.资源高亮自定义参数类型,Res|Data|RES|HIGHLIGHT|CUSTOM|PARAM|TYPE,
ResData.RES_HIGHLIGHT_VEDIO_EVENT_START_TIME_TYPE,资源数据.资源高亮VEDIO事件开始时间类型,Res|Data|RES|HIGHLIGHT|VEDIO|EVENT|START|TIME|TYPE,VEDIO
ResData.RES_HIGHLIGHT_VEDIO_EVENT_END_TIME_TYPE,资源数据.资源高亮VEDIO事件结束时间类型,Res|Data|RES|HIGHLIGHT|VEDIO|EVENT|END|TIME|TYPE,VEDIO
ResData.RES_HIGHLIGHT_SETTLEMENT_ORDER_TYPE,资源数据.资源高亮结算顺序类型,Res|Data|RES|HIGHLIGHT|SETTLEMENT|ORDER|TYPE,
ResData.RES_HIGHLIGHT_INTERRUPT_DELAY_TRIGGER_REASON,资源数据.资源高亮打断延迟触发原因,Res|Data|RES|HIGHLIGHT|INTERRUPT|DELAY|TRIGGER|REASON,
ResData.RES_HIGHLIGHT_INTERRUPT_DELAY_TRIGGER_TARGET_SET_TYPE,资源数据.资源高亮打断延迟触发目标设置类型,Res|Data|RES|HIGHLIGHT|INTERRUPT|DELAY|TRIGGER|TARGET|SET|TYPE,
ResData.RES_HIGHLIGHT_MAJOR_VALUE_DEFINITION,资源数据.资源高亮MAJOR值DEFINITION,Res|Data|RES|HIGHLIGHT|MAJOR|VALUE|DEFINITION,MAJOR DEFINITION
ResData.RES_HIGHLIGHT_TRIGGER_MAX_COUNT_TYPE,资源数据.资源高亮触发最大计数类型,Res|Data|RES|HIGHLIGHT|TRIGGER|MAX|COUNT|TYPE,
ResData.RES_HIGHLIGHT_LEFTSPACEMODE_VALUE_TYPE,资源数据.资源高亮LEFTSPACEMODE值类型,Res|Data|RES|HIGHLIGHT|LEFTSPACEMODE|VALUE|TYPE,LEFTSPACEMODE
ResData.RES_HIGHLIGHT_LEFTFRAME_STYLE_TYPE,资源数据.资源高亮LEFTFRAME风格类型,Res|Data|RES|HIGHLIGHT|LEFTFRAME|STYLE|TYPE,LEFTFRAME
ResData.RES_HIGHLIGHT_DOWNSPACEMODE_VALUE_TYPE,资源数据.资源高亮DOWNSPACEMODE值类型,Res|Data|RES|HIGHLIGHT|DOWNSPACEMODE|VALUE|TYPE,DOWNSPACEMODE
ResData.RES_HIGHLIGHT_DOWNICON_STYLE_TYPE,资源数据.资源高亮DOWNICON风格类型,Res|Data|RES|HIGHLIGHT|DOWNICON|STYLE|TYPE,DOWNICON
ResData.RES_HIGHLIGHT_TEXT_STYLE_TYPE,资源数据.资源高亮文本风格类型,Res|Data|RES|HIGHLIGHT|TEXT|STYLE|TYPE,
ResData.RES_HIGHLIGHT_RIGHTSPACEMODE_VALUE_TYPE,资源数据.资源高亮RIGHTSPACEMODE值类型,Res|Data|RES|HIGHLIGHT|RIGHTSPACEMODE|VALUE|TYPE,RIGHTSPACEMODE
ResData.RES_HIGHLIGHT_RIGHTFRAME_STYLE_TYPE,资源数据.资源高亮RIGHTFRAME风格类型,Res|Data|RES|HIGHLIGHT|RIGHTFRAME|STYLE|TYPE,RIGHTFRAME
ResData.RES_HIGHLIGHT_UILONGTH_STYLE_TYPE,资源数据.资源高亮UILONGTH风格类型,Res|Data|RES|HIGHLIGHT|UILONGTH|STYLE|TYPE,UILONGTH
ResData.RES_HIGHLIGHT_UICOMPARE_TYPE,资源数据.资源高亮UICOMPARE类型,Res|Data|RES|HIGHLIGHT|UICOMPARE|TYPE,UICOMPARE
ResData.RES_HIGHLIGHT_UICOMPARE_PRAMA_TYPE,资源数据.资源高亮UICOMPAREPRAMA类型,Res|Data|RES|HIGHLIGHT|UICOMPARE|PRAMA|TYPE,UICOMPARE PRAMA
ResData.RES_ESPORTS_HIGHLIGHT_SHOW_TYPE,资源数据.资源电竞高亮显示类型,Res|Data|RES|ESPORTS|HIGHLIGHT|SHOW|TYPE,
ResData.RES_ESPORTS_HIGHLIGHT_TYPE,资源数据.资源电竞高亮类型,Res|Data|RES|ESPORTS|HIGHLIGHT|TYPE,
ResData.RES_ESPORTS_HIGHLIGHT_CONTRIBUTION_TYPE,资源数据.资源电竞高亮CONTRIBUTION类型,Res|Data|RES|ESPORTS|HIGHLIGHT|CONTRIBUTION|TYPE,CONTRIBUTION
ResData.RES_CRAZY_POWER_CONF_TYPE,资源数据.资源CRAZY威力配置类型,Res|Data|RES|CRAZY|POWER|CONF|TYPE,CRAZY
ResData.RES_BATTLE_BEHAVIOR_TYPE,资源数据.资源战斗行为类型,Res|Data|RES|BATTLE|BEHAVIOR|TYPE,
ResData.RES_INTERACTION_OBJECT_TYPE,资源数据.资源交互对象类型,Res|Data|RES|INTERACTION|OBJECT|TYPE,
ResData.RES_INTERACTION_CONDITION_TYPE,资源数据.资源交互条件类型,Res|Data|RES|INTERACTION|CONDITION|TYPE,
ResData.RES_INTERACTION_EFFECT_TYPE,资源数据.资源交互效果类型,Res|Data|RES|INTERACTION|EFFECT|TYPE,
ResData.RES_DEVIEC_PLATFORM,资源数据.资源DEVIEC平台,Res|Data|RES|DEVIEC|PLATFORM,DEVIEC
ResData.RES_MISHU_ONEKEYAWARD_ITEM_TYPE,资源数据.资源秘书ONEKEYAWARD道具类型,Res|Data|RES|MISHU|ONEKEYAWARD|ITEM|TYPE,ONEKEYAWARD
ResData.RES_MISHU_TIPS_LOGIC_TYPE,资源数据.资源秘书提示逻辑类型,Res|Data|RES|MISHU|TIPS|LOGIC|TYPE,
ResData.RES_COMPLAINTGUARD_LEVEL,资源数据.资源COMPLAINTGUARD等级,Res|Data|RES|COMPLAINTGUARD|LEVEL,COMPLAINTGUARD
ResData.RES_COMPLAINTGUARD_REWARDTYPE,资源数据.资源COMPLAINTGUARDREWARDTYPE,Res|Data|RES|COMPLAINTGUARD|REWARDTYPE,COMPLAINTGUARD REWARDTYPE
ResData.RES_HERO_TRICK_TRAIN_MODE,资源数据.资源英雄技巧训练模式,Res|Data|RES|HERO|TRICK|TRAIN|MODE,
ResData.RES_HERO_TRICK_TRAIN_STEP_CONDITION_TYPE,资源数据.资源英雄技巧训练步长条件类型,Res|Data|RES|HERO|TRICK|TRAIN|STEP|CONDITION|TYPE,
ResData.RES_HERO_TRICK_TRAIN_STEP_CONDITION_TARGET_TYPE,资源数据.资源英雄技巧训练步长条件目标类型,Res|Data|RES|HERO|TRICK|TRAIN|STEP|CONDITION|TARGET|TYPE,
ResData.RES_FAKELIKE_PRIORITY_STRATEGY,资源数据.资源FAKELIKE优先级策略,Res|Data|RES|FAKELIKE|PRIORITY|STRATEGY,FAKELIKE
ResData.RES_FAKELIKE_AITYPE,资源数据.资源FAKELIKEAITYPE,Res|Data|RES|FAKELIKE|AITYPE,FAKELIKE AITYPE
ResData.RES_SKINICON_TYPE,资源数据.资源SKINICON类型,Res|Data|RES|SKINICON|TYPE,SKINICON
ResData.RES_OPEN_WHITELIST_TYPE,资源数据.资源打开白名单类型,Res|Data|RES|OPEN|WHITELIST|TYPE,
ResData.RES_DEVICE_DEFAULT_VALUE_TYPE,资源数据.资源设备默认值类型,Res|Data|RES|DEVICE|DEFAULT|VALUE|TYPE,
ResData.RES_SYMBOL_EXP_TYPE,资源数据.资源铭文经验类型,Res|Data|RES|SYMBOL|EXP|TYPE,
ResData.RES_WEAL_REDPOINT_RULE_TYPE,资源数据.资源福利红点规则类型,Res|Data|RES|WEAL|REDPOINT|RULE|TYPE,
ResData.RES_GUIDE_LEVEL_ACTOR_HORIZON_METHOD_TYPE,资源数据.资源引导等级角色地平线方法类型,Res|Data|RES|GUIDE|LEVEL|ACTOR|HORIZON|METHOD|TYPE,
ResData.RES_MAP_FUNID_BITS_TYPE,资源数据.资源地图FUNIDBITS类型,Res|Data|RES|MAP|FUNID|BITS|TYPE,FUNID BITS
ResData.RES_WEAL_TRIGGER_ACNT_TYPE,资源数据.资源福利触发账号类型,Res|Data|RES|WEAL|TRIGGER|ACNT|TYPE,
ResData.RES_WEAL_TRIGGER_TYPE,资源数据.资源福利触发类型,Res|Data|RES|WEAL|TRIGGER|TYPE,
ResData.RES_INITIALWARMBATTLE_BIG_TYPE,资源数据.资源INITIALWARMBATTLE大类型,Res|Data|RES|INITIALWARMBATTLE|BIG|TYPE,INITIALWARMBATTLE
ResData.RES_INITIALWARMBATTLE_SUB_TYPE,资源数据.资源INITIALWARMBATTLE子类型,Res|Data|RES|INITIALWARMBATTLE|SUB|TYPE,INITIALWARMBATTLE
ResData.RES_SPECIALGEAR_AWAKE_CONDITION_TYPE,资源数据.资源SPECIALGEARAWAKE条件类型,Res|Data|RES|SPECIALGEAR|AWAKE|CONDITION|TYPE,SPECIALGEAR AWAKE
ResData.RES_VOTE_CITAN_TYPE,资源数据.资源投票CITAN类型,Res|Data|RES|VOTE|CITAN|TYPE,CITAN
ResData.RES_VOTE_TYPE,资源数据.资源投票类型,Res|Data|RES|VOTE|TYPE,
ResData.RES_GIFT_GREETING_SCENE_TYPE,资源数据.资源礼包问候场景类型,Res|Data|RES|GIFT|GREETING|SCENE|TYPE,
ResData.RES_ASSIST_INCOME_ALLOC_TYPE,资源数据.资源助攻收益ALLOC类型,Res|Data|RES|ASSIST|INCOME|ALLOC|TYPE,ALLOC
ResData.RES_HERO_PRESETTING_HERO_CLASSIFIEDTYPE,资源数据.资源英雄PRESETTING英雄CLASSIFIEDTYPE,Res|Data|RES|HERO|PRESETTING|HERO|CLASSIFIEDTYPE,PRESETTING CLASSIFIEDTYPE
ResData.RES_BATTLE_RESULT_BARRAGETEXT_TYPE,资源数据.资源战斗结果BARRAGETEXT类型,Res|Data|RES|BATTLE|RESULT|BARRAGETEXT|TYPE,BARRAGETEXT
ResData.RES_MAP_COMMONCOND_WHENCONSUME,资源数据.资源地图COMMONCONDWHENCONSUME,Res|Data|RES|MAP|COMMONCOND|WHENCONSUME,COMMONCOND WHENCONSUME
ResData.RES_BATTLE_RESULT_BARRAGE_USE_MATCH_MODE,资源数据.资源战斗结果弹幕使用匹配模式,Res|Data|RES|BATTLE|RESULT|BARRAGE|USE|MATCH|MODE,
ResData.RES_EXTERN_CREATE_GAME_PLAT,资源数据.资源外部创建游戏平台,Res|Data|RES|EXTERN|CREATE|GAME|PLAT,
ResData.Res_NoneAdultControlType,资源数据.资源无Adult控制类型,Res|Data|Res|None|Adult|Control|Type,Adult
ResData.RES_HIDE_HERO_LEVEL,资源数据.资源隐藏英雄等级,Res|Data|RES|HIDE|HERO|LEVEL,
ResData.RES_BUY_EQUIP_SUMMONER_SKILL_TYPE,资源数据.资源购买装备召唤师技能类型,Res|Data|RES|BUY|EQUIP|SUMMONER|SKILL|TYPE,
ResData.RES_THIRDPARTY_INTERFACE_TYPE,资源数据.资源THIRDPARTYINTERFACE类型,Res|Data|RES|THIRDPARTY|INTERFACE|TYPE,THIRDPARTY INTERFACE
ResData.RES_THIRDPARTY_CONDITION_TYPE,资源数据.资源THIRDPARTY条件类型,Res|Data|RES|THIRDPARTY|CONDITION|TYPE,THIRDPARTY
ResData.RES_BATTLE_PASS_RANK_TYPE,资源数据.资源战斗通行证排行类型,Res|Data|RES|BATTLE|PASS|RANK|TYPE,
ResData.ModifyWeightRuleType,资源数据.修改权重规则类型,Res|Data|Modify|Weight|Rule|Type,
ResData.TNPS_TYPE,资源数据.TNPS类型,Res|Data|TNPS|TYPE,TNPS
ResData.RES_VIDEO_PLAY_END_ACTION,资源数据.资源视频播放结束动作,Res|Data|RES|VIDEO|PLAY|END|ACTION,
ResData.RES_UGC_HISTORY_DETAIL_DISPLAY_TYPE,资源数据.资源UGC历史细节显示类型,Res|Data|RES|UGC|HISTORY|DETAIL|DISPLAY|TYPE,
ResData.RES_GROUP_CFG_TYPE,资源数据.资源分组配置类型,Res|Data|RES|GROUP|CFG|TYPE,
ResData.RES_GROUP_TYPE,资源数据.资源分组类型,Res|Data|RES|GROUP|TYPE,
ResData.RES_FORBID_TYPE,资源数据.资源禁止类型,Res|Data|RES|FORBID|TYPE,
ResData.RES_SOCIAL_PLATFORM_TYPE,资源数据.资源SOCIAL平台类型,Res|Data|RES|SOCIAL|PLATFORM|TYPE,SOCIAL
ResData.RES_NEWBIE_CAREER_REPORT,资源数据.资源新手职业举报,Res|Data|RES|NEWBIE|CAREER|REPORT,
ResData.RES_NEWBIE_CAREER_TASK_GROUP,资源数据.资源新手职业任务分组,Res|Data|RES|NEWBIE|CAREER|TASK|GROUP,
ResData.RES_MVP_PROTECT_PLAYER_TYPE,资源数据.资源MVP保护玩家类型,Res|Data|RES|MVP|PROTECT|PLAYER|TYPE,
ResData.RES_MVP_PROTECT_RULE_TYPE,资源数据.资源MVP保护规则类型,Res|Data|RES|MVP|PROTECT|RULE|TYPE,
ResData.RES_MVP_PROTECT_TRIGGER_TYPE,资源数据.资源MVP保护触发类型,Res|Data|RES|MVP|PROTECT|TRIGGER|TYPE,
ResData.RES_INCOME_LIMIT,资源数据.资源收益限制,Res|Data|RES|INCOME|LIMIT,
ResData.RES_CUSTOM_STATUS_TYPE,资源数据.资源自定义状态类型,Res|Data|RES|CUSTOM|STATUS|TYPE,
ResData.RES_CUSTOM_STATUS_UNLOCK_TYPE,资源数据.资源自定义状态解锁类型,Res|Data|RES|CUSTOM|STATUS|UNLOCK|TYPE,
ResData.RES_CUSTOM_STATUS_QUICK_THUMBS_UP_TYPE,资源数据.资源自定义状态快速THUMBS上类型,Res|Data|RES|CUSTOM|STATUS|QUICK|THUMBS|UP|TYPE,THUMBS
ResData.RES_HERO_LABEL_TRIGGER_TYPE,资源数据.资源英雄标签触发类型,Res|Data|RES|HERO|LABEL|TRIGGER|TYPE,
ResData.RES_SKIN_RESOURCE_TYPE,资源数据.资源皮肤资源类型,Res|Data|RES|SKIN|RESOURCE|TYPE,
ResData.RES_NETWORKSTRATEGY_PARAM,资源数据.资源网络策略参数,Res|Data|RES|NETWORKSTRATEGY|PARAM,
ResData.RES_NETWORKSTRATEGY_CLIENT_PARAM,资源数据.资源网络策略客户端参数,Res|Data|RES|NETWORKSTRATEGY|CLIENT|PARAM,
ResData.RES_NETWORKSTRATEGY_SERVER_PARAM,资源数据.资源网络策略服务器参数,Res|Data|RES|NETWORKSTRATEGY|SERVER|PARAM,
ResData.RES_NETWORKMULTILINK_SWITCH_TYPE,资源数据.资源NETWORKMULTILINK切换类型,Res|Data|RES|NETWORKMULTILINK|SWITCH|TYPE,NETWORKMULTILINK
ResData.RES_HERO_TITLE_TYPE,资源数据.资源英雄标题类型,Res|Data|RES|HERO|TITLE|TYPE,
ResData.PERSONALISED_RECOMMEND_CLOSE_MASK_TYPE,资源数据.个性化推荐关闭掩码类型,Res|Data|PERSONALISED|RECOMMEND|CLOSE|MASK|TYPE,
ResData.RES_MULTIFACTOR_FIND_MODE,资源数据.资源MULTIFACTOR查找模式,Res|Data|RES|MULTIFACTOR|FIND|MODE,MULTIFACTOR
ResData.RES_INTL_SWITCH,资源数据.资源国际切换,Res|Data|RES|INTL|SWITCH,
ResData.RES_SETTLE_CREATETEAM_TYPE,资源数据.资源结算CREATETEAM类型,Res|Data|RES|SETTLE|CREATETEAM|TYPE,CREATETEAM
ResData.RES_HEROSKIN_COLLECT_TYPE,资源数据.资源英雄皮肤收集类型,Res|Data|RES|HEROSKIN|COLLECT|TYPE,
ResData.RES_HINT_COND_TYPE,资源数据.资源HINT条件类型,Res|Data|RES|HINT|COND|TYPE,HINT
ResData.RES_RCMD_REWARRD_TYPE,资源数据.资源推荐REWARRD类型,Res|Data|RES|RCMD|REWARRD|TYPE,REWARRD
ResData.RES_WARM_BATTLE_TYPE,资源数据.资源热身战斗类型,Res|Data|RES|WARM|BATTLE|TYPE,
ResData.RES_SOCIAL_TAG_UNLOCK_TYPE,资源数据.资源SOCIAL标签解锁类型,Res|Data|RES|SOCIAL|TAG|UNLOCK|TYPE,SOCIAL
ResData.RES_CAREER_TITLE_RELATE_TYPE,资源数据.资源职业标题RELATE类型,Res|Data|RES|CAREER|TITLE|RELATE|TYPE,RELATE
ResData.RES_ESPORTS_LABEL_TYPE,资源数据.资源电竞标签类型,Res|Data|RES|ESPORTS|LABEL|TYPE,
ResData.RES_MATCH_ZONE_ID_TYPE,资源数据.资源匹配区域ID类型,Res|Data|RES|MATCH|ZONE|ID|TYPE,
ResData.RES_COUNTRY_ID_TYPE,资源数据.资源国家ID类型,Res|Data|RES|COUNTRY|ID|TYPE,
ResData.RES_HEROSKIN_COLLECTOR_TYPE,资源数据.资源英雄皮肤COLLECTOR类型,Res|Data|RES|HEROSKIN|COLLECTOR|TYPE,COLLECTOR
ResData.RES_SETTLE_CONDITION,资源数据.资源结算条件,Res|Data|RES|SETTLE|CONDITION,
ResData.RES_OPERATOR_CONDITION_TYPE,资源数据.资源运算符条件类型,Res|Data|RES|OPERATOR|CONDITION|TYPE,
ResData.RES_REPLY_TYPE,资源数据.资源REPLY类型,Res|Data|RES|REPLY|TYPE,REPLY
ResData.RES_COLLECTOR_NAME_TYPE,资源数据.资源COLLECTOR名称类型,Res|Data|RES|COLLECTOR|NAME|TYPE,COLLECTOR
ResData.RES_SKIN_LIMIT_TYPE,资源数据.资源皮肤限制类型,Res|Data|RES|SKIN|LIMIT|TYPE,
ResData.RES_CNT_RESERVE_TYPE,资源数据.资源计数保留类型,Res|Data|RES|CNT|RESERVE|TYPE,
ResData.RES_SKIN_COLLECTION_ACHIEVEMENT_TYPE,资源数据.资源皮肤收集成就类型,Res|Data|RES|SKIN|COLLECTION|ACHIEVEMENT|TYPE,
ResData.RES_SKIN_COLLECTION_TITLE_TYPE,资源数据.资源皮肤收集标题类型,Res|Data|RES|SKIN|COLLECTION|TITLE|TYPE,
ResData.RES_SKIN_COLLECTION_ACHIEVEMENT_QUALITY,资源数据.资源皮肤收集成就品质,Res|Data|RES|SKIN|COLLECTION|ACHIEVEMENT|QUALITY,
ResData.RES_KEEPSAKE_QUALITY,资源数据.资源纪念品品质,Res|Data|RES|KEEPSAKE|QUALITY,
ResData.RES_SKIN_COLLECTION_TITLE_QUALITY,资源数据.资源皮肤收集标题品质,Res|Data|RES|SKIN|COLLECTION|TITLE|QUALITY,
ResData.RES_HEROSKIN_PROMOTION_TYPE,资源数据.资源英雄皮肤晋级类型,Res|Data|RES|HEROSKIN|PROMOTION|TYPE,
ResData.RES_BACKFLOW_REWARD_TYPE,资源数据.资源回流奖励类型,Res|Data|RES|BACKFLOW|REWARD|TYPE,
ResData.RES_FRIEND_INTIMACY_TYPE,资源数据.资源友方亲密度类型,Res|Data|RES|FRIEND|INTIMACY|TYPE,
ResData.RES_UGC_HISTORY_ITEM_RESULT_DISPLAY_TYPE,资源数据.资源UGC历史道具结果显示类型,Res|Data|RES|UGC|HISTORY|ITEM|RESULT|DISPLAY|TYPE,
ResData.RES_UGC_HISTORY_ITEM_TYPE,资源数据.资源UGC历史道具类型,Res|Data|RES|UGC|HISTORY|ITEM|TYPE,
ResData.RES_UGC_HISTORY_DETAIL_TYPE,资源数据.资源UGC历史细节类型,Res|Data|RES|UGC|HISTORY|DETAIL|TYPE,
ResData.RES_UGC_HISTORY_ITEM_JUMP_DETAIL_TYPE,资源数据.资源UGC历史道具跳转细节类型,Res|Data|RES|UGC|HISTORY|ITEM|JUMP|DETAIL|TYPE,
ResData.RES_COMM_GENDER_TYPE,资源数据.资源通信性别类型,Res|Data|RES|COMM|GENDER|TYPE,
ResData.RES_VIRTUAL_APPEARANCE_UNIT_TYPE,资源数据.资源虚拟外观单位类型,Res|Data|RES|VIRTUAL|APPEARANCE|UNIT|TYPE,
ResData.RES_APPEARANCE_ART_BASETYPE,资源数据.资源外观ARTBASETYPE,Res|Data|RES|APPEARANCE|ART|BASETYPE,ART BASETYPE
ResData.RES_VIRTUAL_APPEARANCE_UNIT_SUB_TYPE,资源数据.资源虚拟外观单位子类型,Res|Data|RES|VIRTUAL|APPEARANCE|UNIT|SUB|TYPE,
ResData.RES_VIRTUAL_APPEARANCE_QUALITY,资源数据.资源虚拟外观品质,Res|Data|RES|VIRTUAL|APPEARANCE|QUALITY,
ResData.RES_VIRTUAL_APPEARANCE_SALE_TYPE,资源数据.资源虚拟外观出售类型,Res|Data|RES|VIRTUAL|APPEARANCE|SALE|TYPE,
ResData.RES_VIRTUAL_APPEARANCE_ACQUIRE_TYPE,资源数据.资源虚拟外观ACQUIRE类型,Res|Data|RES|VIRTUAL|APPEARANCE|ACQUIRE|TYPE,ACQUIRE
ResData.RES_VIRTUAL_APPEARANCE_WEAR_CONDITION_TYPE,资源数据.资源虚拟外观穿戴条件类型,Res|Data|RES|VIRTUAL|APPEARANCE|WEAR|CONDITION|TYPE,
ResData.RES_VIRTUAL_APPEARANCE_ANIM_SCENE_TYPE,资源数据.资源虚拟外观动画场景类型,Res|Data|RES|VIRTUAL|APPEARANCE|ANIM|SCENE|TYPE,
ResData.RES_VIRTUAL_APPEARANCE_ANIM_PLAY_TYPE,资源数据.资源虚拟外观动画播放类型,Res|Data|RES|VIRTUAL|APPEARANCE|ANIM|PLAY|TYPE,
ResData.RES_VIRTUAL_APPEARANCE_INTERACT_TYPE,资源数据.资源虚拟外观交互类型,Res|Data|RES|VIRTUAL|APPEARANCE|INTERACT|TYPE,
ResData.RES_VIP_PROFIT_TYPE,资源数据.资源VIP收益类型,Res|Data|RES|VIP|PROFIT|TYPE,
ResData.RES_VIP_PROFIT_PREVIEW_TYPE,资源数据.资源VIP收益预览类型,Res|Data|RES|VIP|PROFIT|PREVIEW|TYPE,
ResData.RES_VIP_FESTIVAL_TYPE,资源数据.资源VIP节日类型,Res|Data|RES|VIP|FESTIVAL|TYPE,
ResData.RES_SOLDIER_SKIN_FEATURE_TYPE,资源数据.资源小兵皮肤特性类型,Res|Data|RES|SOLDIER|SKIN|FEATURE|TYPE,
ResData.RES_TRAINING_HELPER_PANEL_TYPE,资源数据.资源训练HELPER面板类型,Res|Data|RES|TRAINING|HELPER|PANEL|TYPE,HELPER
ResData.RES_NEWSKIN_EXPOSE_TYPE,资源数据.资源NEWSKIN暴露类型,Res|Data|RES|NEWSKIN|EXPOSE|TYPE,NEWSKIN
ResData.RES_NATIONALTIPS_SHOW_COND_TYPE,资源数据.资源全国提示显示条件类型,Res|Data|RES|NATIONALTIPS|SHOW|COND|TYPE,
ResData.RES_SKIN_DISTRIBUTION_RES_TYPE,资源数据.资源皮肤DISTRIBUTION资源类型,Res|Data|RES|SKIN|DISTRIBUTION|RES|TYPE,DISTRIBUTION
ResData.RES_DIMENSION_RING_TOY_TYPE,资源数据.资源维度RINGTOY类型,Res|Data|RES|DIMENSION|RING|TOY|TYPE,RING TOY
ResData.RES_RECENTTHING_MASTER_TYPE,资源数据.资源RECENTTHING主类型,Res|Data|RES|RECENTTHING|MASTER|TYPE,RECENTTHING
ResData.RES_HEART_BROKEN_EVENT_BEHAVIOUR_TYPE,资源数据.资源HEARTBROKEN事件行为类型,Res|Data|RES|HEART|BROKEN|EVENT|BEHAVIOUR|TYPE,HEART BROKEN
ResData.RES_HEART_BROKEN_CONDITION_TYPE,资源数据.资源HEARTBROKEN条件类型,Res|Data|RES|HEART|BROKEN|CONDITION|TYPE,HEART BROKEN
ResData.RES_HEART_BROKEN_PLAYER_TYPE,资源数据.资源HEARTBROKEN玩家类型,Res|Data|RES|HEART|BROKEN|PLAYER|TYPE,HEART BROKEN
ResData.RES_BIND_SKIN_RESOURCE_TYPE,资源数据.资源绑定皮肤资源类型,Res|Data|RES|BIND|SKIN|RESOURCE|TYPE,
ResData.RES_SCCIAL_TAGS_TEXT_FORMAT_TYPE,资源数据.资源SCCIAL标签文本FORMAT类型,Res|Data|RES|SCCIAL|TAGS|TEXT|FORMAT|TYPE,SCCIAL FORMAT
ResData.RES_HERO_SELECT_TEXT_USE_STAGE,资源数据.资源英雄选择文本使用阶段,Res|Data|RES|HERO|SELECT|TEXT|USE|STAGE,
ResData.RES_NEW_HERO_PRACTICE_TARGET_COMPLETION_TYPE,资源数据.资源新英雄练习目标COMPLETION类型,Res|Data|RES|NEW|HERO|PRACTICE|TARGET|COMPLETION|TYPE,COMPLETION
ResData.RES_NEW_HERO_PRACTICE_PERFECT_CHECK_TYPE,资源数据.资源新英雄练习完美检查类型,Res|Data|RES|NEW|HERO|PRACTICE|PERFECT|CHECK|TYPE,
ResData.RES_NEW_HERO_PRACTICE_PERFECT_PASS_REWARD,资源数据.资源新英雄练习完美通行证奖励,Res|Data|RES|NEW|HERO|PRACTICE|PERFECT|PASS|REWARD,
ResData.RES_NEW_HERO_PRACTICE_LOBBY_TASK_TYPE,资源数据.资源新英雄练习大厅任务类型,Res|Data|RES|NEW|HERO|PRACTICE|LOBBY|TASK|TYPE,
ResData.BodySizeType,资源数据.躯体尺寸类型,Res|Data|Body|Size|Type,
ResData.RES_EFT_BIND_HEROSKIN_TYPE,资源数据.资源EFT绑定英雄皮肤类型,Res|Data|RES|EFT|BIND|HEROSKIN|TYPE,EFT
ResData.RES_LANGUAGE_ID_TYPE,资源数据.资源语言ID类型,Res|Data|RES|LANGUAGE|ID|TYPE,
ResData.RES_LANGUAGE_ID_DA_TYPE,资源数据.资源语言ID大类型,Res|Data|RES|LANGUAGE|ID|DA|TYPE,
ResData.RES_CLT_REWARD_TYPE,资源数据.资源客户端奖励类型,Res|Data|RES|CLT|REWARD|TYPE,
ResData.RES_CLT_REWARD_TIME_TYPE,资源数据.资源客户端奖励时间类型,Res|Data|RES|CLT|REWARD|TIME|TYPE,
ResData.RES_IN_GAME_DOWNLOAD_INSERT_KEY,资源数据.资源内游戏DOWNLOADINSERT键,Res|Data|RES|IN|GAME|DOWNLOAD|INSERT|KEY,DOWNLOAD INSERT
ResData.RES_SUMMON_SKILL_IDS,资源数据.资源SUMMON技能ID,Res|Data|RES|SUMMON|SKILL|IDS,SUMMON
ResData.RES_MEDIA_TYPE,资源数据.资源MEDIA类型,Res|Data|RES|MEDIA|TYPE,MEDIA
ResData.RES_DATE_UNIT_TYPE,资源数据.资源日期单位类型,Res|Data|RES|DATE|UNIT|TYPE,
ResData.RES_FRIEND_EXPERIENCE_MILESTONE_TYPE,资源数据.资源友方经验里程碑类型,Res|Data|RES|FRIEND|EXPERIENCE|MILESTONE|TYPE,
ResData.RES_FRIEND_EXPERIENCE_MILESTONE_CLIENT_TYPE,资源数据.资源友方经验里程碑客户端类型,Res|Data|RES|FRIEND|EXPERIENCE|MILESTONE|CLIENT|TYPE,
ResData.RES_FRIEND_MILESTONE_RELATION_TYPE,资源数据.资源友方里程碑关系类型,Res|Data|RES|FRIEND|MILESTONE|RELATION|TYPE,
ResData.RES_CHINESE_CALENDAR_FESTIVAL_TYPE,资源数据.资源CHINESE日历节日类型,Res|Data|RES|CHINESE|CALENDAR|FESTIVAL|TYPE,CHINESE
ResData.RES_POLYLINE_TYPE,资源数据.资源POLYLINE类型,Res|Data|RES|POLYLINE|TYPE,POLYLINE
ResData.RES_MAP_TYPE,资源数据.资源地图类型,Res|Data|RES|MAP|TYPE,
ResData.RES_GUIDE_REWARD_TYPE,资源数据.资源引导奖励类型,Res|Data|RES|GUIDE|REWARD|TYPE,
ResData.RES_WAKEN_BADGE_TYPE,资源数据.资源WAKEN徽章类型,Res|Data|RES|WAKEN|BADGE|TYPE,WAKEN
ResData.RES_SERVERAI_ROUTEWAY_STRATEGY_TYPE,资源数据.资源SERVERAIROUTEWAY策略类型,Res|Data|RES|SERVERAI|ROUTEWAY|STRATEGY|TYPE,SERVERAI ROUTEWAY
ResData.RES_THEATER_ID_TYPE,资源数据.资源THEATERID类型,Res|Data|RES|THEATER|ID|TYPE,THEATER
ResData.RES_AREA_ID_TYPE,资源数据.资源区域ID类型,Res|Data|RES|AREA|ID|TYPE,
ResData.RES_GUIDE_TYPE,资源数据.资源引导类型,Res|Data|RES|GUIDE|TYPE,
ResData.RES_HOT_RECOMMEND_WORDS_TYPE,资源数据.资源热门推荐WORDS类型,Res|Data|RES|HOT|RECOMMEND|WORDS|TYPE,WORDS
ResData.RES_BRANCHGUIDECAMP_TYPE,资源数据.资源BRANCHGUIDECAMP类型,Res|Data|RES|BRANCHGUIDECAMP|TYPE,BRANCHGUIDECAMP
ResData.RES_BRANCHGUIDESWITTCH_TYPE,资源数据.资源BRANCHGUIDESWITTCH类型,Res|Data|RES|BRANCHGUIDESWITTCH|TYPE,BRANCHGUIDESWITTCH
ResData.RES_LOBBYACTIVITYENTRY_TYPE,资源数据.资源LOBBYACTIVITYENTRY类型,Res|Data|RES|LOBBYACTIVITYENTRY|TYPE,LOBBYACTIVITYENTRY
ResData.RES_SHOPSCORE_TYPE,资源数据.资源SHOPSCORE类型,Res|Data|RES|SHOPSCORE|TYPE,SHOPSCORE
ResData.RES_WATCH_SKILL_CAMERA_MOVEMENT_TYPE,资源数据.资源观察技能相机移动类型,Res|Data|RES|WATCH|SKILL|CAMERA|MOVEMENT|TYPE,
ResData.RES_AI_INSTRUCTION_SIGNAL_TYPE,资源数据.资源AI说明信号类型,Res|Data|RES|AI|INSTRUCTION|SIGNAL|TYPE,
ResData.RES_COMMON_REPORT_SCENE_TYPE,资源数据.资源通用举报场景类型,Res|Data|RES|COMMON|REPORT|SCENE|TYPE,
ResData.RES_COMMON_REPORT_TYPE,资源数据.资源通用举报类型,Res|Data|RES|COMMON|REPORT|TYPE,
ResData.TeachingLevelType,资源数据.教学等级类型,Res|Data|Teaching|Level|Type,
ResData.TeachingLevelLevel,资源数据.教学等级等级,Res|Data|Teaching|Level|Level,
ResData.TeachingLevelUnLockType,资源数据.教学等级未锁定类型,Res|Data|Teaching|Level|Un|Lock|Type,
ResData.RES_SYSLANGUAGE_TYPE,资源数据.资源系统语言类型,Res|Data|RES|SYSLANGUAGE|TYPE,
ResData.RES_AI_INSTRUCTION_FINISH_CONDITION_TYPE,资源数据.资源AI说明结束条件类型,Res|Data|RES|AI|INSTRUCTION|FINISH|CONDITION|TYPE,
ResData.RES_MODIFY_OPERATION_COUNTRY_TYPE,资源数据.资源修改操作国家类型,Res|Data|RES|MODIFY|OPERATION|COUNTRY|TYPE,
ResData.RES_TRIGGER_HERO_BONDTRIAL_TYPE,资源数据.资源触发英雄BONDTRIAL类型,Res|Data|RES|TRIGGER|HERO|BONDTRIAL|TYPE,BONDTRIAL
ResData.RES_NATALHERO_NODE_TYPE,资源数据.资源NATALHERO节点类型,Res|Data|RES|NATALHERO|NODE|TYPE,NATALHERO
ResData.RES_HIGHVALUE_SKIN_TYPE,资源数据.资源HIGHVALUE皮肤类型,Res|Data|RES|HIGHVALUE|SKIN|TYPE,HIGHVALUE
ResData.RES_SETTOPMSG_TYPE,资源数据.资源SETTOPMSG类型,Res|Data|RES|SETTOPMSG|TYPE,SETTOPMSG
ResData.RES_NATALHERO_HIGHLIGHT_TYPE,资源数据.资源NATALHERO高亮类型,Res|Data|RES|NATALHERO|HIGHLIGHT|TYPE,NATALHERO
ResData.RES_BUFF_ICON_FRAME,资源数据.资源增益图标帧,Res|Data|RES|BUFF|ICON|FRAME,
ResData.RES_HERO_MAIN_PROPERTY,资源数据.资源英雄主属性,Res|Data|RES|HERO|MAIN|PROPERTY,
ResData.RES_PACKET_VOICE_TYPE,资源数据.资源PACKET语音类型,Res|Data|RES|PACKET|VOICE|TYPE,PACKET
ResData.RES_BROADCASTMAN_DISPLAY_TYPE,资源数据.资源BROADCASTMAN显示类型,Res|Data|RES|BROADCASTMAN|DISPLAY|TYPE,BROADCASTMAN
ResData.CAMP_LAUNCH_ACTION_TYPE,资源数据.阵营LAUNCH动作类型,Res|Data|CAMP|LAUNCH|ACTION|TYPE,LAUNCH
ResData.RES_PLAYER_RELATION_TYPE,资源数据.资源玩家关系类型,Res|Data|RES|PLAYER|RELATION|TYPE,
ResData.PREVIEW_KILL_NOTIFY_ICON_TYPE,资源数据.预览击杀通知图标类型,Res|Data|PREVIEW|KILL|NOTIFY|ICON|TYPE,
ResData.MOVE_DEST_SPECIAL_SHOW_TYPE,资源数据.移动目标特殊显示类型,Res|Data|MOVE|DEST|SPECIAL|SHOW|TYPE,
ResData.SEND_COIN_TAG_TYPE,资源数据.发送金币标签类型,Res|Data|SEND|COIN|TAG|TYPE,
ResData.INTIMACY_TITLE_RECOMMEND_LOGIC_TYPE,资源数据.亲密度标题推荐逻辑类型,Res|Data|INTIMACY|TITLE|RECOMMEND|LOGIC|TYPE,
ResData.FRIEND_TAG_CONDITION_TYPE,资源数据.友方标签条件类型,Res|Data|FRIEND|TAG|CONDITION|TYPE,
ResData.HERO_PRACTICE_COURT_AI_PROB,资源数据.英雄练习COURTAI概率,Res|Data|HERO|PRACTICE|COURT|AI|PROB,COURT
ResData.HERO_PRACTICE_PRE_AWARD_VIEW_TYPE,资源数据.英雄练习预奖励视图类型,Res|Data|HERO|PRACTICE|PRE|AWARD|VIEW|TYPE,
ResData.RES_SERVER_TYPE,资源数据.资源服务器类型,Res|Data|RES|SERVER|TYPE,
ResData.RES_GVOICE_URL_TYPE,资源数据.资源GVOICE链接类型,Res|Data|RES|GVOICE|URL|TYPE,GVOICE
ResData.SPECIAL_SKIN_PREVIEW_TYPE,资源数据.特殊皮肤预览类型,Res|Data|SPECIAL|SKIN|PREVIEW|TYPE,
ResData.SPECIAL_SKIN_PREVIEW_CONTENT_TYPE,资源数据.特殊皮肤预览内容类型,Res|Data|SPECIAL|SKIN|PREVIEW|CONTENT|TYPE,
ResData.ENDGAME_SHARE_TEXT_TYPE,资源数据.ENDGAME共享文本类型,Res|Data|ENDGAME|SHARE|TEXT|TYPE,ENDGAME
ResData.RES_SWITCH_TYPE,资源数据.资源切换类型,Res|Data|RES|SWITCH|TYPE,
ResData.RES_SWITCH_STATE,资源数据.资源切换状态,Res|Data|RES|SWITCH|STATE,
ResData.RES_SETTLE_AWARD_TYPE,资源数据.资源结算奖励类型,Res|Data|RES|SETTLE|AWARD|TYPE,
ResData.RES_SWITCH_GRAY_TYPE,资源数据.资源切换灰度类型,Res|Data|RES|SWITCH|GRAY|TYPE,
ResData.RES_BATTLE_BUFF_TYPE,资源数据.资源战斗增益类型,Res|Data|RES|BATTLE|BUFF|TYPE,
ResData.RES_INGAME_NTF_TYPE,资源数据.资源INGAME通知类型,Res|Data|RES|INGAME|NTF|TYPE,INGAME
ResData.RES_NOMINATE_TYPE,资源数据.资源NOMINATE类型,Res|Data|RES|NOMINATE|TYPE,NOMINATE
ResData.RES_HEROPRACTICE_LEVEL_TYPE,资源数据.资源HEROPRACTICE等级类型,Res|Data|RES|HEROPRACTICE|LEVEL|TYPE,HEROPRACTICE
ResData.RES_HEROPRACTICE_FINISH_TYPE,资源数据.资源HEROPRACTICE结束类型,Res|Data|RES|HEROPRACTICE|FINISH|TYPE,HEROPRACTICE
ResData.RES_HEROPRACTICE_COMBO_LEVEL,资源数据.资源HEROPRACTICE连击等级,Res|Data|RES|HEROPRACTICE|COMBO|LEVEL,HEROPRACTICE
ResData.RES_HEROPRACTICE_COMBO_TYPE,资源数据.资源HEROPRACTICE连击类型,Res|Data|RES|HEROPRACTICE|COMBO|TYPE,HEROPRACTICE
ResData.RES_HEROPRACTICE_CONST_TYPE,资源数据.资源HEROPRACTICE常量类型,Res|Data|RES|HEROPRACTICE|CONST|TYPE,HEROPRACTICE
ResData.RES_DOWNLOAD_POLICY_TYPE,资源数据.资源DOWNLOADPOLICY类型,Res|Data|RES|DOWNLOAD|POLICY|TYPE,DOWNLOAD POLICY
ResData.RES_PACKAGE_GROUP_TYPE,资源数据.资源礼包分组类型,Res|Data|RES|PACKAGE|GROUP|TYPE,
ResData.RES_ERRORCODE_SHOWTYPE,资源数据.资源ERRORCODESHOWTYPE,Res|Data|RES|ERRORCODE|SHOWTYPE,ERRORCODE SHOWTYPE
ResData.RES_PACKAGE_GROUP_FLAG,资源数据.资源礼包分组标记,Res|Data|RES|PACKAGE|GROUP|FLAG,
ResData.RES_PACKAGE_DLTASK_TYPE,资源数据.资源礼包DLTASK类型,Res|Data|RES|PACKAGE|DLTASK|TYPE,DLTASK
ResData.RES_PREBATTLE_STEP,资源数据.资源PREBATTLE步长,Res|Data|RES|PREBATTLE|STEP,PREBATTLE
ResData.RES_LOBBY_BOTTOM_VIDEO_PLAY_MODE,资源数据.资源大厅BOTTOM视频播放模式,Res|Data|RES|LOBBY|BOTTOM|VIDEO|PLAY|MODE,BOTTOM
ResData.RES_BOTTOM_VIDEO_SCENE,资源数据.资源BOTTOM视频场景,Res|Data|RES|BOTTOM|VIDEO|SCENE,BOTTOM
ResData.RES_LOTTERY_SHOP_TYPE,资源数据.资源抽奖商店类型,Res|Data|RES|LOTTERY|SHOP|TYPE,
ResData.RES_PLAYLOTTERY_SHOP_TYPE,资源数据.资源PLAYLOTTERY商店类型,Res|Data|RES|PLAYLOTTERY|SHOP|TYPE,PLAYLOTTERY
ResData.RES_HEROHALL_HIGHLIGHT_COND_TYPE,资源数据.资源HEROHALL高亮条件类型,Res|Data|RES|HEROHALL|HIGHLIGHT|COND|TYPE,HEROHALL
ResData.RES_EXCHANGE_METHOD,资源数据.资源交换方法,Res|Data|RES|EXCHANGE|METHOD,
ResData.RES_EXCHANGE_CHK_METHOD,资源数据.资源交换CHK方法,Res|Data|RES|EXCHANGE|CHK|METHOD,CHK
ResData.RES_EXCHANGE_TYPE,资源数据.资源交换类型,Res|Data|RES|EXCHANGE|TYPE,
ResData.RES_HAVE_REWARD_PROCESS_TYPE,资源数据.资源有奖励处理类型,Res|Data|RES|HAVE|REWARD|PROCESS|TYPE,
ResData.RES_SKILLQTE_EXTRA_CONDITION_TYPE,资源数据.资源SKILLQTE额外条件类型,Res|Data|RES|SKILLQTE|EXTRA|CONDITION|TYPE,SKILLQTE
ResData.RES_SKILLQTE_OP_TYPE,资源数据.资源SKILLQTE操作类型,Res|Data|RES|SKILLQTE|OP|TYPE,SKILLQTE
ResData.RES_RANKING_AWARD_TYPE,资源数据.资源排行奖励类型,Res|Data|RES|RANKING|AWARD|TYPE,
ResData.RES_TOKEN_USAGE_TYPE,资源数据.资源令牌用途类型,Res|Data|RES|TOKEN|USAGE|TYPE,
ResData.RES_LBS_TITLE_RANKING_TYPE,资源数据.资源LBS标题排行类型,Res|Data|RES|LBS|TITLE|RANKING|TYPE,LBS
ResData.enEquipUsage,资源数据.en装备用途,Res|Data|en|Equip|Usage,en
ResData.RES_EQUIP_EXTRA_TYPE,资源数据.资源装备额外类型,Res|Data|RES|EQUIP|EXTRA|TYPE,
ResData.RES_HERO_ACQUISITION_STATS_EVENT,资源数据.资源英雄获取统计事件,Res|Data|RES|HERO|ACQUISITION|STATS|EVENT,
ResData.RES_HERO_ACQUISITION_OBJECT_SOURCE,资源数据.资源英雄获取对象来源,Res|Data|RES|HERO|ACQUISITION|OBJECT|SOURCE,
ResData.RES_HERO_ACQUISITION_STATS_EVENT_COUNT_TYPE,资源数据.资源英雄获取统计事件计数类型,Res|Data|RES|HERO|ACQUISITION|STATS|EVENT|COUNT|TYPE,
ResData.RES_HERO_ACQUISITION_STATS_EVENT_CONDITION_TYPE,资源数据.资源英雄获取统计事件条件类型,Res|Data|RES|HERO|ACQUISITION|STATS|EVENT|CONDITION|TYPE,
ResData.RES_HERO_ACQUISITION_OBJECT_TYPE,资源数据.资源英雄获取对象类型,Res|Data|RES|HERO|ACQUISITION|OBJECT|TYPE,
ResData.RES_HERO_ACQUISITION_HURT_TYPE,资源数据.资源英雄获取伤害类型,Res|Data|RES|HERO|ACQUISITION|HURT|TYPE,
ResData.RES_EFFECT_TRANSFORM_TYPE,资源数据.资源效果变换类型,Res|Data|RES|EFFECT|TRANSFORM|TYPE,
ResData.RES_UGC_MAP_SUB_TYPE,资源数据.资源UGC地图子类型,Res|Data|RES|UGC|MAP|SUB|TYPE,
ResData.RES_WEAL_PVP_INTIMACY_COND,资源数据.资源福利竞技亲密度条件,Res|Data|RES|WEAL|PVP|INTIMACY|COND,
ResData.RES_PVE_UNLOCK_TARGET_TYPE,资源数据.资源PVE解锁目标类型,Res|Data|RES|PVE|UNLOCK|TARGET|TYPE,
ResData.RES_PVE_UNLOCK_CONDITION_TYPE,资源数据.资源PVE解锁条件类型,Res|Data|RES|PVE|UNLOCK|CONDITION|TYPE,
ResData.RES_PVE_AWARD_TYPE,资源数据.资源PVE奖励类型,Res|Data|RES|PVE|AWARD|TYPE,
ResData.RES_PVE_ITEM_QUALITY,资源数据.资源PVE道具品质,Res|Data|RES|PVE|ITEM|QUALITY,
ResData.RES_PVE_TALENT_GAME_TYPE,资源数据.资源PVE天赋游戏类型,Res|Data|RES|PVE|TALENT|GAME|TYPE,
ResData.RES_PVE_TASK_TYPE,资源数据.资源PVE任务类型,Res|Data|RES|PVE|TASK|TYPE,
ResData.RES_PVE_TALENT_NODE_TYPE,资源数据.资源PVE天赋节点类型,Res|Data|RES|PVE|TALENT|NODE|TYPE,
ResData.RES_SKIN_BATTLE_FEATURE_TYPE,资源数据.资源皮肤战斗特性类型,Res|Data|RES|SKIN|BATTLE|FEATURE|TYPE,
ResData.RES_CUSTOMIZE_RECOMMEND_COVER_TYPE,资源数据.资源CUSTOMIZE推荐COVER类型,Res|Data|RES|CUSTOMIZE|RECOMMEND|COVER|TYPE,CUSTOMIZE COVER
ResData.RES_CUSTOMIZE_RECOMMEND_BIND_TYPE,资源数据.资源CUSTOMIZE推荐绑定类型,Res|Data|RES|CUSTOMIZE|RECOMMEND|BIND|TYPE,CUSTOMIZE
ResData.RES_SPECIAL_HANDSHAKE_TYPE,资源数据.资源特殊HANDSHAKE类型,Res|Data|RES|SPECIAL|HANDSHAKE|TYPE,HANDSHAKE
ResData.RES_GANGUP_SHARE_COND_TYPE,资源数据.资源GANGUP共享条件类型,Res|Data|RES|GANGUP|SHARE|COND|TYPE,GANGUP
ResData.RES_GANGUP_SHARE_POOL_TYPE,资源数据.资源GANGUP共享池类型,Res|Data|RES|GANGUP|SHARE|POOL|TYPE,GANGUP
ResData.RES_SACRED_ANIMAL_INTERACT_SHOW_TYPE,资源数据.资源神圣动物交互显示类型,Res|Data|RES|SACRED|ANIMAL|INTERACT|SHOW|TYPE,
ResData.RES_SACRED_ANIMAL_UNLOCK_COND_TYPE,资源数据.资源神圣动物解锁条件类型,Res|Data|RES|SACRED|ANIMAL|UNLOCK|COND|TYPE,
ResData.RES_SACRED_ANIMAL_RIGHT_TYPE,资源数据.资源神圣动物右类型,Res|Data|RES|SACRED|ANIMAL|RIGHT|TYPE,
ResData.RES_SACRED_ANIMAL_APPEARANCE_LEVEL_COLOR,资源数据.资源神圣动物外观等级颜色,Res|Data|RES|SACRED|ANIMAL|APPEARANCE|LEVEL|COLOR,
ResData.RES_SACRED_ANIMAL_APPEARANCE_TYPE,资源数据.资源神圣动物外观类型,Res|Data|RES|SACRED|ANIMAL|APPEARANCE|TYPE,
ResData.RES_SACRED_ANIMAL_INTERACT_EVENT_TYPE,资源数据.资源神圣动物交互事件类型,Res|Data|RES|SACRED|ANIMAL|INTERACT|EVENT|TYPE,
ResData.RES_SACRED_ANIMAL_TEAM_INTERACT_MOOD_TYPE,资源数据.资源神圣动物队伍交互心情类型,Res|Data|RES|SACRED|ANIMAL|TEAM|INTERACT|MOOD|TYPE,
ResData.JINLITICKETLOTTERY_ACTIVITITY_NOTICE_TYPE,资源数据.JINLITICKETLOTTERYACTIVITITY公告类型,Res|Data|JINLITICKETLOTTERY|ACTIVITITY|NOTICE|TYPE,JINLITICKETLOTTERY ACTIVITITY
ResData.RES_SACRED_ANIMAL_INTERACT_REWARD_TYPE,资源数据.资源神圣动物交互奖励类型,Res|Data|RES|SACRED|ANIMAL|INTERACT|REWARD|TYPE,
ResData.RES_LINGBAO_SHOW_RIGHT_TYPE,资源数据.资源灵宝显示右类型,Res|Data|RES|LINGBAO|SHOW|RIGHT|TYPE,
ResData.RES_LINGBAO_INTERACT_TRIGGER_MODE,资源数据.资源灵宝交互触发模式,Res|Data|RES|LINGBAO|INTERACT|TRIGGER|MODE,
ResData.RES_LINGBAO_IMACY_GETWAY_CHECK_TYPE,资源数据.资源灵宝IMACYGETWAY检查类型,Res|Data|RES|LINGBAO|IMACY|GETWAY|CHECK|TYPE,IMACY GETWAY
ResData.RES_SACREDANIMAL_SHARETEXT_TYPE,资源数据.资源神兽SHARETEXT类型,Res|Data|RES|SACREDANIMAL|SHARETEXT|TYPE,SHARETEXT
ResData.RES_LINGBAO_SUIT_TYPE,资源数据.资源灵宝套装类型,Res|Data|RES|LINGBAO|SUIT|TYPE,
ResData.RES_LINGBAO_ACTION_TYPE,资源数据.资源灵宝动作类型,Res|Data|RES|LINGBAO|ACTION|TYPE,
ResData.RES_LINGBAO_ACTION_SUB_TYPE,资源数据.资源灵宝动作子类型,Res|Data|RES|LINGBAO|ACTION|SUB|TYPE,
ResData.RES_SACREDANIMAL_PART_TYPE,资源数据.资源神兽部件类型,Res|Data|RES|SACREDANIMAL|PART|TYPE,
ResData.RES_SACREDANIMAL_HIDE_TYPE,资源数据.资源神兽隐藏类型,Res|Data|RES|SACREDANIMAL|HIDE|TYPE,
ResData.RES_DIMENSION_LOTTERY_APPEARANCE_LEVEL_COLOR,资源数据.资源维度抽奖外观等级颜色,Res|Data|RES|DIMENSION|LOTTERY|APPEARANCE|LEVEL|COLOR,
ResData.RES_DIMENSION_LOTTERY_APPEARANCE_TYPE,资源数据.资源维度抽奖外观类型,Res|Data|RES|DIMENSION|LOTTERY|APPEARANCE|TYPE,
ResData.RES_DIMENSION_LOTTERY_RIGHT_TYPE,资源数据.资源维度抽奖右类型,Res|Data|RES|DIMENSION|LOTTERY|RIGHT|TYPE,
ResData.RES_DIMENSION_LOTTERY_SUIT_LEVEL,资源数据.资源维度抽奖套装等级,Res|Data|RES|DIMENSION|LOTTERY|SUIT|LEVEL,
ResData.RES_MATCHSCORE_TYPE,资源数据.资源MATCHSCORE类型,Res|Data|RES|MATCHSCORE|TYPE,MATCHSCORE
ResData.RES_RANK_SMART_GUIDE_TYPE,资源数据.资源排行智能引导类型,Res|Data|RES|RANK|SMART|GUIDE|TYPE,
ResData.RES_RANK_SMART_GUIDE_SUB_TYPE,资源数据.资源排行智能引导子类型,Res|Data|RES|RANK|SMART|GUIDE|SUB|TYPE,
ResData.RES_WEEK_TYPE,资源数据.资源周类型,Res|Data|RES|WEEK|TYPE,
ResData.RES_DLC_MARK_REMOVE_FILTER_RULE_TYPE,资源数据.资源DLC标记移除过滤规则类型,Res|Data|RES|DLC|MARK|REMOVE|FILTER|RULE|TYPE,DLC
ResData.RES_BLOOD_DECORATION_PLAN,资源数据.资源血量DECORATION计划,Res|Data|RES|BLOOD|DECORATION|PLAN,DECORATION
ResData.RES_GM_INSTRUCT_IGNORE_TYPE,资源数据.资源管理员INSTRUCT忽略类型,Res|Data|RES|GM|INSTRUCT|IGNORE|TYPE,INSTRUCT
ResData.RES_PREDICT_PARAM_TYPE,资源数据.资源预测参数类型,Res|Data|RES|PREDICT|PARAM|TYPE,
ResData.RES_LOVERPLAY_CAREER_TITLE_TYPE,资源数据.资源LOVERPLAY职业标题类型,Res|Data|RES|LOVERPLAY|CAREER|TITLE|TYPE,LOVERPLAY
ResData.RES_LOVERPLAY_CAREER_TITLE_CONDITION_TYPE,资源数据.资源LOVERPLAY职业标题条件类型,Res|Data|RES|LOVERPLAY|CAREER|TITLE|CONDITION|TYPE,LOVERPLAY
ResData.RES_EXTERNAL_LINK_JUMP_TYPE,资源数据.资源外部链接跳转类型,Res|Data|RES|EXTERNAL|LINK|JUMP|TYPE,
ResData.RES_XIAODAJI_INTIMACY_BEHAVIOR_TYPE,资源数据.资源XIAODAJI亲密度行为类型,Res|Data|RES|XIAODAJI|INTIMACY|BEHAVIOR|TYPE,XIAODAJI
ResData.RES_SEASON_BRANCH_TASK_SUBTYPE,资源数据.资源赛季分支任务子类型,Res|Data|RES|SEASON|BRANCH|TASK|SUBTYPE,
ResData.RES_VIP_LOBBY_ENTRY_CONDITION_TYPE,资源数据.资源VIP大厅入口条件类型,Res|Data|RES|VIP|LOBBY|ENTRY|CONDITION|TYPE,
ResData.RES_VIP_LOBBY_ENTRY_ICON_TYPE,资源数据.资源VIP大厅入口图标类型,Res|Data|RES|VIP|LOBBY|ENTRY|ICON|TYPE,
ResData.RES_SUIT_EQUIP_REPLACE_RULE_CONDITION_TYPE,资源数据.资源套装装备替换规则条件类型,Res|Data|RES|SUIT|EQUIP|REPLACE|RULE|CONDITION|TYPE,
ResData.RES_CUSTOMIZE_SETTLE_BUY_TIP_TRIGGER_CONDITION_TYPE,资源数据.资源CUSTOMIZE结算购买提示触发条件类型,Res|Data|RES|CUSTOMIZE|SETTLE|BUY|TIP|TRIGGER|CONDITION|TYPE,CUSTOMIZE
ResData.RES_AI_STATUS_TYPE,资源数据.资源AI状态类型,Res|Data|RES|AI|STATUS|TYPE,
ResData.RES_IP_PRODUCT_TYPE,资源数据.资源IP商品类型,Res|Data|RES|IP|PRODUCT|TYPE,
ResData.RES_OP_SETTING_UI_TYPE,资源数据.资源操作设置UI类型,Res|Data|RES|OP|SETTING|UI|TYPE,
ResData.RES_CUSTOM_MUSIC_DEFAULT_TYPE,资源数据.资源自定义音乐默认类型,Res|Data|RES|CUSTOM|MUSIC|DEFAULT|TYPE,
ResData.RES_DIMENSION_GENDER_TYPE,资源数据.资源维度性别类型,Res|Data|RES|DIMENSION|GENDER|TYPE,
ResData.RES_DIMENSION_PROP_CHECK_GENDER_TYPE,资源数据.资源维度属性检查性别类型,Res|Data|RES|DIMENSION|PROP|CHECK|GENDER|TYPE,
ResData.RES_DIMENSION_NPC_ASSET_TYPE,资源数据.资源维度NPC资源类型,Res|Data|RES|DIMENSION|NPC|ASSET|TYPE,
ResData.RES_DIMENSION_NPC_PROFESSION,资源数据.资源维度NPCPROFESSION,Res|Data|RES|DIMENSION|NPC|PROFESSION,PROFESSION
ResData.RES_DIMENSION_NPC_SPAWN_TYPE,资源数据.资源维度NPC生成类型,Res|Data|RES|DIMENSION|NPC|SPAWN|TYPE,
ResData.RES_DIMENSION_PART_WEAR_POSITION,资源数据.资源维度部件穿戴位置,Res|Data|RES|DIMENSION|PART|WEAR|POSITION,
ResData.RES_DIMENSION_PART_TYPE,资源数据.资源维度部件类型,Res|Data|RES|DIMENSION|PART|TYPE,
ResData.RES_DIMENSION_FOOT_HEIGHT_TYPE,资源数据.资源维度FOOT高度类型,Res|Data|RES|DIMENSION|FOOT|HEIGHT|TYPE,FOOT
ResData.RES_DIMENSION_PART_SLOT_TYPE,资源数据.资源维度部件槽位类型,Res|Data|RES|DIMENSION|PART|SLOT|TYPE,
ResData.RES_DIMENSION_PART_HAIR_SUBTYPE,资源数据.资源维度部件HAIR子类型,Res|Data|RES|DIMENSION|PART|HAIR|SUBTYPE,HAIR
ResData.RES_DIMENSION_PART_ACTION_SUBTYPE,资源数据.资源维度部件动作子类型,Res|Data|RES|DIMENSION|PART|ACTION|SUBTYPE,
ResData.RES_DIMENSION_ACTION_PLAY_TYPE,资源数据.资源维度动作播放类型,Res|Data|RES|DIMENSION|ACTION|PLAY|TYPE,
ResData.RES_DIMENSION_ITEM_SUBTYPE,资源数据.资源维度道具子类型,Res|Data|RES|DIMENSION|ITEM|SUBTYPE,
ResData.RES_DIMENSION_NPC_INTERACTION_BUTTON_TYPE,资源数据.资源维度NPC交互按钮类型,Res|Data|RES|DIMENSION|NPC|INTERACTION|BUTTON|TYPE,
ResData.RES_DIMENSION_MAP_SPAWN_POINT_TYPE,资源数据.资源维度地图生成点类型,Res|Data|RES|DIMENSION|MAP|SPAWN|POINT|TYPE,
ResData.RES_DIMENSION_DANCE_POSITION_TYPE,资源数据.资源维度DANCE位置类型,Res|Data|RES|DIMENSION|DANCE|POSITION|TYPE,DANCE
ResData.RES_DIMENSION_HERO_JOB_TYPE,资源数据.资源维度英雄JOB类型,Res|Data|RES|DIMENSION|HERO|JOB|TYPE,JOB
ResData.RES_DIMENSION_PART_TYPE_WEAPON_TYPE,资源数据.资源维度部件类型武器类型,Res|Data|RES|DIMENSION|PART|TYPE|WEAPON|TYPE,
ResData.RES_DIMENSION_PORTRAIT_RES_TYPE,资源数据.资源维度PORTRAIT资源类型,Res|Data|RES|DIMENSION|PORTRAIT|RES|TYPE,PORTRAIT
ResData.RES_PARTBUY_RES_TYPE,资源数据.资源PARTBUY资源类型,Res|Data|RES|PARTBUY|RES|TYPE,PARTBUY
ResData.RES_MALL94_MAIN_RECOMMEND_SHOW_TYPE,资源数据.资源商城94主推荐显示类型,Res|Data|RES|MALL|94|MAIN|RECOMMEND|SHOW|TYPE,
ResData.RES_DIMENSION_DIALOG_TYPE,资源数据.资源维度对话类型,Res|Data|RES|DIMENSION|DIALOG|TYPE,
ResData.RES_DIMENSION_DIALOG_CUSTOMFUNCTION_TYPE,资源数据.资源维度对话CUSTOMFUNCTION类型,Res|Data|RES|DIMENSION|DIALOG|CUSTOMFUNCTION|TYPE,CUSTOMFUNCTION
ResData.RES_DIMENSION_ADDRESS_TYPE,资源数据.资源维度ADDRESS类型,Res|Data|RES|DIMENSION|ADDRESS|TYPE,ADDRESS
ResData.RES_DIMENSION_PLAYER_STATE_TYPE,资源数据.资源维度玩家状态类型,Res|Data|RES|DIMENSION|PLAYER|STATE|TYPE,
ResData.RES_DIMENSION_DISPLAY_STATE_TYPE,资源数据.资源维度显示状态类型,Res|Data|RES|DIMENSION|DISPLAY|STATE|TYPE,
ResData.RES_DIMENSION_GRAPHIC_QUALITY,资源数据.资源维度GRAPHIC品质,Res|Data|RES|DIMENSION|GRAPHIC|QUALITY,GRAPHIC
ResData.RES_DIMENSION_RENDER_QUALITY,资源数据.资源维度渲染品质,Res|Data|RES|DIMENSION|RENDER|QUALITY,
ResData.RES_DIMENSION_MOVEATTRI_TYPE,资源数据.资源维度MOVEATTRI类型,Res|Data|RES|DIMENSION|MOVEATTRI|TYPE,MOVEATTRI
ResData.RES_DIMENSION_RENDER_SETTING_TYPE,资源数据.资源维度渲染设置类型,Res|Data|RES|DIMENSION|RENDER|SETTING|TYPE,
ResData.RES_DIMENSION_CAMERA_SETTING_TYPE,资源数据.资源维度相机设置类型,Res|Data|RES|DIMENSION|CAMERA|SETTING|TYPE,
ResData.RES_DIMENSION_OTHER_SETTING_TYPE,资源数据.资源维度其他设置类型,Res|Data|RES|DIMENSION|OTHER|SETTING|TYPE,
ResData.RES_DIMENSION_RENDER_SETTING_VISIONRANGE,资源数据.资源维度渲染设置VISIONRANGE,Res|Data|RES|DIMENSION|RENDER|SETTING|VISIONRANGE,VISIONRANGE
ResData.RES_DIMENSION_CAMERA_SETTING_DISTANCE,资源数据.资源维度相机设置距离,Res|Data|RES|DIMENSION|CAMERA|SETTING|DISTANCE,
ResData.RES_DIMENSION_RENDER_SETTING_FPS,资源数据.资源维度渲染设置帧率,Res|Data|RES|DIMENSION|RENDER|SETTING|FPS,
ResData.RES_DIMENSION_PHOTO_PARAM_ID,资源数据.资源维度照片参数ID,Res|Data|RES|DIMENSION|PHOTO|PARAM|ID,
ResData.RES_DIMENSION_PHOTO_TMPLT_TYPE,资源数据.资源维度照片TMPLT类型,Res|Data|RES|DIMENSION|PHOTO|TMPLT|TYPE,TMPLT
ResData.RES_DIMENSION_PHOTO_TMPLT_BIZ_TYPE,资源数据.资源维度照片TMPLTBIZ类型,Res|Data|RES|DIMENSION|PHOTO|TMPLT|BIZ|TYPE,TMPLT BIZ
ResData.RES_DIMENSION_PHOTO_RES_BIZ_TYPE,资源数据.资源维度照片资源BIZ类型,Res|Data|RES|DIMENSION|PHOTO|RES|BIZ|TYPE,BIZ
ResData.RES_DIMENSION_PHOTO_RES_TYPE,资源数据.资源维度照片资源类型,Res|Data|RES|DIMENSION|PHOTO|RES|TYPE,
ResData.RES_DIMENSION_BUST_EDIT_TAB_TYPE,资源数据.资源维度BUSTEDIT页签类型,Res|Data|RES|DIMENSION|BUST|EDIT|TAB|TYPE,BUST EDIT
ResData.RES_DIMENSION_ITEM_TYPE,资源数据.资源维度道具类型,Res|Data|RES|DIMENSION|ITEM|TYPE,
ResData.RES_DIMENSION_ITEM_PLAY_TYPE,资源数据.资源维度道具播放类型,Res|Data|RES|DIMENSION|ITEM|PLAY|TYPE,
ResData.RES_DIMENSION_ITEM_TARGET_TYPE,资源数据.资源维度道具目标类型,Res|Data|RES|DIMENSION|ITEM|TARGET|TYPE,
ResData.RES_DIMENSION_ITEM_EVENT_TYPE,资源数据.资源维度道具事件类型,Res|Data|RES|DIMENSION|ITEM|EVENT|TYPE,
ResData.RES_DIMENSION_ITEM_OBJECT_TYPE,资源数据.资源维度道具对象类型,Res|Data|RES|DIMENSION|ITEM|OBJECT|TYPE,
ResData.RES_DIMENSION_ITEM_FLIGHT_TYPE,资源数据.资源维度道具FLIGHT类型,Res|Data|RES|DIMENSION|ITEM|FLIGHT|TYPE,FLIGHT
ResData.RES_DIMENSION_ITEM_BUFF_TYPE,资源数据.资源维度道具增益类型,Res|Data|RES|DIMENSION|ITEM|BUFF|TYPE,
ResData.RES_DIMENSION_ITEM_BUFF_SUB_TYPE,资源数据.资源维度道具增益子类型,Res|Data|RES|DIMENSION|ITEM|BUFF|SUB|TYPE,
ResData.RES_DIMENSION_ITEM_BUFF_STACK_TYPE,资源数据.资源维度道具增益STACK类型,Res|Data|RES|DIMENSION|ITEM|BUFF|STACK|TYPE,STACK
ResData.RES_DIMENSION_GATHER_TYPE,资源数据.资源维度聚集类型,Res|Data|RES|DIMENSION|GATHER|TYPE,
ResData.RES_DIMENSION_GATHER_INTERACT_TYPE,资源数据.资源维度聚集交互类型,Res|Data|RES|DIMENSION|GATHER|INTERACT|TYPE,
ResData.RES_DIMENSION_GATHER_REFRESH_TYPE,资源数据.资源维度聚集刷新类型,Res|Data|RES|DIMENSION|GATHER|REFRESH|TYPE,
ResData.RES_DIMENSION_GATHER_TRIGGER_TYPE,资源数据.资源维度聚集触发类型,Res|Data|RES|DIMENSION|GATHER|TRIGGER|TYPE,
ResData.RES_DIMENSION_GATHER_ACTIVITY_TYPE,资源数据.资源维度聚集活动类型,Res|Data|RES|DIMENSION|GATHER|ACTIVITY|TYPE,
ResData.RES_DIMENSION_GATHER_SPAWN_TYPE,资源数据.资源维度聚集生成类型,Res|Data|RES|DIMENSION|GATHER|SPAWN|TYPE,
ResData.RES_DIMENSION_FIREWORKS_TXT_ATTR_CONNECTOR_TYPE,资源数据.资源维度FIREWORKS文本属性CONNECTOR类型,Res|Data|RES|DIMENSION|FIREWORKS|TXT|ATTR|CONNECTOR|TYPE,FIREWORKS CONNECTOR
ResData.RES_DIMENSION_MAP_STAR_LEVEL_REWARD_TYPE,资源数据.资源维度地图星等级奖励类型,Res|Data|RES|DIMENSION|MAP|STAR|LEVEL|REWARD|TYPE,
ResData.RES_DIMENSION_MAP_STAR_TASK_TYPE,资源数据.资源维度地图星任务类型,Res|Data|RES|DIMENSION|MAP|STAR|TASK|TYPE,
ResData.RES_DIMENSION_MAP_STAR_TASK_REFRESH_TYPE,资源数据.资源维度地图星任务刷新类型,Res|Data|RES|DIMENSION|MAP|STAR|TASK|REFRESH|TYPE,
ResData.RES_DIMENSION_SECONDARY_ACTION_TYPE,资源数据.资源维度次要动作类型,Res|Data|RES|DIMENSION|SECONDARY|ACTION|TYPE,
ResData.RES_DIMENSION_INTERACT_COST_TYPE,资源数据.资源维度交互消耗类型,Res|Data|RES|DIMENSION|INTERACT|COST|TYPE,
ResData.RES_INSCRIBE_COUNTER_TYPE,资源数据.资源铭文计数类型,Res|Data|RES|INSCRIBE|COUNTER|TYPE,
ResData.RES_INSCRIBE_EFFECT_TYPE,资源数据.资源铭文效果类型,Res|Data|RES|INSCRIBE|EFFECT|TYPE,
ResData.RES_INSCRIBE_UNLOCK_TYPE,资源数据.资源铭文解锁类型,Res|Data|RES|INSCRIBE|UNLOCK|TYPE,
ResData.RES_INSCRIBE_STAT_TYPE,资源数据.资源铭文统计类型,Res|Data|RES|INSCRIBE|STAT|TYPE,
ResData.RES_INSCRIBE_MILESTONE_SHOW_TYPE,资源数据.资源铭文里程碑显示类型,Res|Data|RES|INSCRIBE|MILESTONE|SHOW|TYPE,
ResData.INSCRIBE_EEFECT_CHG_BROADCAST_RES_TYPE,资源数据.铭文EEFECT变化广播资源类型,Res|Data|INSCRIBE|EEFECT|CHG|BROADCAST|RES|TYPE,EEFECT
ResData.RES_NETWORK_TYPE,资源数据.资源NETWORK类型,Res|Data|RES|NETWORK|TYPE,NETWORK
ResData.RES_HOLIDAY_ATMOSPHERE_DAILY_INFO_TYPE,资源数据.资源HOLIDAYATMOSPHERE每日信息类型,Res|Data|RES|HOLIDAY|ATMOSPHERE|DAILY|INFO|TYPE,HOLIDAY ATMOSPHERE
ResData.RES_ACTIVITY_VIBE_NODE_TYPE,资源数据.资源活动氛围节点类型,Res|Data|RES|ACTIVITY|VIBE|NODE|TYPE,
ResData.RES_ACTIVITY_VIBE_MODIFY_TYPE,资源数据.资源活动氛围修改类型,Res|Data|RES|ACTIVITY|VIBE|MODIFY|TYPE,
ResData.RES_ACTIVITY_VIBE_MODIFY_CAMP_TYPE,资源数据.资源活动氛围修改阵营类型,Res|Data|RES|ACTIVITY|VIBE|MODIFY|CAMP|TYPE,
ResData.RES_COMMANDER_COMMAND_GROUP,资源数据.资源指挥官指令分组,Res|Data|RES|COMMANDER|COMMAND|GROUP,
ResData.RES_COMMANDER_COMMAND_TYPE,资源数据.资源指挥官指令类型,Res|Data|RES|COMMANDER|COMMAND|TYPE,
ResData.RES_COMMANDER_COMMAND_BEHAVIOR,资源数据.资源指挥官指令行为,Res|Data|RES|COMMANDER|COMMAND|BEHAVIOR,
ResData.RES_COMMANDER_COMMAND_STYLE,资源数据.资源指挥官指令风格,Res|Data|RES|COMMANDER|COMMAND|STYLE,
ResData.RES_COMMANDER_COMMAND_TARGET,资源数据.资源指挥官指令目标,Res|Data|RES|COMMANDER|COMMAND|TARGET,
ResData.RES_COMMANDER_COMMAND_POSITION,资源数据.资源指挥官指令位置,Res|Data|RES|COMMANDER|COMMAND|POSITION,
ResData.RES_COMMANDER_COMMAND_TIME,资源数据.资源指挥官指令时间,Res|Data|RES|COMMANDER|COMMAND|TIME,
ResData.RES_COMMANDER_COMMAND_EXECUTOR,资源数据.资源指挥官指令EXECUTOR,Res|Data|RES|COMMANDER|COMMAND|EXECUTOR,EXECUTOR
ResData.RES_LOBBY_VIDEO_LOOP_TYPE,资源数据.资源大厅视频循环类型,Res|Data|RES|LOBBY|VIDEO|LOOP|TYPE,
ResData.RES_SHOP_GOODS_RETURN_TYPE,资源数据.资源商店商品返回类型,Res|Data|RES|SHOP|GOODS|RETURN|TYPE,
ResData.RES_SHOP_GOODS_PROMOTION_TYPE,资源数据.资源商店商品晋级类型,Res|Data|RES|SHOP|GOODS|PROMOTION|TYPE,
ResData.RES_SHOP_GOODS_NEWBIE_PROMOTION_TYPE,资源数据.资源商店商品新手晋级类型,Res|Data|RES|SHOP|GOODS|NEWBIE|PROMOTION|TYPE,
ResData.RES_DIMENSION_GUIDETASK_COMPLETECOND_TYPE,资源数据.资源维度GUIDETASKCOMPLETECOND类型,Res|Data|RES|DIMENSION|GUIDETASK|COMPLETECOND|TYPE,GUIDETASK COMPLETECOND
ResData.RES_RANK10V10_EASYIN_SCORE_COND_TYPE,资源数据.资源排行10V10EASYIN得分条件类型,Res|Data|RES|RANK|10|V|10|EASYIN|SCORE|COND|TYPE,EASYIN
ResData.RES_UBF_REDPOINT_BLOCK_TYPE,资源数据.资源UBF红点阻挡类型,Res|Data|RES|UBF|REDPOINT|BLOCK|TYPE,UBF
ResData.RES_HERO_CATEGORY_TAGS,资源数据.资源英雄分类标签,Res|Data|RES|HERO|CATEGORY|TAGS,
ResData.RES_SKILL_TAGS_TYPE,资源数据.资源技能标签类型,Res|Data|RES|SKILL|TAGS|TYPE,
ResData.RES_SITUATIONAL_CHALLENGE_ACHIEVEMENT_TYPE,资源数据.资源SITUATIONAL挑战成就类型,Res|Data|RES|SITUATIONAL|CHALLENGE|ACHIEVEMENT|TYPE,SITUATIONAL
ResData.RES_SKILL_INDICATOR_CHARGING_ANIM_SPEEDUP_TYPE,资源数据.资源技能指示器蓄力中动画加速类型,Res|Data|RES|SKILL|INDICATOR|CHARGING|ANIM|SPEEDUP|TYPE,
ResData.RES_LIVEGAME_FORBID_STATE,资源数据.资源LIVEGAME禁止状态,Res|Data|RES|LIVEGAME|FORBID|STATE,LIVEGAME
ResData.RES_COLLECTVALUE_CHANGE_TYPE,资源数据.资源COLLECTVALUE变更类型,Res|Data|RES|COLLECTVALUE|CHANGE|TYPE,COLLECTVALUE
ResData.RES_COLLECTVALUE_PRIVILEGE_DISPLAY_TYPE,资源数据.资源COLLECTVALUE特权显示类型,Res|Data|RES|COLLECTVALUE|PRIVILEGE|DISPLAY|TYPE,COLLECTVALUE
ResData.RES_SACRED_ANIMAL_AUTO_ACTION_TYPE,资源数据.资源神圣动物自动动作类型,Res|Data|RES|SACRED|ANIMAL|AUTO|ACTION|TYPE,
ResData.RES_SPEC_GIFT_TYPE,资源数据.资源规格礼包类型,Res|Data|RES|SPEC|GIFT|TYPE,
ResData.RES_REWARD_PREVIEW_TYPE,资源数据.资源奖励预览类型,Res|Data|RES|REWARD|PREVIEW|TYPE,
ResData.RES_POPUP_WINDOW_TYPE,资源数据.资源弹窗窗口类型,Res|Data|RES|POPUP|WINDOW|TYPE,
ResData.RES_NOTACTIVEPAGE_TYPE,资源数据.资源未激活页类型,Res|Data|RES|NOTACTIVEPAGE|TYPE,
ResData.RES_BACKFLOW_TIMENODE,资源数据.资源回流TIMENODE,Res|Data|RES|BACKFLOW|TIMENODE,TIMENODE
ResData.RES_KEYREWARD_TYPE,资源数据.资源KEYREWARD类型,Res|Data|RES|KEYREWARD|TYPE,KEYREWARD
ResData.RES_KEYREWARD_QUALITY,资源数据.资源KEYREWARD品质,Res|Data|RES|KEYREWARD|QUALITY,KEYREWARD
ResData.RES_BACKFLOW_POPSCENE,资源数据.资源回流POPSCENE,Res|Data|RES|BACKFLOW|POPSCENE,POPSCENE
ResData.RES_NOTACTIVEPAGE_GOTO_TYPE,资源数据.资源未激活页GOTO类型,Res|Data|RES|NOTACTIVEPAGE|GOTO|TYPE,GOTO
ResData.RES_NOTACTIVEPAGE_SCENE_TYPE,资源数据.资源未激活页场景类型,Res|Data|RES|NOTACTIVEPAGE|SCENE|TYPE,
ResData.RES_COMMON_SUBSCRIBE_TYPE,资源数据.资源通用订阅类型,Res|Data|RES|COMMON|SUBSCRIBE|TYPE,
ResData.RES_COMMON_SUBSCRIBE_SHOP_SUB_TYPE,资源数据.资源通用订阅商店子类型,Res|Data|RES|COMMON|SUBSCRIBE|SHOP|SUB|TYPE,
ResData.RES_SACRED_ANIMAL_AI_VOICE_EVENT_TYPE,资源数据.资源神圣动物AI语音事件类型,Res|Data|RES|SACRED|ANIMAL|AI|VOICE|EVENT|TYPE,
ResData.RES_DIMENSION_ACTIVITY_POS_TYPE,资源数据.资源维度活动位置类型,Res|Data|RES|DIMENSION|ACTIVITY|POS|TYPE,
ResData.RES_DIMENSION_ACTIVITY_TYPE,资源数据.资源维度活动类型,Res|Data|RES|DIMENSION|ACTIVITY|TYPE,
ResData.RES_DIMENSION_ACTIVITY_IMPORTANCE,资源数据.资源维度活动IMPORTANCE,Res|Data|RES|DIMENSION|ACTIVITY|IMPORTANCE,IMPORTANCE
ResData.RES_DIMENSION_ACTIVITY_TAG,资源数据.资源维度活动标签,Res|Data|RES|DIMENSION|ACTIVITY|TAG,
ResData.RES_DIMENSION_ACTIVITY_ID,资源数据.资源维度活动ID,Res|Data|RES|DIMENSION|ACTIVITY|ID,
ResData.RES_DIMENSION_COMMON_RANK_TYPE,资源数据.资源维度通用排行类型,Res|Data|RES|DIMENSION|COMMON|RANK|TYPE,
ResData.RES_DIMENSION_COMMON_RANK_RANGE,资源数据.资源维度通用排行范围,Res|Data|RES|DIMENSION|COMMON|RANK|RANGE,
ResData.RES_DIMENSION_ACTIVITY_CALENDAR_TAB,资源数据.资源维度活动日历页签,Res|Data|RES|DIMENSION|ACTIVITY|CALENDAR|TAB,
ResData.RES_DEAD_TEACHING_INFO_TYPE,资源数据.资源死亡教学信息类型,Res|Data|RES|DEAD|TEACHING|INFO|TYPE,
ResData.RES_DEAD_TEACHING_CONDITION_TYPE,资源数据.资源死亡教学条件类型,Res|Data|RES|DEAD|TEACHING|CONDITION|TYPE,
ResData.RES_DEAD_TEACHING_CONDITION_TARGET_TYPE,资源数据.资源死亡教学条件目标类型,Res|Data|RES|DEAD|TEACHING|CONDITION|TARGET|TYPE,
ResData.RES_PLAT_TYPE,资源数据.资源平台类型,Res|Data|RES|PLAT|TYPE,
ResData.RES_LINGBAO_REWARD_ACTION_CONDITION,资源数据.资源灵宝奖励动作条件,Res|Data|RES|LINGBAO|REWARD|ACTION|CONDITION,
ResData.RES_MINIAPP_SHOW_SYSTEM_TYPE,资源数据.资源MINIAPP显示系统类型,Res|Data|RES|MINIAPP|SHOW|SYSTEM|TYPE,MINIAPP
ResData.RES_CURRENCY_EXCHANGE_LIMITER_CYCLE,资源数据.资源货币交换LIMITER循环,Res|Data|RES|CURRENCY|EXCHANGE|LIMITER|CYCLE,LIMITER
ResData.RES_ULTIMATEAWAKENING_Skill_LEVELUP_TYPE,资源数据.资源ULTIMATEAWAKENING技能LEVELUP类型,Res|Data|RES|ULTIMATEAWAKENING|Skill|LEVELUP|TYPE,ULTIMATEAWAKENING LEVELUP
ResData.RES_ULTIMATEAWAKENING_TALENT_TYPE,资源数据.资源ULTIMATEAWAKENING天赋类型,Res|Data|RES|ULTIMATEAWAKENING|TALENT|TYPE,ULTIMATEAWAKENING
ResData.RES_ULTIMATEAWAKENING_AWAKENING_TYPE,资源数据.资源ULTIMATEAWAKENINGAWAKENING类型,Res|Data|RES|ULTIMATEAWAKENING|AWAKENING|TYPE,ULTIMATEAWAKENING AWAKENING
ResData.RES_ULTIMATEAWAKENING_TALENT_TAG,资源数据.资源ULTIMATEAWAKENING天赋标签,Res|Data|RES|ULTIMATEAWAKENING|TALENT|TAG,ULTIMATEAWAKENING
ResData.RES_ULTIMATE_DEFENSE_TRIALS_EVENT_TYPE,资源数据.资源终极防御试炼事件类型,Res|Data|RES|ULTIMATE|DEFENSE|TRIALS|EVENT|TYPE,
ResData.RES_ULTIMATE_DEFENSE_TRIALS_CONDITION_TYPE,资源数据.资源终极防御试炼条件类型,Res|Data|RES|ULTIMATE|DEFENSE|TRIALS|CONDITION|TYPE,
ResData.RES_SETTING_SETTLETIP_MODIFY_VALUE_TYPE,资源数据.资源设置SETTLETIP修改值类型,Res|Data|RES|SETTING|SETTLETIP|MODIFY|VALUE|TYPE,SETTLETIP
ResData.RES_MONSTER_FIGHT_AREA_SHOW_SRC,资源数据.资源野怪战斗区域显示来源,Res|Data|RES|MONSTER|FIGHT|AREA|SHOW|SRC,
ResData.RES_DIMENSION_NTERACTIVEMESH_MODEL_TYPE,资源数据.资源维度NTERACTIVEMESH模型类型,Res|Data|RES|DIMENSION|NTERACTIVEMESH|MODEL|TYPE,NTERACTIVEMESH
ResData.RES_DIMENSION_INTERACTIVEOBJECT_BUTTON_TYPE,资源数据.资源维度交互物按钮类型,Res|Data|RES|DIMENSION|INTERACTIVEOBJECT|BUTTON|TYPE,
ResData.RES_DIMENSION_INTERACTIVEOBJECT_TYPE,资源数据.资源维度交互物类型,Res|Data|RES|DIMENSION|INTERACTIVEOBJECT|TYPE,
ResData.RES_DIMENSION_INTERACT_GENERATE_TYPE,资源数据.资源维度交互生成类型,Res|Data|RES|DIMENSION|INTERACT|GENERATE|TYPE,
ResData.RES_DIMENSION_INTERACT_BTN_STYLE,资源数据.资源维度交互按钮风格,Res|Data|RES|DIMENSION|INTERACT|BTN|STYLE,
ResData.RES_DIMENSION_IK_MODE,资源数据.资源维度IK模式,Res|Data|RES|DIMENSION|IK|MODE,
ResData.RES_LINGBAO_LOTTERY_RIGHT_TYPE,资源数据.资源灵宝抽奖右类型,Res|Data|RES|LINGBAO|LOTTERY|RIGHT|TYPE,
ResData.RES_REFRESH_LOTTERY_TYPE,资源数据.资源刷新抽奖类型,Res|Data|RES|REFRESH|LOTTERY|TYPE,
ResData.RES_DIMENSION_BULLETSCREEN_TEXT_COLOR_TYPE,资源数据.资源维度BULLETSCREEN文本颜色类型,Res|Data|RES|DIMENSION|BULLETSCREEN|TEXT|COLOR|TYPE,BULLETSCREEN
ResData.RES_DIMENSION_BULLETSCREEN_AREA_TYPE,资源数据.资源维度BULLETSCREEN区域类型,Res|Data|RES|DIMENSION|BULLETSCREEN|AREA|TYPE,BULLETSCREEN
ResData.RES_JINLI_TICKET_LOTTERY_TICKET_LEVEL,资源数据.资源锦鲤券抽奖券等级,Res|Data|RES|JINLI|TICKET|LOTTERY|TICKET|LEVEL,
ResData.RES_JINLI_TICKET_LOTTERY_REWARD_TYPE,资源数据.资源锦鲤券抽奖奖励类型,Res|Data|RES|JINLI|TICKET|LOTTERY|REWARD|TYPE,
ResData.RES_JINLI_TICKET_JINLI_IDENTITY,资源数据.资源锦鲤券锦鲤IDENTITY,Res|Data|RES|JINLI|TICKET|JINLI|IDENTITY,IDENTITY
ResData.RES_JINLI_BACKFLOW_WELFARE_TYPE,资源数据.资源锦鲤回流WELFARE类型,Res|Data|RES|JINLI|BACKFLOW|WELFARE|TYPE,WELFARE
ResData.RES_DIMENSION_CHANNEL_RECOMMEND_TYPE,资源数据.资源维度频道推荐类型,Res|Data|RES|DIMENSION|CHANNEL|RECOMMEND|TYPE,
ResData.RES_DIMENSION_CHANNEL_PARAM_TYPE,资源数据.资源维度频道参数类型,Res|Data|RES|DIMENSION|CHANNEL|PARAM|TYPE,
ResData.RES_DIMENSION_GAME_TYPE,资源数据.资源维度游戏类型,Res|Data|RES|DIMENSION|GAME|TYPE,
ResData.RES_DIMENSION_TABLE_GAME_TYPE,资源数据.资源维度表游戏类型,Res|Data|RES|DIMENSION|TABLE|GAME|TYPE,
ResData.RES_DIMENSION_TABLE_MATCH_TYPE,资源数据.资源维度表匹配类型,Res|Data|RES|DIMENSION|TABLE|MATCH|TYPE,
ResData.RES_MAHJONG_BIG_GRADE,资源数据.资源麻将大等级,Res|Data|RES|MAHJONG|BIG|GRADE,
ResData.RES_DOUDIZHU_BIG_GRADE,资源数据.资源斗地主大等级,Res|Data|RES|DOUDIZHU|BIG|GRADE,
ResData.RES_DIMENSION_TABLE_GAME_PARAM_TYPE,资源数据.资源维度表游戏参数类型,Res|Data|RES|DIMENSION|TABLE|GAME|PARAM|TYPE,
ResData.RES_DOUDIZHU_SHARE_EVENT_TYPE,资源数据.资源斗地主共享事件类型,Res|Data|RES|DOUDIZHU|SHARE|EVENT|TYPE,
ResData.RES_DOUDIZHU_SHARE_PERFORM_TYPE,资源数据.资源斗地主共享表现类型,Res|Data|RES|DOUDIZHU|SHARE|PERFORM|TYPE,
ResData.RES_DOUDIZHU_RULE_CONTENT_TYPE,资源数据.资源斗地主规则内容类型,Res|Data|RES|DOUDIZHU|RULE|CONTENT|TYPE,
ResData.RES_DOUDIZHU_FUNC_CARD_TYPE,资源数据.资源斗地主函数卡牌类型,Res|Data|RES|DOUDIZHU|FUNC|CARD|TYPE,
ResData.RES_DOUDIZHU_FUNC_CARD_CONSUME_TYPE,资源数据.资源斗地主函数卡牌消耗类型,Res|Data|RES|DOUDIZHU|FUNC|CARD|CONSUME|TYPE,
ResData.RES_DIMENSION_DOUDIZHU_STAT_ID,资源数据.资源维度斗地主统计ID,Res|Data|RES|DIMENSION|DOUDIZHU|STAT|ID,
ResData.RES_DIMENSION_DOUDIZHU_STAT_TYPE,资源数据.资源维度斗地主统计类型,Res|Data|RES|DIMENSION|DOUDIZHU|STAT|TYPE,
ResData.RES_DIMENSION_DOUDIZHU_STAT_MERGE_TYPE,资源数据.资源维度斗地主统计合并类型,Res|Data|RES|DIMENSION|DOUDIZHU|STAT|MERGE|TYPE,
ResData.RES_DIMENSION_BRAG_GAME_STAT_TRIGGER_STATE,资源数据.资源维度炫耀游戏统计触发状态,Res|Data|RES|DIMENSION|BRAG|GAME|STAT|TRIGGER|STATE,
ResData.RES_DIMENSION_BRAG_GAME_STAT_COMPARE_TYPE,资源数据.资源维度炫耀游戏统计比较类型,Res|Data|RES|DIMENSION|BRAG|GAME|STAT|COMPARE|TYPE,
ResData.RES_DIMENSION_BRAG_GAME_STAT_TYPE,资源数据.资源维度炫耀游戏统计类型,Res|Data|RES|DIMENSION|BRAG|GAME|STAT|TYPE,
ResData.RES_DEAD_JINLI_PRIVILEGE_TYPE,资源数据.资源死亡锦鲤特权类型,Res|Data|RES|DEAD|JINLI|PRIVILEGE|TYPE,
ResData.BLOCK_SCENE_TYPE,资源数据.阻挡场景类型,Res|Data|BLOCK|SCENE|TYPE,
ResData.BLOCK_REMIND_TYPE,资源数据.阻挡提醒类型,Res|Data|BLOCK|REMIND|TYPE,
ResData.RES_JINLI_PRIVILEGE_LEVEL_TYPE,资源数据.资源锦鲤特权等级类型,Res|Data|RES|JINLI|PRIVILEGE|LEVEL|TYPE,
ResData.RES_JINLI_PRIVILEGE_LEVEL_UNLOCK_TYPE,资源数据.资源锦鲤特权等级解锁类型,Res|Data|RES|JINLI|PRIVILEGE|LEVEL|UNLOCK|TYPE,
ResData.RES_JINLI_PRIVILEGE_REWARD_TYPE,资源数据.资源锦鲤特权奖励类型,Res|Data|RES|JINLI|PRIVILEGE|REWARD|TYPE,
ResData.RES_JINLI_PRIVILEGE_SETTLE_TYPE,资源数据.资源锦鲤特权结算类型,Res|Data|RES|JINLI|PRIVILEGE|SETTLE|TYPE,
ResData.RES_JINLI_PRIVILEGE_PREVIEW_TYPE,资源数据.资源锦鲤特权预览类型,Res|Data|RES|JINLI|PRIVILEGE|PREVIEW|TYPE,
ResData.RES_BACKFLOW_FREEOFCHARGE_TASK_GROUP_TYPE,资源数据.资源回流FREEOFCHARGE任务分组类型,Res|Data|RES|BACKFLOW|FREEOFCHARGE|TASK|GROUP|TYPE,FREEOFCHARGE
ResData.RES_ADVANCED_SKIN_COMMERCIAL_UI_TEMPLATE_TYPE,资源数据.资源高级皮肤商业UI模板类型,Res|Data|RES|ADVANCED|SKIN|COMMERCIAL|UI|TEMPLATE|TYPE,
ResData.RES_ADVANCED_SKIN_COMMERCIAL_CUSTOM_UI_TYPE,资源数据.资源高级皮肤商业自定义UI类型,Res|Data|RES|ADVANCED|SKIN|COMMERCIAL|CUSTOM|UI|TYPE,
ResData.RES_ACTIVITY_RANK_TYPE,资源数据.资源活动排行类型,Res|Data|RES|ACTIVITY|RANK|TYPE,
ResData.RES_SPRING_FESTIVAL_RANK_SUB_TYPE,资源数据.资源弹簧节日排行子类型,Res|Data|RES|SPRING|FESTIVAL|RANK|SUB|TYPE,
ResData.RES_CREDIT_PRIVILEGE_TYPE,资源数据.资源信誉特权类型,Res|Data|RES|CREDIT|PRIVILEGE|TYPE,
ResData.RES_VIOLATION_TYPE,资源数据.资源违规类型,Res|Data|RES|VIOLATION|TYPE,
ResData.RES_VIOLATION_CLASS_TYPE,资源数据.资源违规职业类型,Res|Data|RES|VIOLATION|CLASS|TYPE,
ResData.RES_MAPPING_VIOLATION_TYPE,资源数据.资源映射违规类型,Res|Data|RES|MAPPING|VIOLATION|TYPE,
ResData.RES_VIOLATION_LEVEL_TYPE,资源数据.资源违规等级类型,Res|Data|RES|VIOLATION|LEVEL|TYPE,
ResData.RES_VIOLATION_CONVERSION_TYPE,资源数据.资源违规CONVERSION类型,Res|Data|RES|VIOLATION|CONVERSION|TYPE,CONVERSION
ResData.RES_VIOLATION_MAIL_TYPE,资源数据.资源违规邮件类型,Res|Data|RES|VIOLATION|MAIL|TYPE,
ResData.RES_VIOLATION_COMPENSATE_GAME_TYPE,资源数据.资源违规补偿游戏类型,Res|Data|RES|VIOLATION|COMPENSATE|GAME|TYPE,
ResData.RES_CREDIT_PUNISH_TYPE,资源数据.资源信誉惩罚类型,Res|Data|RES|CREDIT|PUNISH|TYPE,
ResData.RES_VIOLATION_CHAT_TYPE,资源数据.资源违规聊天类型,Res|Data|RES|VIOLATION|CHAT|TYPE,
ResData.RES_MASTER_SCORE_LEVEL_TYPE,资源数据.资源主得分等级类型,Res|Data|RES|MASTER|SCORE|LEVEL|TYPE,
ResData.RES_MVP_OUTER_TYPE,资源数据.资源MVP外类型,Res|Data|RES|MVP|OUTER|TYPE,
ResData.RES_LINGBAO_SETTLE_KUAKUA_TYPE,资源数据.资源灵宝结算KUAKUA类型,Res|Data|RES|LINGBAO|SETTLE|KUAKUA|TYPE,KUAKUA
ResData.RES_LINGBAO_SETTLE_KUAKUA_VALUETYPE,资源数据.资源灵宝结算KUAKUAVALUETYPE,Res|Data|RES|LINGBAO|SETTLE|KUAKUA|VALUETYPE,KUAKUA VALUETYPE
ResData.RES_OFFLINE_SUBSCRIBE_ID,资源数据.资源离线订阅ID,Res|Data|RES|OFFLINE|SUBSCRIBE|ID,
ResData.RES_OFFLINE_SUBSCRIBE_SHOPGOODS_SUBTYPE,资源数据.资源离线订阅SHOPGOODS子类型,Res|Data|RES|OFFLINE|SUBSCRIBE|SHOPGOODS|SUBTYPE,SHOPGOODS
ResData.RES_OFFLINE_SUBSCRIBE_INSTALLMENT_SUBTYPE,资源数据.资源离线订阅INSTALLMENT子类型,Res|Data|RES|OFFLINE|SUBSCRIBE|INSTALLMENT|SUBTYPE,INSTALLMENT
ResData.RES_OFFLINE_SUBSCRIBE_SHOPGOODS_PARAM,资源数据.资源离线订阅SHOPGOODS参数,Res|Data|RES|OFFLINE|SUBSCRIBE|SHOPGOODS|PARAM,SHOPGOODS
ResData.RES_OFFLINE_SUBSCRIBE_CANYON_CALENDAR_SUBTYPE,资源数据.资源离线订阅峡谷日历子类型,Res|Data|RES|OFFLINE|SUBSCRIBE|CANYON|CALENDAR|SUBTYPE,
ResData.RES_OFFLINE_SUBSCRIBE_CANYON_CALENDAR_PARAM,资源数据.资源离线订阅峡谷日历参数,Res|Data|RES|OFFLINE|SUBSCRIBE|CANYON|CALENDAR|PARAM,
ResData.RES_OFFLINE_SUBSCRIBE_GET_PRESENT_PARAM,资源数据.资源离线订阅获取礼物参数,Res|Data|RES|OFFLINE|SUBSCRIBE|GET|PRESENT|PARAM,
ResData.RES_OFFLINE_SUBSCRIBE_INSTALLMENT_PARAM,资源数据.资源离线订阅INSTALLMENT参数,Res|Data|RES|OFFLINE|SUBSCRIBE|INSTALLMENT|PARAM,INSTALLMENT
ResData.CURRENCY_BAG_CURRENCY_TYPE,资源数据.货币背包货币类型,Res|Data|CURRENCY|BAG|CURRENCY|TYPE,
ResData.RES_NEW_HERO_ACTIVITY_TYPE,资源数据.资源新英雄活动类型,Res|Data|RES|NEW|HERO|ACTIVITY|TYPE,
ResData.RES_MALL_HOTRECOMMENDPOS_AS_MALL_ENTRYAD_TYPE,资源数据.资源商城HOTRECOMMENDPOS作为商城ENTRYAD类型,Res|Data|RES|MALL|HOTRECOMMENDPOS|AS|MALL|ENTRYAD|TYPE,HOTRECOMMENDPOS ENTRYAD
ResData.RES_VIP_TYPE,资源数据.资源VIP类型,Res|Data|RES|VIP|TYPE,
ResData.RES_DYNAMIC_REWARDS_MAP_RULE_TYPE,资源数据.资源动态奖励地图规则类型,Res|Data|RES|DYNAMIC|REWARDS|MAP|RULE|TYPE,
ResData.RES_DYNAMIC_REWARDS_MAP_RULE_BACKFLOW_SELF_PICK_POOL_TYPE,资源数据.资源动态奖励地图规则回流自身拾取池类型,Res|Data|RES|DYNAMIC|REWARDS|MAP|RULE|BACKFLOW|SELF|PICK|POOL|TYPE,
ResData.RES_DIMENSION_HUD3D_TYPE,资源数据.资源维度HUD3D类型,Res|Data|RES|DIMENSION|HUD|3|D|TYPE,
ResData.RES_COMMANDER_HERO_ABILITY_TYPE,资源数据.资源指挥官英雄能力类型,Res|Data|RES|COMMANDER|HERO|ABILITY|TYPE,
ResData.RES_OMG_WEAPON_SCHOOL,资源数据.资源OMG武器SCHOOL,Res|Data|RES|OMG|WEAPON|SCHOOL,SCHOOL
ResData.RES_BLUEPRINT_FRAMECOMMAND_TYPE,资源数据.资源蓝图帧指令类型,Res|Data|RES|BLUEPRINT|FRAMECOMMAND|TYPE,
ResData.RES_SKILL_CAN_USE_SHAPE_TYPE,资源数据.资源技能可使用形状类型,Res|Data|RES|SKILL|CAN|USE|SHAPE|TYPE,
ResData.RES_HERO_FACTION_BONDING_BIT,资源数据.资源英雄阵营羁绊位,Res|Data|RES|HERO|FACTION|BONDING|BIT,
ResData.RES_HERO_FACTION_BONDING_TYPE,资源数据.资源英雄阵营羁绊类型,Res|Data|RES|HERO|FACTION|BONDING|TYPE,
ResData.RES_OPE_PROBLEM_GROUP_TYPE,资源数据.资源OPEPROBLEM分组类型,Res|Data|RES|OPE|PROBLEM|GROUP|TYPE,OPE PROBLEM
ResData.RES_DIMENSION_ACTIVITY_GRAYRULE_TYPE,资源数据.资源维度活动GRAYRULE类型,Res|Data|RES|DIMENSION|ACTIVITY|GRAYRULE|TYPE,GRAYRULE
ResData.RES_DIMENSION_GAME_MODE_BRAG_GAME_TYPE,资源数据.资源维度游戏模式炫耀游戏类型,Res|Data|RES|DIMENSION|GAME|MODE|BRAG|GAME|TYPE,
ResData.RES_HERO_TRAIN_TARGET_FINISH_CONDITION_TYPE,资源数据.资源英雄训练目标结束条件类型,Res|Data|RES|HERO|TRAIN|TARGET|FINISH|CONDITION|TYPE,
ResData.RES_ENV_ENTITY_TYPE,资源数据.资源环境实体类型,Res|Data|RES|ENV|ENTITY|TYPE,
ResData.RES_OMG_KEYWORD,资源数据.资源OMG关键词,Res|Data|RES|OMG|KEYWORD,
ResData.RES_OMG_WEAPON_CARRY_POINT_TYPE,资源数据.资源OMG武器携带点类型,Res|Data|RES|OMG|WEAPON|CARRY|POINT|TYPE,
ResData.RES_CIYUANDZZ_WEAPON_QUALITY,资源数据.资源CIYUANDZZ武器品质,Res|Data|RES|CIYUANDZZ|WEAPON|QUALITY,CIYUANDZZ
ResData.RES_OMG_ARMOR_TYPE,资源数据.资源OMG护甲类型,Res|Data|RES|OMG|ARMOR|TYPE,
ResData.RES_OMG_WEAPON_TAG,资源数据.资源OMG武器标签,Res|Data|RES|OMG|WEAPON|TAG,
ResData.RES_OMG_HERO_PROFESSION,资源数据.资源OMG英雄PROFESSION,Res|Data|RES|OMG|HERO|PROFESSION,PROFESSION
ResData.RES_OMG_INVENTORY_ITEM_TYPE,资源数据.资源OMG背包道具类型,Res|Data|RES|OMG|INVENTORY|ITEM|TYPE,
ResData.RES_OMG_INGGAME_INVENTORY_CONTAINER_TYPE,资源数据.资源OMGINGGAME背包CONTAINER类型,Res|Data|RES|OMG|INGGAME|INVENTORY|CONTAINER|TYPE,INGGAME CONTAINER
ResData.RES_OMG_CONSUMABLE_TYPE,资源数据.资源OMG消耗品类型,Res|Data|RES|OMG|CONSUMABLE|TYPE,
ResData.RES_OMG_STANDARD_SUIT_TAB_TYPE,资源数据.资源OMG标准套装页签类型,Res|Data|RES|OMG|STANDARD|SUIT|TAB|TYPE,
ResData.RES_OMG_INVENTORY_QUALITY,资源数据.资源OMG背包品质,Res|Data|RES|OMG|INVENTORY|QUALITY,
ResData.RES_DIMENSION_HOUSE_CUSTOMIZED_AREA_TYPE,资源数据.资源维度家园CUSTOMIZED区域类型,Res|Data|RES|DIMENSION|HOUSE|CUSTOMIZED|AREA|TYPE,CUSTOMIZED
ResData.RES_DIMENSION_HOUSE_CUSTOMIZED_FUNCTIONAREA_TYPE,资源数据.资源维度家园CUSTOMIZEDFUNCTIONAREA类型,Res|Data|RES|DIMENSION|HOUSE|CUSTOMIZED|FUNCTIONAREA|TYPE,CUSTOMIZED FUNCTIONAREA
ResData.RES_DIMENSION_HOUSE_RES_TYPE,资源数据.资源维度家园资源类型,Res|Data|RES|DIMENSION|HOUSE|RES|TYPE,
ResData.DIMENSION_HOUSE_WALL_TYPE,资源数据.维度家园墙类型,Res|Data|DIMENSION|HOUSE|WALL|TYPE,
ResData.RES_DIMENSION_HOUSE_WALL_SUB_TYPE,资源数据.资源维度家园墙子类型,Res|Data|RES|DIMENSION|HOUSE|WALL|SUB|TYPE,
ResData.RES_DIMENSION_HOUSE_WALL_OBJ_TYPE,资源数据.资源维度家园墙对象类型,Res|Data|RES|DIMENSION|HOUSE|WALL|OBJ|TYPE,
ResData.RES_DIMENSION_HOUSE_WALL_SEARCH_TYPE,资源数据.资源维度家园墙搜索类型,Res|Data|RES|DIMENSION|HOUSE|WALL|SEARCH|TYPE,
ResData.RES_SUPERSATURDAY_PRIVILEGE_TYPE,资源数据.资源SUPERSATURDAY特权类型,Res|Data|RES|SUPERSATURDAY|PRIVILEGE|TYPE,SUPERSATURDAY
ResData.RES_DIMENSION_HOUSE_CUSTOMIZED_CONDITION_TYPE,资源数据.资源维度家园CUSTOMIZED条件类型,Res|Data|RES|DIMENSION|HOUSE|CUSTOMIZED|CONDITION|TYPE,CUSTOMIZED
ResData.RES_ROULETTE_CRYSTAL_SHOP_TABTYPE,资源数据.资源ROULETTE水晶商店TABTYPE,Res|Data|RES|ROULETTE|CRYSTAL|SHOP|TABTYPE,ROULETTE TABTYPE
ResData.RES_BATTLEPASS_EXCHANGE_TABTYPE,资源数据.资源战令交换TABTYPE,Res|Data|RES|BATTLEPASS|EXCHANGE|TABTYPE,TABTYPE
ResData.RES_MALL94_DISCOVER_UI_TEMPLATE_TYPE,资源数据.资源商城94发现UI模板类型,Res|Data|RES|MALL|94|DISCOVER|UI|TEMPLATE|TYPE,
ResData.RES_MALL94_DISCOVER_UI_TEMPLATE_BG_TYPE,资源数据.资源商城94发现UI模板背景类型,Res|Data|RES|MALL|94|DISCOVER|UI|TEMPLATE|BG|TYPE,
ResData.RES_MALL94_DISCOVER_RECOMMEND_COMMERCIAL_SHOW_TYPE,资源数据.资源商城94发现推荐商业显示类型,Res|Data|RES|MALL|94|DISCOVER|RECOMMEND|COMMERCIAL|SHOW|TYPE,
ResData.RES_GRADE_REEVALUATE_ADJUST_TYPE,资源数据.资源等级重新评估调整类型,Res|Data|RES|GRADE|REEVALUATE|ADJUST|TYPE,
ResData.RES_GRADE_REEVALUATE_RESULT_TYPE,资源数据.资源等级重新评估结果类型,Res|Data|RES|GRADE|REEVALUATE|RESULT|TYPE,
ResData.RES_GRADE_REEVALUATE_OPEN_RANGE_TYPE,资源数据.资源等级重新评估打开范围类型,Res|Data|RES|GRADE|REEVALUATE|OPEN|RANGE|TYPE,
ResData.RES_GRADE_REEVALUATE_PARAM_TYPE,资源数据.资源等级重新评估参数类型,Res|Data|RES|GRADE|REEVALUATE|PARAM|TYPE,
ResData.RES_AIVOICE_ONE_WAY_BLOCKED_FLAG_TYPE,资源数据.资源AIVOICE一路径BLOCKED标记类型,Res|Data|RES|AIVOICE|ONE|WAY|BLOCKED|FLAG|TYPE,AIVOICE BLOCKED
ResData.RES_AIVOICE_ONE_WAY_EVENT_TRIGGER_RESULT_TYPE,资源数据.资源AIVOICE一路径事件触发结果类型,Res|Data|RES|AIVOICE|ONE|WAY|EVENT|TRIGGER|RESULT|TYPE,AIVOICE
ResData.RES_DYNAMIC_ISLAND_REC_SCENE_TYPE,资源数据.资源动态岛屿记录场景类型,Res|Data|RES|DYNAMIC|ISLAND|REC|SCENE|TYPE,
ResData.RES_DYNAMIC_ISLAND_REC_TEMPLATE_TYPE,资源数据.资源动态岛屿记录模板类型,Res|Data|RES|DYNAMIC|ISLAND|REC|TEMPLATE|TYPE,
ResData.RES_DYNAMIC_ISLAND_REC_FILTERE_TYPE,资源数据.资源动态岛屿记录FILTERE类型,Res|Data|RES|DYNAMIC|ISLAND|REC|FILTERE|TYPE,FILTERE
ResData.RES_STRANGER_RECOMMEND_STRATEGY_TYPE,资源数据.资源陌生人推荐策略类型,Res|Data|RES|STRANGER|RECOMMEND|STRATEGY|TYPE,
ResData.RES_WEAL_MULTIPLE_CON_TYPE,资源数据.资源福利多重CON类型,Res|Data|RES|WEAL|MULTIPLE|CON|TYPE,CON
ResData.RES_AWAKEN_EFFECT_SHOP_TYPE,资源数据.资源觉醒效果商店类型,Res|Data|RES|AWAKEN|EFFECT|SHOP|TYPE,
ResData.RES_ACTIVITYVIBE_ACTIVITYTYPE,资源数据.资源ACTIVITYVIBEACTIVITYTYPE,Res|Data|RES|ACTIVITYVIBE|ACTIVITYTYPE,ACTIVITYVIBE ACTIVITYTYPE
ResData.RES_BACKFLOW_FUNCTION_TYPE,资源数据.资源回流功能类型,Res|Data|RES|BACKFLOW|FUNCTION|TYPE,
ResData.RES_BACKFLOW_TASKPOOL_PARAM_TYPE,资源数据.资源回流TASKPOOL参数类型,Res|Data|RES|BACKFLOW|TASKPOOL|PARAM|TYPE,TASKPOOL
ResData.RES_NEWBIE_FUNCTION_TYPE,资源数据.资源新手功能类型,Res|Data|RES|NEWBIE|FUNCTION|TYPE,
ResData.RES_NEWBIE_TASKPOOL_PARAM_TYPE,资源数据.资源新手TASKPOOL参数类型,Res|Data|RES|NEWBIE|TASKPOOL|PARAM|TYPE,TASKPOOL
ResData.RES_ENVENTITY_BLOCK_TYPE,资源数据.资源ENVENTITY阻挡类型,Res|Data|RES|ENVENTITY|BLOCK|TYPE,ENVENTITY
ResData.RES_SKILL_INDICATOR_ATTACH_TYPE,资源数据.资源技能指示器附加类型,Res|Data|RES|SKILL|INDICATOR|ATTACH|TYPE,
ResData.RES_SKILL_INDICATOR_SCALE_TYPE,资源数据.资源技能指示器缩放类型,Res|Data|RES|SKILL|INDICATOR|SCALE|TYPE,
ResData.RES_SKILL_INDICATOR_SIZE_ADG_TYPE,资源数据.资源技能指示器尺寸ADG类型,Res|Data|RES|SKILL|INDICATOR|SIZE|ADG|TYPE,
ResData.RES_DIMENSION_ANIMATOR_RES_TYPE,资源数据.资源维度动画器资源类型,Res|Data|RES|DIMENSION|ANIMATOR|RES|TYPE,
ResData.RES_TKGAME_MILITARY_RANK,资源数据.资源TKGAMEMILITARY排行,Res|Data|RES|TKGAME|MILITARY|RANK,TKGAME MILITARY
ResData.FRAME_HASH_CHECK_TRIGGER_SOURCE,资源数据.帧HASH检查触发来源,Res|Data|FRAME|HASH|CHECK|TRIGGER|SOURCE,HASH
ResData.RES_DIMENSION_MAP_SCENE_TYPE,资源数据.资源维度地图场景类型,Res|Data|RES|DIMENSION|MAP|SCENE|TYPE,
ResData.RES_DIMENSION_VEHICLE_TYPE,资源数据.资源维度VEHICLE类型,Res|Data|RES|DIMENSION|VEHICLE|TYPE,VEHICLE
ResData.RES_DIMENSION_VEHICLE_SET_TYPE,资源数据.资源维度VEHICLE设置类型,Res|Data|RES|DIMENSION|VEHICLE|SET|TYPE,VEHICLE
ResData.RES_DIMENSION_VEHICLE_START_POLICY_TYPE,资源数据.资源维度VEHICLE开始POLICY类型,Res|Data|RES|DIMENSION|VEHICLE|START|POLICY|TYPE,VEHICLE POLICY
ResData.RES_DIMENSION_HOUSE_ITEM_TYPE,资源数据.资源维度家园道具类型,Res|Data|RES|DIMENSION|HOUSE|ITEM|TYPE,
ResData.RES_DIMENSION_HOUSE_DECORATION_SIZE,资源数据.资源维度家园DECORATION尺寸,Res|Data|RES|DIMENSION|HOUSE|DECORATION|SIZE,DECORATION
ResData.RES_DIMENSION_HOUSE_DECORATION_MOUNT_TYPE,资源数据.资源维度家园DECORATION坐骑类型,Res|Data|RES|DIMENSION|HOUSE|DECORATION|MOUNT|TYPE,DECORATION
ResData.RES_MULTIMATCHING_TOPRIGHT_BTN_TYPE,资源数据.资源MULTIMATCHINGTOPRIGHT按钮类型,Res|Data|RES|MULTIMATCHING|TOPRIGHT|BTN|TYPE,MULTIMATCHING TOPRIGHT
ResData.RES_POS_FIGHTVALUE_TYPE,资源数据.资源位置战力类型,Res|Data|RES|POS|FIGHTVALUE|TYPE,
ResData.RES_POS_ABILITY_TYPE,资源数据.资源位置能力类型,Res|Data|RES|POS|ABILITY|TYPE,
ResData.RES_POSTITLE_COND_TYPE,资源数据.资源职位条件类型,Res|Data|RES|POSTITLE|COND|TYPE,
ResData.RES_POSTITLE_COND_COUNT_TYPE,资源数据.资源职位条件计数类型,Res|Data|RES|POSTITLE|COND|COUNT|TYPE,
ResData.RES_NEWFLAG_SHOWTYPE,资源数据.资源NEWFLAGSHOWTYPE,Res|Data|RES|NEWFLAG|SHOWTYPE,NEWFLAG SHOWTYPE
ResData.RES_CROSS_PLAT_INVITE_GAME_PLAT,资源数据.资源交叉平台邀请游戏平台,Res|Data|RES|CROSS|PLAT|INVITE|GAME|PLAT,
ResData.RES_STARCOIN_EXCHANGE_TYPE,资源数据.资源STARCOIN交换类型,Res|Data|RES|STARCOIN|EXCHANGE|TYPE,STARCOIN
ResData.RES_LBSRANKING_TYPE,资源数据.资源LBSRANKING类型,Res|Data|RES|LBSRANKING|TYPE,LBSRANKING
ResData.RES_APOLLO_TRANK_SCORE_TYPE,资源数据.资源Apollo战力榜得分类型,Res|Data|RES|APOLLO|TRANK|SCORE|TYPE,
ResData.RES_APOLLO_LBSTRANK_NEWVALUE_SUBTYPE,资源数据.资源ApolloLBSTRANKNEWVALUE子类型,Res|Data|RES|APOLLO|LBSTRANK|NEWVALUE|SUBTYPE,LBSTRANK NEWVALUE
ResData.RES_APOLLO_LBSTRANK_MAXVALUE_SUBTYPE,资源数据.资源ApolloLBSTRANK最大值子类型,Res|Data|RES|APOLLO|LBSTRANK|MAXVALUE|SUBTYPE,LBSTRANK
ResData.RES_COLLECT_VALUE_SKIN_SUBTYPE,资源数据.资源收集值皮肤子类型,Res|Data|RES|COLLECT|VALUE|SKIN|SUBTYPE,
ResData.RES_COLLECT_VALUE_DIMENSION_UNIT_SUBTYPE,资源数据.资源收集值维度单位子类型,Res|Data|RES|COLLECT|VALUE|DIMENSION|UNIT|SUBTYPE,
ResData.RES_COLLECT_VALUE_DIMENSION_OUTFIT_SUBTYPE,资源数据.资源收集值维度外观子类型,Res|Data|RES|COLLECT|VALUE|DIMENSION|OUTFIT|SUBTYPE,
ResData.RES_COLLECT_VALUE_DIMENSION_HOUSE_RES_SUBTYPE,资源数据.资源收集值维度家园资源子类型,Res|Data|RES|COLLECT|VALUE|DIMENSION|HOUSE|RES|SUBTYPE,
ResData.RES_COLLECT_VALUE_DIMENSION_HOUSE_WALL_RES_SUBTYPE,资源数据.资源收集值维度家园墙资源子类型,Res|Data|RES|COLLECT|VALUE|DIMENSION|HOUSE|WALL|RES|SUBTYPE,
ResData.RES_COLLECT_VALUE_ADJUST_TYPE,资源数据.资源收集值调整类型,Res|Data|RES|COLLECT|VALUE|ADJUST|TYPE,
ResData.RES_DIMENSION_HOUSE_WALL_SPEC,资源数据.资源维度家园墙规格,Res|Data|RES|DIMENSION|HOUSE|WALL|SPEC,
ResData.RES_COLLECT_VALUE_TAB_SUBTAB_TYPE,资源数据.资源收集值页签子页签类型,Res|Data|RES|COLLECT|VALUE|TAB|SUBTAB|TYPE,
ResData.RES_AI_GLOBAL_CONF_TYPE,资源数据.资源AI全局配置类型,Res|Data|RES|AI|GLOBAL|CONF|TYPE,
ResData.RES_AI_COMMERCIAL_RES_TYPE,资源数据.资源AI商业资源类型,Res|Data|RES|AI|COMMERCIAL|RES|TYPE,
ResData.RES_BACKFLOW_CUSTOM_SHOW_FUNC_TYPE,资源数据.资源回流自定义显示函数类型,Res|Data|RES|BACKFLOW|CUSTOM|SHOW|FUNC|TYPE,
ResData.RES_BACKFLOW_CUSTOM_SHOW_FRIEND_RECENT_TYPE,资源数据.资源回流自定义显示友方最近类型,Res|Data|RES|BACKFLOW|CUSTOM|SHOW|FRIEND|RECENT|TYPE,
ResData.RES_BACKFLOW_PLAT_TYPE,资源数据.资源回流平台类型,Res|Data|RES|BACKFLOW|PLAT|TYPE,
ResData.RES_BACKFLOW_MEETING_PARAM_TYPE,资源数据.资源回流MEETING参数类型,Res|Data|RES|BACKFLOW|MEETING|PARAM|TYPE,MEETING
ResData.RES_BACKFLOW_MEETING_TYPE,资源数据.资源回流MEETING类型,Res|Data|RES|BACKFLOW|MEETING|TYPE,MEETING
ResData.RES_BACKFLOW_MEETING_REWARD_ORDER_LABEL_TYPE,资源数据.资源回流MEETING奖励顺序标签类型,Res|Data|RES|BACKFLOW|MEETING|REWARD|ORDER|LABEL|TYPE,MEETING
ResData.RES_BACKFLOW_HALL_LOGIN_SKIP_TYPE,资源数据.资源回流大厅登录跳过类型,Res|Data|RES|BACKFLOW|HALL|LOGIN|SKIP|TYPE,
ResData.RES_BACKFLOW_EXCITATION_EVENT_PARAM_TYPE,资源数据.资源回流EXCITATION事件参数类型,Res|Data|RES|BACKFLOW|EXCITATION|EVENT|PARAM|TYPE,EXCITATION
ResData.RES_BACKFLOW_RANKBUFF_PARAM_TYPE,资源数据.资源回流RANKBUFF参数类型,Res|Data|RES|BACKFLOW|RANKBUFF|PARAM|TYPE,RANKBUFF
ResData.RES_SPECSALE_SHOPPRODUCT_ICON_COLLAGE_STYLE,资源数据.资源SPECSALESHOPPRODUCT图标COLLAGE风格,Res|Data|RES|SPECSALE|SHOPPRODUCT|ICON|COLLAGE|STYLE,SPECSALE SHOPPRODUCT COLLAGE
ResData.RES_MALL_PRODUCT_SHOW_CURRENCY_TYPE,资源数据.资源商城商品显示货币类型,Res|Data|RES|MALL|PRODUCT|SHOW|CURRENCY|TYPE,
ResData.RES_MALL_PRODUCT_SHOW_CURRENCY_CONTITION,资源数据.资源商城商品显示货币CONTITION,Res|Data|RES|MALL|PRODUCT|SHOW|CURRENCY|CONTITION,CONTITION
ResData.RES_VOICE_RECORDER_TYPE,资源数据.资源语音录制类型,Res|Data|RES|VOICE|RECORDER|TYPE,
ResData.RES_AIVOICE_MULTI_CHAR_ACTION_TYPE,资源数据.资源AIVOICE多重CHAR动作类型,Res|Data|RES|AIVOICE|MULTI|CHAR|ACTION|TYPE,AIVOICE CHAR
ResData.RES_BACKFLOW_STORY_FLOW_TYPE,资源数据.资源回流剧情流动类型,Res|Data|RES|BACKFLOW|STORY|FLOW|TYPE,
ResData.RES_LINGBAO_ACC_SINGLE_BP_STAGE_TYPE,资源数据.资源灵宝加速单个战令阶段类型,Res|Data|RES|LINGBAO|ACC|SINGLE|BP|STAGE|TYPE,
ResData.RES_PVP_SPEC_ITEM_DROP_TYPE,资源数据.资源竞技规格道具掉落类型,Res|Data|RES|PVP|SPEC|ITEM|DROP|TYPE,
ResData.RES_BACKFLOW_NOTE_REWARD_TYPE,资源数据.资源回流说明奖励类型,Res|Data|RES|BACKFLOW|NOTE|REWARD|TYPE,
ResData.RES_TEST_TYPE,资源数据.资源测试类型,Res|Data|RES|TEST|TYPE,
ResData.RES_SHARE_OUT_PLAT_TYPE,资源数据.资源共享外平台类型,Res|Data|RES|SHARE|OUT|PLAT|TYPE,
ResData.RES_SHARE_OUT_PLAT_INNER_SCENE_TYPE,资源数据.资源共享外平台内场景类型,Res|Data|RES|SHARE|OUT|PLAT|INNER|SCENE|TYPE,
ResData.RES_SHARE_OUT_PLAT_API_TYPE,资源数据.资源共享外平台API类型,Res|Data|RES|SHARE|OUT|PLAT|API|TYPE,API
ResData.RES_SHARE_OUT_PLAT_TOP_TALK_TYPE,资源数据.资源共享外平台顶部TALK类型,Res|Data|RES|SHARE|OUT|PLAT|TOP|TALK|TYPE,TALK
ResData.RES_SHARE_INNER_PLAT_GAME_SCENE,资源数据.资源共享内平台游戏场景,Res|Data|RES|SHARE|INNER|PLAT|GAME|SCENE,
ResData.RES_GAMELOBBY_TYPE,资源数据.资源GAMELOBBY类型,Res|Data|RES|GAMELOBBY|TYPE,GAMELOBBY
ResData.RES_GAMELOBBY_BG_TYPE,资源数据.资源GAMELOBBY背景类型,Res|Data|RES|GAMELOBBY|BG|TYPE,GAMELOBBY
ResData.RES_GAMEPLAY_LOBBY_SOURCE_TYPE,资源数据.资源玩法大厅来源类型,Res|Data|RES|GAMEPLAY|LOBBY|SOURCE|TYPE,
ResData.RES_GAMEPLAY_LOBBY_TAB_TYPE,资源数据.资源玩法大厅页签类型,Res|Data|RES|GAMEPLAY|LOBBY|TAB|TYPE,
ResData.RES_GAMEPLAY_LOBBY_TAG_TYPE,资源数据.资源玩法大厅标签类型,Res|Data|RES|GAMEPLAY|LOBBY|TAG|TYPE,
ResData.RES_GAMEPLAY_STORE_STRATEGY_CONTENT_TYPE,资源数据.资源玩法商店策略内容类型,Res|Data|RES|GAMEPLAY|STORE|STRATEGY|CONTENT|TYPE,
ResData.RES_AWAKENTALSKILL_BURNING_TYPE,资源数据.资源AWAKENTALSKILLBURNING类型,Res|Data|RES|AWAKENTALSKILL|BURNING|TYPE,AWAKENTALSKILL BURNING
ResData.RES_OMG_ANIM_GROUP,资源数据.资源OMG动画分组,Res|Data|RES|OMG|ANIM|GROUP,
ResData.RES_SPECIAL_DIGIT_TYPE,资源数据.资源特殊数字类型,Res|Data|RES|SPECIAL|DIGIT|TYPE,
ResData.RES_GAMEPLAYSTORE_GAMEPLAY_TYPE,资源数据.资源GAMEPLAYSTORE玩法类型,Res|Data|RES|GAMEPLAYSTORE|GAMEPLAY|TYPE,GAMEPLAYSTORE
ResData.RES_LOTTERY_WELFARE_TYPE,资源数据.资源抽奖WELFARE类型,Res|Data|RES|LOTTERY|WELFARE|TYPE,WELFARE
ResData.RES_BAG_PRIMARY_CATEGORY_TYPE,资源数据.资源背包PRIMARY分类类型,Res|Data|RES|BAG|PRIMARY|CATEGORY|TYPE,PRIMARY
ResData.RES_BAG_SECONDARY_CATEGORY_TYPE,资源数据.资源背包次要分类类型,Res|Data|RES|BAG|SECONDARY|CATEGORY|TYPE,
ResData.RES_BAG_TERTIARY_CATEGORY_TYPE,资源数据.资源背包TERTIARY分类类型,Res|Data|RES|BAG|TERTIARY|CATEGORY|TYPE,TERTIARY
ResData.RES_ANCHOR_TITLE_TYPE,资源数据.资源锚点标题类型,Res|Data|RES|ANCHOR|TITLE|TYPE,
ResData.RES_NEW_BACK_FLOW_PRIVILEGE_TYPE,资源数据.资源新返回流动特权类型,Res|Data|RES|NEW|BACK|FLOW|PRIVILEGE|TYPE,
ResData.RES_DYNAMIC_INHERIT_DISPLAY_TYPE,资源数据.资源动态继承显示类型,Res|Data|RES|DYNAMIC|INHERIT|DISPLAY|TYPE,
ResData.RES_SKIN_PRESENT_POPUP_TYPE,资源数据.资源皮肤礼物弹窗类型,Res|Data|RES|SKIN|PRESENT|POPUP|TYPE,
ResData.RES_HERO_PRESENT_POPUP_TYPE,资源数据.资源英雄礼物弹窗类型,Res|Data|RES|HERO|PRESENT|POPUP|TYPE,
ResData.RES_RESTRICTED_COUNT_INFO_SCOPETYPE,资源数据.资源RESTRICTED计数信息SCOPETYPE,Res|Data|RES|RESTRICTED|COUNT|INFO|SCOPETYPE,RESTRICTED SCOPETYPE
ResData.RES_RESTRICTED_COUNT_INFO_SCENE,资源数据.资源RESTRICTED计数信息场景,Res|Data|RES|RESTRICTED|COUNT|INFO|SCENE,RESTRICTED
ResData.RES_RESTRICTED_COUNT_INFO_ID,资源数据.资源RESTRICTED计数信息ID,Res|Data|RES|RESTRICTED|COUNT|INFO|ID,RESTRICTED
ResData.RES_EQUIPSUIT_RECOMM_TAG,资源数据.资源EQUIPSUITRECOMM标签,Res|Data|RES|EQUIPSUIT|RECOMM|TAG,EQUIPSUIT RECOMM
ResData.RES_DIMENSION_PHOTO_TEMPLATE_TYPE,资源数据.资源维度照片模板类型,Res|Data|RES|DIMENSION|PHOTO|TEMPLATE|TYPE,
ResData.RES_DIMENSION_PHOTO_RES_RELEASE_TYPE,资源数据.资源维度照片资源释放类型,Res|Data|RES|DIMENSION|PHOTO|RES|RELEASE|TYPE,
ResData.RES_DIMENSION_PHOTO_MODE_BIT,资源数据.资源维度照片模式位,Res|Data|RES|DIMENSION|PHOTO|MODE|BIT,
ResData.RES_DIMENSION_HEROSCROLL_PARAM_TYPE,资源数据.资源维度HEROSCROLL参数类型,Res|Data|RES|DIMENSION|HEROSCROLL|PARAM|TYPE,HEROSCROLL
ResData.RES_DIMENSION_HOUSE_GLOBAL_PARAM_TYPE,资源数据.资源维度家园全局参数类型,Res|Data|RES|DIMENSION|HOUSE|GLOBAL|PARAM|TYPE,
ResData.RES_DIMENSION_HOUSE_CLIENT_PARAM_TYPE,资源数据.资源维度家园客户端参数类型,Res|Data|RES|DIMENSION|HOUSE|CLIENT|PARAM|TYPE,
ResData.RES_ANNI111_HERO_DIARY_PARAM_TYPE,资源数据.资源ANNI111英雄日记参数类型,Res|Data|RES|ANNI|111|HERO|DIARY|PARAM|TYPE,ANNI
ResData.RES_DIMENSION_HOUSE_SCENE_ITEM_INTERACTIVE_ACTION_TYPE,资源数据.资源维度家园场景道具交互动作类型,Res|Data|RES|DIMENSION|HOUSE|SCENE|ITEM|INTERACTIVE|ACTION|TYPE,
ResData.RES_DIMENSION_HOUSE_RESOURCE_LOD_LEVEL,资源数据.资源维度家园资源LOD等级,Res|Data|RES|DIMENSION|HOUSE|RESOURCE|LOD|LEVEL,
ResData.RES_DIMENSION_BILLBOARD_JUMP_EVENT_TYPE,资源数据.资源维度公告板跳转事件类型,Res|Data|RES|DIMENSION|BILLBOARD|JUMP|EVENT|TYPE,
ResData.RES_DIMENSION_BILLBOARD_SHOW_CONDITION,资源数据.资源维度公告板显示条件,Res|Data|RES|DIMENSION|BILLBOARD|SHOW|CONDITION,
ResData.RES_DIMENSION_BILLBOARD_REDDOTDEL_CONDITION,资源数据.资源维度公告板REDDOTDEL条件,Res|Data|RES|DIMENSION|BILLBOARD|REDDOTDEL|CONDITION,REDDOTDEL
ResData.RES_HERO_SKIN_FALLBACK_PARAMS_TYPE,资源数据.资源英雄皮肤回退参数类型,Res|Data|RES|HERO|SKIN|FALLBACK|PARAMS|TYPE,
ResData.RES_UGC_HERO_POS,资源数据.资源UGC英雄位置,Res|Data|RES|UGC|HERO|POS,
ResData.RES_SOLO_GENERAL_CONF_TYPE,资源数据.资源单人通用配置类型,Res|Data|RES|SOLO|GENERAL|CONF|TYPE,
ResData.RES_DIMENSION_TABLEGAMEENTRANCE_ID,资源数据.资源维度TABLEGAMEENTRANCEID,Res|Data|RES|DIMENSION|TABLEGAMEENTRANCE|ID,TABLEGAMEENTRANCE
ResData.RES_FARM_GLOBAL_PARAM_TYPE,资源数据.资源农场全局参数类型,Res|Data|RES|FARM|GLOBAL|PARAM|TYPE,
ResData.RES_FARM_SEASON_BP_GRADE_TYPE,资源数据.资源农场赛季战令等级类型,Res|Data|RES|FARM|SEASON|BP|GRADE|TYPE,
ResData.RES_FARM_DOLLKIOSK_SHOP_CATEGORY,资源数据.资源农场DOLLKIOSK商店分类,Res|Data|RES|FARM|DOLLKIOSK|SHOP|CATEGORY,DOLLKIOSK
ResData.RES_FARM_BUILDING_ID,资源数据.资源农场建筑ID,Res|Data|RES|FARM|BUILDING|ID,
ResData.RES_FARM_MUTATION_SOURCE_TYPE,资源数据.资源农场变异来源类型,Res|Data|RES|FARM|MUTATION|SOURCE|TYPE,
ResData.RES_FARM_COLLECT_MUTATION_TYPE,资源数据.资源农场收集变异类型,Res|Data|RES|FARM|COLLECT|MUTATION|TYPE,
ResData.RES_FARM_CROP_CATEGORY,资源数据.资源农场裁剪分类,Res|Data|RES|FARM|CROP|CATEGORY,
ResData.RES_FARM_MUTATION_NATURAL_POS,资源数据.资源农场变异NATURAL位置,Res|Data|RES|FARM|MUTATION|NATURAL|POS,NATURAL
ResData.RES_FARM_MUTATION_TYPE,资源数据.资源农场变异类型,Res|Data|RES|FARM|MUTATION|TYPE,
ResData.RES_FARM_MUTATION_TYPE_EXTERNAL,资源数据.资源农场变异类型外部,Res|Data|RES|FARM|MUTATION|TYPE|EXTERNAL,
ResData.RES_FARM_MUTATION_ELEMENT_SUBTYPE,资源数据.资源农场变异元素子类型,Res|Data|RES|FARM|MUTATION|ELEMENT|SUBTYPE,
ResData.RES_FARM_MUTATION_COLOR_SUBTYPE,资源数据.资源农场变异颜色子类型,Res|Data|RES|FARM|MUTATION|COLOR|SUBTYPE,
ResData.RES_FARM_MUTATION_SIZE_SUBTYPE,资源数据.资源农场变异尺寸子类型,Res|Data|RES|FARM|MUTATION|SIZE|SUBTYPE,
ResData.RES_FARM_MUTATION_MODEL_SUBTYPE,资源数据.资源农场变异模型子类型,Res|Data|RES|FARM|MUTATION|MODEL|SUBTYPE,
ResData.RES_FARM_MUTATION_GRADE,资源数据.资源农场变异等级,Res|Data|RES|FARM|MUTATION|GRADE,
ResData.RES_FARM_WEIGHT_GRADE,资源数据.资源农场权重等级,Res|Data|RES|FARM|WEIGHT|GRADE,
ResData.RES_FARM_CROP_STATE,资源数据.资源农场裁剪状态,Res|Data|RES|FARM|CROP|STATE,
ResData.RES_FARM_TASK_EVENT_TYPE,资源数据.资源农场任务事件类型,Res|Data|RES|FARM|TASK|EVENT|TYPE,
ResData.RES_FARM_PACKAGE_TYPE,资源数据.资源农场礼包类型,Res|Data|RES|FARM|PACKAGE|TYPE,
ResData.RES_FARM_COLLECTION_MEDAL_TYPE,资源数据.资源农场收集勋章类型,Res|Data|RES|FARM|COLLECTION|MEDAL|TYPE,
ResData.RES_FARM_COLLECT_TASK_TYPE,资源数据.资源农场收集任务类型,Res|Data|RES|FARM|COLLECT|TASK|TYPE,
ResData.RES_FARM_SHOWCASE_UNLOCK_TYPE,资源数据.资源农场SHOWCASE解锁类型,Res|Data|RES|FARM|SHOWCASE|UNLOCK|TYPE,SHOWCASE
ResData.RES_FARM_BLESS_ACTIVITY_TYPE,资源数据.资源农场BLESS活动类型,Res|Data|RES|FARM|BLESS|ACTIVITY|TYPE,BLESS
ResData.RES_HOUSE_DAYNIGHT_STATE_TYPE,资源数据.资源家园DAYNIGHT状态类型,Res|Data|RES|HOUSE|DAYNIGHT|STATE|TYPE,DAYNIGHT
ResData.RES_DIMENSION_GAME_MODE_MAHJONG_TYPE,资源数据.资源维度游戏模式麻将类型,Res|Data|RES|DIMENSION|GAME|MODE|MAHJONG|TYPE,
ResData.RES_DIMENSION_GAME_MODE_DOUDIZHU_TYPE,资源数据.资源维度游戏模式斗地主类型,Res|Data|RES|DIMENSION|GAME|MODE|DOUDIZHU|TYPE,
ResData.RES_DIMENSION_DOUDIZHU_ROLE_TYPE,资源数据.资源维度斗地主角色类型,Res|Data|RES|DIMENSION|DOUDIZHU|ROLE|TYPE,
ResData.RES_DIMENSION_DOUDIZHU_CARD_TYPE,资源数据.资源维度斗地主卡牌类型,Res|Data|RES|DIMENSION|DOUDIZHU|CARD|TYPE,
ResData.RES_DIMENSION_DOUDIZHU_SCORE_PATTERN,资源数据.资源维度斗地主得分模式,Res|Data|RES|DIMENSION|DOUDIZHU|SCORE|PATTERN,
ResData.RES_DIMENSION_DOUDIZHU_SUIT_TYPE,资源数据.资源维度斗地主套装类型,Res|Data|RES|DIMENSION|DOUDIZHU|SUIT|TYPE,
ResData.RES_DIMENSION_GAME_MODE_DOUDIZHU_MATCH_TYPE,资源数据.资源维度游戏模式斗地主匹配类型,Res|Data|RES|DIMENSION|GAME|MODE|DOUDIZHU|MATCH|TYPE,
ResData.RES_DIMENSION_GAME_MODE_DOUDIZHU_MATCH_LEVEL,资源数据.资源维度游戏模式斗地主匹配等级,Res|Data|RES|DIMENSION|GAME|MODE|DOUDIZHU|MATCH|LEVEL,
ResData.RES_DIMENSION_GAME_MODE_MAHJONG_MATCH_TYPE,资源数据.资源维度游戏模式麻将匹配类型,Res|Data|RES|DIMENSION|GAME|MODE|MAHJONG|MATCH|TYPE,
ResData.RES_DIMENSION_MAHJONG_WIN_TYPE,资源数据.资源维度麻将胜利类型,Res|Data|RES|DIMENSION|MAHJONG|WIN|TYPE,
ResData.RES_DIMENSION_MAHJONG_WIN_COMBINE_TYPE,资源数据.资源维度麻将胜利合并类型,Res|Data|RES|DIMENSION|MAHJONG|WIN|COMBINE|TYPE,
ResData.RES_DIMENSION_MAHJONG_POINT_TYPE,资源数据.资源维度麻将点类型,Res|Data|RES|DIMENSION|MAHJONG|POINT|TYPE,
ResData.RES_DIMENSION_GAME_MODE_MAHJONG_FAN_LEVEL,资源数据.资源维度游戏模式麻将FAN等级,Res|Data|RES|DIMENSION|GAME|MODE|MAHJONG|FAN|LEVEL,FAN
ResData.RES_DIMENSION_MAHJONG_CARD_SUIT_TYPE,资源数据.资源维度麻将卡牌套装类型,Res|Data|RES|DIMENSION|MAHJONG|CARD|SUIT|TYPE,
ResData.RES_DIMENSION_MAHJONG_SEASON_REVIEW_TEXT_POS,资源数据.资源维度麻将赛季回顾文本位置,Res|Data|RES|DIMENSION|MAHJONG|SEASON|REVIEW|TEXT|POS,
ResData.RES_DIMENSION_MAHJONG_SEASON_REVIEW_TEXT_TYPE,资源数据.资源维度麻将赛季回顾文本类型,Res|Data|RES|DIMENSION|MAHJONG|SEASON|REVIEW|TEXT|TYPE,
ResData.RES_FARM_RECOMMEND_TYPE,资源数据.资源农场推荐类型,Res|Data|RES|FARM|RECOMMEND|TYPE,
ResData.RES_FARM_RECOMMEND_PARAM_TYPE,资源数据.资源农场推荐参数类型,Res|Data|RES|FARM|RECOMMEND|PARAM|TYPE,
ResData.RES_FARM_ACTION_TYPE,资源数据.资源农场动作类型,Res|Data|RES|FARM|ACTION|TYPE,
ResData.RES_FARM_ITEM_TYPE,资源数据.资源农场道具类型,Res|Data|RES|FARM|ITEM|TYPE,
ResData.RES_DIMENSION_HOUSE_WALL_TYPE,资源数据.资源维度家园墙类型,Res|Data|RES|DIMENSION|HOUSE|WALL|TYPE,
ResData.RES_DIMENSION_FARM_FUNCION_TYPE,资源数据.资源维度农场FUNCION类型,Res|Data|RES|DIMENSION|FARM|FUNCION|TYPE,FUNCION
ResData.RES_FARM_MOBA_LOOP_TASK_DATE_TYPE,资源数据.资源农场MOBA循环任务日期类型,Res|Data|RES|FARM|MOBA|LOOP|TASK|DATE|TYPE,
ResData.RES_DIMENSION_FARM_FUNCION_DOUBLE_SUBTYPE,资源数据.资源维度农场FUNCION双倍子类型,Res|Data|RES|DIMENSION|FARM|FUNCION|DOUBLE|SUBTYPE,FUNCION
ResData.RES_FARM_FERTILIZER_TYPE,资源数据.资源农场FERTILIZER类型,Res|Data|RES|FARM|FERTILIZER|TYPE,FERTILIZER
ResData.RES_FARM_GRID_TYPE,资源数据.资源农场网格类型,Res|Data|RES|FARM|GRID|TYPE,
ResData.RES_FARM_CROP_TYPE,资源数据.资源农场裁剪类型,Res|Data|RES|FARM|CROP|TYPE,
ResData.RES_FARM_HARVEST_TYPE,资源数据.资源农场收获类型,Res|Data|RES|FARM|HARVEST|TYPE,
ResData.RES_FARM_LEVEL_BUBBLE_TYPE,资源数据.资源农场等级气泡类型,Res|Data|RES|FARM|LEVEL|BUBBLE|TYPE,
ResData.RES_FARM_PLANT_GIFT_TYPE,资源数据.资源农场PLANT礼包类型,Res|Data|RES|FARM|PLANT|GIFT|TYPE,PLANT
ResData.RES_DIMENSION_BUFF_TYPE,资源数据.资源维度增益类型,Res|Data|RES|DIMENSION|BUFF|TYPE,
ResData.RES_DIMENSION_HOMESTEAD_INDEX,资源数据.资源维度HOMESTEAD索引,Res|Data|RES|DIMENSION|HOMESTEAD|INDEX,HOMESTEAD
ResData.RES_PLAY_MODE_GROUP_TYPE,资源数据.资源播放模式分组类型,Res|Data|RES|PLAY|MODE|GROUP|TYPE,
ResData.RES_LUCKY_CARD_REBATE_TYPE,资源数据.资源幸运卡牌返利类型,Res|Data|RES|LUCKY|CARD|REBATE|TYPE,
ResData.RES_LUCKYDRAW_TYPE,资源数据.资源抽奖类型,Res|Data|RES|LUCKYDRAW|TYPE,
ResData.RES_MALL_HOTRECOMMEND_LIST_ELEMENT_TEMPLATE_TYPE,资源数据.资源商城HOTRECOMMEND列表元素模板类型,Res|Data|RES|MALL|HOTRECOMMEND|LIST|ELEMENT|TEMPLATE|TYPE,HOTRECOMMEND
ResData.RES_NEWBIE_CHALLENGE_SUBTYPE,资源数据.资源新手挑战子类型,Res|Data|RES|NEWBIE|CHALLENGE|SUBTYPE,
ResData.RES_NEWBIE_FUNC_TYPE,资源数据.资源新手函数类型,Res|Data|RES|NEWBIE|FUNC|TYPE,
ResData.RES_EVENT_COND_TYPE,资源数据.资源事件条件类型,Res|Data|RES|EVENT|COND|TYPE,
ResData.RES_NEWBIE_CARNIVAL_PLAN_TYPE,资源数据.资源新手嘉年华计划类型,Res|Data|RES|NEWBIE|CARNIVAL|PLAN|TYPE,
ResData.RES_NEWBIE_TYPE,资源数据.资源新手类型,Res|Data|RES|NEWBIE|TYPE,
ResData.RES_NEWBIE_CARNIVAL_CONDITION_TYPE,资源数据.资源新手嘉年华条件类型,Res|Data|RES|NEWBIE|CARNIVAL|CONDITION|TYPE,
ResData.RES_TASK_DYNC_TYPE,资源数据.资源任务DYNC类型,Res|Data|RES|TASK|DYNC|TYPE,DYNC
ResData.RES_TASK_DYNC_VALUE_TYPE,资源数据.资源任务DYNC值类型,Res|Data|RES|TASK|DYNC|VALUE|TYPE,DYNC
ResData.RES_TASK_INBATTLE_FEATURE_PROGRESS_INCREMENT_TYPE,资源数据.资源任务对局中特性进度增量类型,Res|Data|RES|TASK|INBATTLE|FEATURE|PROGRESS|INCREMENT|TYPE,
ResData.RES_INBATTLE_FEATURE_TYPE,资源数据.资源对局中特性类型,Res|Data|RES|INBATTLE|FEATURE|TYPE,
ResData.RES_BACKFLOW_EVENT_PLANT_SORT_TYPE,资源数据.资源回流事件PLANT排序类型,Res|Data|RES|BACKFLOW|EVENT|PLANT|SORT|TYPE,PLANT
ResData.RES_BACKFLOW_CHAT_TITLE_VALUE_TYPE,资源数据.资源回流聊天标题值类型,Res|Data|RES|BACKFLOW|CHAT|TITLE|VALUE|TYPE,
ResData.RES_EVENT_STAT_OPEN_TYPE,资源数据.资源事件统计打开类型,Res|Data|RES|EVENT|STAT|OPEN|TYPE,
ResData.RES_EVENT_STAT_TRIG_TYPE,资源数据.资源事件统计TRIG类型,Res|Data|RES|EVENT|STAT|TRIG|TYPE,TRIG
ResData.RES_MASTER_PLACEMENT_COND_TYPE,资源数据.资源主定级条件类型,Res|Data|RES|MASTER|PLACEMENT|COND|TYPE,
ResData.RES_MASTER_PLACEMENT_COND_LOGICOP_TYPE,资源数据.资源主定级条件LOGICOP类型,Res|Data|RES|MASTER|PLACEMENT|COND|LOGICOP|TYPE,LOGICOP
ResData.RES_MASTER_PLACEMENT_COND_PARAM_TYPE,资源数据.资源主定级条件参数类型,Res|Data|RES|MASTER|PLACEMENT|COND|PARAM|TYPE,
ResData.RES_MASTER_REWARD_TIME_TYPE,资源数据.资源主奖励时间类型,Res|Data|RES|MASTER|REWARD|TIME|TYPE,
ResData.RES_MASTER_REWARD_PRIORRANK_TYPE,资源数据.资源主奖励PRIORRANK类型,Res|Data|RES|MASTER|REWARD|PRIORRANK|TYPE,PRIORRANK
ResData.RES_MASTER_REWARD_TYPE,资源数据.资源主奖励类型,Res|Data|RES|MASTER|REWARD|TYPE,
ResData.RES_LOBBYACTIVITYVIBE_ACTIONTYPE,资源数据.资源LOBBYACTIVITYVIBEACTIONTYPE,Res|Data|RES|LOBBYACTIVITYVIBE|ACTIONTYPE,LOBBYACTIVITYVIBE ACTIONTYPE
ResData.RES_BACKFLOW_FRIENDEVENT_PARAM_GROUP_TYPE,资源数据.资源回流FRIENDEVENT参数分组类型,Res|Data|RES|BACKFLOW|FRIENDEVENT|PARAM|GROUP|TYPE,FRIENDEVENT
ResData.RES_BACKFLOW_FRIENDEVENT_CONF_TYPE,资源数据.资源回流FRIENDEVENT配置类型,Res|Data|RES|BACKFLOW|FRIENDEVENT|CONF|TYPE,FRIENDEVENT
ResData.RES_LINGBAO_DIG_TREASURE_GLOBAL_TYPE,资源数据.资源灵宝挖掘宝藏全局类型,Res|Data|RES|LINGBAO|DIG|TREASURE|GLOBAL|TYPE,
ResData.RES_LINGBAO_DIG_TREASURE_RANDOM_TYPE,资源数据.资源灵宝挖掘宝藏随机类型,Res|Data|RES|LINGBAO|DIG|TREASURE|RANDOM|TYPE,
ResData.RES_DYNC_TASK_PARAM_TYPE,资源数据.资源DYNC任务参数类型,Res|Data|RES|DYNC|TASK|PARAM|TYPE,DYNC
ResData.RES_STASH_BOX_TYPE,资源数据.资源STASH盒类型,Res|Data|RES|STASH|BOX|TYPE,STASH
ResData.RES_MASTERMATCH_RANKTYPE,资源数据.资源大师赛RANKTYPE,Res|Data|RES|MASTERMATCH|RANKTYPE,RANKTYPE
ResData.RES_HERO_PROFICENCY_ACCEL_TYPE,资源数据.资源英雄PROFICENCY加速类型,Res|Data|RES|HERO|PROFICENCY|ACCEL|TYPE,PROFICENCY
ResData.RES_DIMENSION_MODULE_NAME,资源数据.资源维度模块名称,Res|Data|RES|DIMENSION|MODULE|NAME,
ResData.RES_MAHJONG_SEASON_REWARD_TYPE,资源数据.资源麻将赛季奖励类型,Res|Data|RES|MAHJONG|SEASON|REWARD|TYPE,
ResData.RES_ACTIVITY_CLIENT_REPORT_GRAY_TYPE,资源数据.资源活动客户端举报灰度类型,Res|Data|RES|ACTIVITY|CLIENT|REPORT|GRAY|TYPE,
ResData.RES_ACTIVITY_CLIENT_REPORT_GRAY_STAGE_TYPE,资源数据.资源活动客户端举报灰度阶段类型,Res|Data|RES|ACTIVITY|CLIENT|REPORT|GRAY|STAGE|TYPE,
ResData.RES_NEIGHBORHOOD_THEME_TYPE,资源数据.资源NEIGHBORHOOD主题类型,Res|Data|RES|NEIGHBORHOOD|THEME|TYPE,NEIGHBORHOOD
ResData.RES_GUISHI_INVENTORY_ITEM_TYPE,资源数据.资源Guishi背包道具类型,Res|Data|RES|GUISHI|INVENTORY|ITEM|TYPE,
ResData.RES_GUISHI_DROP_GROUP_QUALITY,资源数据.资源Guishi掉落分组品质,Res|Data|RES|GUISHI|DROP|GROUP|QUALITY,
ResData.RES_GUISHI_ITEM_QUALITY,资源数据.资源Guishi道具品质,Res|Data|RES|GUISHI|ITEM|QUALITY,
ResData.RES_GUISHI_INGGAME_INVENTORY_CONTAINER_TYPE,资源数据.资源GuishiINGGAME背包CONTAINER类型,Res|Data|RES|GUISHI|INGGAME|INVENTORY|CONTAINER|TYPE,INGGAME CONTAINER
ResData.RES_GUISHI_CONSUMABLE_TYPE,资源数据.资源Guishi消耗品类型,Res|Data|RES|GUISHI|CONSUMABLE|TYPE,
ResData.RES_GUISHI_CONSUMABLE_DRUG_TYPE,资源数据.资源Guishi消耗品DRUG类型,Res|Data|RES|GUISHI|CONSUMABLE|DRUG|TYPE,DRUG
ResData.RES_GUISHI_KEYWORD,资源数据.资源Guishi关键词,Res|Data|RES|GUISHI|KEYWORD,
ResData.RES_EXTERNAL_LINKS_EXECUTE_MODE,资源数据.资源外部LINKSEXECUTE模式,Res|Data|RES|EXTERNAL|LINKS|EXECUTE|MODE,LINKS EXECUTE
ResData.RES_WATCHDOG_RULE,资源数据.资源WATCHDOG规则,Res|Data|RES|WATCHDOG|RULE,WATCHDOG
ResData.RES_WATCHDOG_TYPE,资源数据.资源WATCHDOG类型,Res|Data|RES|WATCHDOG|TYPE,WATCHDOG
ResData.RES_FARM_FIELD_APPEARENCE_TYPE,资源数据.资源农场字段APPEARENCE类型,Res|Data|RES|FARM|FIELD|APPEARENCE|TYPE,APPEARENCE
ResData.RES_DIMENSION_INTERACTIVEOBJECT_OPENUI_TYPE,资源数据.资源维度交互物OPENUI类型,Res|Data|RES|DIMENSION|INTERACTIVEOBJECT|OPENUI|TYPE,OPENUI
ResData.RES_FARM_CROP_LABEL_TYPE,资源数据.资源农场裁剪标签类型,Res|Data|RES|FARM|CROP|LABEL|TYPE,
ResData.RES_DIMENSION_MODULE_TYPE,资源数据.资源维度模块类型,Res|Data|RES|DIMENSION|MODULE|TYPE,
ResData.RES_DIMENSION_MODULE_ATTACH_CHECK_RETTYPE,资源数据.资源维度模块附加检查RETTYPE,Res|Data|RES|DIMENSION|MODULE|ATTACH|CHECK|RETTYPE,RETTYPE
ResData.RES_DIMENSION_MODULE_ATTACH_CHECK_TYPE,资源数据.资源维度模块附加检查类型,Res|Data|RES|DIMENSION|MODULE|ATTACH|CHECK|TYPE,
ResData.RES_DIMENSION_BILLBOARD_SPECIAL_TYPE,资源数据.资源维度公告板特殊类型,Res|Data|RES|DIMENSION|BILLBOARD|SPECIAL|TYPE,
ResData.RES_DIMENSION_SCENEINDICATOR_TARGET_TYPE,资源数据.资源维度SCENEINDICATOR目标类型,Res|Data|RES|DIMENSION|SCENEINDICATOR|TARGET|TYPE,SCENEINDICATOR
ResData.RES_DIMENSION_SCENEINDICATOR_CONDITION_TYPE,资源数据.资源维度SCENEINDICATOR条件类型,Res|Data|RES|DIMENSION|SCENEINDICATOR|CONDITION|TYPE,SCENEINDICATOR
ResData.RES_DIMENSION_SCENEINDICATOR_CUSTOM_CONDITION,资源数据.资源维度SCENEINDICATOR自定义条件,Res|Data|RES|DIMENSION|SCENEINDICATOR|CUSTOM|CONDITION,SCENEINDICATOR
ResData.RES_GAMEPLAY_GOTODOWNLOAD_ACTION_TYPE,资源数据.资源玩法GOTODOWNLOAD动作类型,Res|Data|RES|GAMEPLAY|GOTODOWNLOAD|ACTION|TYPE,GOTODOWNLOAD
ResData.RES_GAMEPLAY_GOAL_SYSTEM_GEM_EFFECT_TYPE,资源数据.资源玩法目标系统宝石效果类型,Res|Data|RES|GAMEPLAY|GOAL|SYSTEM|GEM|EFFECT|TYPE,
ResData.RES_GAMEPLAY_GOAL_SYSTEM_GEM_EXCHANGE_LIMIT_CYCLE_TYPE,资源数据.资源玩法目标系统宝石交换限制循环类型,Res|Data|RES|GAMEPLAY|GOAL|SYSTEM|GEM|EXCHANGE|LIMIT|CYCLE|TYPE,
ResData.RES_GAMEPLAY_GOAL_SYSTEM_GEM_EFFECT_SETTLE_SCORE_CHG_TYPE,资源数据.资源玩法目标系统宝石效果结算得分变化类型,Res|Data|RES|GAMEPLAY|GOAL|SYSTEM|GEM|EFFECT|SETTLE|SCORE|CHG|TYPE,
ResData.RES_GAMEPLAY_GOAL_SYSTEM_MISC_CONF_TYPE,资源数据.资源玩法目标系统杂项配置类型,Res|Data|RES|GAMEPLAY|GOAL|SYSTEM|MISC|CONF|TYPE,
ResData.RES_GAMEPLAY_IDENTIFY_TYPE,资源数据.资源玩法IDENTIFY类型,Res|Data|RES|GAMEPLAY|IDENTIFY|TYPE,IDENTIFY
ResData.RES_INBATTLE_EFFECT_BUY_TYPE,资源数据.资源对局中效果购买类型,Res|Data|RES|INBATTLE|EFFECT|BUY|TYPE,
ResData.RES_LABEL_SCENE_TYPE,资源数据.资源标签场景类型,Res|Data|RES|LABEL|SCENE|TYPE,
ResData.RES_SUMMONER_SKILL_TAG,资源数据.资源召唤师技能标签,Res|Data|RES|SUMMONER|SKILL|TAG,
ResData.RES_SACRED_ANIMAL_INTERACT_TEXT_MOTION_TYPE,资源数据.资源神圣动物交互文本运动类型,Res|Data|RES|SACRED|ANIMAL|INTERACT|TEXT|MOTION|TYPE,
ResData.RES_GIFT_MODULE_SHOW_RULETYPE,资源数据.资源礼包模块显示RULETYPE,Res|Data|RES|GIFT|MODULE|SHOW|RULETYPE,RULETYPE
ResData.RES_HERO_GROUP_TYPE,资源数据.资源英雄分组类型,Res|Data|RES|HERO|GROUP|TYPE,
ResData.RES_CAMPUS_GLOBAL_PARAM_TYPE,资源数据.资源校园全局参数类型,Res|Data|RES|CAMPUS|GLOBAL|PARAM|TYPE,
ResData.RES_CAMPUS_BUBBLE_EVENT_TYPE,资源数据.资源校园气泡事件类型,Res|Data|RES|CAMPUS|BUBBLE|EVENT|TYPE,
ResData.RES_CAMPUS_MAIN_TAB,资源数据.资源校园主页签,Res|Data|RES|CAMPUS|MAIN|TAB,
ResData.RES_CAMPUS_REWARD_TYPE,资源数据.资源校园奖励类型,Res|Data|RES|CAMPUS|REWARD|TYPE,
ResData.RES_CAMPUS_BENEFIT_JUMP_TYPE,资源数据.资源校园BENEFIT跳转类型,Res|Data|RES|CAMPUS|BENEFIT|JUMP|TYPE,BENEFIT
ResData.RES_CAMPUS_SHOWOFF_TYPE,资源数据.资源校园SHOWOFF类型,Res|Data|RES|CAMPUS|SHOWOFF|TYPE,SHOWOFF
ResData.RES_CAMPUS_MATCH_REWARD_SOURCE,资源数据.资源校园匹配奖励来源,Res|Data|RES|CAMPUS|MATCH|REWARD|SOURCE,
ResData.RES_CAMPUS_FUNC_SWITCH_TYPE,资源数据.资源校园函数切换类型,Res|Data|RES|CAMPUS|FUNC|SWITCH|TYPE,
ResData.RES_LOBBY_POINT_JUMP_TARGET_TYPE,资源数据.资源大厅点跳转目标类型,Res|Data|RES|LOBBY|POINT|JUMP|TARGET|TYPE,
ResData.RES_EXCHANGE_SHOP_ID_TYPE,资源数据.资源交换商店ID类型,Res|Data|RES|EXCHANGE|SHOP|ID|TYPE,
ResData.RES_ATOMINFORM_CARDUI_TYPE,资源数据.资源ATOMINFORMCARDUI类型,Res|Data|RES|ATOMINFORM|CARDUI|TYPE,ATOMINFORM CARDUI
ResData.RES_UGCDATABING_DATA_TYPE,资源数据.资源UGCDATABING数据类型,Res|Data|RES|UGCDATABING|DATA|TYPE,UGCDATABING
ResData.RES_DIMENSION_PART_TYPE_LOWER_BODY_TYPE,资源数据.资源维度部件类型下躯体类型,Res|Data|RES|DIMENSION|PART|TYPE|LOWER|BODY|TYPE,
ResData.RES_DIMENSION_PART_TYPE_ONESIE_TYPE,资源数据.资源维度部件类型ONESIE类型,Res|Data|RES|DIMENSION|PART|TYPE|ONESIE|TYPE,ONESIE
ResData.RES_DIMENSION_FARM_GIFT_ACT_SUBTYPE,资源数据.资源维度农场礼包活动子类型,Res|Data|RES|DIMENSION|FARM|GIFT|ACT|SUBTYPE,
ResData.RES_TEAMUP_HEADICON_GROUP_REFER_TYPE,资源数据.资源TEAMUPHEADICON分组引用类型,Res|Data|RES|TEAMUP|HEADICON|GROUP|REFER|TYPE,TEAMUP HEADICON
ResData.RES_HORIZONTAL_ENTRY_EVENT_TYPE,资源数据.资源水平入口事件类型,Res|Data|RES|HORIZONTAL|ENTRY|EVENT|TYPE,
ResData.RES_CHALLENGE_TASK_OPERATION_TARGET_TYPE,资源数据.资源挑战任务操作目标类型,Res|Data|RES|CHALLENGE|TASK|OPERATION|TARGET|TYPE,
ResData.RES_HORIZONTAL_TASK_PROGRESS_COMPUTE_MODE,资源数据.资源水平任务进度COMPUTE模式,Res|Data|RES|HORIZONTAL|TASK|PROGRESS|COMPUTE|MODE,COMPUTE
ResData.RES_HORIZONTAL_TASK_OPERATION_USESKILL_TYPE,资源数据.资源水平任务操作USESKILL类型,Res|Data|RES|HORIZONTAL|TASK|OPERATION|USESKILL|TYPE,USESKILL
ResData.RES_HORIZONTAL_TASK_OPERATION_SPAWN_MODE,资源数据.资源水平任务操作生成模式,Res|Data|RES|HORIZONTAL|TASK|OPERATION|SPAWN|MODE,
ResData.RES_HORIZONTAL_TASK_OPERATION_FINISH_TYPE,资源数据.资源水平任务操作结束类型,Res|Data|RES|HORIZONTAL|TASK|OPERATION|FINISH|TYPE,
ResData.RES_HORIZONTAL_TASK_FINISH_ACTION,资源数据.资源水平任务结束动作,Res|Data|RES|HORIZONTAL|TASK|FINISH|ACTION,
ResData.RES_HORIZONTAL_TASK_OPERATION_COMPUTE_TYPE,资源数据.资源水平任务操作COMPUTE类型,Res|Data|RES|HORIZONTAL|TASK|OPERATION|COMPUTE|TYPE,COMPUTE
ResData.RES_HORIZONTAL_TASK_OPERATION_FILTER_TYPE,资源数据.资源水平任务操作过滤类型,Res|Data|RES|HORIZONTAL|TASK|OPERATION|FILTER|TYPE,
ResData.RES_HORIZONTAL_RESULT_EVENT_TYPE,资源数据.资源水平结果事件类型,Res|Data|RES|HORIZONTAL|RESULT|EVENT|TYPE,
ResData.RES_HORIZONTAL_BRIDGE_EVENT_TYPE,资源数据.资源水平BRIDGE事件类型,Res|Data|RES|HORIZONTAL|BRIDGE|EVENT|TYPE,BRIDGE
ResData.RES_HORIZONTAL_TASK_OPERATION_VALUE_OP_TYPE,资源数据.资源水平任务操作值操作类型,Res|Data|RES|HORIZONTAL|TASK|OPERATION|VALUE|OP|TYPE,
ResData.RES_HORIZONTAL_TASK_OPERATION_LOCATION_TYPE,资源数据.资源水平任务操作位置类型,Res|Data|RES|HORIZONTAL|TASK|OPERATION|LOCATION|TYPE,
ResData.RES_HORIZONTAL_TASK_TIMEWINDOW_TYPE,资源数据.资源水平任务TIMEWINDOW类型,Res|Data|RES|HORIZONTAL|TASK|TIMEWINDOW|TYPE,TIMEWINDOW
ResData.RES_HORIZONTAL_TASK_OPERATION_RUN_MODE,资源数据.资源水平任务操作运行模式,Res|Data|RES|HORIZONTAL|TASK|OPERATION|RUN|MODE,
ResData.RES_HORIZONTAL_TASK_OPERATION_COMPLETE_MODE,资源数据.资源水平任务操作完成模式,Res|Data|RES|HORIZONTAL|TASK|OPERATION|COMPLETE|MODE,
ResData.RES_HORIZONTAL_TASK_SKILL_SLOT_TYPE,资源数据.资源水平任务技能槽位类型,Res|Data|RES|HORIZONTAL|TASK|SKILL|SLOT|TYPE,
ResData.RES_FAKEAI_POOL_FILTER_RADAR_SEASON_TYPE,资源数据.资源假AI池过滤RADAR赛季类型,Res|Data|RES|FAKEAI|POOL|FILTER|RADAR|SEASON|TYPE,RADAR
ResData.RES_PLACEMENT_MATCH_EVALUATE_TYPE,资源数据.资源定级匹配求值类型,Res|Data|RES|PLACEMENT|MATCH|EVALUATE|TYPE,
ResData.RES_BACKFLOW_GLOBAL_TYPE,资源数据.资源回流全局类型,Res|Data|RES|BACKFLOW|GLOBAL|TYPE,
ResData.RES_BACKFLOW_CARNIVAL_V2_STAGE_TYPE,资源数据.资源回流嘉年华V2阶段类型,Res|Data|RES|BACKFLOW|CARNIVAL|V|2|STAGE|TYPE,
ResData.RES_BACKFLOW_PROTECT_STAR_EFFECT2_TYPE,资源数据.资源回流保护星效果2类型,Res|Data|RES|BACKFLOW|PROTECT|STAR|EFFECT|2|TYPE,
ResData.RES_FARM_COMPOSE_TYPE,资源数据.资源农场合成类型,Res|Data|RES|FARM|COMPOSE|TYPE,
ResData.RES_FARM_COMPOSE_INPUT_ITEM,资源数据.资源农场合成输入道具,Res|Data|RES|FARM|COMPOSE|INPUT|ITEM,
ResData.RES_FARM_COMPOSE_INPUT_STATE,资源数据.资源农场合成输入状态,Res|Data|RES|FARM|COMPOSE|INPUT|STATE,
ResData.RES_FARM_COMPOSE_INPUT_DIM_BIT,资源数据.资源农场合成输入DIM位,Res|Data|RES|FARM|COMPOSE|INPUT|DIM|BIT,DIM
ResData.RES_FARM_MOBA_PRIVILEGE_FORTUNE_LEVEL,资源数据.资源农场MOBA特权FORTUNE等级,Res|Data|RES|FARM|MOBA|PRIVILEGE|FORTUNE|LEVEL,FORTUNE
ResData.RES_FARM_MOBA_PRIVILEGE_EFFECT_TYPE,资源数据.资源农场MOBA特权效果类型,Res|Data|RES|FARM|MOBA|PRIVILEGE|EFFECT|TYPE,
ResData.RES_EXP_FEATURE_SETTING_ITEM_TYPE,资源数据.资源经验特性设置道具类型,Res|Data|RES|EXP|FEATURE|SETTING|ITEM|TYPE,
ResData.RES_RELIC_BLIND_BOX_DROP_RULE,资源数据.资源RELICBLIND盒掉落规则,Res|Data|RES|RELIC|BLIND|BOX|DROP|RULE,RELIC BLIND
ResData.RES_RELIC_TYPE,资源数据.资源RELIC类型,Res|Data|RES|RELIC|TYPE,RELIC
ResData.RES_SKILL_SELECT_MISC_CONF_TYPE,资源数据.资源技能选择杂项配置类型,Res|Data|RES|SKILL|SELECT|MISC|CONF|TYPE,
ResData.RES_PANDORA_ACTIVITY_ENTRANCE_TYPE,资源数据.资源Pandora活动入口类型,Res|Data|RES|PANDORA|ACTIVITY|ENTRANCE|TYPE,
ResData.RES_BUILTIN_ACTIVITY_TYPE,资源数据.资源BUILTIN活动类型,Res|Data|RES|BUILTIN|ACTIVITY|TYPE,BUILTIN
ResData.RES_HERO_STORY_VOICE_TYPE,资源数据.资源英雄剧情语音类型,Res|Data|RES|HERO|STORY|VOICE|TYPE,
ResData.RES_HERO_STORY_SECRET_TYPE,资源数据.资源英雄剧情SECRET类型,Res|Data|RES|HERO|STORY|SECRET|TYPE,SECRET
ResData.RES_HERO_STORY_SECRET_UNLOCK_TYPE,资源数据.资源英雄剧情SECRET解锁类型,Res|Data|RES|HERO|STORY|SECRET|UNLOCK|TYPE,SECRET
ResData.RES_HERO_STORY_BIOGRAPHY_TYPE,资源数据.资源英雄剧情BIOGRAPHY类型,Res|Data|RES|HERO|STORY|BIOGRAPHY|TYPE,BIOGRAPHY
ResData.RES_HERO_STORY_EMOJI_GROUP_TYPE,资源数据.资源英雄剧情表情分组类型,Res|Data|RES|HERO|STORY|EMOJI|GROUP|TYPE,
ResData.RES_BACKFLOW_GAMEPLAY_PRIVILEGE_SUB_TYPE,资源数据.资源回流玩法特权子类型,Res|Data|RES|BACKFLOW|GAMEPLAY|PRIVILEGE|SUB|TYPE,
ResData.RES_REFIT_WEAR_KEYWORD,资源数据.资源REFIT穿戴关键词,Res|Data|RES|REFIT|WEAR|KEYWORD,REFIT
ResData.RES_FRIEND_CROSS_GAME_ID,资源数据.资源友方交叉游戏ID,Res|Data|RES|FRIEND|CROSS|GAME|ID,
ResData.RES_CURRENCY_TIME_TYPE,资源数据.资源货币时间类型,Res|Data|RES|CURRENCY|TIME|TYPE,
ResData.RES_GIFT_ANNIVERSARY_DATE_TYPE,资源数据.资源礼包周年日期类型,Res|Data|RES|GIFT|ANNIVERSARY|DATE|TYPE,
ResData.RES_GIFT_ANNIVERSARY_RELATIVE_EVENT_TYPE,资源数据.资源礼包周年相对事件类型,Res|Data|RES|GIFT|ANNIVERSARY|RELATIVE|EVENT|TYPE,
ResData.RES_DIGTREASURE_RECOMMEND_DATA_TYPE,资源数据.资源DIGTREASURE推荐数据类型,Res|Data|RES|DIGTREASURE|RECOMMEND|DATA|TYPE,DIGTREASURE
ResData.ResDataExtension,资源数据.资源数据Extension,Res|Data|Res|Data|Extension,Extension
ResData._DatabinTableFuncs,资源数据.数据表表Funcs,Res|Data|Databin|Table|Funcs,Funcs
ResData.CResDataKey,资源数据.C资源数据键,Res|Data|C|Res|Data|Key,
ResData.enDatabinServerType,资源数据.en数据表服务器类型,Res|Data|en|Databin|Server|Type,en
ResData.Svr2DeskConfig,资源数据.服务端2桌面配置,Res|Data|Svr|2|Desk|Config,
ResData.DatabinManager.HeroInvalidReason,资源数据.数据表管理器.英雄无效原因,Res|Data|Databin|Manager|Hero|Invalid|Reason,
ResData.DatabinManager.heroDatabin,资源数据.数据表管理器.英雄数据表,Res|Data|Databin|Manager|hero|Databin,
ResData.DatabinManager.battleKillSkinDatabin,资源数据.数据表管理器.战斗击杀皮肤数据表,Res|Data|Databin|Manager|battle|Kill|Skin|Databin,
ResData.DatabinManager.specSaleDatabin,资源数据.数据表管理器.规格出售数据表,Res|Data|Databin|Manager|spec|Sale|Databin,
ResData.DatabinManager.commResShopInfoDatabin,资源数据.数据表管理器.通信资源商店信息数据表,Res|Data|Databin|Manager|comm|Res|Shop|Info|Databin,
ResData.DatabinManager.burnBuffMap,资源数据.数据表管理器.burn增益地图,Res|Data|Databin|Manager|burn|Buff|Map,burn
ResData.DatabinManager.gameTaskGroupDatabin,资源数据.数据表管理器.游戏任务分组数据表,Res|Data|Databin|Manager|game|Task|Group|Databin,
ResData.DatabinManager.skillCombineDatabin,资源数据.数据表管理器.技能合并数据表,Res|Data|Databin|Manager|skill|Combine|Databin,
ResData.DatabinManager.battleDynamicPropertyDB,资源数据.数据表管理器.战斗动态属性DB,Res|Data|Databin|Manager|battle|Dynamic|Property|DB,DB
ResData.DatabinManager.globalInfoDatabin,资源数据.数据表管理器.全局信息数据表,Res|Data|Databin|Manager|global|Info|Databin,
ResData.DatabinManager.guildMiscDatabin,资源数据.数据表管理器.公会杂项数据表,Res|Data|Databin|Manager|guild|Misc|Databin,
ResData.DatabinManager.heroShopInfoDatabin,资源数据.数据表管理器.英雄商店信息数据表,Res|Data|Databin|Manager|hero|Shop|Info|Databin,
ResData.DatabinManager.skinShopInfoDatabin,资源数据.数据表管理器.皮肤商店信息数据表,Res|Data|Databin|Manager|skin|Shop|Info|Databin,
ResData.DatabinManager.heroPromotionDatabin,资源数据.数据表管理器.英雄晋级数据表,Res|Data|Databin|Manager|hero|Promotion|Databin,
ResData.DatabinManager.skinPromotionDatabin,资源数据.数据表管理器.皮肤晋级数据表,Res|Data|Databin|Manager|skin|Promotion|Databin,
ResData.DatabinManager.giftSkinDatabin,资源数据.数据表管理器.礼包皮肤数据表,Res|Data|Databin|Manager|gift|Skin|Databin,
ResData.DatabinManager.ResDimensionHouseDecorativeAreaDatabin,资源数据.数据表管理器.资源维度家园Decorative区域数据表,Res|Data|Databin|Manager|Res|Dimension|House|Decorative|Area|Databin,Decorative
ResData.DatabinManager.ResDimensionHouseSceneItemAreaDatabin,资源数据.数据表管理器.资源维度家园场景道具区域数据表,Res|Data|Databin|Manager|Res|Dimension|House|Scene|Item|Area|Databin,
ResData.DatabinManager.ResDimensionAnimConfigBattleDatabin,资源数据.数据表管理器.资源维度动画配置战斗数据表,Res|Data|Databin|Manager|Res|Dimension|Anim|Config|Battle|Databin,
ResData.DatabinManager.ResDimensionHeroCfgDatabin,资源数据.数据表管理器.资源维度英雄配置数据表,Res|Data|Databin|Manager|Res|Dimension|Hero|Cfg|Databin,
ResData.DatabinManager.emojiEggInfoDatabin,资源数据.数据表管理器.表情Egg信息数据表,Res|Data|Databin|Manager|emoji|Egg|Info|Databin,Egg
ResData.DatabinManager.ESportsNationalSeasonDatabinRouter,资源数据.数据表管理器.ESports全国赛季数据表Router,Res|Data|Databin|Manager|E|Sports|National|Season|Databin|Router,Sports Router
ResData.DatabinManager.GuildMatchSeasonConfDatabinRouter,资源数据.数据表管理器.公会匹配赛季配置数据表Router,Res|Data|Databin|Manager|Guild|Match|Season|Conf|Databin|Router,Router
ResData.DatabinManager.RankSeasonDatabinRouter,资源数据.数据表管理器.排行赛季数据表Router,Res|Data|Databin|Manager|Rank|Season|Databin|Router,Router
ResData.DatabinManager.GameDataMgr_RankYearThemeDatabinRouter,资源数据.数据表管理器.游戏数据管理器排行年主题数据表Router,Res|Data|Databin|Manager|Game|Data|Mgr|Rank|Year|Theme|Databin|Router,Router
ResData.DatabinManager.GameDataMgr_ResSeasonHonorRoadAccumuExtraRewardConfDatabinRouter,资源数据.数据表管理器.游戏数据管理器资源赛季荣誉道路Accumu额外奖励配置数据表Router,Res|Data|Databin|Manager|Game|Data|Mgr|Res|Season|Honor|Road|Accumu|Extra|Reward|Conf|Databin|Router,Accumu Router
ResData.DatabinManager.GameDataMgr_ResSeasonHonorRoadAccumuExtraRewardLevelConfDatabinRouter,资源数据.数据表管理器.游戏数据管理器资源赛季荣誉道路Accumu额外奖励等级配置数据表Router,Res|Data|Databin|Manager|Game|Data|Mgr|Res|Season|Honor|Road|Accumu|Extra|Reward|Level|Conf|Databin|Router,Accumu Router
ResData.DatabinManager.GameDataMgr_ResSeasonHonorRoadConfDatabinRouter,资源数据.数据表管理器.游戏数据管理器资源赛季荣誉道路配置数据表Router,Res|Data|Databin|Manager|Game|Data|Mgr|Res|Season|Honor|Road|Conf|Databin|Router,Router
ResData.DatabinManager.TaskPoolDatabinRouter,资源数据.数据表管理器.任务池数据表Router,Res|Data|Databin|Manager|Task|Pool|Databin|Router,Router
ResData.DatabinManager,资源数据.数据表管理器,Res|Data|Databin|Manager,
ResData.UGCCustomDataTableMgr,资源数据.UGC自定义数据表管理器,Res|Data|UGC|Custom|Data|Table|Mgr,
ResData.GameDataWrapperVarType,资源数据.游戏数据Wrapper变量类型,Res|Data|Game|Data|Wrapper|Var|Type,Wrapper
ResData.UGCCustomDataTable,资源数据.UGC自定义数据表,Res|Data|UGC|Custom|Data|Table,
ResData.UGCCustomDataStruct,资源数据.UGC自定义数据Struct,Res|Data|UGC|Custom|Data|Struct,Struct
ResData.UGCCustomDataField,资源数据.UGC自定义数据字段,Res|Data|UGC|Custom|Data|Field,
ResData.CDimensionDatabinManager.ResDimensionActionDatabin,资源数据.C维度数据表管理器.资源维度动作数据表,Res|Data|C|Dimension|Databin|Manager|Res|Dimension|Action|Databin,
ResData.CDimensionDatabinManager.ResDimensionDialogDatabin,资源数据.C维度数据表管理器.资源维度对话数据表,Res|Data|C|Dimension|Databin|Manager|Res|Dimension|Dialog|Databin,
ResData.CDimensionDatabinManager.ResDimensionGraphicSettingsDatabin,资源数据.C维度数据表管理器.资源维度GraphicSettings数据表,Res|Data|C|Dimension|Databin|Manager|Res|Dimension|Graphic|Settings|Databin,Graphic Settings
ResData.CDimensionDatabinManager.ResDimensionHeroCfgDatabin,资源数据.C维度数据表管理器.资源维度英雄配置数据表,Res|Data|C|Dimension|Databin|Manager|Res|Dimension|Hero|Cfg|Databin,
ResData.CDimensionDatabinManager.ResDimensionInteractiveObjectButtonDatabin,资源数据.C维度数据表管理器.资源维度交互对象按钮数据表,Res|Data|C|Dimension|Databin|Manager|Res|Dimension|Interactive|Object|Button|Databin,
ResData.CDimensionDatabinManager.ResDimensionInteractiveObjectDatabin,资源数据.C维度数据表管理器.资源维度交互对象数据表,Res|Data|C|Dimension|Databin|Manager|Res|Dimension|Interactive|Object|Databin,
ResData.CDimensionDatabinManager.ResDimensionInteractiveObjectModelDatabin,资源数据.C维度数据表管理器.资源维度交互对象模型数据表,Res|Data|C|Dimension|Databin|Manager|Res|Dimension|Interactive|Object|Model|Databin,
ResData.CDimensionDatabinManager.ResDimensionItemBuffDatabin,资源数据.C维度数据表管理器.资源维度道具增益数据表,Res|Data|C|Dimension|Databin|Manager|Res|Dimension|Item|Buff|Databin,
ResData.CDimensionDatabinManager.ResDimensionItemDatabin,资源数据.C维度数据表管理器.资源维度道具数据表,Res|Data|C|Dimension|Databin|Manager|Res|Dimension|Item|Databin,
ResData.CDimensionDatabinManager.ResDimensionItemEventDatabin,资源数据.C维度数据表管理器.资源维度道具事件数据表,Res|Data|C|Dimension|Databin|Manager|Res|Dimension|Item|Event|Databin,
ResData.CDimensionDatabinManager.ResDimensionMontageDatabin,资源数据.C维度数据表管理器.资源维度蒙太奇数据表,Res|Data|C|Dimension|Databin|Manager|Res|Dimension|Montage|Databin,
ResData.CDimensionDatabinManager.ResDimensionNpcAssetDatabin,资源数据.C维度数据表管理器.资源维度NPC资源数据表,Res|Data|C|Dimension|Databin|Manager|Res|Dimension|Npc|Asset|Databin,
ResData.CDimensionDatabinManager.ResDimensionNpcDatabin,资源数据.C维度数据表管理器.资源维度NPC数据表,Res|Data|C|Dimension|Databin|Manager|Res|Dimension|Npc|Databin,
ResData.CDimensionDatabinManager.ResDimensionOutfitDatabin,资源数据.C维度数据表管理器.资源维度外观数据表,Res|Data|C|Dimension|Databin|Manager|Res|Dimension|Outfit|Databin,
ResData.CDimensionDatabinManager.ResDimensionPartAttachmentDatabin,资源数据.C维度数据表管理器.资源维度部件附着数据表,Res|Data|C|Dimension|Databin|Manager|Res|Dimension|Part|Attachment|Databin,
ResData.CDimensionDatabinManager.ResDimensionPartDatabin,资源数据.C维度数据表管理器.资源维度部件数据表,Res|Data|C|Dimension|Databin|Manager|Res|Dimension|Part|Databin,
ResData.CDimensionDatabinManager.ResDimensionPropDatabin,资源数据.C维度数据表管理器.资源维度属性数据表,Res|Data|C|Dimension|Databin|Manager|Res|Dimension|Prop|Databin,
ResData.CDimensionDatabinManager.ResDimensionSceneCfgDatabin,资源数据.C维度数据表管理器.资源维度场景配置数据表,Res|Data|C|Dimension|Databin|Manager|Res|Dimension|Scene|Cfg|Databin,
ResData.CDimensionDatabinManager.ResDimensionSecondaryActionDatabin.MontageIdsDict,资源数据.C维度数据表管理器.资源维度次要动作数据表.蒙太奇IDDict,Res|Data|C|Dimension|Databin|Manager|Res|Dimension|Secondary|Action|Databin|Montage|Ids|Dict,Dict
ResData.CDimensionDatabinManager.ResDimensionSecondaryActionDatabin,资源数据.C维度数据表管理器.资源维度次要动作数据表,Res|Data|C|Dimension|Databin|Manager|Res|Dimension|Secondary|Action|Databin,
ResData.CDimensionDatabinManager.ResDimensionStoryTellerDatabin,资源数据.C维度数据表管理器.资源维度剧情Teller数据表,Res|Data|C|Dimension|Databin|Manager|Res|Dimension|Story|Teller|Databin,Teller
ResData.CDimensionDatabinManager.ResDimensionTableGameRankConfDatabin,资源数据.C维度数据表管理器.资源维度表游戏排行配置数据表,Res|Data|C|Dimension|Databin|Manager|Res|Dimension|Table|Game|Rank|Conf|Databin,
ResData.CDimensionDatabinManager.ResDimensionTableGameTypeDatabin,资源数据.C维度数据表管理器.资源维度表游戏类型数据表,Res|Data|C|Dimension|Databin|Manager|Res|Dimension|Table|Game|Type|Databin,
ResData.CDimensionDatabinManager.ResSacredAnimalPartInfoDatabin,资源数据.C维度数据表管理器.资源神圣动物部件信息数据表,Res|Data|C|Dimension|Databin|Manager|Res|Sacred|Animal|Part|Info|Databin,
ResData.CDimensionDatabinManager,资源数据.C维度数据表管理器,Res|Data|C|Dimension|Databin|Manager,
ResData.COM_SNSGENDER_Extension,资源数据.普通SNSGENDERExtension,Res|Data|COM|SNSGENDER|Extension,SNSGENDER Extension
ResData.enDimensionCharacterType_Extension,资源数据.en维度角色类型Extension,Res|Data|en|Dimension|Character|Type|Extension,en Extension
ResData.enDimensionControllerType_Extension,资源数据.en维度控制器类型Extension,Res|Data|en|Dimension|Controller|Type|Extension,en Extension
ResData.ResDimensionHeroCfg_Extension,资源数据.资源维度英雄配置Extension,Res|Data|Res|Dimension|Hero|Cfg|Extension,Extension
ResData.ResDimensionPartAttachment_Extension,资源数据.资源维度部件附着Extension,Res|Data|Res|Dimension|Part|Attachment|Extension,Extension
ResData.ResDimensionPart_Extension,资源数据.资源维度部件Extension,Res|Data|Res|Dimension|Part|Extension,Extension
ResData.ResDT_DimensionPartInfo_Extension,资源数据.资源数据表维度部件信息Extension,Res|Data|Res|DT|Dimension|Part|Info|Extension,Extension
ResData.RES_COMMON_RES_QUALITY_TYPE_Extension,资源数据.资源通用资源品质类型Extension,Res|Data|RES|COMMON|RES|QUALITY|TYPE|Extension,Extension
ResData.RES_DIMENSION_DIALOG_TYPE_Extension,资源数据.资源维度对话类型Extension,Res|Data|RES|DIMENSION|DIALOG|TYPE|Extension,Extension
ResData.RES_DIMENSION_GENDER_TYPE_Extension,资源数据.资源维度性别类型Extension,Res|Data|RES|DIMENSION|GENDER|TYPE|Extension,Extension
ResData.RES_DIMENSION_GRAPHIC_QUALITY_Extension,资源数据.资源维度GRAPHIC品质Extension,Res|Data|RES|DIMENSION|GRAPHIC|QUALITY|Extension,GRAPHIC Extension
ResData.RES_DIMENSION_PART_ACTION_SUBTYPE_Extension,资源数据.资源维度部件动作子类型Extension,Res|Data|RES|DIMENSION|PART|ACTION|SUBTYPE|Extension,Extension
ResData.RES_DIMENSION_PART_TYPE_Extension,资源数据.资源维度部件类型Extension,Res|Data|RES|DIMENSION|PART|TYPE|Extension,Extension
ResData.RES_DIMENSION_PART_TYPE_WEAPON_TYPE_Extension,资源数据.资源维度部件类型武器类型Extension,Res|Data|RES|DIMENSION|PART|TYPE|WEAPON|TYPE|Extension,Extension
ResData.RES_DIMENSION_PART_WEAR_POSITION_Extension,资源数据.资源维度部件穿戴位置Extension,Res|Data|RES|DIMENSION|PART|WEAR|POSITION|Extension,Extension
ResData.RES_DIMENSION_PHOTO_RES_TYPE_Extension,资源数据.资源维度照片资源类型Extension,Res|Data|RES|DIMENSION|PHOTO|RES|TYPE|Extension,Extension
ResData.RES_SACREDANIMAL_PART_TYPE_Extension,资源数据.资源神兽部件类型Extension,Res|Data|RES|SACREDANIMAL|PART|TYPE|Extension,Extension
