所属类,类型前缀,原字段名,中文翻译,拆词
ADGAgeEventRefParamEffectTick,StringId,actionName,动作名称,action|Name
ADGAgeEventRefParamEffectTick,StringId,actionPath,动作路径,action|Path
ADGAgeEventRefParamEffectTick,StringId,refParamName,引用参数名称,ref|Param|Name
ADGAgeEventRefParamEffectTick,StringId,paramName,参数名称,param|Name
ADGAgeEventRefParamEffectTick,StringId,paramNameX,参数名称X,param|Name|X
ADGAgeEventRefParamEffectTick,StringId,paramNameY,参数名称Y,param|Name|Y
ADGAgeEventRefParamEffectTick,StringId,paramNameZ,参数名称Z,param|Name|Z
ADGAgeEventRefParamEffectTick,int32,refParamType,引用参数类型,ref|Param|Type
ADGAgeEventRefParamEffectTick,TArray<StringId>,actionPathList,动作路径列表,action|Path|List
ADGBuffSkillDurationEffectTick,StringId,paramName,参数名称,param|Name
ADGBuffSkillDurationEffectTick,int32,combineId,合并ID,combine|Id
ADGBuffSkillNormalParamEffectTick,StringId,paramName,参数名称,param|Name
ADGBuffSkillNormalParamEffectTick,int32,filterType,过滤类型,filter|Type
ADGBuffSkillNormalParamEffectTick,int32,slottype,槽位类型,slottype
ADGBuffSkillNormalParamEffectTick,int32,hurtType,伤害类型,hurt|Type
ADGBuffSkillNormalParamEffectTick,int32,buffSkillParamName,增益技能参数名称,buff|Skill|Param|Name
ADGBuffSkillNormalParamEffectTick,TArray<int32>,buffSkillIds,增益技能ID,buff|Skill|Ids
ADGBuffSkillParamEffectTick,TArray<StringId>,paramNameArray,参数名称数组,param|Name|Array
ADGBuffSkillParamEffectTick,StringId,effectType,效果类型,effect|Type
ADGBuffSkillParamEffectTick,int32,filterConditionType,过滤条件类型,filter|Condition|Type
ADGBuffSkillParamEffectTick,int32,combineId,合并ID,combine|Id
ADGBuffSkillParamEffectTick,int32,funcIndex,函数索引,func|Index
ADGBuffSkillParamEffectTick,int32,slotType,槽位类型,slot|Type
ADGBuffSkillParamEffectTick,int32,SkillFuncType,技能函数类型,Skill|Func|Type
ADGBuffSkillParamEffectTick,bool,IsOnlyUpdateBuffParams,是否仅更新增益参数,Is|Only|Update|Buff|Params
ADGBuffSkillParamEffectTick,TArray<int32>,funcParamIndexArray,函数参数索引数组,func|Param|Index|Array
ADGChangeActorMeshPositionDuration,VInt3,meshOffset,网格偏移,mesh|Offset
ADGChangeActorMeshPositionDuration,int32,targetId,目标ID,target|Id
ADGDynamicIndicatorParamTick,TArray<StringId>,commonParam_ADGParamName,通用参数ADG参数名称,common|Param|ADG|Param|Name
ADGDynamicIndicatorParamTick,StringId,mainIndicatorSubstitutionResGuideDistance_ADGParamName,主指示器替换资源引导距离ADG参数名称,main|Indicator|Substitution|Res|Guide|Distance|ADG|Param|Name
ADGDynamicIndicatorParamTick,int32,skillID,技能ID,skill|ID
ADGDynamicIndicatorParamTick,TArray<int32>,commonParam_Index,通用参数索引,common|Param|Index
ADGEvaluateExpressTick,StringId,expression,表达式,expression
ADGEvaluateExpressTick,StringId,outputParamName,输出参数名称,output|Param|Name
ADGHitTriggerAgeParamEffectTick,StringId,paramName,参数名称,param|Name
ADGHitTriggerAgeParamEffectTick,int32,slottype,槽位类型,slottype
ADGHitTriggerAgeParamEffectTick,int32,ageParam,推进参数,age|Param
ADGParamDebugEffectTick,StringId,paramName,参数名称,param|Name
ADGParamDebugEffectTick,int32,duraTime,持续时间时间,dura|Time
ADGParamDebugEffectTick,bool,outputCurFrameNo,输出当前帧无,output|Cur|Frame|No
ADGParamPropertyTick,int32,paramType,参数类型,param|Type
ADGParamPropertyTick,int32,propertyType,属性类型,property|Type
ADGParamPropertyTick,int32,propertyValueType,属性值类型,property|Value|Type
ADGParamPropertyTick,int32,ugcpropertyType,UGC属性类型,ugcproperty|Type
ADGParamPropertyTick,int32,slotType,槽位类型,slot|Type
ADGParamPropertyTick,int32,refParamType,引用参数类型,ref|Param|Type
ADGParamPropertyTick,int32,refParamValueType,引用参数值类型,ref|Param|Value|Type
ADGParamPropertyTick,int32,uAwkenBuffId,u觉醒增益ID,u|Awken|Buff|Id
ADGParamPropertyTick,int32,buffID,增益ID,buff|ID
ADGParamPropertyTick,int32,actorIndex,角色索引,actor|Index
ADGParamPropertyTick,StringId,refParamName,引用参数名称,ref|Param|Name
ADGParamPropertyTick,StringId,actorCustomVarName,角色自定义变量名称,actor|Custom|Var|Name
ADGParticleSetEmissionRateEffectTick,int32,srcId,来源ID,src|Id
ADGParticleSetEmissionRateEffectTick,int32,particleId,粒子ID,particle|Id
ADGParticleSetEmissionRateEffectTick,StringId,namePattern,名称模式,name|Pattern
ADGParticleSetEmissionRateEffectTick,StringId,adgParamName,ADG参数名称,adg|Param|Name
ADGParticleSetMaterialParamEffectTick,StringId,materialFloatValueADGParamName,材质浮点值ADG参数名称,material|Float|Value|ADG|Param|Name
ADGParticleSetMaterialParamEffectTick,int32,srcId,来源ID,src|Id
ADGParticleSetMaterialParamEffectTick,int32,particleId,粒子ID,particle|Id
ADGParticleSetMaterialParamEffectTick,StringId,materialNamePattern,材质名称模式,material|Name|Pattern
ADGParticleSetMaterialParamEffectTick,StringId,materialFloatParamName,材质浮点参数名称,material|Float|Param|Name
ADGParticleSetSizeEffectTick,int32,srcId,来源ID,src|Id
ADGParticleSetSizeEffectTick,int32,particleId,粒子ID,particle|Id
ADGParticleSetSizeEffectTick,StringId,namePattern,名称模式,name|Pattern
ADGParticleSetSizeEffectTick,StringId,adgParamName,ADG参数名称,adg|Param|Name
ADGPassiveSkillCDEffectTick,StringId,paramName,参数名称,param|Name
ADGPassiveSkillCDEffectTick,int32,passiveId,被动ID,passive|Id
ADGPassiveSkillParamEffectTick,TArray<StringId>,passiveParamNameArray,被动参数名称数组,passive|Param|Name|Array
ADGPassiveSkillParamEffectTick,TArray<int32>,conditionParamIndexArray,条件参数索引数组,condition|Param|Index|Array
ADGPassiveSkillParamEffectTick,TArray<StringId>,conditionParamNameArray,条件参数名称数组,condition|Param|Name|Array
ADGPassiveSkillParamEffectTick,int32,passiveId,被动ID,passive|Id
ADGPassiveSkillParamEffectTick,int32,conditionIndex,条件索引,condition|Index
ADGPassiveSkillParamEffectTick,TArray<int32>,passiveParamIndexArray,被动参数索引数组,passive|Param|Index|Array
ADGRefParamGrowthTick,StringId,expression,表达式,expression
ADGRefParamGrowthTick,StringId,applyRefParamName,施加引用参数名称,apply|Ref|Param|Name
ADGRefParamGrowthTick,int32,paramType,参数类型,param|Type
ADGRefParamGrowthTick,int32,propertyType,属性类型,property|Type
ADGRefParamGrowthTick,int32,propertyValueType,属性值类型,property|Value|Type
ADGRefParamGrowthTick,int32,ugcpropertyType,UGC属性类型,ugcproperty|Type
ADGRefParamGrowthTick,int32,slotType,槽位类型,slot|Type
ADGRefParamGrowthTick,int32,refParamType,引用参数类型,ref|Param|Type
ADGRefParamGrowthTick,int32,refParamValueType,引用参数值类型,ref|Param|Value|Type
ADGRefParamGrowthTick,int32,uAwkenBuffId,u觉醒增益ID,u|Awken|Buff|Id
ADGRefParamGrowthTick,int32,buffID,增益ID,buff|ID
ADGRefParamGrowthTick,int32,actorIndex,角色索引,actor|Index
ADGRefParamGrowthTick,int32,valueLimitMin,值限制最小,value|Limit|Min
ADGRefParamGrowthTick,int32,valueLimitMax,值限制最大,value|Limit|Max
ADGRefParamGrowthTick,int32,expType,经验类型,exp|Type
ADGRefParamGrowthTick,int32,expParam,经验参数,exp|Param
ADGRefParamGrowthTick,int32,growthType,成长类型,growth|Type
ADGRefParamGrowthTick,int32,applyRefParamType,施加引用参数类型,apply|Ref|Param|Type
ADGRefParamGrowthTick,bool,isNotifyUI,是否通知UI,is|Notify|UI
ADGRefParamGrowthTick,bool,forceRefreshValueImmediately,力刷新值立即,force|Refresh|Value|Immediately
ADGRefParamGrowthTick,StringId,refParamName,引用参数名称,ref|Param|Name
ADGRefParamGrowthTick,StringId,actorCustomVarName,角色自定义变量名称,actor|Custom|Var|Name
ADGScaleEffectTick,StringId,scaleXParamName,缩放X参数名称,scale|X|Param|Name
ADGScaleEffectTick,StringId,scaleYParamName,缩放Y参数名称,scale|Y|Param|Name
ADGScaleEffectTick,StringId,scaleZParamName,缩放Z参数名称,scale|Z|Param|Name
ADGScaleEffectTick,int32,scaleTargetType,缩放目标类型,scale|Target|Type
ADGScaleEffectTick,StringId,meshSubNodeName,网格子节点名称,mesh|Sub|Node|Name
ADGScaleEffectTick,StringId,cldScaleParamName,冷却缩放参数名称,cld|Scale|Param|Name
ADGScaleParticleEffectDuration,StringId,scaleZParamName,缩放Z参数名称,scale|Z|Param|Name
ADGScaleParticleEffectDuration,int32,srcId,来源ID,src|Id
ADGScaleParticleEffectDuration,int32,particleId,粒子ID,particle|Id
ADGScaleParticleEffectDuration,StringId,scaleXParamName,缩放X参数名称,scale|X|Param|Name
ADGScaleParticleEffectDuration,StringId,scaleYParamName,缩放Y参数名称,scale|Y|Param|Name
ADGScaleParticleEffectTick,StringId,scaleZParamName,缩放Z参数名称,scale|Z|Param|Name
ADGScaleParticleEffectTick,int32,srcId,来源ID,src|Id
ADGScaleParticleEffectTick,int32,particleId,粒子ID,particle|Id
ADGScaleParticleEffectTick,StringId,scaleXParamName,缩放X参数名称,scale|X|Param|Name
ADGScaleParticleEffectTick,StringId,scaleYParamName,缩放Y参数名称,scale|Y|Param|Name
ADGSkillAgeExtentEffectTick,StringId,actionName,动作名称,action|Name
ADGSkillAgeExtentEffectTick,int32,extentType,范围类型,extent|Type
ADGSkillAgeExtentEffectTick,int32,extantPointTime,现存点时间,extant|Point|Time
ADGSkillAgeExtentEffectTick,StringId,paramName,参数名称,param|Name
ADGSkillAgeExtentEffectTick,StringId,actionPath,动作路径,action|Path
ADGSkillAgeSpeedEffectTick,StringId,actionPath,动作路径,action|Path
ADGSkillAgeSpeedEffectTick,StringId,paramName,参数名称,param|Name
ADGSkillAgeSpeedEffectTick,StringId,actionName,动作名称,action|Name
ADGSkillAtkRangeEffectTick,StringId,paramName,参数名称,param|Name
ADGSkillAtkRangeEffectTick,int32,slotType,槽位类型,slot|Type
ADGSkillAtkRangeEffectTick,TArray<int32>,skillIds,技能ID,skill|Ids
ADGSkillBeanEffectTick,int32,slotType,槽位类型,slot|Type
ADGSkillBeanEffectTick,StringId,upLimitParamName,上限制参数名称,up|Limit|Param|Name
ADGSkillBeanEffectTick,StringId,cdParamName,冷却参数名称,cd|Param|Name
ADGSkillCDEffectTick,StringId,paramName,参数名称,param|Name
ADGSkillCDEffectTick,int32,skillId,技能ID,skill|Id
ADGSkillCDEffectTick,bool,applyLast,施加最后,apply|Last
ADGSkillChangeFilterTick,StringId,paramName,参数名称,param|Name
ADGSkillChangeFilterTick,int32,skillId,技能ID,skill|Id
ADGSkillHemophagiaRateEffectTick,StringId,paramName,参数名称,param|Name
ADGSkillHemophagiaRateEffectTick,int32,slottype,槽位类型,slottype
ADGSkillHemophagiaRateEffectTick,int32,hurtType,伤害类型,hurt|Type
ADGSkillHemophagiaRateEffectTick,bool,bSkipWhenCanHemophagia,跳过当可吸血,b|Skip|When|Can|Hemophagia
ADGSkillIndicatorSizeTick,int32,skillID,技能ID,skill|ID
ADGSkillIndicatorSizeTick,int32,slotType,槽位类型,slot|Type
ADGSkillIndicatorSizeTick,int32,indicatorIndex,指示器索引,indicator|Index
ADGSkillIndicatorSizeTick,bool,needCheckSkillId,需要检查技能ID,need|Check|Skill|Id
ADGSkillIndicatorSizeTick,StringId,widthParamName,宽度参数名称,width|Param|Name
ADGSkillIndicatorSizeTick,StringId,lengthParamName,长度参数名称,length|Param|Name
ADGSkillParamEffectTick,StringId,paramName,参数名称,param|Name
ADGSkillParamEffectTick,int32,skillParamName,技能参数名称,skill|Param|Name
ADGSkillParamEffectTick,TArray<int32>,skillIds,技能ID,skill|Ids
ADGUpdateActionRefParamDuration,int32,updateInterval,更新间隔,update|Interval
ADGUpdateActionRefParamDuration,StringId,paramName,参数名称,param|Name
ADGUpdateActionRefParamDuration,int32,actorId,角色ID,actor|Id
AGESendTLogEvent,bool,bUseCertainParam,使用特定参数,b|Use|Certain|Param
AGESendTLogEvent,bool,boolParam1,布尔参数1,bool|Param|1
AGESendTLogEvent,bool,boolParam2,布尔参数2,bool|Param|2
AGESendTLogEvent,bool,boolParam3,布尔参数3,bool|Param|3
AGESendTLogEvent,int32,actorId,角色ID,actor|Id
AGESendTLogEvent,int32,eventId,事件ID,event|Id
AGESendTLogEvent,int32,eventType,事件类型,event|Type
AGESendTLogEvent,int32,actorParam,角色参数,actor|Param
AGESendTLogEvent,int32,intParam1,整数参数1,int|Param|1
AGESendTLogEvent,int32,intParam2,整数参数2,int|Param|2
AGESendTLogEvent,int32,intParam3,整数参数3,int|Param|3
AGESetActorDataTick,int32,targetId,目标ID,target|Id
AGESetActorDataTick,int32,dataType,数据类型,data|Type
AGESetActorDataTick,int32,intParam,整数参数,int|Param
AGESetActorDataTick,bool,boolParam,布尔参数,bool|Param
AbortSkillTick,int32,TargetID,目标ID,Target|ID
AbortSkillTick,int32,SlotType,槽位类型,Slot|Type
ActorActionDuration,int32,targetId,目标ID,target|Id
ActorAddEquipTick,int32,targetId,目标ID,target|Id
ActorAddEquipTick,int32,effectTime,效果时间,effect|Time
ActorAddEquipTick,int32,equipID,装备ID,equip|ID
ActorAddEquipTick,bool,tempUseEquip,临时使用装备,temp|Use|Equip
ActorBuffTick,int32,actorType,角色类型,actor|Type
ActorBuffTick,int32,PlayerCamp,玩家阵营,Player|Camp
ActorBuffTick,int32,configId,配置ID,config|Id
ActorBuffTick,int32,BuffID,增益ID,Buff|ID
ActorBuffTick,bool,bSkipDead,跳过死亡,b|Skip|Dead
ActorCopyProperty,int32,actorId,角色ID,actor|Id
ActorCopyProperty,int32,targetId,目标ID,target|Id
ActorHighCheckDuration,int32,targetId,目标ID,target|Id
ActorHighCheckDuration,int32,high,高,high
ActorHighCheckDuration,int32,skillCombineId,技能合并ID,skill|Combine|Id
ActorHighCheckDuration,int32,checkType,检查类型,check|Type
ActorIntermittentSprintDuration,int32,restartAcceleration,重启加速度,restart|Acceleration
ActorIntermittentSprintDuration,int32,restartSpeedLimit,重启速度限制,restart|Speed|Limit
ActorIntermittentSprintDuration,int32,actorId,角色ID,actor|Id
ActorIntermittentSprintDuration,int32,monitorBuffID,监视器增益ID,monitor|Buff|ID
ActorIntermittentSprintDuration,int32,initSpeed,初始化速度,init|Speed
ActorIntermittentSprintDuration,int32,initAcceleration,初始化加速度,init|Acceleration
ActorIntermittentSprintDuration,int32,initSpeedLimit,初始化速度限制,init|Speed|Limit
ActorIntermittentSprintDuration,int32,restartSpeed,重启速度,restart|Speed
ActorMoveBackDuration,int32,beginBuff,开始增益,begin|Buff
ActorMoveBackDuration,bool,bUseSaveTime,使用保存时间,b|Use|Save|Time
ActorMoveBackDuration,bool,bOnlyCheckSlot,仅检查槽位,b|Only|Check|Slot
ActorMoveBackDuration,int32,srcId,来源ID,src|Id
ActorMoveBackDuration,int32,targetId,目标ID,target|Id
ActorMoveBackDuration,int32,backTimeLength,返回时间长度,back|Time|Length
ActorMoveBackDuration,int32,saveTimeId,保存时间ID,save|Time|Id
ActorMoveBackDuration,int32,backType,返回类型,back|Type
ActorMoveBackDuration,int32,backSpeed,返回速度,back|Speed
ActorMoveBackSave,int32,srcId,来源ID,src|Id
ActorMoveBackSave,bool,bRemove,移除,b|Remove
ActorPositionChangeEventListenerDuration,int32,actorId,角色ID,actor|Id
ActorReplaceMovingDuration,int32,sourceId,来源ID,source|Id
ActorReplaceMovingDuration,int32,targetId,目标ID,target|Id
ActorReplaceMovingDuration,int32,replaceMovingType,替换移动中类型,replace|Moving|Type
ActorReplaceMovingDuration,bool,setBehaviorMode,设置行为模式,set|Behavior|Mode
ActorReplaceMovingDuration,bool,bNoInheritMoveCmd,无继承移动指令,b|No|Inherit|Move|Cmd
ActorSnapshotDuration,TArray<StringId>,rendererMaterialPaths,渲染器材质路径,renderer|Material|Paths
ActorSnapshotDuration,TArray<StringId>,filterObjNameArray,过滤对象名称数组,filter|Obj|Name|Array
ActorSnapshotDuration,TArray<StringId>,paramNames,参数名称,param|Names
ActorSnapshotDuration,TArray<float>,paramStartValue,参数开始值,param|Start|Value
ActorSnapshotDuration,TArray<float>,paramEndValue,参数结束值,param|End|Value
ActorSnapshotDuration,TArray<StringId>,vector3ParamNames,向量3参数名称,vector|3|Param|Names
ActorSnapshotDuration,TArray<Vector3>,vector3ParamStartValue,向量3参数开始值,vector|3|Param|Start|Value
ActorSnapshotDuration,TArray<Vector3>,vector3ParamEndValue,向量3参数结束值,vector|3|Param|End|Value
ActorSnapshotDuration,TArray<StringId>,textureParams,贴图参数,texture|Params
ActorSnapshotDuration,VInt3,moveDir,移动方向,move|Dir
ActorSnapshotDuration,VInt3,vector3PositionOffset,向量3位置偏移,vector|3|Position|Offset
ActorSnapshotDuration,StringId,materialPath,材质路径,material|Path
ActorSnapshotDuration,int32,sourceId,来源ID,source|Id
ActorSnapshotDuration,int32,targetId,目标ID,target|Id
ActorSnapshotDuration,int32,saveSnapObjId,保存吸附对象ID,save|Snap|Obj|Id
ActorSnapshotDuration,int32,moveSpeed,移动速度,move|Speed
ActorSnapshotDuration,int32,acceleration,加速度,acceleration
ActorSnapshotDuration,int32,moveTimeLen,移动时间长度,move|Time|Len
ActorSnapshotDuration,int32,beginColorAlpha,开始颜色透明度,begin|Color|Alpha
ActorSnapshotDuration,int32,endColorAlpha,结束颜色透明度,end|Color|Alpha
ActorSnapshotDuration,int32,discolorStartTime,变色开始时间,discolor|Start|Time
ActorSnapshotDuration,int32,discolorTimeLen,变色时间长度,discolor|Time|Len
ActorSnapshotDuration,int32,revertColorStartTime,还原颜色开始时间,revert|Color|Start|Time
ActorSnapshotDuration,int32,revertColorTimeLen,还原颜色时间长度,revert|Color|Time|Len
ActorSnapshotDuration,int32,iSkinId,i皮肤ID,i|Skin|Id
ActorSnapshotDuration,int32,moveDirYRotation,移动方向Y旋转,move|Dir|Y|Rotation
ActorSnapshotDuration,int32,LodMask,LOD掩码,Lod|Mask
ActorSnapshotDuration,int32,visibleRefObjId,可见引用对象ID,visible|Ref|Obj|Id
ActorSnapshotDuration,bool,bUseLodPath,使用LOD路径,b|Use|Lod|Path
ActorSnapshotDuration,bool,bFuzzyMatching,模糊匹配,b|Fuzzy|Matching
ActorSnapshotDuration,bool,bUseTintColor,使用染色颜色,b|Use|Tint|Color
ActorSnapshotDuration,bool,bUseXYZCoordinateMove,使用XYZ坐标移动,b|Use|XYZ|Coordinate|Move
ActorSnapshotDuration,bool,bFilterIdleBehavior,过滤待机行为,b|Filter|Idle|Behavior
ActorSnapshotDuration,bool,bFilterInHardControl,过滤内硬控制,b|Filter|In|Hard|Control
ActorSnapshotDuration,bool,bUseTargetMaterial,使用目标材质,b|Use|Target|Material
ActorSnapshotDuration,bool,bSyncTargetPosAndDir,同步目标位置和方向,b|Sync|Target|Pos|And|Dir
ActorSnapshotDuration,bool,bSyncTargetAnim,同步目标动画,b|Sync|Target|Anim
ActorSnapshotDuration,bool,bFilterDead,过滤死亡,b|Filter|Dead
ActorSnapshotDuration,TArray<StringId>,rendererNames,渲染器名称,renderer|Names
ActorSprintDuration,StringId,moveSpeedDeltaVarName,移动速度增量变量名称,move|Speed|Delta|Var|Name
ActorSprintDuration,StringId,accelerSpeedDeltaVarName,加速速度增量变量名称,acceler|Speed|Delta|Var|Name
ActorSprintDuration,int32,targetId,目标ID,target|Id
ActorSprintDuration,int32,moveSpeed,移动速度,move|Speed
ActorSprintDuration,int32,rotateSpeed,旋转速度,rotate|Speed
ActorSprintDuration,int32,accelerSpeed,加速速度,acceler|Speed
ActorSprintDuration,int32,maxMoveSpeed,最大移动速度,max|Move|Speed
ActorSprintDuration,int32,minMoveSpeed,最小移动速度,min|Move|Speed
ActorSprintDuration,int32,pauseMoveLimitedCount,暂停移动受限计数,pause|Move|Limited|Count
ActorSprintDuration,int32,rebounceAddSpeed,反弹添加速度,rebounce|Add|Speed
ActorSprintDuration,int32,rebounceByActorTypeMask,反弹由角色类型掩码,rebounce|By|Actor|Type|Mask
ActorSprintDuration,int32,maxRebounceCount,最大反弹计数,max|Rebounce|Count
ActorSprintDuration,int32,maxMoveDistance,最大移动距离,max|Move|Distance
ActorSprintDuration,int32,chargeMoveDistance,蓄力移动距离,charge|Move|Distance
ActorSprintDuration,int32,maxMoveTime,最大移动时间,max|Move|Time
ActorSprintDuration,int32,chargeMoveTime,蓄力移动时间,charge|Move|Time
ActorSprintDuration,int32,SyncMoveType,同步移动类型,Sync|Move|Type
ActorSprintDuration,int32,dynamicSpeedVarActorId,动态速度变量角色ID,dynamic|Speed|Var|Actor|Id
ActorSprintDuration,int32,moveCmdActorId,移动指令角色ID,move|Cmd|Actor|Id
ActorSprintDuration,bool,bSyncTargetMoveSpeedChange,同步目标移动速度变更,b|Sync|Target|Move|Speed|Change
ActorSprintDuration,bool,bIgnoreDynamicBlock,忽略动态阻挡,b|Ignore|Dynamic|Block
ActorSprintDuration,bool,bPauseWhenMoveLimited,暂停当移动受限,b|Pause|When|Move|Limited
ActorSprintDuration,bool,bRebounce,反弹,b|Rebounce
ActorSprintDuration,bool,extMaxTimeWhenRebounce,扩展最大时间当反弹,ext|Max|Time|When|Rebounce
ActorSprintDuration,bool,bMaxMoveDistance,最大移动距离,b|Max|Move|Distance
ActorSprintDuration,bool,bMaxMoveTime,最大移动时间,b|Max|Move|Time
ActorSprintDuration,bool,bAffectByAGESpeed,影响由AGE速度,b|Affect|By|AGE|Speed
ActorSprintDuration,bool,bConditionIgnoreHit,条件忽略命中,b|Condition|Ignore|Hit
ActorSprintDuration,bool,bIgnoreAreaLimit,忽略区域限制,b|Ignore|Area|Limit
ActorSprintDuration,bool,bLogicRotOnly,逻辑旋转仅,b|Logic|Rot|Only
ActorSprintDuration,bool,filterSmooth,过滤平滑,filter|Smooth
ActorSprintDuration,bool,bLerpWithNormalMove,插值与普通移动,b|Lerp|With|Normal|Move
ActorSprintDuration,bool,bIgnoreNavMesh,忽略导航网格,b|Ignore|Nav|Mesh
ActorSprintDuration,bool,bIgnoreNavMeshBounds,忽略导航网格边界,b|Ignore|Nav|Mesh|Bounds
ActorSprintDuration,bool,bUseDynamicSpeedParam,使用动态速度参数,b|Use|Dynamic|Speed|Param
ActorSprintDuration,StringId,recordMaxMoveTimeName,记录最大移动时间名称,record|Max|Move|Time|Name
ActorSprintDuration,StringId,moveDistOut,移动距离外,move|Dist|Out
ActorTeleportToBackPos,int32,srcId,来源ID,src|Id
ActorTeleportToBackPos,int32,targetId,目标ID,target|Id
ActorTeleportToBackPos,int32,backTimeLength,返回时间长度,back|Time|Length
ActorTeleportToBackPos,bool,bUseSaveTime,使用保存时间,b|Use|Save|Time
ActorUndergroundDuration,int32,RecoverTime,恢复时间,Recover|Time
ActorUndergroundDuration,bool,bPickFlyTerminateDownState,拾取飞行终止下状态,b|Pick|Fly|Terminate|Down|State
ActorUndergroundDuration,int32,targetId,目标ID,target|Id
ActorUndergroundDuration,int32,depth,深度,depth
ActorUndergroundDuration,TFix<13>,DownVelocity,下速度,Down|Velocity
ActorUndergroundDuration,TFix<13>,DownAcceleration,下加速度,Down|Acceleration
ActorUndergroundDuration,TFix<13>,UpVelocity,上速度,Up|Velocity
ActorUndergroundDuration,TFix<13>,UpAcceleration,上加速度,Up|Acceleration
AddADGParamDuration,StringId,expression,表达式,expression
AddADGParamDuration,StringId,paramName,参数名称,param|Name
AddADGParamDuration,int32,srcId,来源ID,src|Id
AddADGParamDuration,int32,paramType,参数类型,param|Type
AddADGParamDuration,int32,propertyType,属性类型,property|Type
AddADGParamDuration,int32,propertyValueType,属性值类型,property|Value|Type
AddADGParamDuration,int32,ugcpropertyType,UGC属性类型,ugcproperty|Type
AddADGParamDuration,int32,slotType,槽位类型,slot|Type
AddADGParamDuration,int32,refParamType,引用参数类型,ref|Param|Type
AddADGParamDuration,int32,refParamValueType,引用参数值类型,ref|Param|Value|Type
AddADGParamDuration,int32,uAwkenBuffId,u觉醒增益ID,u|Awken|Buff|Id
AddADGParamDuration,int32,buffID,增益ID,buff|ID
AddADGParamDuration,int32,actorIndex,角色索引,actor|Index
AddADGParamDuration,int32,valueLimitMin,值限制最小,value|Limit|Min
AddADGParamDuration,int32,valueLimitMax,值限制最大,value|Limit|Max
AddADGParamDuration,int32,expType,经验类型,exp|Type
AddADGParamDuration,int32,expParam,经验参数,exp|Param
AddADGParamDuration,int32,growthType,成长类型,growth|Type
AddADGParamDuration,bool,isNotifyUI,是否通知UI,is|Notify|UI
AddADGParamDuration,bool,forceRefreshValueImmediately,力刷新值立即,force|Refresh|Value|Immediately
AddADGParamDuration,StringId,refParamName,引用参数名称,ref|Param|Name
AddADGParamDuration,StringId,actorCustomVarName,角色自定义变量名称,actor|Custom|Var|Name
AddADGParamTick,StringId,expression,表达式,expression
AddADGParamTick,StringId,paramName,参数名称,param|Name
AddADGParamTick,int32,paramType,参数类型,param|Type
AddADGParamTick,int32,propertyType,属性类型,property|Type
AddADGParamTick,int32,propertyValueType,属性值类型,property|Value|Type
AddADGParamTick,int32,ugcpropertyType,UGC属性类型,ugcproperty|Type
AddADGParamTick,int32,slotType,槽位类型,slot|Type
AddADGParamTick,int32,refParamType,引用参数类型,ref|Param|Type
AddADGParamTick,int32,refParamValueType,引用参数值类型,ref|Param|Value|Type
AddADGParamTick,int32,uAwkenBuffId,u觉醒增益ID,u|Awken|Buff|Id
AddADGParamTick,int32,buffID,增益ID,buff|ID
AddADGParamTick,int32,actorIndex,角色索引,actor|Index
AddADGParamTick,int32,valueLimitMin,值限制最小,value|Limit|Min
AddADGParamTick,int32,valueLimitMax,值限制最大,value|Limit|Max
AddADGParamTick,int32,expType,经验类型,exp|Type
AddADGParamTick,int32,expParam,经验参数,exp|Param
AddADGParamTick,int32,growthType,成长类型,growth|Type
AddADGParamTick,bool,isNotifyUI,是否通知UI,is|Notify|UI
AddADGParamTick,bool,forceRefreshValueImmediately,力刷新值立即,force|Refresh|Value|Immediately
AddADGParamTick,StringId,refParamName,引用参数名称,ref|Param|Name
AddADGParamTick,StringId,actorCustomVarName,角色自定义变量名称,actor|Custom|Var|Name
AddActorMaterialDuration,TArray<StringId>,filterObjNameArray,过滤对象名称数组,filter|Obj|Name|Array
AddActorMaterialDuration,StringId,materialPath,材质路径,material|Path
AddActorMaterialDuration,int32,targetId,目标ID,target|Id
AddActorMaterialDuration,bool,bFuzzyMatching,模糊匹配,b|Fuzzy|Matching
AddActorMaterialDuration,bool,enableMeshRenderer,启用网格渲染器,enable|Mesh|Renderer
AddActorMaterialDuration,bool,useLod,使用LOD,use|Lod
AddActorMaterialDuration,TArray<StringId>,objectNameArray,对象名称数组,object|Name|Array
AddAtkRangeForTarget,int32,srcId,来源ID,src|Id
AddAtkRangeForTarget,int32,targetId,目标ID,target|Id
AddAtkRangeForTarget,int32,extraRange,额外范围,extra|Range
AddBuffStaticFlagTick,int32,Flag,标记,Flag
AddGoldInBattle,int32,iGoldToAdd,i金币到添加,i|Gold|To|Add
AddGoldInBattle,int32,PlayerCamp,玩家阵营,Player|Camp
AddGoldInBattle,bool,bAddToAI,添加到AI,b|Add|To|AI
AddGrassPosDuration,int32,actorId,角色ID,actor|Id
AddGrassPosDuration,uint32,gridSize,网格尺寸,grid|Size
AddHeroIncomeByCacheTick,bool,bAddExp,添加经验,b|Add|Exp
AddHeroIncomeByCacheTick,bool,bAddGold,添加金币,b|Add|Gold
AddHeroIncomeByCacheTick,bool,bGoldFloatDigit,金币浮点数字,b|Gold|Float|Digit
AddHeroIncomeByCacheTick,bool,bIgnoreDead,忽略死亡,b|Ignore|Dead
AddHeroIncomeByCacheTick,bool,AllowIncompleteTimeFrame,允许未完成时间帧,Allow|Incomplete|Time|Frame
AddHeroIncomeByCacheTick,int32,targetId,目标ID,target|Id
AddHeroIncomeByCacheTick,int32,expRatio,经验比例,exp|Ratio
AddHeroIncomeByCacheTick,int32,expSource,经验来源,exp|Source
AddHeroIncomeByCacheTick,int32,goldRatio,金币比例,gold|Ratio
AddHeroIncomeByCacheTick,int32,goldSource,金币来源,gold|Source
AddHeroIncomeByCacheTick,int32,backTrackDurationMs,返回追踪持续时间毫秒,back|Track|Duration|Ms
AddHeroIncomeByCacheTick,int32,backTrackStartOffsetMs,返回追踪开始偏移毫秒,back|Track|Start|Offset|Ms
AddHeroMinimapIconExtraScaleDuration,int32,targetId,目标ID,target|Id
AddHeroMinimapIconExtraScaleDuration,int32,incScale,增缩放,inc|Scale
AddItemMakingCoin,int32,actorId,角色ID,actor|Id
AddItemMakingCoin,int32,CoinNum,金币数量,Coin|Num
AddMutiADGParamDuration,StringId,expression,表达式,expression
AddMutiADGParamDuration,StringId,paramName,参数名称,param|Name
AddMutiADGParamDuration,int32,valueLimitMin,值限制最小,value|Limit|Min
AddMutiADGParamDuration,int32,valueLimitMax,值限制最大,value|Limit|Max
AddMutiADGParamDuration,int32,growthType,成长类型,growth|Type
AddMutiADGParamDuration,bool,isNotifyUI,是否通知UI,is|Notify|UI
AddMutiADGParamDuration,bool,forceRefreshValueImmediately,力刷新值立即,force|Refresh|Value|Immediately
AddMutiADGParamDuration,TArray<int32>,propertys,属性,propertys
AddMutiADGParamTick,StringId,expression,表达式,expression
AddMutiADGParamTick,StringId,paramName,参数名称,param|Name
AddMutiADGParamTick,int32,valueLimitMin,值限制最小,value|Limit|Min
AddMutiADGParamTick,int32,valueLimitMax,值限制最大,value|Limit|Max
AddMutiADGParamTick,int32,growthType,成长类型,growth|Type
AddMutiADGParamTick,bool,isNotifyUI,是否通知UI,is|Notify|UI
AddMutiADGParamTick,bool,forceRefreshValueImmediately,力刷新值立即,force|Refresh|Value|Immediately
AddMutiADGParamTick,TArray<int32>,propertys,属性,propertys
AddObjMaterialDuration,TArray<StringId>,filterObjNameArray,过滤对象名称数组,filter|Obj|Name|Array
AddObjMaterialDuration,StringId,materialPath,材质路径,material|Path
AddObjMaterialDuration,int32,targetId,目标ID,target|Id
AddObjMaterialDuration,bool,bFuzzyMatching,模糊匹配,b|Fuzzy|Matching
AddObjMaterialDuration,bool,enableMeshRenderer,启用网格渲染器,enable|Mesh|Renderer
AddObjMaterialDuration,bool,useLod,使用LOD,use|Lod
AddObjMaterialDuration,TArray<StringId>,objectNameArray,对象名称数组,object|Name|Array
AddRVOAgentDuration,int32,srcId,来源ID,src|Id
AddRVOAgentDuration,int32,systemId,系统ID,system|Id
AddRVOAgentDuration,int32,radius,半径,radius
AddShipDriftModeForceTick,int32,actorId,角色ID,actor|Id
AddShipDriftModeForceTick,int32,forceValue,力值,force|Value
AddShipDriftModeForceTick,int32,dirType,方向类型,dir|Type
AddShipDriftModeForceTick,int32,angleOffset,角度偏移,angle|Offset
AddShipDriftModeForceTick,int32,massCoefficient,质量系数,mass|Coefficient
AddSkillBeanTick,int32,targetId,目标ID,target|Id
AddSkillBeanTick,int32,slotType,槽位类型,slot|Type
AddSkillBeanTick,int32,addLimitNum,添加限制数量,add|Limit|Num
AddSkillBeanTick,int32,addNum,添加数量,add|Num
AddStateTagTickClient,int32,targetId,目标ID,target|Id
AddStateTagTickClient,int32,tagId,标签ID,tag|Id
AddToCharacterCollisionDuration,int32,srcId,来源ID,src|Id
AddUIDisableFlagDuration,int32,targetId,目标ID,target|Id
AddUIDisableFlagDuration,int32,slotType,槽位类型,slot|Type
AdjustLoopBulletAngularSpeedDuration,int32,actorId,角色ID,actor|Id
AdjustLoopBulletAngularSpeedDuration,int32,rotateSpd,旋转速度,rotate|Spd
AdjustLoopBulletAngularSpeedDuration,int32,adjustTime,调整时间,adjust|Time
AdjustLoopBulletDuration,int32,actorId,角色ID,actor|Id
AdjustLoopBulletDuration,int32,rotateSpd,旋转速度,rotate|Spd
AdjustLoopBulletDuration,int32,rotateRadius,旋转半径,rotate|Radius
AdjustLoopBulletDuration,int32,rotateHeight,旋转高度,rotate|Height
AdjustLoopBulletDuration,int32,adjustTime,调整时间,adjust|Time
AdjustLoopBulletHeightDuration,int32,actorId,角色ID,actor|Id
AdjustLoopBulletHeightDuration,int32,rotateHeight,旋转高度,rotate|Height
AdjustLoopBulletHeightDuration,int32,adjustTime,调整时间,adjust|Time
AdjustLoopBulletRadiusDuration,int32,actorId,角色ID,actor|Id
AdjustLoopBulletRadiusDuration,int32,rotateRadius,旋转半径,rotate|Radius
AdjustLoopBulletRadiusDuration,int32,adjustTime,调整时间,adjust|Time
AdjustParticlePlaySpeedTick,int32,objectId,对象ID,object|Id
AdjustParticlePlaySpeedTick,int32,speed,速度,speed
AdjustParticlePlaySpeedTick,float,param1,参数1,param|1
AdjustParticlePlaySpeedTick,float,param2,参数2,param|2
AdjustParticlePlaySpeedTick,float,param3,参数3,param|3
AdjustParticleTransformTick,int32,objectId,对象ID,object|Id
AdjustParticleTransformTick,int32,refActorId,引用角色ID,ref|Actor|Id
AdjustParticleTransformTick,int32,scaleFactorOffset,缩放系数偏移,scale|Factor|Offset
AdjustParticleTransformTick,int32,unityObjSetLossyScaleFactor,Unity对象设置有损缩放系数,unity|Obj|Set|Lossy|Scale|Factor
AdjustParticleTransformTick,bool,bFitVolume,适配体积,b|Fit|Volume
AdjustParticleTransformTick,bool,bFitHeight,适配高度,b|Fit|Height
AdjustParticleTransformTick,bool,bScaleRootOnly,缩放根仅,b|Scale|Root|Only
AdjustParticleTransformTick,bool,bKeepUnityObjSetScale,保持Unity对象设置缩放,b|Keep|Unity|Obj|Set|Scale
AnchorRoomSuperWaveStartTick,int32,actorId,角色ID,actor|Id
AnchorRoomSuperWaveStartTick,int32,setLastTime,设置最后时间,set|Last|Time
AnchorRoomSuperWaveStartTick,int32,barrageNum,弹幕数量,barrage|Num
AnimationIKDuration,int32,actorId,角色ID,actor|Id
AnimationIKDuration,int32,targetId,目标ID,target|Id
AnimationIKDuration,int32,enterTime,进入时间,enter|Time
AnimationIKDuration,int32,leaveTime,离开时间,leave|Time
AnimationIKDuration,int32,delayLeaveTime,延迟离开时间,delay|Leave|Time
ApplyGravityTick,int32,targetId,目标ID,target|Id
ApplyGravityTick,bool,bEnable,启用,b|Enable
AreaTriggerDuration,StringId,actionName,动作名称,action|Name
AreaTriggerDuration,int32,triggerId,触发ID,trigger|Id
AreaTriggerDuration,int32,attackerId,攻击者ID,attacker|Id
AreaTriggerDuration,int32,actorTypeMask,角色类型掩码,actor|Type|Mask
AreaTriggerDuration,int32,trackId,追踪ID,track|Id
AreaTriggerDuration,int32,actionLength,动作长度,action|Length
AreaTriggerDuration,bool,bOnlyCheckSelf,仅检查自身,b|Only|Check|Self
AreaTriggerDuration,bool,bIntersectWithShape,相交与形状,b|Intersect|With|Shape
AreaTriggerDuration,TArray<int32>,targetBuffIds,目标增益ID,target|Buff|Ids
AttackModeSwitchDuration,int32,targetId,目标ID,target|Id
AttackModeSwitchDuration,int32,searchDistance,搜索距离,search|Distance
AttackModeSwitchDuration,bool,bSwitchLastHitAndAttackOrganMode,切换最后命中和攻击器官模式,b|Switch|Last|Hit|And|Attack|Organ|Mode
AttackModeSwitchDuration,bool,bSwitchEnemyHeadMode,切换敌方头部模式,b|Switch|Enemy|Head|Mode
AttackModeSwitchDuration,bool,bSwitchCameraJoystickMode,切换相机摇杆模式,b|Switch|Camera|Joystick|Mode
AttackModeSwitchDuration,bool,bSwitchNormalAtkJoystickMode,切换普通攻击摇杆模式,b|Switch|Normal|Atk|Joystick|Mode
AutoAdjustHeightDuration,int32,rateLimit,速率限制,rate|Limit
AutoAdjustHeightDuration,int32,actorId,角色ID,actor|Id
AutoAdjustHeightDuration,int32,heightLerpSpeedUp,高度插值速度上,height|Lerp|Speed|Up
AutoAdjustHeightDuration,int32,heightLerpSpeedDown,高度插值速度下,height|Lerp|Speed|Down
AutoAdjustHeightDuration,int32,presetHeightSpeed,预设高度速度,preset|Height|Speed
AutoAdjustHeightDuration,int32,searchDir,搜索方向,search|Dir
AutoAdjustHeightDuration,int32,accumulateDeadZone,累积死亡区域,accumulate|Dead|Zone
AutoSetActionRefParamDuration,int32,actorId,角色ID,actor|Id
AutoSetActionRefParamDuration,int32,filterConditionType,过滤条件类型,filter|Condition|Type
AutoSetActionRefParamDuration,int32,slotType,槽位类型,slot|Type
AutoSetActionRefParamDuration,int32,refParamType,引用参数类型,ref|Param|Type
AutoSetActionRefParamDuration,int32,overlayType,叠加类型,overlay|Type
AutoSetActionRefParamDuration,VInt3,vint3RefParamValue,整型向量3引用参数值,vint3|Ref|Param|Value
AutoSetActionRefParamDuration,StringId,refParamName,引用参数名称,ref|Param|Name
BallControlDuration,StringId,rotateNode,旋转节点,rotate|Node
BallControlDuration,int32,ballId,球ID,ball|Id
BallControlDuration,int32,controllerId,控制器ID,controller|Id
BallControlDuration,int32,rotateBaseMoveSpeed,旋转基础移动速度,rotate|Base|Move|Speed
BallControlDuration,VInt3,posOffset,位置偏移,pos|Offset
BallControlDuration,VInt3,rotateSpeed,旋转速度,rotate|Speed
BattleActionDuration,int32,targetId,目标ID,target|Id
BattleActionDuration,bool,bMovable,可移动,b|Movable
BattleUIAnimationDuration,int32,targetId,目标ID,target|Id
BattleUIAnimationDuration,int32,battleUIAnimationResType,战斗UI动画资源类型,battle|UI|Animation|Res|Type
BattleUIAnimationDuration,bool,ignoreHostCtrl,忽略宿主控制,ignore|Host|Ctrl
BattleUIAnimationDuration,bool,dontDowngrade,不降级,dont|Downgrade
BattleUIAnimationDuration,StringId,prefab,预制体,prefab
BattleUIAnimationDuration,StringId,animName,动画名称,anim|Name
BattleUIAnimationTick,int32,targetId,目标ID,target|Id
BattleUIAnimationTick,int32,battleUIAnimationResType,战斗UI动画资源类型,battle|UI|Animation|Res|Type
BattleUIAnimationTick,bool,bPlay,播放,b|Play
BattleUIAnimationTick,bool,ignoreHostCtrl,忽略宿主控制,ignore|Host|Ctrl
BattleUIAnimationTick,bool,dontDowngrade,不降级,dont|Downgrade
BattleUIAnimationTick,StringId,prefab,预制体,prefab
BattleUIAnimationTick,StringId,animName,动画名称,anim|Name
BattleUiSwitcherTick,bool,bOpenOrClose,打开或关闭,b|Open|Or|Close
BattleUiSwitcherTick,bool,bIncludeBattleUi,包含战斗UI,b|Include|Battle|Ui
BattleUiSwitcherTick,bool,bIncludeBattleHero,包含战斗英雄,b|Include|Battle|Hero
BattleUiSwitcherTick,bool,bIncludeFpsForm,包含帧率形态,b|Include|Fps|Form
BattleUiSwitcherTick,bool,bIncludeCancleSkillBtn,包含取消技能按钮,b|Include|Cancle|Skill|Btn
BattleUiSwitcherTick,bool,bInclude3DUI,包含3DUI,b|Include|3|DUI
BattleUiSwitcherTick,bool,bIncludeMiniMap,包含迷你地图,b|Include|Mini|Map
BattleUiSwitcherTick,bool,bIncludeMoveCamera,包含移动相机,b|Include|Move|Camera
BattleUiWidgetSwtichTick,bool,bTurnOn,转向开,b|Turn|On
BattleUiWidgetSwtichTick,bool,bAutoAi,自动AI,b|Auto|Ai
BattleUiWidgetSwtichTick,bool,bFreeCamera,免费相机,b|Free|Camera
BattleUiWidgetSwtichTick,bool,bSettingMenu,设置菜单,b|Setting|Menu
BattleUiWidgetSwtichTick,bool,bBattleInfoView,战斗信息视图,b|Battle|Info|View
BattleUiWidgetSwtichTick,bool,bPauseBtn,暂停按钮,b|Pause|Btn
BattleUiWidgetSwtichTick,bool,bResumeBtn,恢复按钮,b|Resume|Btn
BattleUiWidgetSwtichTick,bool,bTrainingExit,训练退出,b|Training|Exit
BattleUiWidgetSwtichTick,bool,bDetailInfo,细节信息,b|Detail|Info
BattleUiWidgetSwtichTick,bool,bBattleTopRightPanel,战斗顶部右面板,b|Battle|Top|Right|Panel
BattleUiWidgetSwtichTick,bool,bBattleSinglePanel,战斗单个面板,b|Battle|Single|Panel
BattleUiWidgetSwtichTick,bool,bBattleShopBtn,战斗商店按钮,b|Battle|Shop|Btn
BattleUiWidgetSwtichTick,bool,bBattleShopBtnUILayer,战斗商店按钮UI层,b|Battle|Shop|Btn|UI|Layer
BattleUiWidgetSwtichTick,bool,bMultiCampTime,多重阵营时间,b|Multi|Camp|Time
BattleUiWidgetSwtichTick,bool,bGMPanel1,管理员面板1,b|GM|Panel|1
BattleUiWidgetSwtichTick,bool,bVideoBtn,视频按钮,b|Video|Btn
BeamAddWaypointActorDuration,int32,variableType,变量类型,variable|Type
BeamAddWaypointActorDuration,int32,variableActorId,变量角色ID,variable|Actor|Id
BeamAddWaypointActorDuration,int32,srcActorId,来源角色ID,src|Actor|Id
BeamAddWaypointActorDuration,bool,bSyncPos,同步位置,b|Sync|Pos
BeamAddWaypointActorDuration,StringId,beamSeqVariable,光束序列变量,beam|Seq|Variable
BeamAddWaypointActorDuration,int32,targetId,目标ID,target|Id
BeatBackDuration,int32,chargingDistance,蓄力中距离,charging|Distance
BeatBackDuration,int32,durationLengthFactor,持续时间长度系数,duration|Length|Factor
BeatBackDuration,int32,initSpeed,初始化速度,init|Speed
BeatBackDuration,int32,hurtAddSpeed,伤害添加速度,hurt|Add|Speed
BeatBackDuration,int32,extraSpeedUpperLimit,额外速度上限制,extra|Speed|Upper|Limit
BeatBackDuration,int32,accelerateSpeed,加速速度,accelerate|Speed
BeatBackDuration,int32,rotationTime,旋转时间,rotation|Time
BeatBackDuration,int32,dirType,方向类型,dir|Type
BeatBackDuration,int32,dirAngle,方向角度,dir|Angle
BeatBackDuration,int32,atteDistance,攻击距离,atte|Distance
BeatBackDuration,int32,checkType,检查类型,check|Type
BeatBackDuration,int32,minAdjustSpdDis,最小调整速度否,min|Adjust|Spd|Dis
BeatBackDuration,int32,maxAdjustSpdDis,最大调整速度否,max|Adjust|Spd|Dis
BeatBackDuration,int32,maxAdjustSpd,最大调整速度,max|Adjust|Spd
BeatBackDuration,bool,bSpeedCompensateForAgeLenFactor,速度补偿用于推进长度系数,b|Speed|Compensate|For|Age|Len|Factor
BeatBackDuration,bool,enableRotate,启用旋转,enable|Rotate
BeatBackDuration,bool,rotateToMoveDir,旋转到移动方向,rotate|To|Move|Dir
BeatBackDuration,bool,bDistAdjustSpd,距离调整速度,b|Dist|Adjust|Spd
BeatBackDuration,bool,bPauseWhenControl,暂停当控制,b|Pause|When|Control
BeatBackDuration,bool,continueLeftTimeWhenLeave,继续左时间当离开,continue|Left|Time|When|Leave
BeatBackDuration,VInt3,attackerPos,攻击者位置,attacker|Pos
BeatBackDuration,int32,attackerId,攻击者ID,attacker|Id
BeatBackDuration,int32,targetId,目标ID,target|Id
BeatBackDuration,int32,distanceLimit,距离限制,distance|Limit
BezierBulletDuration,VInt3,specifyCtrPt2,指定计数点2,specify|Ctr|Pt|2
BezierBulletDuration,VInt3,specifyCtrPt3,指定计数点3,specify|Ctr|Pt|3
BezierBulletDuration,VInt3,specifyEndPt,指定结束点,specify|End|Pt
BezierBulletDuration,VInt3,startOffset,开始偏移,start|Offset
BezierBulletDuration,VInt3,endOffset,结束偏移,end|Offset
BezierBulletDuration,int32,targetId,目标ID,target|Id
BezierBulletDuration,int32,chargingActorId,蓄力中角色ID,charging|Actor|Id
BezierBulletDuration,int32,destId,目标ID,dest|Id
BezierBulletDuration,int32,moveSpeed,移动速度,move|Speed
BezierBulletDuration,int32,moveAccelerate,移动加速,move|Accelerate
BezierBulletDuration,int32,moveMaxSpeed,移动最大速度,move|Max|Speed
BezierBulletDuration,int32,moveMinSpeed,移动最小速度,move|Min|Speed
BezierBulletDuration,int32,controlX,控制X,control|X
BezierBulletDuration,int32,controlY,控制Y,control|Y
BezierBulletDuration,int32,controlZ,控制Z,control|Z
BezierBulletDuration,int32,controlXInMoveDir,控制X内移动方向,control|X|In|Move|Dir
BezierBulletDuration,int32,controlYInMoveDir,控制Y内移动方向,control|Y|In|Move|Dir
BezierBulletDuration,int32,controlZInMoveDir,控制Z内移动方向,control|Z|In|Move|Dir
BezierBulletDuration,int32,maxHeightControl,最大高度控制,max|Height|Control
BezierBulletDuration,int32,pathRotDegree,路径旋转程度,path|Rot|Degree
BezierBulletDuration,bool,bUseIndicatorTargetPos,使用指示器目标位置,b|Use|Indicator|Target|Pos
BezierBulletDuration,bool,bUseIndicatorChargingPos,使用指示器蓄力中位置,b|Use|Indicator|Charging|Pos
BezierBulletDuration,bool,bUseIndicatorDir,使用指示器方向,b|Use|Indicator|Dir
BezierBulletDuration,bool,bSpecifyAllPoint,指定全部点,b|Specify|All|Point
BezierBulletDuration,bool,bTargetPrecisePosition,目标精确位置,b|Target|Precise|Position
BezierBulletDuration,bool,bUseRecordPos,使用记录位置,b|Use|Record|Pos
BezierBulletDuration,bool,bCalcOffsetUseMoveDir,计算偏移使用移动方向,b|Calc|Offset|Use|Move|Dir
BezierBulletDuration,bool,bFixEnd,固定结束,b|Fix|End
BezierBulletDuration,bool,bMinSpeed,最小速度,b|Min|Speed
BezierBulletDuration,bool,bDisAdjustControl,否调整控制,b|Dis|Adjust|Control
BezierBulletDuration,bool,bMoveRotate,移动旋转,b|Move|Rotate
BezierBulletDuration,bool,bParabola,抛物线,b|Parabola
BezierBulletDuration,bool,useMaxHeightControl,使用最大高度控制,use|Max|Height|Control
BezierBulletDuration,bool,bAdjustSpeed,调整速度,b|Adjust|Speed
BezierBulletDuration,bool,bCheckEndPoint,检查结束点,b|Check|End|Point
BezierBulletDuration,bool,bCheckBlock,检查阻挡,b|Check|Block
BezierBulletDuration,bool,bNotChangeForward,非变更前向,b|Not|Change|Forward
BezierBulletDuration,bool,bRotToTarget,旋转到目标,b|Rot|To|Target
BezierBulletDuration,bool,bUseMoveDistanceScale,使用移动距离缩放,b|Use|Move|Distance|Scale
BezierBulletDuration,bool,isNotCalConfusion,是否非计算混乱,is|Not|Cal|Confusion
BezierBulletDuration,VInt3,specifyStartPt,指定开始点,specify|Start|Pt
BezierBulletDuration,VInt3,specifyCtrPt1,指定计数点1,specify|Ctr|Pt|1
BindActorBluePrintInstTick,StringId,actorVarPath,角色变量路径,actor|Var|Path
BindActorBluePrintInstTick,StringId,resourceName,资源名称,resource|Name
BindActorBluePrintInstTick,int32,targetId,目标ID,target|Id
BindActorBluePrintInstTick,int32,OperationType,操作类型,Operation|Type
BindActorBluePrintInstTick,bool,bUniqueBinding,唯一绑定,b|Unique|Binding
BindActorBluePrintInstTick,bool,bUnBindTraget,未绑定目标,b|Un|Bind|Traget
BindActorBluePrintInstTick,bool,bClientMode,客户端模式,b|Client|Mode
BindActorBluePrintInstTick,TArray<StringId>,UnBindFilterPaths,未绑定过滤路径,Un|Bind|Filter|Paths
BindActorSlotDuration,int32,childMoveBaseOnSlotType,子级移动基础开槽位类型,child|Move|Base|On|Slot|Type
BindActorSlotDuration,bool,bUseOffsetNow,使用偏移当前,b|Use|Offset|Now
BindActorSlotDuration,bool,bOnlyFollowPos,仅跟随位置,b|Only|Follow|Pos
BindActorSlotDuration,bool,bCheckLimit,检查限制,b|Check|Limit
BindActorSlotDuration,bool,bGravityAdjust,重力调整,b|Gravity|Adjust
BindActorSlotDuration,bool,bValidatePositionWhenLeave,校验位置当离开,b|Validate|Position|When|Leave
BindActorSlotDuration,VInt3,translation,平移,translation
BindActorSlotDuration,int32,actorId,角色ID,actor|Id
BindActorSlotDuration,int32,targetId,目标ID,target|Id
BindActorSlotDuration,int32,gravityHeight,重力高度,gravity|Height
BlockDirDamageDuration,int32,actorId,角色ID,actor|Id
BlockDirDamageDuration,int32,resistDegree1,抗性程度1,resist|Degree|1
BlockDirDamageDuration,int32,resistDegree2,抗性程度2,resist|Degree|2
BlockDirDamageDuration,int32,resistType,抗性类型,resist|Type
BlockDirDamageDuration,int32,intParam,整数参数,int|Param
BlueprintCheckConditionDuration,StringId,evtName,事件名称,evt|Name
BlueprintCheckConditionDuration,int32,srcId,来源ID,src|Id
BlueprintCheckConditionDuration,int32,eventActorParamId,事件角色参数ID,event|Actor|Param|Id
BlueprintCheckConditionDuration,int32,eventActorParamId2,事件角色参数ID2,event|Actor|Param|Id|2
BlueprintCheckConditionDuration,int32,intParam,整数参数,int|Param
BlueprintCheckConditionDuration,int32,intParam2,整数参数2,int|Param|2
BlueprintCheckConditionDuration,int32,eventGameObjectParamId,事件游戏对象参数ID,event|Game|Object|Param|Id
BlueprintCheckConditionDuration,bool,bActorGraphEvent,角色图事件,b|Actor|Graph|Event
BlueprintCheckConditionDuration,TArray<StringId>,dynamicVars,动态变量,dynamic|Vars
BlueprintCheckConditionTick,StringId,evtName,事件名称,evt|Name
BlueprintCheckConditionTick,int32,srcId,来源ID,src|Id
BlueprintCheckConditionTick,int32,eventActorParamId,事件角色参数ID,event|Actor|Param|Id
BlueprintCheckConditionTick,int32,eventActorParamId2,事件角色参数ID2,event|Actor|Param|Id|2
BlueprintCheckConditionTick,int32,intParam,整数参数,int|Param
BlueprintCheckConditionTick,int32,intParam2,整数参数2,int|Param|2
BlueprintCheckConditionTick,int32,eventGameObjectParamId,事件游戏对象参数ID,event|Game|Object|Param|Id
BlueprintCheckConditionTick,bool,bActorGraphEvent,角色图事件,b|Actor|Graph|Event
BlueprintCheckConditionTick,TArray<StringId>,dynamicVars,动态变量,dynamic|Vars
BlueprintEventListener,StringId,bparam2,布尔参数2,bparam|2
BlueprintEventListener,StringId,iparam1,整型参数1,iparam|1
BlueprintEventListener,StringId,iparam2,整型参数2,iparam|2
BlueprintEventListener,StringId,vint3param1,整型3参数1,vint|3|param|1
BlueprintEventListener,StringId,vint3param2,整型3参数2,vint|3|param|2
BlueprintEventListener,StringId,actorParam,角色参数,actor|Param
BlueprintEventListener,StringId,actorParam2,角色参数2,actor|Param|2
BlueprintEventListener,int32,actorId1,角色ID1,actor|Id|1
BlueprintEventListener,int32,actorId2,角色ID2,actor|Id|2
BlueprintEventListener,int32,checkIntValue1,检查整数值1,check|Int|Value|1
BlueprintEventListener,int32,actorParamToObj,角色参数到对象,actor|Param|To|Obj
BlueprintEventListener,int32,actorParam2ToObj,角色参数2到对象,actor|Param|2|To|Obj
BlueprintEventListener,bool,checkIntParam,检查整数参数,check|Int|Param
BlueprintEventListener,StringId,eventName,事件名称,event|Name
BlueprintEventListener,StringId,bparam1,布尔参数1,bparam|1
BoardcastSimpleTick,int32,cfgid,配置ID,cfgid
BounceBulletDuration,StringId,refParamExtraTargetHitCountName,引用参数额外目标命中计数名称,ref|Param|Extra|Target|Hit|Count|Name
BounceBulletDuration,int32,targetId,目标ID,target|Id
BounceBulletDuration,int32,attackId,攻击ID,attack|Id
BounceBulletDuration,int32,destId,目标ID,dest|Id
BounceBulletDuration,int32,attachTargetId,附加目标ID,attach|Target|Id
BounceBulletDuration,int32,searchCenterId,搜索中心ID,search|Center|Id
BounceBulletDuration,int32,velocity,速度,velocity
BounceBulletDuration,int32,acceleration,加速度,acceleration
BounceBulletDuration,int32,speedLimit,速度限制,speed|Limit
BounceBulletDuration,int32,maxTargetCount,最大目标计数,max|Target|Count
BounceBulletDuration,int32,maxEffectCount,最大效果计数,max|Effect|Count
BounceBulletDuration,int32,searchRadius,搜索半径,search|Radius
BounceBulletDuration,int32,searchAreaId,搜索区域ID,search|Area|Id
BounceBulletDuration,TFix<13>,gravity,重力,gravity
BounceBulletDuration,int32,rotateTime,旋转时间,rotate|Time
BounceBulletDuration,int32,stopRotAngle,停止旋转角度,stop|Rot|Angle
BounceBulletDuration,int32,stopRotDis,停止旋转否,stop|Rot|Dis
BounceBulletDuration,int32,FilterBuffID,过滤增益ID,Filter|Buff|ID
BounceBulletDuration,int32,SelfSkillCombine_1,自身技能合并1,Self|Skill|Combine|1
BounceBulletDuration,int32,SelfSkillCombine_2,自身技能合并2,Self|Skill|Combine|2
BounceBulletDuration,int32,SelfSkillCombine_3,自身技能合并3,Self|Skill|Combine|3
BounceBulletDuration,int32,TargetSkillCombine_1,目标技能合并1,Target|Skill|Combine|1
BounceBulletDuration,int32,TargetSkillCombine_2,目标技能合并2,Target|Skill|Combine|2
BounceBulletDuration,int32,TargetSkillCombine_3,目标技能合并3,Target|Skill|Combine|3
BounceBulletDuration,int32,AttachEnemyTargetSkillCombine,附加敌方目标技能合并,Attach|Enemy|Target|Skill|Combine
BounceBulletDuration,int32,samePosBounceTime,相同位置弹跳时间,same|Pos|Bounce|Time
BounceBulletDuration,TFix<13>,sameTargetGravity,相同目标重力,same|Target|Gravity
BounceBulletDuration,int32,bounceTime,弹跳时间,bounce|Time
BounceBulletDuration,int32,reachTargetStayTime,到达目标停留时间,reach|Target|Stay|Time
BounceBulletDuration,int32,reachTargetKeepMoveTime,到达目标保持移动时间,reach|Target|Keep|Move|Time
BounceBulletDuration,int32,delayBounceTime,延迟弹跳时间,delay|Bounce|Time
BounceBulletDuration,int32,waitForTargetFrame,等待用于目标帧,wait|For|Target|Frame
BounceBulletDuration,int32,waitForTargetRotateSpeed,等待用于目标旋转速度,wait|For|Target|Rotate|Speed
BounceBulletDuration,int32,waitForTargetRotateInitAngle,等待用于目标旋转初始化角度,wait|For|Target|Rotate|Init|Angle
BounceBulletDuration,int32,waitForTargetRadius,等待用于目标半径,wait|For|Target|Radius
BounceBulletDuration,bool,bMoveRotate,移动旋转,b|Move|Rotate
BounceBulletDuration,bool,bMoveForwardWhenRot,移动前向当旋转,b|Move|Forward|When|Rot
BounceBulletDuration,bool,bFilterBuff,过滤增益,b|Filter|Buff
BounceBulletDuration,bool,bPriorCheckDistance,优先检查距离,b|Prior|Check|Distance
BounceBulletDuration,bool,bPriorSelectMaxDist,优先选择最大距离,b|Prior|Select|Max|Dist
BounceBulletDuration,bool,bHeroWithPrioritySelection,英雄与优先级选择,b|Hero|With|Priority|Selection
BounceBulletDuration,bool,bEnemyHeroWithPrioritySelection,敌方英雄与优先级选择,b|Enemy|Hero|With|Priority|Selection
BounceBulletDuration,bool,CanSelectSameCampHero,可选择相同阵营英雄,Can|Select|Same|Camp|Hero
BounceBulletDuration,bool,SeleSameCmpHeroOrExtraTarNotUseEffCount,选择相同比较英雄或额外目标非使用效果计数,Sele|Same|Cmp|Hero|Or|Extra|Tar|Not|Use|Eff|Count
BounceBulletDuration,bool,bBackToAttacker,返回到攻击者,b|Back|To|Attacker
BounceBulletDuration,bool,bAttackerAsTarget,攻击者作为目标,b|Attacker|As|Target
BounceBulletDuration,bool,bExtraBuff,额外增益,b|Extra|Buff
BounceBulletDuration,bool,bCanChooseHost,可选择宿主,b|Can|Choose|Host
BounceBulletDuration,bool,bGravityUseHeightOffset,重力使用高度偏移,b|Gravity|Use|Height|Offset
BounceBulletDuration,bool,bCanChooseSameTarget,可选择相同目标,b|Can|Choose|Same|Target
BounceBulletDuration,bool,bSameTarIgnoreEffCntLim,相同目标忽略效果计数限制,b|Same|Tar|Ignore|Eff|Cnt|Lim
BounceBulletDuration,bool,bStopAfterSameTarBounce,停止之后相同目标弹跳,b|Stop|After|Same|Tar|Bounce
BounceBulletDuration,bool,bTargetPrecisePosition,目标精确位置,b|Target|Precise|Position
BounceBulletDuration,bool,bOnlyIgnoreCollisionBox,仅忽略碰撞盒,b|Only|Ignore|Collision|Box
BounceBulletDuration,bool,bAdjustSpeed,调整速度,b|Adjust|Speed
BounceBulletDuration,bool,bSyncWhenReachTarget,同步当到达目标,b|Sync|When|Reach|Target
BounceBulletDuration,bool,bFreezeFilterMoveWhenReachTarget,冰冻过滤移动当到达目标,b|Freeze|Filter|Move|When|Reach|Target
BounceBulletDuration,bool,bBounceToSkillSelectTarget,弹跳到技能选择目标,b|Bounce|To|Skill|Select|Target
BounceBulletDuration,bool,copyTragetVisbileData,复制目标可见数据,copy|Traget|Visbile|Data
BounceBulletDuration,bool,continueMoveWithoutTarget,继续移动不带目标,continue|Move|Without|Target
BounceBulletDuration,bool,OnlySelectSameCampHero,仅选择相同阵营英雄,Only|Select|Same|Camp|Hero
BounceBulletDuration,StringId,curTargetParam,当前目标参数,cur|Target|Param
BounceBulletDuration,StringId,lastTargetParam,最后目标参数,last|Target|Param
BounceBulletMoveRotateDurationClient,int32,targetId,目标ID,target|Id
BounceBulletMoveRotateDurationClient,int32,rotateTime,旋转时间,rotate|Time
BreakPoint,StringId,info,信息,info
BreakPoint,bool,enabled,启用,enabled
BubbleTextDuration,int32,bubbleType,气泡类型,bubble|Type
BubbleTextDuration,int32,PlayerCamp,玩家阵营,Player|Camp
BubbleTextDuration,bool,bPlayer1,玩家1,b|Player|1
BubbleTextDuration,bool,bPlayer2,玩家2,b|Player|2
BubbleTextDuration,bool,bPlayer3,玩家3,b|Player|3
BubbleTextDuration,bool,bTeammate1,队友1,b|Teammate|1
BubbleTextDuration,bool,bTeammate2,队友2,b|Teammate|2
BubbleTextDuration,bool,bTeammate3,队友3,b|Teammate|3
BubbleTextDuration,int32,srcId,来源ID,src|Id
BubbleTextDuration,int32,targetId,目标ID,target|Id
BubbleTextDuration,int32,BubbleTextId,气泡文本ID,Bubble|Text|Id
BubbleTextDuration,int32,Offset,偏移,Offset
BubbleTextDuration,int32,Offset_x,偏移x,Offset|x
BubbleTextDuration,int32,Offset_y,偏移y,Offset|y
BulletManagementTick,int32,iLifeTime,i生命时间,i|Life|Time
BulletManagementTick,bool,bIgnoreLimit,忽略限制,b|Ignore|Limit
BulletTriggerDuration,VInt3,zoffsetDegree,Z偏移程度,zoffset|Degree
BulletTriggerDuration,StringId,BulletActionName,子弹动作名称,Bullet|Action|Name
BulletTriggerDuration,int32,triggerId,触发ID,trigger|Id
BulletTriggerDuration,int32,attackerId,攻击者ID,attacker|Id
BulletTriggerDuration,int32,triggerInterval,触发间隔,trigger|Interval
BulletTriggerDuration,int32,TriggerActorInterval,触发角色间隔,Trigger|Actor|Interval
BulletTriggerDuration,int32,realtimeUpdateParam,实时更新参数,realtime|Update|Param
BulletTriggerDuration,int32,TriggerActorCount,触发角色计数,Trigger|Actor|Count
BulletTriggerDuration,int32,TargetsSortMode,目标排序模式,Targets|Sort|Mode
BulletTriggerDuration,int32,SelectMode,选择模式,Select|Mode
BulletTriggerDuration,int32,CollideMaxCount,碰撞最大计数,Collide|Max|Count
BulletTriggerDuration,int32,SelfSkillCombineID_1,自身技能合并ID1,Self|Skill|Combine|ID|1
BulletTriggerDuration,int32,SelfSkillCombineID_2,自身技能合并ID2,Self|Skill|Combine|ID|2
BulletTriggerDuration,int32,SelfSkillCombineID_3,自身技能合并ID3,Self|Skill|Combine|ID|3
BulletTriggerDuration,int32,TargetSkillCombine_1,目标技能合并1,Target|Skill|Combine|1
BulletTriggerDuration,int32,TargetSkillCombine_2,目标技能合并2,Target|Skill|Combine|2
BulletTriggerDuration,int32,TargetSkillCombine_3,目标技能合并3,Target|Skill|Combine|3
BulletTriggerDuration,int32,targetId,目标ID,target|Id
BulletTriggerDuration,int32,destId,目标ID,dest|Id
BulletTriggerDuration,int32,MoveType,移动类型,Move|Type
BulletTriggerDuration,int32,distance,距离,distance
BulletTriggerDuration,int32,chargingDistance,蓄力中距离,charging|Distance
BulletTriggerDuration,int32,velocity,速度,velocity
BulletTriggerDuration,int32,acceleration,加速度,acceleration
BulletTriggerDuration,int32,gravity,重力,gravity
BulletTriggerDuration,int32,distanceZ0,距离Z0,distance|Z|0
BulletTriggerDuration,int32,distanceZ1,距离Z1,distance|Z|1
BulletTriggerDuration,int32,distanceX,距离X,distance|X
BulletTriggerDuration,int32,referenceDirActorId,引用方向角色ID,reference|Dir|Actor|Id
BulletTriggerDuration,int32,DependCheckType,依赖检查类型,Depend|Check|Type
BulletTriggerDuration,int32,hitTargetId,命中目标ID,hit|Target|Id
BulletTriggerDuration,int32,dynamicFlushActorId,动态刷新角色ID,dynamic|Flush|Actor|Id
BulletTriggerDuration,int32,eliminatedBehaviour,已淘汰行为,eliminated|Behaviour
BulletTriggerDuration,bool,bFilterEnemy,过滤敌方,b|Filter|Enemy
BulletTriggerDuration,bool,bFilterFriend,过滤友方,b|Filter|Friend
BulletTriggerDuration,bool,bFilterHero,过滤英雄,b|Filter|Hero
BulletTriggerDuration,bool,bFileterMonter,过滤野怪,b|Fileter|Monter
BulletTriggerDuration,bool,bFilterMonsterShieldPVEMonster,过滤野怪护盾PVE野怪,b|Filter|Monster|Shield|PVE|Monster
BulletTriggerDuration,bool,bFileterOrgan,过滤器官,b|Fileter|Organ
BulletTriggerDuration,bool,bFilterCallActor,过滤调用角色,b|Filter|Call|Actor
BulletTriggerDuration,bool,bFilterMyself,过滤自己,b|Filter|Myself
BulletTriggerDuration,bool,bFilterDead,过滤死亡,b|Filter|Dead
BulletTriggerDuration,bool,bFilterFloating,过滤漂浮,b|Filter|Floating
BulletTriggerDuration,bool,bIgnoreActorPriority,忽略角色优先级,b|Ignore|Actor|Priority
BulletTriggerDuration,bool,bEdgeCheck,边缘检查,b|Edge|Check
BulletTriggerDuration,bool,bExtraBuff,额外增益,b|Extra|Buff
BulletTriggerDuration,bool,bTriggerBullet,触发子弹,b|Trigger|Bullet
BulletTriggerDuration,bool,bDestroyedBySpecialBullet,已销毁由特殊子弹,b|Destroyed|By|Special|Bullet
BulletTriggerDuration,bool,bTriggerWhenLeave,触发当离开,b|Trigger|When|Leave
BulletTriggerDuration,bool,bChargingEffect,蓄力中效果,b|Charging|Effect
BulletTriggerDuration,bool,bAtkRangeExtAddValue,攻击范围扩展添加值,b|Atk|Range|Ext|Add|Value
BulletTriggerDuration,bool,speedGrowByAtkRangeChange,速度成长由攻击范围变更,speed|Grow|By|Atk|Range|Change
BulletTriggerDuration,bool,bMoveOnXAxis,移动开X轴,b|Move|On|X|Axis
BulletTriggerDuration,bool,bMoveRotate,移动旋转,b|Move|Rotate
BulletTriggerDuration,bool,bAdjustSpeed,调整速度,b|Adjust|Speed
BulletTriggerDuration,bool,bBulletUseDir,子弹使用方向,b|Bullet|Use|Dir
BulletTriggerDuration,bool,bUseIndicatorDir,使用指示器方向,b|Use|Indicator|Dir
BulletTriggerDuration,bool,bDirToIndicator,方向到指示器,b|Dir|To|Indicator
BulletTriggerDuration,bool,bIsUseReferenceDirActor,是否使用引用方向角色,b|Is|Use|Reference|Dir|Actor
BulletTriggerDuration,bool,bIsUseReferenceDirActorFrom,是否使用引用方向角色从,b|Is|Use|Reference|Dir|Actor|From
BulletTriggerDuration,bool,bUseSmartClickDir,使用智能点击方向,b|Use|Smart|Click|Dir
BulletTriggerDuration,bool,bReachDestStop,到达目标停止,b|Reach|Dest|Stop
BulletTriggerDuration,bool,bRecordHitTarget,记录命中目标,b|Record|Hit|Target
BulletTriggerDuration,bool,isNotCalConfusion,是否非计算混乱,is|Not|Cal|Confusion
BulletTriggerDuration,VInt3,targetPosition,目标位置,target|Position
BulletTriggerDuration,VInt3,offsetDir,偏移方向,offset|Dir
CacheActorInfoDuration,int32,targetId,目标ID,target|Id
CacheActorInfoDuration,int32,cacheInfoTimeLen,缓存信息时间长度,cache|Info|Time|Len
CacheActorInfoDuration,int32,cacheIntervalMs,缓存间隔毫秒,cache|Interval|Ms
CacheActorInfoDuration,bool,bCacheStatusInfo,缓存状态信息,b|Cache|Status|Info
CacheActorInfoDuration,bool,bCacheIncomeInfo,缓存收益信息,b|Cache|Income|Info
CacheKilledIncomeTick,int32,actorId,角色ID,actor|Id
CacheKilledIncomeTick,int32,cacheIncomeType,缓存收益类型,cache|Income|Type
CacheKilledIncomeTick,bool,open,打开,open
CacheTherapicDuration,int32,actorId,角色ID,actor|Id
CacheTherapicDuration,int32,cacheRatio,缓存比例,cache|Ratio
CacheTherapicDuration,bool,open,打开,open
CacheTherapicTick,int32,actorId,角色ID,actor|Id
CacheTherapicTick,int32,therapicType,治疗类型,therapic|Type
CacheTherapicTick,int32,cacheRatio,缓存比例,cache|Ratio
CacheTherapicTick,bool,open,打开,open
CalConfusionTick,TArray<int32>,degreeOffset,程度偏移,degree|Offset
CalConfusionTick,TArray<StringId>,dirOutPutArr,方向外放置数组,dir|Out|Put|Arr
CalConfusionTick,TArray<VInt3>,dirOutPutOffsetArr,方向外放置偏移数组,dir|Out|Put|Offset|Arr
CalConfusionTick,TArray<StringId>,degreeOutPutArr,程度外放置数组,degree|Out|Put|Arr
CalConfusionTick,TArray<VInt3>,degreeOutPutOffsetArr,程度外放置偏移数组,degree|Out|Put|Offset|Arr
CalConfusionTick,TArray<StringId>,eulerOutPutArr,欧拉外放置数组,euler|Out|Put|Arr
CalConfusionTick,TArray<Quaternion>,eulerOutPutOffsetArr,欧拉外放置偏移数组,euler|Out|Put|Offset|Arr
CalConfusionTick,int32,targetId,目标ID,target|Id
CalConfusionTick,int32,baseObject,基础对象,base|Object
CalConfusionTick,bool,useSkillWholeConfusionDeg,使用技能整体混乱度,use|Skill|Whole|Confusion|Deg
CalConfusionTick,bool,isCalWholeConfusionDeg,是否计算整体混乱度,is|Cal|Whole|Confusion|Deg
CalConfusionTick,bool,useTargetRandom,使用目标随机,use|Target|Random
CalConfusionTick,bool,sendConfusionTipsEvent,发送混乱提示事件,send|Confusion|Tips|Event
CalConfusionTick,bool,isOnlySendBySelf,是否仅发送由自身,is|Only|Send|By|Self
CalConfusionTick,TArray<StringId>,degree,程度,degree
CalDirectionTick,StringId,refParamName,引用参数名称,ref|Param|Name
CalDirectionTick,int32,calType,计算类型,cal|Type
CalDirectionTick,int32,srcId,来源ID,src|Id
CalDirectionTick,int32,targetId,目标ID,target|Id
CalcToTargetOffsetPos,bool,bIgnoreY,忽略Y,b|Ignore|Y
CalcToTargetOffsetPos,StringId,outVarName,外变量名称,out|Var|Name
CalcToTargetOffsetPos,int32,srcId,来源ID,src|Id
CalcToTargetOffsetPos,int32,targetId,目标ID,target|Id
CalcToTargetOffsetPos,int32,offsetDis,偏移否,offset|Dis
CalculateMoveDestDuration,int32,moveDistance,移动距离,move|Distance
CalculateMoveDestDuration,int32,length,长度,length
CalculateMoveDestDuration,int32,moveSpeed,移动速度,move|Speed
CalculateMoveDestDuration,int32,acceleration,加速度,acceleration
CalculateMoveDestDuration,int32,optSearchRaidus,可选搜索半径,opt|Search|Raidus
CalculateMoveDestDuration,bool,useSkillDir,使用技能方向,use|Skill|Dir
CalculateMoveDestDuration,bool,ignoreCollision,忽略碰撞,ignore|Collision
CalculateMoveDestDuration,bool,ignoreAreaLimit,忽略区域限制,ignore|Area|Limit
CalculateMoveDestDuration,bool,crossCollision,交叉碰撞,cross|Collision
CalculateMoveDestDuration,bool,useFlushOptimization,使用刷新优化,use|Flush|Optimization
CalculateMoveDestDuration,VInt3,destPos,目标位置,dest|Pos
CalculateMoveDestDuration,int32,actorId,角色ID,actor|Id
CalculateMoveDestDuration,int32,posActorId,位置角色ID,pos|Actor|Id
CalculateMoveDestDuration,int32,moveType,移动类型,move|Type
CalculateRebounceDataTick,StringId,saveRebounceDir,保存反弹方向,save|Rebounce|Dir
CalculateRebounceDataTick,StringId,saveRebouncePos,保存反弹位置,save|Rebounce|Pos
CalculateRebounceDataTick,StringId,saveRebounceDistance,保存反弹距离,save|Rebounce|Distance
CalculateRebounceDataTick,StringId,saveLeftRebounceDistance,保存左反弹距离,save|Left|Rebounce|Distance
CalculateRebounceDataTick,StringId,saveRightRebounceDistance,保存右反弹距离,save|Right|Rebounce|Distance
CalculateRebounceDataTick,int32,originId,原点ID,origin|Id
CalculateRebounceDataTick,int32,maxDistance,最大距离,max|Distance
CalculateRebounceDataTick,int32,doubleRaycastWidth,双倍射线检测宽度,double|Raycast|Width
CalculateRebounceDataTick,bool,enableDoubleRaycast,启用双倍射线检测,enable|Double|Raycast
CalculateRebounceDataTick,VInt3,offset,偏移,offset
CalculateRebounceDataTick,StringId,saveRebounceResult,保存反弹结果,save|Rebounce|Result
CallActorTick,TArray<int32>,replaceSkillIds,替换技能ID,replace|Skill|Ids
CallActorTick,StringId,strBTPath,字符串行为树路径,str|BT|Path
CallActorTick,int32,ConfigId,配置ID,Config|Id
CallActorTick,int32,copyActorId,复制角色ID,copy|Actor|Id
CallActorTick,int32,maxCount,最大计数,max|Count
CallActorTick,int32,globalMaxCount,全局最大计数,global|Max|Count
CallActorTick,int32,TargetId,目标ID,Target|Id
CallActorTick,int32,tempId,临时ID,temp|Id
CallActorTick,int32,objectSpaceId,对象空间ID,object|Space|Id
CallActorTick,int32,heightValue,高度值,height|Value
CallActorTick,int32,recycleDelay,回收延迟,recycle|Delay
CallActorTick,int32,ForceParticleLod,力粒子LOD,Force|Particle|Lod
CallActorTick,int32,RouteID,路线ID,Route|ID
CallActorTick,int32,ForceModelLod,力模型LOD,Force|Model|Lod
CallActorTick,int32,goldCoinNum,金币金币数量,gold|Coin|Num
CallActorTick,bool,bNoLimit,无限制,b|No|Limit
CallActorTick,bool,bDontValidatePosition,不校验位置,b|Dont|Validate|Position
CallActorTick,bool,bIsSimpleCallActor,是否简单调用角色,b|Is|Simple|Call|Actor
CallActorTick,bool,bShowHostHeroHud,显示宿主英雄HUD,b|Show|Host|Hero|Hud
CallActorTick,bool,bAsSearchTargetPosActor,作为搜索目标位置角色,b|As|Search|Target|Pos|Actor
CallActorTick,bool,bUseAutoAi,使用自动AI,b|Use|Auto|Ai
CallActorTick,bool,bTrueType,真类型,b|True|Type
CallActorTick,bool,bIgnoreChangeMesh,忽略变更网格,b|Ignore|Change|Mesh
CallActorTick,bool,bNotCopyHostInfo,非复制宿主信息,b|Not|Copy|Host|Info
CallActorTick,bool,bNoSkill,无技能,b|No|Skill
CallActorTick,bool,bKeepPassive,保持被动,b|Keep|Passive
CallActorTick,bool,bNoInitBuffs,无初始化增益,b|No|Init|Buffs
CallActorTick,bool,bCopySlot4,复制槽位4,b|Copy|Slot|4
CallActorTick,bool,bCopySlot5,复制槽位5,b|Copy|Slot|5
CallActorTick,bool,bCopySkillLevel,复制技能等级,b|Copy|Skill|Level
CallActorTick,bool,bReplaceSkill,替换技能,b|Replace|Skill
CallActorTick,bool,bCopySlot6,复制槽位6,b|Copy|Slot|6
CallActorTick,bool,bCheckNavNode,检查导航节点,b|Check|Nav|Node
CallActorTick,bool,bStopAI,停止AI,b|Stop|AI
CallActorTick,bool,pauseAgent,暂停代理,pause|Agent
CallActorTick,bool,bNoIncome,无收益,b|No|Income
CallActorTick,bool,bNotGetIncome,非获取收益,b|Not|Get|Income
CallActorTick,bool,bDeadReplacement,死亡替换,b|Dead|Replacement
CallActorTick,bool,bNoKillWhenHostDead,无击杀当宿主死亡,b|No|Kill|When|Host|Dead
CallActorTick,bool,bIndependentUnit,独立单位,b|Independent|Unit
CallActorTick,bool,bSuperSimpleCallActor,超级简单调用角色,b|Super|Simple|Call|Actor
CallActorTick,bool,ForceOriginSkin,力原点皮肤,Force|Origin|Skin
CallActorTick,bool,RealForceOriginSkin,真实力原点皮肤,Real|Force|Origin|Skin
CallActorTick,bool,bReferToCopyActorSkinSound,引用到复制角色皮肤音效,b|Refer|To|Copy|Actor|Skin|Sound
CallActorTick,bool,bDonotSetTrueTypeWhenUseSkill,不要设置真类型当使用技能,b|Donot|Set|True|Type|When|Use|Skill
CallActorTick,bool,bDonotSetTrueTypeWhenBeDamaged,不要设置真类型当为受击,b|Donot|Set|True|Type|When|Be|Damaged
CallActorTick,bool,bDonotChangeSoulLevelWithHost,不要变更灵魂等级与宿主,b|Donot|Change|Soul|Level|With|Host
CallActorTick,bool,bInHeritHostHpRatio,内继承宿主生命值比例,b|In|Herit|Host|Hp|Ratio
CallActorTick,bool,bInHeritHostEp,内继承宿主能量,b|In|Herit|Host|Ep
CallActorTick,bool,bFilterAsHero,过滤作为英雄,b|Filter|As|Hero
CallActorTick,bool,bKeepOrgHud,保持原始HUD,b|Keep|Org|Hud
CallActorTick,bool,ForcePlayBornAge,力播放出生推进,Force|Play|Born|Age
CallActorTick,bool,bCopySkill,复制技能,b|Copy|Skill
CallActorTick,bool,bNotCreateShadow,非创建阴影,b|Not|Create|Shadow
CallActorTick,bool,bAutoBuyRecommendEquips,自动购买推荐装备,b|Auto|Buy|Recommend|Equips
CallActorTick,bool,bSetGoldCoin,设置金币金币,b|Set|Gold|Coin
CallActorTick,bool,bDisableSkillTargetRuleIgnoreFilterAsHero,禁用技能目标规则忽略过滤作为英雄,b|Disable|Skill|Target|Rule|Ignore|Filter|As|Hero
CallActorTick,bool,bCopyHostVisibility,复制宿主可见性,b|Copy|Host|Visibility
CallActorTick,TArray<int32>,originSkillIds,原点技能ID,origin|Skill|Ids
CallMonsterTick,int32,LifeTime,生命时间,Life|Time
CallMonsterTick,int32,SightRadius,视野半径,Sight|Radius
CallMonsterTick,int32,MonsterSeqNum,野怪序列数量,Monster|Seq|Num
CallMonsterTick,int32,ForceSyncExtralEffectMask,力同步额外效果掩码,Force|Sync|Extral|Effect|Mask
CallMonsterTick,int32,SyncMasterSkillSlot,同步主技能槽位,Sync|Master|Skill|Slot
CallMonsterTick,int32,ForceModelLod,力模型LOD,Force|Model|Lod
CallMonsterTick,bool,bReviveDeadTrainedAssiter,复活死亡已训练助手,b|Revive|Dead|Trained|Assiter
CallMonsterTick,bool,bUseTargetNegativeDir,使用目标负方向,b|Use|Target|Negative|Dir
CallMonsterTick,bool,Invincible,无敌,Invincible
CallMonsterTick,bool,Moveable,可移动,Moveable
CallMonsterTick,bool,bUseHostSkinID,使用宿主皮肤ID,b|Use|Host|Skin|ID
CallMonsterTick,bool,bIgnoreCollision,忽略碰撞,b|Ignore|Collision
CallMonsterTick,bool,bIgnoreHorizon,忽略地平线,b|Ignore|Horizon
CallMonsterTick,bool,bFollowSummonerHorizon,跟随召唤师地平线,b|Follow|Summoner|Horizon
CallMonsterTick,bool,bGrassVisibilityHorizon,草丛可见性地平线,b|Grass|Visibility|Horizon
CallMonsterTick,bool,bSuicideWhenHostDead,自杀当宿主死亡,b|Suicide|When|Host|Dead
CallMonsterTick,bool,bIgnoreImmediateRevive,忽略立即复活,b|Ignore|Immediate|Revive
CallMonsterTick,bool,bIgnoreSuicide,忽略自杀,b|Ignore|Suicide
CallMonsterTick,bool,bSuicideWhenFakeHostDead,自杀当假宿主死亡,b|Suicide|When|Fake|Host|Dead
CallMonsterTick,bool,bDrageToHostWhenTooFarAway,拖拽到宿主当过于远远离,b|Drage|To|Host|When|Too|Far|Away
CallMonsterTick,bool,bUseHostValueProperty,使用宿主值属性,b|Use|Host|Value|Property
CallMonsterTick,bool,bUseHostMoveSpeed,使用宿主移动速度,b|Use|Host|Move|Speed
CallMonsterTick,bool,bUseHostAtkRate,使用宿主攻击速率,b|Use|Host|Atk|Rate
CallMonsterTick,bool,bPropertyChangeWithHost,属性变更与宿主,b|Property|Change|With|Host
CallMonsterTick,bool,bInitialVisibility,初始可见性,b|Initial|Visibility
CallMonsterTick,bool,bIgnoreLevel,忽略等级,b|Ignore|Level
CallMonsterTick,bool,bNoHitEffect,无命中效果,b|No|Hit|Effect
CallMonsterTick,bool,bIsIgnoreCallerDead,是否忽略调用者死亡,b|Is|Ignore|Caller|Dead
CallMonsterTick,bool,bCreateEquipControl,创建装备控制,b|Create|Equip|Control
CallMonsterTick,bool,bSyncMasterSkillLevel,同步主技能等级,b|Sync|Master|Skill|Level
CallMonsterTick,bool,bStopAgent,停止代理,b|Stop|Agent
CallMonsterTick,bool,bForbidRVO,禁止RVO,b|Forbid|RVO
CallMonsterTick,bool,bUseOriginHost,使用原点宿主,b|Use|Origin|Host
CallMonsterTick,int32,TargetId,目标ID,Target|Id
CallMonsterTick,int32,HostId,宿主ID,Host|Id
CallMonsterTick,int32,WayPointId,路径点ID,Way|Point|Id
CallMonsterTick,int32,MonserId,野怪ID,Monser|Id
CallMonsterTick,int32,ConfigID,配置ID,Config|ID
CallMonsterTick,int32,CampType,阵营类型,Camp|Type
CallMonsterTick,int32,SkinRefActorId,皮肤引用角色ID,Skin|Ref|Actor|Id
CameraDecayShakeDuration,Vector3,shakeRotRange,抖动旋转范围,shake|Rot|Range
CameraDecayShakeDuration,int32,targetId,目标ID,target|Id
CameraDecayShakeDuration,float,shakePosDecay,抖动位置衰减,shake|Pos|Decay
CameraDecayShakeDuration,float,shakeTime,抖动时间,shake|Time
CameraDecayShakeDuration,float,shakeTimeDecay,抖动时间衰减,shake|Time|Decay
CameraDecayShakeDuration,float,shakeRotDecay,抖动旋转衰减,shake|Rot|Decay
CameraDecayShakeDuration,bool,useRotShake,使用旋转抖动,use|Rot|Shake
CameraDecayShakeDuration,bool,isWorldPos,是否世界位置,is|World|Pos
CameraDecayShakeDuration,bool,useCurveRes,使用曲线资源,use|Curve|Res
CameraDecayShakeDuration,bool,cannotOverride,无法覆盖,cannot|Override
CameraDecayShakeDuration,bool,filter_self,过滤自身,filter|self
CameraDecayShakeDuration,bool,filter_target,过滤目标,filter|target
CameraDecayShakeDuration,bool,filter_enemy,过滤敌方,filter|enemy
CameraDecayShakeDuration,bool,filter_allies,过滤友军,filter|allies
CameraDecayShakeDuration,bool,useAccumOffset,使用累积偏移,use|Accum|Offset
CameraDecayShakeDuration,bool,enableMultiShake,启用多重抖动,enable|Multi|Shake
CameraDecayShakeDuration,StringId,shakeCurveResPath,抖动曲线资源路径,shake|Curve|Res|Path
CameraDecayShakeDuration,Vector3,shakePosRange,抖动位置范围,shake|Pos|Range
CameraFilterDuration,int32,fadeOutTime,淡入淡出外时间,fade|Out|Time
CameraFilterDuration,VInt3,posOffset,位置偏移,pos|Offset
CameraFilterDuration,StringId,prefabPath,预制体路径,prefab|Path
CameraLookAt,int32,targetId,目标ID,target|Id
CameraLookAt,int32,UpDirType,上方向类型,Up|Dir|Type
CameraLookAt,float,rowAngleByZ,行角度由Z,row|Angle|By|Z
CameraLookAt,Vector3,worldOffset,世界偏移,world|Offset
CameraLookAt,Vector3,localOffset,本地偏移,local|Offset
CameraLookAt,int32,cameraId,相机ID,camera|Id
CameraShakeDuration,Vector3,shakeRange,抖动范围,shake|Range
CameraShakeDuration,int32,targetId,目标ID,target|Id
CameraShakeDuration,bool,useMainCamera,使用主相机,use|Main|Camera
CameraShakeDuration,bool,filter_self,过滤自身,filter|self
CameraShakeDuration,bool,filter_target,过滤目标,filter|target
CameraShakeDuration,bool,filter_enemy,过滤敌方,filter|enemy
CameraShakeDuration,bool,filter_allies,过滤友军,filter|allies
CameraShakeDuration,bool,useAccumOffset,使用累积偏移,use|Accum|Offset
CameraShakeDuration,bool,enableMultiShake,启用多重抖动,enable|Multi|Shake
CaptainSwitchTick,int32,TargetId,目标ID,Target|Id
CaptainSwitchTick,int32,switchToId,切换到ID,switch|To|Id
CaptainSwitchTick,int32,HudType,HUD类型,Hud|Type
CaptainSwitchTick,bool,isHostAcotr,是否宿主角色,is|Host|Acotr
CaptainSwitchTick,bool,bAutoHostControl,自动宿主控制,b|Auto|Host|Control
CaptainSwitchTick,bool,bSwitchHost,切换宿主,b|Switch|Host
CaptainSwitchTick,bool,bShowHostOnHud,显示宿主开HUD,b|Show|Host|On|Hud
CatchAroundEffectDuration,StringId,strName,字符串名称,str|Name
CatchAroundEffectDuration,int32,targetId,目标ID,target|Id
CatchAroundEffectDuration,int32,aroundHeight,环绕高度,around|Height
CatchAroundEffectDuration,int32,aroundRadius,环绕半径,around|Radius
CatchAroundEffectDuration,int32,aroundSpeed,环绕速度,around|Speed
CatchAroundEffectDuration,int32,toStableTime,到稳定时间,to|Stable|Time
CatchAroundEffectDuration,int32,catchIntParam,捕获整数参数,catch|Int|Param
CatchAroundEffectDuration,int32,aroundIntParam,环绕整数参数,around|Int|Param
CatchAroundEffectDuration,int32,endIntParam,结束整数参数,end|Int|Param
CatchAroundEffectDuration,int32,delayDestroyEffectTime,延迟销毁效果时间,delay|Destroy|Effect|Time
CatchAroundEffectDuration,bool,useAnimator,使用动画器,use|Animator
CatchAroundEffectDuration,bool,detachParentWhenLeave,分离父级当离开,detach|Parent|When|Leave
CatchAroundEffectDuration,VInt3,effectObjBornOffset,效果对象出生偏移,effect|Obj|Born|Offset
CatchAroundEffectDuration,StringId,resourceName,资源名称,resource|Name
ChangeActorAnimControllerTick,StringId,resourceName,资源名称,resource|Name
ChangeActorAnimControllerTick,int32,targetId,目标ID,target|Id
ChangeActorHudDuration,int32,scaleX,缩放X,scale|X
ChangeActorHudDuration,int32,scaleY,缩放Y,scale|Y
ChangeActorHudDuration,bool,bIsHideHud,是否隐藏HUD,b|Is|Hide|Hud
ChangeActorHudDuration,bool,bOnlyHideMainComp,仅隐藏主组件,b|Only|Hide|Main|Comp
ChangeActorHudDuration,bool,bChangeHeight,变更高度,b|Change|Height
ChangeActorHudDuration,bool,bChangeHeightOnlyHostPlayer,变更高度仅宿主玩家,b|Change|Height|Only|Host|Player
ChangeActorHudDuration,bool,bUseRelativeHeight,使用相对高度,b|Use|Relative|Height
ChangeActorHudDuration,bool,bSetActorHudExposeStatus,设置角色HUD暴露状态,b|Set|Actor|Hud|Expose|Status
ChangeActorHudDuration,bool,bKeepGravityHeightStatus,保持重力高度状态,b|Keep|Gravity|Height|Status
ChangeActorHudDuration,bool,bScale,缩放,b|Scale
ChangeActorHudDuration,bool,bShowOutCamera,显示外相机,b|Show|Out|Camera
ChangeActorHudDuration,bool,ignoreFixHud,忽略固定HUD,ignore|Fix|Hud
ChangeActorHudDuration,int32,targetId,目标ID,target|Id
ChangeActorHudDuration,int32,heightValue,高度值,height|Value
ChangeActorHudDuration,int32,initHeightOffset,初始化高度偏移,init|Height|Offset
ChangeActorHudDuration,int32,enterLerpTick,进入插值每帧,enter|Lerp|Tick
ChangeActorHudDuration,int32,leaveLerpTick,离开插值每帧,leave|Lerp|Tick
ChangeActorHudDuration,int32,gravityHeight,重力高度,gravity|Height
ChangeActorHudTick,StringId,changeImagePath,变更图片路径,change|Image|Path
ChangeActorHudTick,int32,targetId,目标ID,target|Id
ChangeActorHudTick,int32,energyImageIndex,能量图片索引,energy|Image|Index
ChangeActorHudTick,bool,bIsChangeEnergyImage,是否变更能量图片,b|Is|Change|Energy|Image
ChangeActorHudTick,bool,bIsChangeLimitImage,是否变更限制图片,b|Is|Change|Limit|Image
ChangeActorHudTick,bool,bResetHudHeight,重置HUD高度,b|Reset|Hud|Height
ChangeActorMaterialDuration,TArray<StringId>,ObjectNameArray,对象名称数组,Object|Name|Array
ChangeActorMaterialDuration,TArray<StringId>,filterObjNameArray,过滤对象名称数组,filter|Obj|Name|Array
ChangeActorMaterialDuration,StringId,materialPath,材质路径,material|Path
ChangeActorMaterialDuration,int32,targetId,目标ID,target|Id
ChangeActorMaterialDuration,int32,priority,优先级,priority
ChangeActorMaterialDuration,bool,bMaterialPathUseSkin,材质路径使用皮肤,b|Material|Path|Use|Skin
ChangeActorMaterialDuration,bool,replaceTex,替换贴图,replace|Tex
ChangeActorMaterialDuration,bool,recoverCheck,恢复检查,recover|Check
ChangeActorMaterialDuration,bool,bFuzzyMatching,模糊匹配,b|Fuzzy|Matching
ChangeActorMaterialDuration,bool,replaceChangeParam,替换变更参数,replace|Change|Param
ChangeActorMaterialDuration,bool,enableMeshRenderer,启用网格渲染器,enable|Mesh|Renderer
ChangeActorMaterialDuration,bool,useLod,使用LOD,use|Lod
ChangeActorMaterialDuration,TArray<StringId>,replaceParam,替换参数,replace|Param
ChangeActorMeshDuration,int32,animGroupId,动画分组ID,anim|Group|Id
ChangeActorMeshDuration,int32,heroConfigID,英雄配置ID,hero|Config|ID
ChangeActorMeshDuration,int32,targetAnimSkinCfgId,目标动画皮肤配置ID,target|Anim|Skin|Cfg|Id
ChangeActorMeshDuration,int32,actorType,角色类型,actor|Type
ChangeActorMeshDuration,int32,skinRefObjId,皮肤引用对象ID,skin|Ref|Obj|Id
ChangeActorMeshDuration,bool,bClearAnims,清除动画,b|Clear|Anims
ChangeActorMeshDuration,bool,bPlayPrevAnimWhenRecover,播放上一个动画当恢复,b|Play|Prev|Anim|When|Recover
ChangeActorMeshDuration,bool,bRevertMatParam,还原材质参数,b|Revert|Mat|Param
ChangeActorMeshDuration,bool,bCanBeImitated,可为模仿,b|Can|Be|Imitated
ChangeActorMeshDuration,bool,bCrossover,交叉,b|Crossover
ChangeActorMeshDuration,bool,isModelLodRefHdrParticle,是否模型LOD引用HDR粒子,is|Model|Lod|Ref|Hdr|Particle
ChangeActorMeshDuration,bool,isPrivilege,是否特权,is|Privilege
ChangeActorMeshDuration,StringId,prefabName,预制体名称,prefab|Name
ChangeActorMeshDuration,int32,targetId,目标ID,target|Id
ChangeActorMeshPositionDuration,int32,targetId,目标ID,target|Id
ChangeActorMeshPositionDuration,bool,bUseCurve,使用曲线,b|Use|Curve
ChangeActorMeshPositionDuration,StringId,curvePath,曲线路径,curve|Path
ChangeActorMeshPositionDuration,Vector3,meshOffset,网格偏移,mesh|Offset
ChangeActorMeshPositionTick,Vector3,meshOffset,网格偏移,mesh|Offset
ChangeActorMeshPositionTick,int32,targetId,目标ID,target|Id
ChangeActorMeshTick,bool,bClearAnims,清除动画,b|Clear|Anims
ChangeActorMeshTick,bool,bPlayPrevAnim,播放上一个动画,b|Play|Prev|Anim
ChangeActorMeshTick,bool,bSendModelChangedEvent,发送模型已变化事件,b|Send|Model|Changed|Event
ChangeActorMeshTick,bool,bBasicsShaderKey,基础着色器键,b|Basics|Shader|Key
ChangeActorMeshTick,bool,bRevertMatParam,还原材质参数,b|Revert|Mat|Param
ChangeActorMeshTick,bool,bCanBeImitated,可为模仿,b|Can|Be|Imitated
ChangeActorMeshTick,bool,isModelLodRefHdrParticle,是否模型LOD引用HDR粒子,is|Model|Lod|Ref|Hdr|Particle
ChangeActorMeshTick,StringId,prefabName,预制体名称,prefab|Name
ChangeActorMeshTick,int32,targetId,目标ID,target|Id
ChangeActorMeshTick,int32,animGroupId,动画分组ID,anim|Group|Id
ChangeActorMeshTick,int32,skinRefObjId,皮肤引用对象ID,skin|Ref|Obj|Id
ChangeActorMiniMapIconTick,int32,actorId,角色ID,actor|Id
ChangeActorMiniMapIconTick,int32,changeHpAlpha,变更生命值透明度,change|Hp|Alpha
ChangeActorMiniMapIconTick,int32,changeHeadAlpha,变更头部透明度,change|Head|Alpha
ChangeActorMiniMapIconTick,int32,changeBgAlpha,变更背景透明度,change|Bg|Alpha
ChangeActorMiniMapIconTick,bool,bShowMiniMapIcon,显示迷你地图图标,b|Show|Mini|Map|Icon
ChangeActorMiniMapIconTick,bool,bShowFeatureIcon,显示特性图标,b|Show|Feature|Icon
ChangeActorMiniMapIconTick,bool,bOpenMask,打开掩码,b|Open|Mask
ChangeActorMiniMapIconTick,bool,bLastShowInHeroNode,最后显示内英雄节点,b|Last|Show|In|Hero|Node
ChangeActorMiniMapIconTick,bool,changeRealTimeRefresh,变更真实时间刷新,change|Real|Time|Refresh
ChangeActorMiniMapIconTick,bool,realTimeRefresh,真实时间刷新,real|Time|Refresh
ChangeActorRenderRotateSpeed,int32,targetId,目标ID,target|Id
ChangeActorRenderRotateSpeed,float,rotateSpeed,旋转速度,rotate|Speed
ChangeActorRotationDuration,int32,endSpeed,结束速度,end|Speed
ChangeActorRotationDuration,int32,endKeepTime,结束保持时间,end|Keep|Time
ChangeActorRotationDuration,bool,bOnlyRender,仅渲染,b|Only|Render
ChangeActorRotationDuration,bool,bVerticalRot,垂直旋转,b|Vertical|Rot
ChangeActorRotationDuration,bool,bAdjustSpeed,调整速度,b|Adjust|Speed
ChangeActorRotationDuration,bool,bRecoverForward,恢复前向,b|Recover|Forward
ChangeActorRotationDuration,bool,bKeepEndForward,保持结束前向,b|Keep|End|Forward
ChangeActorRotationDuration,int32,targetId,目标ID,target|Id
ChangeActorRotationDuration,int32,rotateDegree,旋转程度,rotate|Degree
ChangeActorRotationDuration,int32,startSpeed,开始速度,start|Speed
ChangeActorRotationDuration,int32,startKeepTime,开始保持时间,start|Keep|Time
ChangeActorRotationDuration,int32,accelerateTime,加速时间,accelerate|Time
ChangeActorRotationDuration,int32,decelerateTime,减速时间,decelerate|Time
ChangeActorShadowDuration,TArray<float>,floatValues,浮点值,float|Values
ChangeActorShadowDuration,TArray<float>,revertFloatValues,还原浮点值,revert|Float|Values
ChangeActorShadowDuration,StringId,shadowMatPath,阴影材质路径,shadow|Mat|Path
ChangeActorShadowDuration,StringId,shadowPrefabPath,阴影预制体路径,shadow|Prefab|Path
ChangeActorShadowDuration,int32,targetId,目标ID,target|Id
ChangeActorShadowDuration,TArray<StringId>,paramNames,参数名称,param|Names
ChangeActorSlotOffSetDuration,VInt3,offSetChangeSpeed,关设置变更速度,off|Set|Change|Speed
ChangeActorSlotOffSetDuration,int32,actorId,角色ID,actor|Id
ChangeAnimDuration,int32,targetId,目标ID,target|Id
ChangeAnimDuration,bool,bOnlyRecover,仅恢复,b|Only|Recover
ChangeAnimDuration,bool,bCheckCurAnim,检查当前动画,b|Check|Cur|Anim
ChangeAnimDuration,bool,bReplaceState,替换状态,b|Replace|State
ChangeAnimDuration,StringId,originalAnimName,原始动画名称,original|Anim|Name
ChangeAnimDuration,StringId,changedAnimName,已变化动画名称,changed|Anim|Name
ChangeAnimTick,int32,targetId,目标ID,target|Id
ChangeAnimTick,bool,bOnlyRecover,仅恢复,b|Only|Recover
ChangeAnimTick,bool,bPlayAfterChange,播放之后变更,b|Play|After|Change
ChangeAnimTick,bool,bReplaceState,替换状态,b|Replace|State
ChangeAnimTick,StringId,originalAnimName,原始动画名称,original|Anim|Name
ChangeAnimTick,StringId,changedAnimName,已变化动画名称,changed|Anim|Name
ChangeBloodHudColorDuration,int32,actorId,角色ID,actor|Id
ChangeBloodHudColorDuration,bool,setColor,设置颜色,set|Color
ChangeBloodHudColorDuration,VInt3,color,颜色,color
ChangeBloodHudColorDuration,StringId,spriteName,精灵名称,sprite|Name
ChangeChibiShipModeParamTick,int32,actorId,角色ID,actor|Id
ChangeChibiShipModeParamTick,int32,paramType,参数类型,param|Type
ChangeChibiShipModeParamTick,int32,paramValue,参数值,param|Value
ChangeChibiShipTiltDuration,int32,maxRollAngle,最大翻滚角度,max|Roll|Angle
ChangeChibiShipTiltDuration,int32,fadeInTimeMS,淡入淡出内时间毫秒,fade|In|Time|MS
ChangeChibiShipTiltDuration,int32,fadeOutTimeMS,淡入淡出外时间毫秒,fade|Out|Time|MS
ChangeChibiShipTiltDuration,int32,TiltEventType,倾斜事件类型,Tilt|Event|Type
ChangeChibiShipTiltDuration,VInt3,pos,位置,pos
ChangeChibiShipTiltDuration,VInt3,dir,方向,dir
ChangeChibiShipTiltDuration,int32,actorId,角色ID,actor|Id
ChangeChildMoveOnSlotLimitSizeDuration,VInt3,LimitSize,限制尺寸,Limit|Size
ChangeChildMoveOnSlotLimitSizeDuration,int32,targetId,目标ID,target|Id
ChangeChildMoveOnSlotLimitSizeDuration,bool,bOnlyEffectInLerpWorld,仅效果内插值世界,b|Only|Effect|In|Lerp|World
ChangeHeroCampDuration,int32,targetId,目标ID,target|Id
ChangeHeroCampDuration,bool,ifChangeHudColor,如果变更HUD颜色,if|Change|Hud|Color
ChangeHomeGuardEffect,int32,targetId,目标ID,target|Id
ChangeHomeGuardEffect,bool,bNormal,普通,b|Normal
ChangeHomeGuardEffect,bool,bGuildMaxGrade,公会最大等级,b|Guild|Max|Grade
ChangeHomeGuardEffect,bool,bGuildHighestMatchScore,公会最高匹配得分,b|Guild|Highest|Match|Score
ChangeHudEnergyEffectDuration,int32,targetId,目标ID,target|Id
ChangeHudEnergyEffectDuration,bool,isLoopEffect,是否循环效果,is|Loop|Effect
ChangeHudEnergyEffectDuration,StringId,replaceAtalsName,替换图集名称,replace|Atals|Name
ChangeHudEnergyEffectDuration,StringId,replaceEffectPath,替换效果路径,replace|Effect|Path
ChangeLoopBulletState,int32,targetId,目标ID,target|Id
ChangeLoopBulletState,int32,bulletTag,子弹标签,bullet|Tag
ChangeLoopBulletState,int32,state,状态,state
ChangeMiniMapIconTick,int32,actorId,角色ID,actor|Id
ChangeMiniMapIconTick,bool,bChangeIcon,变更图标,b|Change|Icon
ChangeMiniMapIconTick,bool,bChangeMiniMapIconScale,变更迷你地图图标缩放,b|Change|Mini|Map|Icon|Scale
ChangeMiniMapIconTick,bool,bChangeVisible,变更可见,b|Change|Visible
ChangeMiniMapIconTick,bool,forceHideMark,力隐藏标记,force|Hide|Mark
ChangeMiniMapIconTick,VInt3,changeMiniMapScale,变更迷你地图缩放,change|Mini|Map|Scale
ChangeMiniMapIconTick,VInt3,changeBigMapScale,变更大地图缩放,change|Big|Map|Scale
ChangeMiniMapIconTick,StringId,changeIconName,变更图标名称,change|Icon|Name
ChangeMinimapIconScaleDuration,int32,targetId,目标ID,target|Id
ChangeMinimapIconScaleDuration,int32,iconIndex,图标索引,icon|Index
ChangeMinimapIconScaleDuration,int32,lerpFreq,插值频率,lerp|Freq
ChangeMinimapIconScaleDuration,bool,enableEnemy,启用敌方,enable|Enemy
ChangeMinimapIconScaleDuration,VInt3,startScale,开始缩放,start|Scale
ChangeMinimapIconScaleDuration,VInt3,endScale,结束缩放,end|Scale
ChangeMountStateTick,int32,targetId,目标ID,target|Id
ChangeMountStateTick,int32,mountId,坐骑ID,mount|Id
ChangeMountStateTick,int32,mountState,坐骑状态,mount|State
ChangeMountStateTick,int32,mountHpRate,坐骑生命值速率,mount|Hp|Rate
ChangeObjMaterialDuration,TArray<StringId>,filterObjNameArray,过滤对象名称数组,filter|Obj|Name|Array
ChangeObjMaterialDuration,StringId,materialPath,材质路径,material|Path
ChangeObjMaterialDuration,int32,targetId,目标ID,target|Id
ChangeObjMaterialDuration,bool,replaceTex,替换贴图,replace|Tex
ChangeObjMaterialDuration,bool,bFuzzyMatching,模糊匹配,b|Fuzzy|Matching
ChangeObjMaterialDuration,bool,enableMeshRenderer,启用网格渲染器,enable|Mesh|Renderer
ChangeObjMaterialDuration,bool,useLod,使用LOD,use|Lod
ChangeObjMaterialDuration,TArray<StringId>,ObjectNameArray,对象名称数组,Object|Name|Array
ChangePunishSkillBtnShowHurtRatio,int32,actorId,角色ID,actor|Id
ChangePunishSkillBtnShowHurtRatio,int32,changeRatio,变更比例,change|Ratio
ChangeRenderOffsetDuration,VInt3,offsetPos,偏移位置,offset|Pos
ChangeRenderOffsetDuration,int32,actorId,角色ID,actor|Id
ChangeRenderOffsetDuration,int32,specifiedDuration,指定持续时间,specified|Duration
ChangeRenderOffsetDuration,bool,adaptiveSpeed,自适应速度,adaptive|Speed
ChangeRenderOffsetDuration,bool,modifyActorBulletHeight,修改角色子弹高度,modify|Actor|Bullet|Height
ChangeRenderOffsetDuration,bool,keepOffsetWhenLeave,保持偏移当离开,keep|Offset|When|Leave
ChangeRotateSpeedDuration,int32,targetId,目标ID,target|Id
ChangeRotateSpeedDuration,int32,rotateChangevalue,旋转变化值,rotate|Changevalue
ChangeShipDriftModeParamDuration,int32,FadeOutTime,淡入淡出外时间,Fade|Out|Time
ChangeShipDriftModeParamDuration,int32,actorId,角色ID,actor|Id
ChangeShipDriftModeParamDuration,int32,paramType,参数类型,param|Type
ChangeShipDriftModeParamDuration,int32,paramChangeType,参数变更类型,param|Change|Type
ChangeShipDriftModeParamDuration,int32,paramValue,参数值,param|Value
ChangeShipDriftModeParamDuration,int32,massCoefficient,质量系数,mass|Coefficient
ChangeShipDriftModeParamDuration,int32,FadeInTime,淡入淡出内时间,Fade|In|Time
ChangeShipDriftModeSpeedMarkShowTypeTick,int32,actorId,角色ID,actor|Id
ChangeShipDriftModeSpeedMarkShowTypeTick,int32,showType,显示类型,show|Type
ChangeShipDriftModeSpeedMarkShowTypeTick,int32,effectID,效果ID,effect|ID
ChangeShipDriftModeSpeedMarkShowTypeTick,bool,bTriggerEffect,触发效果,b|Trigger|Effect
ChangeShipModeParamDuration,int32,actorId,角色ID,actor|Id
ChangeShipModeParamDuration,int32,paramType,参数类型,param|Type
ChangeShipModeParamDuration,int32,paramValue,参数值,param|Value
ChangeShipModeParamDuration,int32,limitType,限制类型,limit|Type
ChangeShipModeParamTick,int32,actorId,角色ID,actor|Id
ChangeShipModeParamTick,int32,paramType,参数类型,param|Type
ChangeShipModeParamTick,int32,paramValue,参数值,param|Value
ChangeSkillBtnDisplay,int32,actorId,角色ID,actor|Id
ChangeSkillBtnDisplay,bool,bActive,激活,b|Active
ChangeSkillBtnDisplay,bool,bRightJoyStick,右摇杆,b|Right|JoyStick
ChangeSkillBtnDisplay,bool,bNormalSkillBtn,普通技能按钮,b|Normal|Skill|Btn
ChangeSkillBtnDisplay,bool,bJoyStick,摇杆,b|JoyStick
ChangeSkillButtonIconDuration,int32,slotType,槽位类型,slot|Type
ChangeSkillButtonIconDuration,StringId,iconPath,图标路径,icon|Path
ChangeSkillButtonIconDuration,int32,actorId,角色ID,actor|Id
ChangeSkillExtAttackRange,int32,targetId,目标ID,target|Id
ChangeSkillExtAttackRange,int32,slotType,槽位类型,slot|Type
ChangeSkillExtAttackRange,int32,StartValue,开始值,Start|Value
ChangeSkillExtAttackRange,int32,EndValue,结束值,End|Value
ChangeSkillExtAttackRange,bool,restoreEnd,恢复结束,restore|End
ChangeSkillIndicatorPositionTick,int32,positionReferenceActorType,位置引用角色类型,position|Reference|Actor|Type
ChangeSkillIndicatorPositionTick,int32,bulletTag,子弹标签,bullet|Tag
ChangeSkillIndicatorPositionTick,int32,bulletCreatorId,子弹创建者ID,bullet|Creator|Id
ChangeSkillSlotLayoutTypeDuration,int32,targetId,目标ID,target|Id
ChangeSkillSlotLayoutTypeDuration,int32,addSkillID,添加技能ID,add|Skill|ID
ChangeSkillSlotLayoutTypeDuration,int32,slotType,槽位类型,slot|Type
ChangeSkillSlotLayoutTypeDuration,bool,bAddSkillSlot,添加技能槽位,b|Add|Skill|Slot
ChangeSkillTimerProgressTick,int32,targetId,目标ID,target|Id
ChangeSkillTimerProgressTick,int32,progressDelta,进度增量,progress|Delta
ChangeSkillTimerProgressTick,int32,externalActionID,外部动作ID,external|Action|ID
ChangeSkillTimerProgressTick,bool,enableTransition,启用过渡,enable|Transition
ChangeSkillTriggerTick,int32,changeSkillID1Probability,变更技能ID1概率,change|Skill|ID|1|Probability
ChangeSkillTriggerTick,int32,changeSkillID2Probability,变更技能ID2概率,change|Skill|ID|2|Probability
ChangeSkillTriggerTick,int32,changeSkillID3Probability,变更技能ID3概率,change|Skill|ID|3|Probability
ChangeSkillTriggerTick,int32,changeSkillID4Probability,变更技能ID4概率,change|Skill|ID|4|Probability
ChangeSkillTriggerTick,int32,checkFrontSkillID1,检查前技能ID1,check|Front|Skill|ID|1
ChangeSkillTriggerTick,int32,changeBackSkillID1,变更返回技能ID1,change|Back|Skill|ID|1
ChangeSkillTriggerTick,int32,checkFrontSkillID2,检查前技能ID2,check|Front|Skill|ID|2
ChangeSkillTriggerTick,int32,changeBackSkillID2,变更返回技能ID2,change|Back|Skill|ID|2
ChangeSkillTriggerTick,int32,checkFrontSkillID3,检查前技能ID3,check|Front|Skill|ID|3
ChangeSkillTriggerTick,int32,changeBackSkillID3,变更返回技能ID3,change|Back|Skill|ID|3
ChangeSkillTriggerTick,int32,curSkillID,当前技能ID,cur|Skill|ID
ChangeSkillTriggerTick,int32,recoverSkillID,恢复技能ID,recover|Skill|ID
ChangeSkillTriggerTick,int32,attackTargetId,攻击目标ID,attack|Target|Id
ChangeSkillTriggerTick,int32,checkBuffID,检查增益ID,check|Buff|ID
ChangeSkillTriggerTick,int32,recoverBuffSkillID,恢复增益技能ID,recover|Buff|Skill|ID
ChangeSkillTriggerTick,int32,checkNoBuffID,检查无增益ID,check|No|Buff|ID
ChangeSkillTriggerTick,int32,recoverNoBuffSkillID,恢复无增益技能ID,recover|No|Buff|Skill|ID
ChangeSkillTriggerTick,bool,bCurSlot,当前槽位,b|Cur|Slot
ChangeSkillTriggerTick,bool,bCheckCondition,检查条件,b|Check|Condition
ChangeSkillTriggerTick,bool,bOvertimeCD,超时冷却,b|Overtime|CD
ChangeSkillTriggerTick,bool,bReduceCDByChangeSkillTime,减少冷却由变更技能时间,b|Reduce|CD|By|Change|Skill|Time
ChangeSkillTriggerTick,bool,bReduceCDByPrevChangeTime,减少冷却由上一个变更时间,b|Reduce|CD|By|Prev|Change|Time
ChangeSkillTriggerTick,bool,bSendEvent,发送事件,b|Send|Event
ChangeSkillTriggerTick,bool,bUseCombo,使用连击,b|Use|Combo
ChangeSkillTriggerTick,bool,bComboColor2,连击颜色2,b|Combo|Color|2
ChangeSkillTriggerTick,bool,bUpdateSlotEnabled,更新槽位启用,b|Update|Slot|Enabled
ChangeSkillTriggerTick,bool,bAbort,中止,b|Abort
ChangeSkillTriggerTick,bool,bUseStop,使用停止,b|Use|Stop
ChangeSkillTriggerTick,bool,bResetIndicator,重置指示器,b|Reset|Indicator
ChangeSkillTriggerTick,bool,bChangeIndicate,变更指示,b|Change|Indicate
ChangeSkillTriggerTick,bool,bSameSkillIgnoreChangeIndicator,相同技能忽略变更指示器,b|Same|Skill|Ignore|Change|Indicator
ChangeSkillTriggerTick,bool,bReloadSkillIndicatorConfig,重载技能指示器配置,b|Reload|Skill|Indicator|Config
ChangeSkillTriggerTick,bool,bRefreshButtonDown,刷新按钮下,b|Refresh|Button|Down
ChangeSkillTriggerTick,bool,bInheritChargeProgress,继承蓄力进度,b|Inherit|Charge|Progress
ChangeSkillTriggerTick,bool,bOtherSkillAbort,其他技能中止,b|Other|Skill|Abort
ChangeSkillTriggerTick,bool,bCheckChangeSkillIDWhenRecover,检查变更技能ID当恢复,b|Check|Change|Skill|ID|When|Recover
ChangeSkillTriggerTick,bool,bCheckBuffIDWhenRecover,检查增益ID当恢复,b|Check|Buff|ID|When|Recover
ChangeSkillTriggerTick,bool,bCheckNoBuff,检查无增益,b|Check|No|Buff
ChangeSkillTriggerTick,bool,bKeepLeftEffectTime,保持左效果时间,b|Keep|Left|Effect|Time
ChangeSkillTriggerTick,bool,bResumeCDWhenRecover,恢复冷却当恢复,b|Resume|CD|When|Recover
ChangeSkillTriggerTick,bool,bNotResetOnDead,非重置开死亡,b|Not|Reset|On|Dead
ChangeSkillTriggerTick,bool,bClearCacheOnChange,清除缓存开变更,b|Clear|Cache|On|Change
ChangeSkillTriggerTick,int32,targetId,目标ID,target|Id
ChangeSkillTriggerTick,int32,slotType,槽位类型,slot|Type
ChangeSkillTriggerTick,int32,effectTime,效果时间,effect|Time
ChangeSkillTriggerTick,int32,changeSkillID,变更技能ID,change|Skill|ID
ChangeSkillTriggerTick,int32,changeSkillID2,变更技能ID2,change|Skill|ID|2
ChangeSkillTriggerTick,int32,changeSkillID3,变更技能ID3,change|Skill|ID|3
ChangeSkillTriggerTick,int32,changeSkillID4,变更技能ID4,change|Skill|ID|4
ChangeSoundEventDuration,int32,targetId,目标ID,target|Id
ChangeSoundEventDuration,StringId,originalEventName,原始事件名称,original|Event|Name
ChangeSoundEventDuration,StringId,changedEventName,已变化事件名称,changed|Event|Name
ChangeTriggerParticlePathDuration,int32,targetId,目标ID,target|Id
ChangeTriggerParticlePathDuration,StringId,srcPath,来源路径,src|Path
ChangeTriggerParticlePathDuration,StringId,dstPath,目标路径,dst|Path
ChangeTwinModeParamTick,int32,targetId,目标ID,target|Id
ChangeTwinModeParamTick,int32,changeTwinModeType,变更双模式类型,change|Twin|Mode|Type
ChangeTwinModeParamTick,int32,intParam,整数参数,int|Param
ChangeTwinModeParamTick,bool,boolParam,布尔参数,bool|Param
ChargeActorDuration,int32,lastDistance,最后距离,last|Distance
ChargeActorDuration,bool,IgnoreCollision,忽略碰撞,Ignore|Collision
ChargeActorDuration,bool,bIgnoreAreaLimit,忽略区域限制,b|Ignore|Area|Limit
ChargeActorDuration,bool,bContinuousFowDetection,持续前向检测,b|Continuous|Fow|Detection
ChargeActorDuration,bool,bToTheGround,到该地面,b|To|The|Ground
ChargeActorDuration,bool,bIgnoreYDir,忽略Y方向,b|Ignore|Y|Dir
ChargeActorDuration,int32,triggerID,触发ID,trigger|ID
ChargeActorDuration,int32,targetID,目标ID,target|ID
ChargeActorDuration,int32,moveSpeed,移动速度,move|Speed
ChargeActorDuration,int32,acceleration,加速度,acceleration
ChargeActorDuration,int32,maxMoveSpeed,最大移动速度,max|Move|Speed
ChargeActorDuration,int32,minMoveSpeed,最小移动速度,min|Move|Speed
CheckActorAroundDuration,TArray<StringId>,bulletActionNames,子弹动作名称,bullet|Action|Names
CheckActorAroundDuration,TArray<int32>,leaveBuffIds,离开增益ID,leave|Buff|Ids
CheckActorAroundDuration,int32,actorId,角色ID,actor|Id
CheckActorAroundDuration,int32,targetId,目标ID,target|Id
CheckActorAroundDuration,int32,distance,距离,distance
CheckActorAroundDuration,int32,findTargetBuffID,查找目标增益ID,find|Target|Buff|ID
CheckActorAroundDuration,int32,chooseTargetId,选择目标ID,choose|Target|Id
CheckActorAroundDuration,int32,triggerInterval,触发间隔,trigger|Interval
CheckActorAroundDuration,bool,bFindHero,查找英雄,b|Find|Hero
CheckActorAroundDuration,bool,bIgnoreSelfCampHero,忽略自身阵营英雄,b|Ignore|Self|Camp|Hero
CheckActorAroundDuration,bool,bIgnoreEnemyCampHero,忽略敌方阵营英雄,b|Ignore|Enemy|Camp|Hero
CheckActorAroundDuration,bool,bFindMonster,查找野怪,b|Find|Monster
CheckActorAroundDuration,bool,bOnlyFindEnemyMonster,仅查找敌方野怪,b|Only|Find|Enemy|Monster
CheckActorAroundDuration,bool,bFindSoldier,查找小兵,b|Find|Soldier
CheckActorAroundDuration,bool,bOnlyFindEnemySoldier,仅查找敌方小兵,b|Only|Find|Enemy|Soldier
CheckActorAroundDuration,bool,bFindOrgan,查找器官,b|Find|Organ
CheckActorAroundDuration,bool,bOnlyFindTower,仅查找防御塔,b|Only|Find|Tower
CheckActorAroundDuration,bool,bOnlyFindEnemyOrgan,仅查找敌方器官,b|Only|Find|Enemy|Organ
CheckActorAroundDuration,bool,bFindCallActor,查找调用角色,b|Find|Call|Actor
CheckActorAroundDuration,bool,bOnlyFindEnemyCallActor,仅查找敌方调用角色,b|Only|Find|Enemy|Call|Actor
CheckActorAroundDuration,bool,bOnlyFindCallActorAsHero,仅查找调用角色作为英雄,b|Only|Find|Call|Actor|As|Hero
CheckActorAroundDuration,bool,bFindTargetWithBuff,查找目标与增益,b|Find|Target|With|Buff
CheckActorAroundDuration,bool,bFindSpecificTarget,查找指定目标,b|Find|Specific|Target
CheckActorAroundDuration,bool,bCheckAttackable,检查可攻击,b|Check|Attackable
CheckActorAroundDuration,bool,bIncludeInvisible,包含不可见,b|Include|Invisible
CheckActorAroundDuration,bool,counterCheck,计数检查,counter|Check
CheckActorAroundDuration,bool,bSaveHitTriggerActor,保存命中触发角色,b|Save|Hit|Trigger|Actor
CheckActorAroundDuration,bool,bEnterLeaveCheck,进入离开检查,b|Enter|Leave|Check
CheckActorAroundDuration,bool,bUseActorCldRadius,使用角色冷却半径,b|Use|Actor|Cld|Radius
CheckActorAroundDuration,TArray<int32>,buffIds,增益ID,buff|Ids
CheckActorEquipStolenDuration,int32,actorId,角色ID,actor|Id
CheckActorIsSameTick,int32,actorId,角色ID,actor|Id
CheckActorIsSameTick,int32,checkId,检查ID,check|Id
CheckActorPositionDuration,VInt3,checkDirection,检查方向,check|Direction
CheckActorPositionDuration,StringId,wallAPosName,墙A位置名称,wall|A|Pos|Name
CheckActorPositionDuration,StringId,wallADirName,墙A方向名称,wall|A|Dir|Name
CheckActorPositionDuration,StringId,wallBPosName,墙位置名称,wall|B|Pos|Name
CheckActorPositionDuration,StringId,wallBDirName,墙方向名称,wall|B|Dir|Name
CheckActorPositionDuration,StringId,wallCenterPosName,墙中心位置名称,wall|Center|Pos|Name
CheckActorPositionDuration,StringId,wallWidthVariableName,墙宽度变量名称,wall|Width|Variable|Name
CheckActorPositionDuration,int32,targetId,目标ID,target|Id
CheckActorPositionDuration,int32,minCrossNavLength,最小交叉导航长度,min|Cross|Nav|Length
CheckActorPositionDuration,int32,minCrossNavAngle,最小交叉导航角度,min|Cross|Nav|Angle
CheckActorPositionDuration,int32,sensitivity1,灵敏度1,sensitivity|1
CheckActorPositionDuration,int32,sensitivity2,灵敏度2,sensitivity|2
CheckActorPositionDuration,int32,forwardCheckOffset,前向检查偏移,forward|Check|Offset
CheckActorPositionDuration,int32,forwardCheckTime,前向检查时间,forward|Check|Time
CheckActorPositionDuration,int32,startPointDelayOffset,开始点延迟偏移,start|Point|Delay|Offset
CheckActorPositionDuration,int32,checkWidth,检查宽度,check|Width
CheckActorPositionDuration,int32,triggerActorId,触发角色ID,trigger|Actor|Id
CheckActorPositionDuration,int32,checkInterval,检查间隔,check|Interval
CheckActorPositionDuration,int32,checkMoveDist,检查移动距离,check|Move|Dist
CheckActorPositionDuration,int32,checkActorMoveCrossWallLength,检查角色移动交叉墙长度,check|Actor|Move|Cross|Wall|Length
CheckActorPositionDuration,int32,checkActorMoveCrossWallAngle,检查角色移动交叉墙角度,check|Actor|Move|Cross|Wall|Angle
CheckActorPositionDuration,int32,checkNearMapEdgeRadius,检查附近地图边缘半径,check|Near|Map|Edge|Radius
CheckActorPositionDuration,bool,bCheckActorOutOfNavMesh,检查角色外的导航网格,b|Check|Actor|Out|Of|Nav|Mesh
CheckActorPositionDuration,bool,bUseNormalNavMesh,使用普通导航网格,b|Use|Normal|Nav|Mesh
CheckActorPositionDuration,bool,isRegionIdChangeNotTrigger,是否区域ID变更非触发,is|Region|Id|Change|Not|Trigger
CheckActorPositionDuration,bool,bCheckActorInDynamicObstacle,检查角色内动态障碍,b|Check|Actor|In|Dynamic|Obstacle
CheckActorPositionDuration,bool,bCheckActorCrossNavMesh,检查角色交叉导航网格,b|Check|Actor|Cross|Nav|Mesh
CheckActorPositionDuration,bool,bUseMoveActorDestFirstForNavCheck,使用移动角色目标首个用于导航检查,b|Use|Move|Actor|Dest|First|For|Nav|Check
CheckActorPositionDuration,bool,bCheckActorCrossDynamicObstacle,检查角色交叉动态障碍,b|Check|Actor|Cross|Dynamic|Obstacle
CheckActorPositionDuration,bool,bCrossDynamicObstacleFilterMidCamp,交叉动态障碍过滤中间阵营,b|Cross|Dynamic|Obstacle|Filter|Mid|Camp
CheckActorPositionDuration,bool,bUseMoveActorDestFirstForObstacle,使用移动角色目标首个用于障碍,b|Use|Move|Actor|Dest|First|For|Obstacle
CheckActorPositionDuration,bool,bCheckCrossWallOutsideToInside,检查交叉墙外部到内部,b|Check|Cross|Wall|Outside|To|Inside
CheckActorPositionDuration,bool,bCheckEndPosInsideWall,检查结束位置内部墙,b|Check|End|Pos|Inside|Wall
CheckActorPositionDuration,bool,bCheckCrossWallInsideToOutside,检查交叉墙内部到外部,b|Check|Cross|Wall|Inside|To|Outside
CheckActorPositionDuration,bool,bCheckEndPosOutsideWall,检查结束位置外部墙,b|Check|End|Pos|Outside|Wall
CheckActorPositionDuration,bool,bCheckCrossBlockOutsideToInside,检查交叉阻挡外部到内部,b|Check|Cross|Block|Outside|To|Inside
CheckActorPositionDuration,bool,bCheckEndPosInsideBlock,检查结束位置内部阻挡,b|Check|End|Pos|Inside|Block
CheckActorPositionDuration,bool,bCheckCrossBlockInsideToOutside,检查交叉阻挡内部到外部,b|Check|Cross|Block|Inside|To|Outside
CheckActorPositionDuration,bool,bCheckEndPosOutsideBlock,检查结束位置外部阻挡,b|Check|End|Pos|Outside|Block
CheckActorPositionDuration,bool,bResetLoc,重置位置,b|Reset|Loc
CheckActorPositionDuration,bool,bSweptShapeDetect,已扫描形状检测,b|Swept|Shape|Detect
CheckActorPositionDuration,bool,midLineCheckNavFlg,中间线检查导航标记,mid|Line|Check|Nav|Flg
CheckActorPositionDuration,bool,bForwardHalfCheck,前向一半检查,b|Forward|Half|Check
CheckActorPositionDuration,bool,bOnlySweptDetect,仅已扫描检测,b|Only|Swept|Detect
CheckActorPositionDuration,bool,checkCamp,检查阵营,check|Camp
CheckActorPositionDuration,bool,bTriggerMode,触发模式,b|Trigger|Mode
CheckActorPositionDuration,bool,checkActorMove,检查角色移动,check|Actor|Move
CheckActorPositionDuration,bool,allowNotMoveCmd,允许非移动指令,allow|Not|Move|Cmd
CheckActorPositionDuration,bool,bCheckNotNearMapEdge,检查非附近地图边缘,b|Check|Not|Near|Map|Edge
CheckActorPositionDuration,bool,getWallWidth,获取墙宽度,get|Wall|Width
CheckActorPositionDuration,bool,bSendEventWhenCrossNav,发送事件当交叉导航,b|Send|Event|When|Cross|Nav
CheckActorPositionDuration,bool,bIsOnWall,是否开墙,b|Is|On|Wall
CheckActorPositionDuration,bool,bNotInNormalNav,非内普通导航,b|Not|In|Normal|Nav
CheckActorPositionDuration,bool,bIsInsideDynamicBlock,是否内部动态阻挡,b|Is|Inside|Dynamic|Block
CheckActorPositionDuration,TArray<int32>,triggerBuffIds,触发增益ID,trigger|Buff|Ids
CheckActorSurvivalTick,int32,actorId,角色ID,actor|Id
CheckActorSurvivalTick,int32,checkType,检查类型,check|Type
CheckActorUseJoyStickDuration,int32,actorId,角色ID,actor|Id
CheckActorUseJoyStickDuration,bool,includeRotateMove,包含旋转移动,include|Rotate|Move
CheckActorUseJoyStickDuration,bool,isCheckOriginalActor,是否检查原始角色,is|Check|Original|Actor
CheckActorUsingJoyStickTick,int32,actorId,角色ID,actor|Id
CheckActorUsingJoyStickTick,bool,includeRotateMove,包含旋转移动,include|Rotate|Move
CheckAidEquipWithLowestEconomyTick,int32,targetId,目标ID,target|Id
CheckAidEquipWithLowestEconomyTick,bool,bOnlyCheckHasAidEquip,仅检查有援助装备,b|Only|Check|Has|Aid|Equip
CheckAndSetPreCrikRate,int32,actorId,角色ID,actor|Id
CheckAndSetPreCrikRate,int32,skillId,技能ID,skill|Id
CheckBlockTick,VInt3,offset,偏移,offset
CheckBlockTick,int32,targetId,目标ID,target|Id
CheckBlockTick,bool,reverse,反向,reverse
CheckBoolParamConditionTick,bool,result,结果,result
CheckBuffCountTick,int32,targetId,目标ID,target|Id
CheckBuffCountTick,int32,buffId,增益ID,buff|Id
CheckBuffCountTick,int32,operatorType,运算符类型,operator|Type
CheckBuffCountTick,int32,buffLayers,增益层,buff|Layers
CheckBuffCountTick,bool,onlySameSkillBuff,仅相同技能增益,only|Same|Skill|Buff
CheckBuffCountTick,bool,checkOverlayCount,检查叠加计数,check|Overlay|Count
CheckBuffMarkCountTick,int32,targetId,目标ID,target|Id
CheckBuffMarkCountTick,int32,buffMarkId,增益标记ID,buff|Mark|Id
CheckBuffMarkCountTick,int32,operatorType,运算符类型,operator|Type
CheckBuffMarkCountTick,int32,buffMarkLayers,增益标记层,buff|Mark|Layers
CheckBulletHitWallDuration,int32,bulletId,子弹ID,bullet|Id
CheckBulletHitWallDuration,int32,buffId,增益ID,buff|Id
CheckBulletHitWallDuration,int32,buffSrcId,增益来源ID,buff|Src|Id
CheckBulletHitWallDuration,bool,adjustToValidPos,调整到有效位置,adjust|To|Valid|Pos
CheckBulletHitWallDuration,bool,adjustToGround,调整到地面,adjust|To|Ground
CheckBulletHitWallDuration,bool,realTimeCheck,真实时间检查,real|Time|Check
CheckBulletHitWallDuration,bool,triggerBuff,触发增益,trigger|Buff
CheckBulletHitWallDuration,bool,checkTrajectory,检查轨迹,check|Trajectory
CheckBulletLifeTime,int32,bulletId,子弹ID,bullet|Id
CheckBulletLifeTime,int32,OperatorType,运算符类型,Operator|Type
CheckBulletLifeTime,int32,TargetNumber,目标数字,Target|Number
CheckCallMonsterCountTick,int32,hostId,宿主ID,host|Id
CheckCallMonsterCountTick,int32,operatorType,运算符类型,operator|Type
CheckCallMonsterCountTick,int32,checkNum,检查数量,check|Num
CheckCallMonsterCountTick,int32,growSlot,成长槽位,grow|Slot
CheckCallMonsterCountTick,int32,growValue,成长值,grow|Value
CheckCallMonsterCountTick,bool,checkNumGrowth,检查数量成长,check|Num|Growth
CheckCanWalkWallTick,StringId,endPosName,结束位置名称,end|Pos|Name
CheckCanWalkWallTick,int32,actorId,角色ID,actor|Id
CheckCanWalkWallTick,int32,moveDistance,移动距离,move|Distance
CheckCanWalkWallTick,int32,moveWidth,移动宽度,move|Width
CheckCanWalkWallTick,int32,baseChargeDistance,基础蓄力距离,base|Charge|Distance
CheckCanWalkWallTick,int32,baseChargeWidth,基础蓄力宽度,base|Charge|Width
CheckCanWalkWallTick,int32,maxChargeDistance,最大蓄力距离,max|Charge|Distance
CheckCanWalkWallTick,int32,maxChargeWidth,最大蓄力宽度,max|Charge|Width
CheckCanWalkWallTick,bool,bChargeGrowth,蓄力成长,b|Charge|Growth
CheckCanWalkWallTick,StringId,variableName,变量名称,variable|Name
CheckCanWalkWallTick,StringId,startPosName,开始位置名称,start|Pos|Name
CheckCollideWithSpecialBullet,int32,triggerId,触发ID,trigger|Id
CheckCollideWithSpecialBullet,bool,bApplyIntersects2D,施加相交2D,b|Apply|Intersects|2|D
CheckCollideWithSpecialBullet,bool,bEdgeCheck,边缘检查,b|Edge|Check
CheckCollideWithTarget,int32,srcId,来源ID,src|Id
CheckCollideWithTarget,int32,triggerId,触发ID,trigger|Id
CheckCollideWithTarget,int32,checkType,检查类型,check|Type
CheckCollideWithTarget,TArray<int32>,bulletSpecialIds,子弹特殊ID,bullet|Special|Ids
CheckCollideWithWallDuration,int32,bulletId,子弹ID,bullet|Id
CheckCollideWithWallDuration,int32,CheckCollideWithWallType,检查碰撞与墙类型,Check|Collide|With|Wall|Type
CheckCollideWithWallDuration,bool,stopAction,停止动作,stop|Action
CheckConditionDuration,int32,IncomeRankingCompareType,收益排行比较类型,Income|Ranking|Compare|Type
CheckConditionDuration,int32,targetSkillID,目标技能ID,target|Skill|ID
CheckConditionDuration,int32,slotType,槽位类型,slot|Type
CheckConditionDuration,bool,bHitTargetHero,命中目标英雄,b|Hit|Target|Hero
CheckConditionDuration,bool,bTriggerBullet,触发子弹,b|Trigger|Bullet
CheckConditionDuration,bool,bActorDead,角色死亡,b|Actor|Dead
CheckConditionDuration,bool,bIsCallActorNotInCamouflage,是否调用角色非内伪装,b|Is|Call|Actor|Not|In|Camouflage
CheckConditionDuration,bool,bLoopGetTargetActor,循环获取目标角色,b|Loop|Get|Target|Actor
CheckConditionDuration,bool,bInGrass,内草丛,b|In|Grass
CheckConditionDuration,bool,bInSight,内视野,b|In|Sight
CheckConditionDuration,bool,bInHiding,内隐藏中,b|In|Hiding
CheckConditionDuration,bool,bCheckTime,检查时间,b|Check|Time
CheckConditionDuration,bool,bCheckIncomeRankingInSelfCamp,检查收益排行内自身阵营,b|Check|Income|Ranking|In|Self|Camp
CheckConditionDuration,bool,bHasTargetSkill,有目标技能,b|Has|Target|Skill
CheckConditionDuration,bool,bDamaged,受击,b|Damaged
CheckConditionDuration,bool,bControlled,受控,b|Controlled
CheckConditionDuration,bool,bSetAI,设置AI,b|Set|AI
CheckConditionDuration,bool,bHasPurgeByDogPathFlag,有清除由狗路径标记,b|Has|Purge|By|Dog|Path|Flag
CheckConditionDuration,bool,bCheckCanUseSkill,检查可使用技能,b|Check|Can|Use|Skill
CheckConditionDuration,bool,bActorMoving,角色移动中,b|Actor|Moving
CheckConditionDuration,bool,bActorInBattle,角色内战斗,b|Actor|In|Battle
CheckConditionDuration,bool,bActorReceiveCMDMove,角色接收指令移动,b|Actor|Receive|CMD|Move
CheckConditionDuration,int32,trackId,追踪ID,track|Id
CheckConditionDuration,int32,targetId,目标ID,target|Id
CheckConditionDuration,int32,enemyCampActorId,敌方阵营角色ID,enemy|Camp|Actor|Id
CheckConditionDuration,int32,iTargetTime,i目标时间,i|Target|Time
CheckConditionDuration,int32,TimeCompareType,时间比较类型,Time|Compare|Type
CheckConditionDuration,int32,iCompareIncomeRankingNum,i比较收益排行数量,i|Compare|Income|Ranking|Num
CheckConditionTick,int32,targetId,目标ID,target|Id
CheckConditionTick,int32,slotType,槽位类型,slot|Type
CheckConditionTick,int32,targetMountState,目标坐骑状态,target|Mount|State
CheckConditionTick,int32,PlayerCampNum,玩家阵营数量,Player|Camp|Num
CheckConditionTick,bool,bNormalJungleMonster,普通野区野怪,b|Normal|Jungle|Monster
CheckConditionTick,bool,bNotInBattle,非内战斗,b|Not|In|Battle
CheckConditionTick,bool,bInBattle,内战斗,b|In|Battle
CheckConditionTick,bool,bCheckCanUseSkill,检查可使用技能,b|Check|Can|Use|Skill
CheckConditionTick,bool,bCheckMountState,检查坐骑状态,b|Check|Mount|State
CheckConditionTick,bool,bCheckSkillContextInitBoolParam,检查技能上下文初始化布尔参数,b|Check|Skill|Context|Init|Bool|Param
CheckConditionTick,bool,bNon5PLadderOrMasterGameType,非5人天梯或主游戏类型,b|Non|5|P|Ladder|Or|Master|Game|Type
CheckDimensionTick,int32,targetId,目标ID,target|Id
CheckDimensionTick,int32,weaponFlag,武器标记,weapon|Flag
CheckDimensionTick,int32,genderFlag,性别标记,gender|Flag
CheckDistanceConditionDuration,int32,actorAId,角色AID,actor|A|Id
CheckDistanceConditionDuration,int32,actorBId,角色ID,actor|B|Id
CheckDistanceConditionDuration,int32,OperatorType,运算符类型,Operator|Type
CheckDistanceConditionDuration,int32,Distance,距离,Distance
CheckDistanceConditionDuration,bool,bCheckExtraDistance,检查额外距离,b|Check|Extra|Distance
CheckEnemyInAreaTick,int32,targetId,目标ID,target|Id
CheckEnemyInAreaTick,int32,dynamicIndicatorId,动态指示器ID,dynamic|Indicator|Id
CheckGamePlayMode,TArray<int32>,ugcSubTypes,UGC子类型,ugc|Sub|Types
CheckGameTimeTick,int32,operatorType,运算符类型,operator|Type
CheckGameTimeTick,int32,targetTime,目标时间,target|Time
CheckHasAffixDuration,int32,affixType,词缀类型,affix|Type
CheckHasAffixDuration,int32,affixIndex,词缀索引,affix|Index
CheckHasAffixDuration,int32,probability,概率,probability
CheckHitEnhancedBlockDuration,int32,actorId,角色ID,actor|Id
CheckHitNumDuration,int32,targetId,目标ID,target|Id
CheckHitNumDuration,int32,slotType,槽位类型,slot|Type
CheckHitNumDuration,int32,lowerBound,下边界,lower|Bound
CheckHitNumDuration,int32,upperBound,上边界,upper|Bound
CheckInAtkDistanceTick,int32,srcId,来源ID,src|Id
CheckInAtkDistanceTick,int32,targetId,目标ID,target|Id
CheckInGrassDuration,VInt3,targetPos,目标位置,target|Pos
CheckInGrassDuration,int32,checkInterval,检查间隔,check|Interval
CheckInGrassDuration,int32,checkType,检查类型,check|Type
CheckInGrassDuration,int32,targetActorId,目标角色ID,target|Actor|Id
CheckInGrassTick,VInt3,targetPos,目标位置,target|Pos
CheckInGrassTick,int32,checkType,检查类型,check|Type
CheckInGrassTick,int32,targetActorId,目标角色ID,target|Actor|Id
CheckInTowerAtkRangeDuration,int32,actorId,角色ID,actor|Id
CheckInTowerAtkRangeDuration,int32,checkTime,检查时间,check|Time
CheckIndicatorParamValidTick,int32,actorId,角色ID,actor|Id
CheckIndicatorParamValidTick,bool,checkDegree,检查程度,check|Degree
CheckIndicatorParamValidTick,bool,checkPosition,检查位置,check|Position
CheckIsRealInCameraDuration,int32,targetId,目标ID,target|Id
CheckIsRealInCameraDuration,int32,replaceCheckTarId,替换检查目标ID,replace|Check|Tar|Id
CheckIsTriggerSingleActorDurationMax,int32,triggerId,触发ID,trigger|Id
CheckIsTriggerSingleActorDurationMax,int32,triggerObjId,触发对象ID,trigger|Obj|Id
CheckJoyStickAngleDuration,VInt3,targetDir,目标方向,target|Dir
CheckJoyStickAngleDuration,int32,targetId,目标ID,target|Id
CheckJoyStickAngleDuration,int32,targetAngle,目标角度,target|Angle
CheckJoyStickAngleDuration,int32,CheckType,检查类型,Check|Type
CheckMapSubTypeTick,int32,MapSubType,地图子类型,Map|Sub|Type
CheckMultiActorAroundDuration,TArray<int32>,buffIds,增益ID,buff|Ids
CheckMultiActorAroundDuration,int32,distance,距离,distance
CheckMultiActorAroundDuration,int32,triggerInterval,触发间隔,trigger|Interval
CheckMultiActorAroundDuration,int32,seriesSkinGroupId,系列皮肤分组ID,series|Skin|Group|Id
CheckMultiActorAroundDuration,bool,bFindHero,查找英雄,b|Find|Hero
CheckMultiActorAroundDuration,bool,bOnlySelfCampHero,仅自身阵营英雄,b|Only|Self|Camp|Hero
CheckMultiActorAroundDuration,TArray<int32>,actorIds,角色ID,actor|Ids
CheckOrganProtectStateTick,int32,actorId,角色ID,actor|Id
CheckOrganProtectStateTick,int32,attackerId,攻击者ID,attacker|Id
CheckOrganProtectStateTick,bool,checkSegmentShield,检查分段护盾,check|Segment|Shield
CheckOrganProtectStateTick,bool,checkNoSoldierBlock,检查无小兵阻挡,check|No|Soldier|Block
CheckOrganProtectStateTick,bool,checkTimedHeroAtkBlock,检查限时英雄攻击阻挡,check|Timed|Hero|Atk|Block
CheckOrganProtectStateTick,bool,checkOutofRangeBlock,检查超出范围阻挡,check|Outof|Range|Block
CheckPauseHitTriggerDuration,int32,actorId,角色ID,actor|Id
CheckPlayerAroundDuration,int32,actorId,角色ID,actor|Id
CheckPlayerAroundDuration,int32,distance,距离,distance
CheckPlayerAroundDuration,int32,checkType,检查类型,check|Type
CheckPlayerAroundDuration,TArray<int32>,buffIds,增益ID,buff|Ids
CheckPosCondition,int32,actorId,角色ID,actor|Id
CheckPosCondition,int32,NavMeshType,导航网格类型,Nav|Mesh|Type
CheckPositionLimitDuration,int32,targetId,目标ID,target|Id
CheckPositionLimitDuration,int32,checkActorId,检查角色ID,check|Actor|Id
CheckPositionLimitDuration,bool,bResetLoc,重置位置,b|Reset|Loc
CheckPreCrik,int32,actorId,角色ID,actor|Id
CheckPreCrik,int32,targetId,目标ID,target|Id
CheckShapeTriggerTick,VInt3,offset,偏移,offset
CheckShapeTriggerTick,int32,targetId,目标ID,target|Id
CheckShapeTriggerTick,bool,reverse,反向,reverse
CheckShipModeConditionDuration,int32,brakeTurnRightBuffID,刹车转向右增益ID,brake|Turn|Right|Buff|ID
CheckShipModeConditionDuration,bool,useForceDec,使用力减,use|Force|Dec
CheckShipModeConditionDuration,int32,actorId,角色ID,actor|Id
CheckShipModeConditionDuration,int32,triggerInterval,触发间隔,trigger|Interval
CheckShipModeConditionDuration,int32,brakeBuffID,刹车增益ID,brake|Buff|ID
CheckShipModeConditionDuration,int32,turnLeftBuffID,转向左增益ID,turn|Left|Buff|ID
CheckShipModeConditionDuration,int32,turnRightBuffID,转向右增益ID,turn|Right|Buff|ID
CheckShipModeConditionDuration,int32,brakeTurnLeftBuffID,刹车转向左增益ID,brake|Turn|Left|Buff|ID
CheckShipRotateCondition,int32,actorId,角色ID,actor|Id
CheckShipRotateCondition,int32,degreeInterval,程度间隔,degree|Interval
CheckShipRotateCondition,bool,rightRotate,右旋转,right|Rotate
CheckShipRotateCondition,bool,leftRotate,左旋转,left|Rotate
CheckShipRotateCondition,bool,triggerOnceWhenEnter,触发一次当进入,trigger|Once|When|Enter
CheckShipRotateCondition,bool,triggerAll,触发全部,trigger|All
CheckShipRotateCondition,TArray<int32>,trackIds,追踪ID,track|Ids
CheckSkillDragedConditionTick,int32,actorId,角色ID,actor|Id
CheckSkillEffectImmunedDuration,int32,checkActorId,检查角色ID,check|Actor|Id
CheckSkillEffectImmunedDuration,int32,immuneSkillEffectType,免疫技能效果类型,immune|Skill|Effect|Type
CheckSkillEffectImmunedDuration,TArray<int32>,buffIdsWhenLeave,增益ID当离开,buff|Ids|When|Leave
CheckSkillIDConditionTick,int32,actorId,角色ID,actor|Id
CheckSkillIDConditionTick,int32,slotType,槽位类型,slot|Type
CheckSkillIDConditionTick,int32,skillID,技能ID,skill|ID
CheckSkillIDConditionTick,bool,checkNextSkill,检查下一个技能,check|Next|Skill
CheckSkillLevelConditionTick,int32,actorId,角色ID,actor|Id
CheckSkillLevelConditionTick,int32,slotType,槽位类型,slot|Type
CheckSkillLevelConditionTick,int32,skillLevel,技能等级,skill|Level
CheckSkillLevelConditionTick,bool,bCheckCurrentSkill,检查当前技能,b|Check|Current|Skill
CheckSkinBattleFeatureTick,int32,actorId,角色ID,actor|Id
CheckSkinBattleFeatureTick,int32,FeatureType,特性类型,Feature|Type
CheckSmartClickParam,StringId,variableName,变量名称,variable|Name
CheckSmartClickParam,int32,actorId,角色ID,actor|Id
CheckSmartClickParam,int32,slotType,槽位类型,slot|Type
CheckSpecialBulletDestroyDuration,int32,hostId,宿主ID,host|Id
CheckSpecialBulletDestroyDuration,int32,specialBulletHostId,特殊子弹宿主ID,special|Bullet|Host|Id
CheckSpecialBulletDestroyDuration,int32,checkBulletTypeId,检查子弹类型ID,check|Bullet|Type|Id
CheckSpecialBulletDestroyDuration,bool,checkBulletHost,检查子弹宿主,check|Bullet|Host
CheckSpecialBulletDestroyDuration,bool,checkSpecialBulletHost,检查特殊子弹宿主,check|Special|Bullet|Host
CheckSpecialBulletDestroyDuration,bool,checkNonHost,检查非宿主,check|Non|Host
CheckStateTagTickClient,int32,targetId,目标ID,target|Id
CheckStateTagTickClient,int32,tagId,标签ID,tag|Id
CheckTargetDeadDuration,int32,targetId,目标ID,target|Id
CheckTargetInSelfDirAngleDuration,int32,srcId,来源ID,src|Id
CheckTargetInSelfDirAngleDuration,int32,targetId,目标ID,target|Id
CheckTargetInSelfDirAngleDuration,int32,startDir,开始方向,start|Dir
CheckTargetInSelfDirAngleDuration,int32,angle,角度,angle
CheckTargetInSelfDirAngleTick,int32,angle,角度,angle
CheckTargetInSelfDirAngleTick,VInt3,customDir,自定义方向,custom|Dir
CheckTargetInSelfDirAngleTick,int32,srcId,来源ID,src|Id
CheckTargetInSelfDirAngleTick,int32,targetId,目标ID,target|Id
CheckTargetInSelfDirAngleTick,int32,SelfForwardType,自身前向类型,Self|Forward|Type
CheckTargetInSelfDirAngleTick,int32,startDir,开始方向,start|Dir
CheckTargetIsNullDuration,int32,targetId,目标ID,target|Id
CheckTargetIsNullTick,int32,actorId,角色ID,actor|Id
CheckTargetIsNullTick,bool,reverse,反向,reverse
CheckValidPosDuration,int32,actorId,角色ID,actor|Id
CircleBulletDuration,VInt3,finalPos,最终位置,final|Pos
CircleBulletDuration,int32,targetId,目标ID,target|Id
CircleBulletDuration,int32,degree,程度,degree
CircleRotateActorDuration,StringId,refParamParticleScaleV3Name,引用参数粒子缩放V3名称,ref|Param|Particle|Scale|V|3|Name
CircleRotateActorDuration,int32,moveActorId,移动角色ID,move|Actor|Id
CircleRotateActorDuration,int32,centerId,中心ID,center|Id
CircleRotateActorDuration,int32,maxRotateAngle,最大旋转角度,max|Rotate|Angle
CircleRotateActorDuration,int32,rotateSpeed,旋转速度,rotate|Speed
CircleRotateActorDuration,int32,lineSpeed,线速度,line|Speed
CircleRotateActorDuration,int32,targetRadius,目标半径,target|Radius
CircleRotateActorDuration,int32,radiusGrowth,半径成长,radius|Growth
CircleRotateActorDuration,int32,checkAreaLimitType,检查区域限制类型,check|Area|Limit|Type
CircleRotateActorDuration,int32,rotateToTargetId,旋转到目标ID,rotate|To|Target|Id
CircleRotateActorDuration,int32,autoChaseSpeedFactor,自动追击速度系数,auto|Chase|Speed|Factor
CircleRotateActorDuration,int32,autoChaseDegreeMin,自动追击程度最小,auto|Chase|Degree|Min
CircleRotateActorDuration,int32,autoChaseDegreeMax,自动追击程度最大,auto|Chase|Degree|Max
CircleRotateActorDuration,bool,isClockwise,是否顺时针,is|Clockwise
CircleRotateActorDuration,bool,refreshForward,刷新前向,refresh|Forward
CircleRotateActorDuration,bool,checkAreaLimit,检查区域限制,check|Area|Limit
CircleRotateActorDuration,bool,isLimitByAreaUnitStop,是否限制由区域单位停止,is|Limit|By|Area|Unit|Stop
CircleRotateActorDuration,bool,isReachNavEdgeStop,是否到达导航边缘停止,is|Reach|Nav|Edge|Stop
CircleRotateActorDuration,bool,validatePosWhenLeave,校验位置当离开,validate|Pos|When|Leave
CircleRotateActorDuration,bool,ignoreLeftTimeWhenLeave,忽略左时间当离开,ignore|Left|Time|When|Leave
CircleRotateActorDuration,bool,followHeight,跟随高度,follow|Height
CircleRotateActorDuration,bool,isRotateToTarget,是否旋转到目标,is|Rotate|To|Target
CircleRotateActorDuration,bool,enableAutoChaseSpeed,启用自动追击速度,enable|Auto|Chase|Speed
CircleRotateActorDuration,StringId,refParamRadiuV3iName,引用参数半径V3i名称,ref|Param|Radiu|V|3|i|Name
CircleRotateActorDuration,StringId,refParamRadiuCenterOffsetV3iName,引用参数半径中心偏移V3i名称,ref|Param|Radiu|Center|Offset|V|3|i|Name
CircleRotateAndMoveActorDuration,int32,moveSpeedRate,移动速度速率,move|Speed|Rate
CircleRotateAndMoveActorDuration,int32,lerpSpeed,插值速度,lerp|Speed
CircleRotateAndMoveActorDuration,int32,heightLerpSpeed,高度插值速度,height|Lerp|Speed
CircleRotateAndMoveActorDuration,bool,validatePosWhenLeave,校验位置当离开,validate|Pos|When|Leave
CircleRotateAndMoveActorDuration,bool,b3DMotion,3D运动,b|3|D|Motion
CircleRotateAndMoveActorDuration,bool,ignoreBehaviorBranchCheck,忽略行为分支检查,ignore|Behavior|Branch|Check
CircleRotateAndMoveActorDuration,bool,bMoveRotate,移动旋转,b|Move|Rotate
CircleRotateAndMoveActorDuration,bool,bAutoAdjustHeight,自动调整高度,b|Auto|Adjust|Height
CircleRotateAndMoveActorDuration,int32,moveActorId,移动角色ID,move|Actor|Id
CircleRotateAndMoveActorDuration,int32,centerActorId,中心角色ID,center|Actor|Id
CircleRotateAndMoveActorDuration,int32,radius,半径,radius
CircleRotateAndMoveActorDuration,int32,angleSpeed,角度速度,angle|Speed
CircleRotateAndMoveActorDuration,int32,lineSpeed,线速度,line|Speed
CircleRotateAndMoveActorDuration,int32,moveAccelerate,移动加速,move|Accelerate
ClearEquipActiveSkillCDTick,int32,targetId,目标ID,target|Id
ClearExtraBuffTriggerInfoTick,int32,srcId,来源ID,src|Id
ClearExtraBuffTriggerInfoTick,int32,extraBuffConditionTypeMask,额外增益条件类型掩码,extra|Buff|Condition|Type|Mask
ClearExtraBuffTriggerInfoTick,uint32,skillSlotTypeMask,技能槽位类型掩码,skill|Slot|Type|Mask
ClearIndicatorParamTick,int32,actorId,角色ID,actor|Id
CloseParticleObj,int32,particleObj,粒子对象,particle|Obj
CmdMoveDurationDemo,int32,srcId,来源ID,src|Id
CmdMoveDurationDemo,int32,tarId,目标ID,tar|Id
CmdMoveDurationDemo,int32,pauseTick,暂停每帧,pause|Tick
CmdMoveDurationDemo,int32,pauseDuration,暂停持续时间,pause|Duration
CmdMoveDurationDemo,int32,speed,速度,speed
CmdMoveDurationDemo,int32,acceleration,加速度,acceleration
CollectDamageDuration,int32,sourceId,来源ID,source|Id
CollectDamageDuration,int32,outDamagePercent,外伤害百分比,out|Damage|Percent
CollectDamageDuration,int32,damageType,伤害类型,damage|Type
CollectDamageDuration,int32,maxValue,最大值,max|Value
CollectDamageDuration,int32,maxHpPctTargetId,最大生命值百分比目标ID,max|Hp|Pct|Target|Id
CollectDamageDuration,uint32,recordTimeLimit,记录时间限制,record|Time|Limit
CollectDamageDuration,bool,bBeforeCalcDef,之前计算防御,b|Before|Calc|Def
CollectDamageDuration,bool,bIncludeShieldAbsorbed,包含护盾已吸收,b|Include|Shield|Absorbed
CollectDamageDuration,bool,bIsCollectHpEneryConsume,是否收集生命值能量消耗,b|Is|Collect|Hp|Enery|Consume
CollectDamageDuration,bool,bMaxHpPct,最大生命值百分比,b|Max|Hp|Pct
CollectDamageDuration,bool,bStopWhenReachMax,停止当到达最大,b|Stop|When|Reach|Max
CollectDamageDuration,StringId,outDamageValueName,外伤害值名称,out|Damage|Value|Name
CollectDamageDuration,int32,targetId,目标ID,target|Id
ComboGuideCommond,bool,bShowDetail,显示细节,b|Show|Detail
ComboGuideCommond,bool,bClosedShowInfoClick,关闭显示信息点击,b|Closed|Show|Info|Click
ComboGuideCommond,bool,bIsWin,是否胜利,b|Is|Win
ComboGuideCommond,bool,bPauseGame,暂停游戏,b|Pause|Game
ComboGuideCommond,bool,bResetSkillCD,重置技能冷却,b|Reset|Skill|CD
ComboGuideCommond,int32,CommondType,通用类型,Commond|Type
ComboGuideCommond,int32,taskID,任务ID,task|ID
ComboGuideCommond,int32,TaskType,任务类型,Task|Type
ComboGuideCommond,int32,levelIntroID,等级开场ID,level|Intro|ID
ComboGuideCommond,int32,closeDelay,关闭延迟,close|Delay
ComboGuideCommond,int32,fadeInTime,淡入淡出内时间,fade|In|Time
ComboGuideCommond,int32,clickCloseDelay,点击关闭延迟,click|Close|Delay
CommonAttackLockTargetShareTick,int32,srcId,来源ID,src|Id
CommonAttackLockTargetShareTick,int32,destId,目标ID,dest|Id
CompareValueTick,int32,compareValue1,比较值1,compare|Value|1
CompareValueTick,int32,compareValue2,比较值2,compare|Value|2
CompareValueTick,int32,operatorType,运算符类型,operator|Type
ComponentPropertyDuration,int32,targetId,目标ID,target|Id
ComponentPropertyDuration,int32,PropValue,属性值,Prop|Value
ComponentPropertyDuration,int32,Radius,半径,Radius
ComponentPropertyDuration,int32,OpType,操作类型,Op|Type
ComponentPropertyDuration,StringId,ComponentName,组件名称,Component|Name
ComponentPropertyDuration,StringId,PropertyName,属性名称,Property|Name
ConditionalAbortSkillDuration,int32,AttackerID,攻击者ID,Attacker|ID
ConditionalAbortSkillDuration,int32,TargetID,目标ID,Target|ID
ConditionalAbortSkillDuration,int32,abortDistance,中止距离,abort|Distance
ConditionalAbortSkillDuration,bool,bAttackerAbortMoveAbortSkill,攻击者中止移动中止技能,b|Attacker|Abort|Move|Abort|Skill
ConditionalAbortSkillDuration,bool,bTargetDeadAbortSkill,目标死亡中止技能,b|Target|Dead|Abort|Skill
ConditionalAbortSkillDuration,bool,bTargetOverDistanceAbortSkill,目标超过距离中止技能,b|Target|Over|Distance|Abort|Skill
ConfusionDuration,int32,targetId,目标ID,target|Id
ConfusionDuration,int32,randomAngle,随机角度,random|Angle
ConfusionDuration,int32,randomMinRadius,随机最小半径,random|Min|Radius
ConfusionDuration,int32,randomMaxRadius,随机最大半径,random|Max|Radius
ConfusionDuration,int32,randomRadiusAngle,随机半径角度,random|Radius|Angle
ConfusionDuration,bool,bBulletRandomDir,子弹随机方向,b|Bullet|Random|Dir
ContinuouslySetActorDirDuration,int32,indicatorActorId,指示器角色ID,indicator|Actor|Id
ContinuouslySetActorDirDuration,int32,dirActorId,方向角色ID,dir|Actor|Id
ContinuouslySetActorDirDuration,int32,YAxisOffst,Y轴偏移,Y|Axis|Offst
ContinuouslySetActorDirDuration,int32,logicForwardActorId,逻辑前向角色ID,logic|Forward|Actor|Id
ContinuouslySetActorDirDuration,int32,moveCmdActorId,移动指令角色ID,move|Cmd|Actor|Id
ContinuouslySetActorDirDuration,bool,bUseIndicatorDir,使用指示器方向,b|Use|Indicator|Dir
ContinuouslySetActorDirDuration,bool,bUseTargetDir,使用目标方向,b|Use|Target|Dir
ContinuouslySetActorDirDuration,bool,bUpdateTarget,更新目标,b|Update|Target
ContinuouslySetActorDirDuration,bool,bUseTargetPositionDir,使用目标位置方向,b|Use|Target|Position|Dir
ContinuouslySetActorDirDuration,bool,bSetYAsix,设置Y轴,b|Set|Y|Asix
ContinuouslySetActorDirDuration,bool,bContinuousRotateNew,持续旋转新,b|Continuous|Rotate|New
ContinuouslySetActorDirDuration,bool,bContinuousRotate,持续旋转,b|Continuous|Rotate
ContinuouslySetActorDirDuration,bool,bOnlyRender,仅渲染,b|Only|Render
ContinuouslySetActorDirDuration,bool,bDisableWhenSkillDisable,禁用当技能禁用,b|Disable|When|Skill|Disable
ContinuouslySetActorDirDuration,bool,bUseActorLogicForward,使用角色逻辑前向,b|Use|Actor|Logic|Forward
ContinuouslySetActorDirDuration,bool,bNotSetDestDirOnLeave,非设置目标方向开离开,b|Not|Set|Dest|Dir|On|Leave
ContinuouslySetActorDirDuration,bool,bUseMoveCmdDir,使用移动指令方向,b|Use|Move|Cmd|Dir
ContinuouslySetActorDirDuration,VInt3,targetPosition,目标位置,target|Position
ContinuouslySetActorDirDuration,int32,targetId,目标ID,target|Id
ContinuouslySetActorDirDuration,int32,rotateSpeed,旋转速度,rotate|Speed
ContinuouslySetActorDirDuration,int32,extraRotateSpeed,额外旋转速度,extra|Rotate|Speed
ControlActorBoneScaleDuration,StringId,fuzzyBoneName,模糊骨骼名称,fuzzy|Bone|Name
ControlActorBoneScaleDuration,int32,selfId,自身ID,self|Id
ControlActorBoneScaleDuration,bool,bFuzzyMatching,模糊匹配,b|Fuzzy|Matching
ControlActorBoneScaleDuration,VInt3,scale,缩放,scale
ControlActorBoneScaleDuration,StringId,bonePath,骨骼路径,bone|Path
ControlMoveDuration,int32,targetId,目标ID,target|Id
ControlMoveDuration,bool,ignoreBehaviorBranchCheck,忽略行为分支检查,ignore|Behavior|Branch|Check
ControledLineMove,int32,srcActor,来源角色,src|Actor
ControledLineMove,int32,srcTarget,来源目标,src|Target
ControledLineMove,int32,destTarget,目标目标,dest|Target
ControledLineMove,int32,moveSpeed,移动速度,move|Speed
ConvertVectorSpaceTick,int32,refTargetId,引用目标ID,ref|Target|Id
ConvertVectorSpaceTick,bool,bToLocal,到本地,b|To|Local
ConvertVectorSpaceTick,bool,bIsDir,是否方向,b|Is|Dir
ConvertVectorSpaceTick,VInt3,inputValue,输入值,input|Value
ConvertVectorSpaceTick,StringId,outputName,输出名称,output|Name
CopyActorHpRate,int32,srcId,来源ID,src|Id
CopyActorHpRate,int32,targetId,目标ID,target|Id
CopyActorHpRate,bool,bRate,速率,b|Rate
CreateNavMeshDuration,TArray<int32>,approachingDestoryBuffIds,接近销毁增益ID,approaching|Destory|Buff|Ids
CreateNavMeshDuration,TArray<int32>,arrivedDestoryBuffIds,已到达销毁增益ID,arrived|Destory|Buff|Ids
CreateNavMeshDuration,VInt3,translation,平移,translation
CreateNavMeshDuration,int32,objectSpaceId,对象空间ID,object|Space|Id
CreateNavMeshDuration,int32,NavMeshType,导航网格类型,Nav|Mesh|Type
CreateNavMeshDuration,int32,templateRegionID,模板区域ID,template|Region|ID
CreateNavMeshDuration,int32,navMeshShapeType,导航网格形状类型,nav|Mesh|Shape|Type
CreateNavMeshDuration,int32,navMeshLength,导航网格长度,nav|Mesh|Length
CreateNavMeshDuration,int32,navMeshWidth,导航网格宽度,nav|Mesh|Width
CreateNavMeshDuration,int32,cylinderHeight,圆柱高度,cylinder|Height
CreateNavMeshDuration,int32,cylinderInnerRadius,圆柱内半径,cylinder|Inner|Radius
CreateNavMeshDuration,int32,cylinderOuterRadius,圆柱外半径,cylinder|Outer|Radius
CreateNavMeshDuration,int32,cylinderVertexCount,圆柱顶点计数,cylinder|Vertex|Count
CreateNavMeshDuration,int32,walkableActor,可行走角色,walkable|Actor
CreateNavMeshDuration,int32,extraWalkableActor,额外可行走角色,extra|Walkable|Actor
CreateNavMeshDuration,int32,navMeshPriority,导航网格优先级,nav|Mesh|Priority
CreateNavMeshDuration,bool,useTemplate,使用模板,use|Template
CreateNavMeshDuration,bool,checkExtraMeshValid,检查额外网格有效,check|Extra|Mesh|Valid
CreateNavMeshDuration,bool,bIgnoreBlock,忽略阻挡,b|Ignore|Block
CreateNavMeshDuration,bool,bForceDownToGroundOnDestroy,力下到地面开销毁,b|Force|Down|To|Ground|On|Destroy
CreateNavMeshDuration,bool,onlyForSelectActor,仅用于选择角色,only|For|Select|Actor
CreateNavMeshDuration,bool,needLerpTo,需要插值到,need|Lerp|To
CreateNavMeshDuration,bool,addOtherMeshReachable,添加其他网格可达,add|Other|Mesh|Reachable
CreateNavMeshDuration,TArray<int32>,extraReachableRegionIds,额外可达区域ID,extra|Reachable|Region|Ids
CrossSpecialBlockDuration,int32,targetId,目标ID,target|Id
CrossSpecialBlockDuration,TArray<int32>,IgnoreBlockIDs,忽略阻挡ID,Ignore|Block|IDs
DelayHurtHudRenderDuration,int32,slotType,槽位类型,slot|Type
DelayHurtHudRenderDuration,int32,srcId,来源ID,src|Id
DelayHurtHudRenderDuration,int32,targetId,目标ID,target|Id
DelayHurtHudRenderDuration,int32,hurtType,伤害类型,hurt|Type
DelayHurtHudRenderDuration,int32,buffId,增益ID,buff|Id
DelayHurtHudRenderDuration,int32,effectIndex,效果索引,effect|Index
DelayHurtHudRenderDuration,int32,buffMarkId,增益标记ID,buff|Mark|Id
DestroyActorTick,int32,TargetId,目标ID,Target|Id
DestroyActorTick,int32,attackerId,攻击者ID,attacker|Id
DestroyActorTick,int32,delay,延迟,delay
DestroyActorTick,bool,autoRecycle,自动回收,auto|Recycle
DestroyActorTick,bool,suicide,自杀,suicide
DestroyObject,int32,targetId,目标ID,target|Id
DestroyObject,bool,destroyUnityGo,销毁Unity对象,destroy|Unity|Go
DialogProcessorTick,int32,DialogGroupId,对话分组ID,Dialog|Group|Id
DisableMoveProbeDuration,int32,targetId,目标ID,target|Id
DisableMoveProbeDuration,bool,DisableMoveCombo,禁用移动连击,Disable|Move|Combo
DisableMoveProbeDuration,bool,DisableIndicateMoveDest,禁用指示移动目标,Disable|Indicate|Move|Dest
DisableSkillIndicatorCameraDuration,int32,targetId,目标ID,target|Id
DisableTriggerParticle,int32,targetId,目标ID,target|Id
DisableTriggerParticle,int32,filterHurtTypeMask,过滤伤害类型掩码,filter|Hurt|Type|Mask
DistanceBuffDuration,int32,buffID3,增益ID3,buff|ID|3
DistanceBuffDuration,bool,checkDeadCondition,检查死亡条件,check|Dead|Condition
DistanceBuffDuration,int32,srcId,来源ID,src|Id
DistanceBuffDuration,int32,targetId,目标ID,target|Id
DistanceBuffDuration,int32,buffID1,增益ID1,buff|ID|1
DistanceBuffDuration,int32,distance1,距离1,distance|1
DistanceBuffDuration,int32,buffID2,增益ID2,buff|ID|2
DistanceBuffDuration,int32,distance2,距离2,distance|2
DoDragonEvolution,int32,targetId,目标ID,target|Id
DoDragonEvolution,int32,evoState,进化状态,evo|State
DoTempSkillInvadeCellCoordDuration,int32,targetId,目标ID,target|Id
DoTempSkillInvadeCellCoordDuration,int32,slotType,槽位类型,slot|Type
DoTempSkillInvadeCellCoordDuration,int32,constPosIndex,常量位置索引,const|Pos|Index
DoTempSkillInvadeCellCoordDuration,bool,currentPos,当前位置,current|Pos
DontBreakJoystickEventTick,int32,formPriority,形态优先级,form|Priority
DontBreakJoystickEventTick,bool,dontBreak,不打断,dont|Break
DoubleHitDuration,int32,targetId,目标ID,target|Id
DoubleHitDuration,int32,doubleHitInterval,双倍命中间隔,double|Hit|Interval
DoubleHitDuration,int32,useCount,使用计数,use|Count
DownToGroundOrWallDuration,TArray<int32>,buffIdsOnGround,增益ID开地面,buff|Ids|On|Ground
DownToGroundOrWallDuration,int32,targetId,目标ID,target|Id
DownToGroundOrWallDuration,int32,gravity,重力,gravity
DownToGroundOrWallDuration,int32,initialVelocity,初始速度,initial|Velocity
DownToGroundOrWallDuration,bool,bUseWallMesh,使用墙网格,b|Use|Wall|Mesh
DownToGroundOrWallDuration,bool,bForceToGroundOrWall,力到地面或墙,b|Force|To|Ground|Or|Wall
DownToGroundOrWallDuration,bool,bMoveAllowed,移动允许,b|Move|Allowed
DownToGroundOrWallDuration,bool,bRealTimeUpdateEndPos,真实时间更新结束位置,b|Real|Time|Update|End|Pos
DownToGroundOrWallDuration,bool,bApplyActionSpeed,施加动作速度,b|Apply|Action|Speed
DownToGroundOrWallDuration,TArray<int32>,buffIdsOnWall,增益ID开墙,buff|Ids|On|Wall
DurationalControlResistDuration,int32,targetId,目标ID,target|Id
DurationalControlResistDuration,int32,resistDuration,抗性持续时间,resist|Duration
DynamicBuffParam,int32,actorId,角色ID,actor|Id
DynamicBuffParam,int32,valChangeRate,值变更速率,val|Change|Rate
DynamicBuffParam,int32,targetBuffId,目标增益ID,target|Buff|Id
DynamicBuffParam,int32,paramIndex,参数索引,param|Index
DynamicBuffParam,bool,removeAfterUse,移除之后使用,remove|After|Use
DynamicBuffParam,bool,removeAfterDead,移除之后死亡,remove|After|Dead
DynamicBuffParam,bool,removeAfterAgeEnd,移除之后推进结束,remove|After|Age|End
DynamicBulletDuration,int32,sourceId,来源ID,source|Id
DynamicBulletDuration,int32,targetId,目标ID,target|Id
DynamicBulletDuration,int32,bulletId,子弹ID,bullet|Id
DynamicBulletDuration,int32,collisionType,碰撞类型,collision|Type
DynamicBulletDuration,VInt3,startOffset,开始偏移,start|Offset
DynamicBulletDuration,VInt3,endOffset,结束偏移,end|Offset
DynamicCurveParticleDuration,VInt3,bindDestOffet,绑定目标偏移,bind|Dest|Offet
DynamicCurveParticleDuration,StringId,resourceName,资源名称,resource|Name
DynamicCurveParticleDuration,int32,sourceId,来源ID,source|Id
DynamicCurveParticleDuration,int32,targetId,目标ID,target|Id
DynamicCurveParticleDuration,bool,bTargetPosition,目标位置,b|Target|Position
DynamicCurveParticleDuration,VInt3,targetPosition,目标位置,target|Position
DynamicCurveParticleDuration,VInt3,bindPosOffset,绑定位置偏移,bind|Pos|Offset
DynamicModifyCollisionSize,int32,sourceId,来源ID,source|Id
DynamicModifyCollisionSize,int32,bulletId,子弹ID,bullet|Id
DynamicModifyCollisionSize,int32,affectedBySkillRange,受影响由技能范围,affected|By|Skill|Range
DynamicModifyCollisionSize,int32,modifySizeMask,修改尺寸掩码,modify|Size|Mask
DynamicModifyCollisionSize,bool,bUseCurrentSkillRangeAsBase,使用当前技能范围作为基础,b|Use|Current|Skill|Range|As|Base
DynamicModifyParticleScaleDuration,int32,modifyScaleMask,修改缩放掩码,modify|Scale|Mask
DynamicModifyParticleScaleDuration,bool,sizeThousandthInt,尺寸千分之一整数,size|Thousandth|Int
DynamicModifyParticleScaleDuration,bool,revertWhenLeave,还原当离开,revert|When|Leave
DynamicModifyParticleScaleDuration,bool,growByTime,成长由时间,grow|By|Time
DynamicModifyParticleScaleDuration,bool,affectedBySkillRange,受影响由技能范围,affected|By|Skill|Range
DynamicModifyParticleScaleDuration,int32,targetId,目标ID,target|Id
DynamicModifyParticleScaleDuration,float,modifyScale,修改缩放,modify|Scale
DynamicModifyParticleScaleDuration,int32,modifyScaleInt,修改缩放整数,modify|Scale|Int
DynamicModifyParticleScaleDuration,int32,modifyFreq,修改频率,modify|Freq
DynamicModifyParticleScaleDuration,int32,curveType,曲线类型,curve|Type
DynamicModifyParticleScaleDuration,float,skillRangeScale,技能范围缩放,skill|Range|Scale
DynamicSearchValidTargetDuration,int32,searchRange,搜索范围,search|Range
DynamicSearchValidTargetDuration,bool,checkDead,检查死亡,check|Dead
DynamicSearchValidTargetDuration,bool,checkFilter,检查过滤,check|Filter
DynamicSearchValidTargetDuration,bool,checkForbidSelect,检查禁止选择,check|Forbid|Select
DynamicSearchValidTargetDuration,bool,checkActorOutOfRange,检查角色外的范围,check|Actor|Out|Of|Range
DynamicSearchValidTargetDuration,bool,applyToSkillTarget,施加到技能目标,apply|To|Skill|Target
DynamicSearchValidTargetDuration,int32,targetId,目标ID,target|Id
DynamicSearchValidTargetDuration,int32,srcId,来源ID,src|Id
DynamicSearchValidTargetDuration,int32,posObjId,位置对象ID,pos|Obj|Id
DynamicSearchValidTargetDuration,int32,outOfRangeDis,外的范围否,out|Of|Range|Dis
DynamicSearchValidTargetDuration,int32,searchCount,搜索计数,search|Count
DynamicSearchValidTargetDuration,int32,searchAngle,搜索角度,search|Angle
EanbleActorOutlineColor,int32,target,目标,target
EanbleActorOutlineColor,bool,bEnable,启用,b|Enable
EnableCommonAttackIndicatorTick,int32,actorId,角色ID,actor|Id
EnableCommonAttackIndicatorTick,bool,enable,启用,enable
EnableCommonAttackIndicatorTick,bool,enableDisableStatusNotify,启用禁用状态通知,enable|Disable|Status|Notify
EnableCommonAttackIndicatorTick,bool,setOperationCache,设置操作缓存,set|Operation|Cache
EnableCommonAttackIndicatorTick,bool,cacheOpen,缓存打开,cache|Open
EnableCommonAttackIndicatorTick,bool,setIndicatorDisableOperate,设置指示器禁用操作,set|Indicator|Disable|Operate
EnableCommonAttackIndicatorTick,bool,operateOpen,操作打开,operate|Open
EnableDynamicBoneDuration,int32,srcId,来源ID,src|Id
EnableDynamicBoneDuration,float,initRatio,初始化比例,init|Ratio
EnableDynamicBoneDuration,float,targetRatio,目标比例,target|Ratio
EnableDynamicBoneDuration,int32,ratioChangeTime,比例变更时间,ratio|Change|Time
EnableDynamicBoneDuration,bool,slowStart,减速开始,slow|Start
EnableLevelUpEffect,int32,targetId,目标ID,target|Id
EnableLevelUpEffect,int32,level,等级,level
EnableLevelUpEffect,bool,enabled,启用,enabled
EnableSoldierLineTick,int32,SoldierWaveId,小兵波次ID,Soldier|Wave|Id
EnableSoldierLineTick,bool,bEnable,启用,b|Enable
EnergyConditionDuration,int32,targetId,目标ID,target|Id
EnergyConditionDuration,int32,lowerLimit,下限制,lower|Limit
EnergyConditionDuration,int32,upperLimit,上限制,upper|Limit
EnergyConditionDuration,int32,selfId,自身ID,self|Id
EnergyConditionDuration,int32,operatorType,运算符类型,operator|Type
EnergyConditionDuration,bool,bEpValueCompare,能量值比较,b|Ep|Value|Compare
EpicycleMoveDuration,int32,originID,原点ID,origin|ID
EpicycleMoveDuration,int32,targetObj,目标对象,target|Obj
EpicycleMoveDuration,int32,height,高度,height
EpicycleMoveDuration,int32,scale,缩放,scale
EpicycleMoveDuration,int32,timeOffset,时间偏移,time|Offset
EpicycleMoveDuration,int32,periodScale,周期缩放,period|Scale
EpicycleMoveDuration,int32,spaceType,空间类型,space|Type
EpicycleMoveDuration,TArray<VInt3>,circleRadiusList,圆形半径列表,circle|Radius|List
ExcludeActorToValidPosDuration,int32,moveSpeed,移动速度,move|Speed
ExcludeActorToValidPosDuration,int32,excludeRemobuffBuff,排除移除增益增益,exclude|Remobuff|Buff
ExcludeActorToValidPosDuration,bool,optimizeNearstPos,优化最近位置,optimize|Nearst|Pos
ExcludeActorToValidPosDuration,bool,bFindValidPosNearDest,查找有效位置附近目标,b|Find|Valid|Pos|Near|Dest
ExcludeActorToValidPosDuration,VInt3,startPos,开始位置,start|Pos
ExcludeActorToValidPosDuration,int32,targetId,目标ID,target|Id
ExcludeActorToValidPosDuration,int32,slidDist,滑动距离,slid|Dist
ExcludeActorToValidPosDuration,int32,optSearchRaidus,可选搜索半径,opt|Search|Raidus
ExpandObjectCollisionSize,VInt3,customOriginSize,自定义原点尺寸,custom|Origin|Size
ExpandObjectCollisionSize,int32,sourceId,来源ID,source|Id
ExpandObjectCollisionSize,int32,bulletId,子弹ID,bullet|Id
ExpandObjectCollisionSize,int32,collisionType,碰撞类型,collision|Type
ExpandObjectCollisionSize,int32,incRadius,增半径,inc|Radius
ExpandObjectCollisionSize,int32,incRadiusValue,增半径值,inc|Radius|Value
ExpandObjectCollisionSize,int32,incInnerRadius,增内半径,inc|Inner|Radius
ExpandObjectCollisionSize,int32,incInnerRadiusValue,增内半径值,inc|Inner|Radius|Value
ExpandObjectCollisionSize,int32,degreeGrowValue,程度成长值,degree|Grow|Value
ExpandObjectCollisionSize,bool,bAffectedByEnergy,受影响由能量,b|Affected|By|Energy
ExpandObjectCollisionSize,bool,bUseCustomOriginSize,使用自定义原点尺寸,b|Use|Custom|Origin|Size
ExpandObjectCollisionSize,VInt3,boxIncSize,盒增尺寸,box|Inc|Size
ExpandObjectCollisionSize,VInt3,boxIncSizeValue,盒增尺寸值,box|Inc|Size|Value
ExtendBuffDuration,int32,actorId,角色ID,actor|Id
ExtendBuffDuration,int32,extendType,延长类型,extend|Type
ExtendBuffDuration,int32,extendTime,延长时间,extend|Time
ExtendBuffDuration,int32,selectBuffType,选择增益类型,select|Buff|Type
ExtendBuffDuration,int32,checkBuffShowType,检查增益显示类型,check|Buff|Show|Type
ExtendBuffDuration,bool,selectHardControl,选择硬控制,select|Hard|Control
ExtendBuffDuration,bool,selectSoftControl,选择软控制,select|Soft|Control
ExtendBuffDuration,TArray<int32>,buffIds,增益ID,buff|Ids
ExtendBulletDuration,int32,bulletId,子弹ID,bullet|Id
ExtendBulletDuration,bool,bAddLength,添加长度,b|Add|Length
ExtendBulletDuration,bool,bDestroyBulletWhenLeave,销毁子弹当离开,b|Destroy|Bullet|When|Leave
ExtendBulletDuration,bool,bResumeOriginalTime,恢复原始时间,b|Resume|Original|Time
ExtraBuffTriggerInfoGroupDuration,int32,sourceId,来源ID,source|Id
ExtraBuffTriggerInfoGroupDuration,int32,GroupID,分组ID,Group|ID
ExtraBuffTriggerInfoGroupDuration,int32,InfoType,信息类型,Info|Type
ExtraBuffTriggerInfoGroupDuration,int32,TimeInterval,时间间隔,Time|Interval
ExtraBuffTriggerInfoGroupDuration,int32,GroupByNum,分组由数量,Group|By|Num
ExtraBuffTriggerInfoGroupDuration,TArray<uint32>,BulletOrBuffIds,子弹或增益ID,Bullet|Or|Buff|Ids
FilterBuffMeleeRemoteTypeTick,int32,FilterType,过滤类型,Filter|Type
FilterChibiTargetStateDuration,int32,targetId,目标ID,target|Id
FilterChibiTargetStateDuration,int32,filterType,过滤类型,filter|Type
FilterChibiTargetStateDuration,int32,operatorType,运算符类型,operator|Type
FilterChibiTargetStateDuration,int32,filterValue,过滤值,filter|Value
FilterChibiTargetStateDuration,bool,bContinuesCheck,持续检查,b|Continues|Check
FilterChibiTargetStateDuration,bool,bFilterAttribute,过滤属性,b|Filter|Attribute
FilterChibiTargetStateDuration,bool,bFilterCollisionEntity,过滤碰撞实体,b|Filter|Collision|Entity
FilterChibiTargetStateDuration,bool,bFilterCollisionWall,过滤碰撞墙,b|Filter|Collision|Wall
FilterChibiTargetType,int32,targetId,目标ID,target|Id
FilterChibiTargetType,int32,filterType,过滤类型,filter|Type
FilterChibiTargetType,int32,operatorType,运算符类型,operator|Type
FilterChibiTargetType,int32,filterValue,过滤值,filter|Value
FilterCurrentSlotTick,int32,slotType,槽位类型,slot|Type
FilterHeroAtkDistDuration,int32,TargetId,目标ID,Target|Id
FilterHeroAtkDistDuration,int32,AtkDistType,攻击距离类型,Atk|Dist|Type
FilterHeroAtkDistTick,int32,TargetId,目标ID,Target|Id
FilterHeroAtkDistTick,int32,AtkDistType,攻击距离类型,Atk|Dist|Type
FilterHeroDoubleHitTick,int32,targetId,目标ID,target|Id
FilterHeroDoubleHitTick,bool,isDoubleHit,是否双倍命中,is|Double|Hit
FilterIntVariableTick,int32,filterNum,过滤数量,filter|Num
FilterIntVariableTick,StringId,variableName,变量名称,variable|Name
FilterIntVariableTick,int32,dataSrc,数据来源,data|Src
FilterIntVariableTick,int32,actorId,角色ID,actor|Id
FilterIntVariableTick,int32,filterType,过滤类型,filter|Type
FilterPerformanceClient,int32,targetId,目标ID,target|Id
FilterPerformanceClient,float,frameRateThreshold,帧速率阈值,frame|Rate|Threshold
FilterPerformanceClient,float,frameRateThresholdLod3,帧速率阈值LOD3,frame|Rate|Threshold|Lod|3
FilterPerformanceClient,float,hostFrameRateThreshold,宿主帧速率阈值,host|Frame|Rate|Threshold
FilterPerformanceClient,int32,includeQuality,包含品质,include|Quality
FilterPerformanceClient,bool,ignoreHost,忽略宿主,ignore|Host
FilterPerformanceClient,bool,hostUseExtraThrehold,宿主使用额外阈值,host|Use|Extra|Threhold
FilterPerformanceClient,bool,ignoreWatching,忽略观察,ignore|Watching
FilterProcessClient,bool,notWatchingMode,非观察模式,not|Watching|Mode
FilterPropertyValueDuration,int32,rightValue,右值,right|Value
FilterPropertyValueDuration,int32,rightValueFactor,右值系数,right|Value|Factor
FilterPropertyValueDuration,int32,operatorType,运算符类型,operator|Type
FilterPropertyValueDuration,int32,leftValueType,左值类型,left|Value|Type
FilterPropertyValueDuration,int32,leftActorId,左角色ID,left|Actor|Id
FilterPropertyValueDuration,int32,leftValue,左值,left|Value
FilterPropertyValueDuration,int32,rightValueType,右值类型,right|Value|Type
FilterPropertyValueDuration,int32,rightActorId,右角色ID,right|Actor|Id
FilterSrcSkillTick,int32,SrcSkillId,来源技能ID,Src|Skill|Id
FilterTargetAwakenBadgeConditionType,int32,targetId,目标ID,target|Id
FilterTargetAwakenBadgeConditionType,int32,markid,标记ID,markid
FilterTargetAwakenBadgeConditionType,int32,operatorType,运算符类型,operator|Type
FilterTargetAwakenBadgeConditionType,int32,layerCount,层计数,layer|Count
FilterTargetAwakenBadgeConditionType,bool,bFilterMarkLayers,过滤标记层,b|Filter|Mark|Layers
FilterTargetCacheMoveDirectionTick,int32,targetId,目标ID,target|Id
FilterTargetCacheMoveDirectionTick,bool,bReverseCheck,反向检查,b|Reverse|Check
FilterTargetDistance,int32,sourceId,来源ID,source|Id
FilterTargetDistance,int32,targetId,目标ID,target|Id
FilterTargetDistance,int32,distance,距离,distance
FilterTargetDistance,int32,operatorType,运算符类型,operator|Type
FilterTargetDistance,bool,bUseSourceDetectedRadius,使用来源已检测半径,b|Use|Source|Detected|Radius
FilterTargetDistance,bool,bUseTargetDetectedRadius,使用目标已检测半径,b|Use|Target|Detected|Radius
FilterTargetDistanceClient,int32,sourceId,来源ID,source|Id
FilterTargetDistanceClient,int32,targetId,目标ID,target|Id
FilterTargetDuration,TArray<int32>,skinIDs,皮肤ID,skin|IDs
FilterTargetDuration,int32,targetId,目标ID,target|Id
FilterTargetDuration,int32,buffId,增益ID,buff|Id
FilterTargetDuration,int32,operatorType,运算符类型,operator|Type
FilterTargetDuration,int32,buffLayers,增益层,buff|Layers
FilterTargetDuration,int32,HeroMainProperty,英雄主属性,Hero|Main|Property
FilterTargetDuration,bool,bGetTargetInRealTime,获取目标内真实时间,b|Get|Target|In|Real|Time
FilterTargetDuration,bool,bFilterImumuneControl,过滤免疫控制,b|Filter|Imumune|Control
FilterTargetDuration,bool,bFilterBufferLayers,过滤缓冲层,b|Filter|Buffer|Layers
FilterTargetDuration,bool,bSelectExitBattleGround,选择退出战斗地面,b|Select|Exit|Battle|Ground
FilterTargetDuration,bool,bFilterInBattle,过滤内战斗,b|Filter|In|Battle
FilterTargetDuration,bool,bSelectSkinID,选择皮肤ID,b|Select|Skin|ID
FilterTargetDuration,bool,bFilterConfigID,过滤配置ID,b|Filter|Config|ID
FilterTargetDuration,bool,bFilterCallActor,过滤调用角色,b|Filter|Call|Actor
FilterTargetDuration,bool,bFilterNondisguisedStateCallActor,过滤未伪装状态调用角色,b|Filter|Nondisguised|State|Call|Actor
FilterTargetDuration,TArray<int32>,configIds,配置ID,config|Ids
FilterTargetHitNum,int32,targetId,目标ID,target|Id
FilterTargetHitNum,int32,slotType,槽位类型,slot|Type
FilterTargetHitNum,int32,lowerBound,下边界,lower|Bound
FilterTargetHitNum,int32,upperBound,上边界,upper|Bound
FilterTargetSkillState,int32,targetId,目标ID,target|Id
FilterTargetSkillState,bool,bChooseSkillInCD,选择技能内冷却,b|Choose|Skill|In|CD
FilterTargetSkillState,bool,CheckNormalAttackInCD,检查普通攻击内冷却,Check|Normal|Attack|In|CD
FilterTargetSkillState,bool,CheckSkill1InCD,检查技能1内冷却,Check|Skill|1|In|CD
FilterTargetSkillState,bool,CheckSkill2InCD,检查技能2内冷却,Check|Skill|2|In|CD
FilterTargetSkillState,bool,CheckSkill3InCD,检查技能3内冷却,Check|Skill|3|In|CD
FilterTargetSkillState,bool,CheckSkillEx3InCD,检查技能扩展3内冷却,Check|Skill|Ex|3|In|CD
FilterTargetSkillState,bool,CheckSkill4InCD,检查技能4内冷却,Check|Skill|4|In|CD
FilterTargetSkillState,bool,CheckCurActionSkillInCD,检查当前动作技能内冷却,Check|Cur|Action|Skill|In|CD
FilterTargetSkillState,bool,bChooseSkillNotInCD,选择技能非内冷却,b|Choose|Skill|Not|In|CD
FilterTargetSkillState,bool,CheckNormalAttackNotInCD,检查普通攻击非内冷却,Check|Normal|Attack|Not|In|CD
FilterTargetSkillState,bool,CheckSkill1NotInCD,检查技能1非内冷却,Check|Skill|1|Not|In|CD
FilterTargetSkillState,bool,CheckSkill2NotInCD,检查技能2非内冷却,Check|Skill|2|Not|In|CD
FilterTargetSkillState,bool,CheckSkill3NotInCD,检查技能3非内冷却,Check|Skill|3|Not|In|CD
FilterTargetSkillState,bool,CheckSkillEx3NotInCD,检查技能扩展3非内冷却,Check|Skill|Ex|3|Not|In|CD
FilterTargetSkillState,bool,CheckSkill4NotInCD,检查技能4非内冷却,Check|Skill|4|Not|In|CD
FilterTargetSkillState,bool,CheckCurActionSkillNotInCD,检查当前动作技能非内冷却,Check|Cur|Action|Skill|Not|In|CD
FilterTargetSkillState,bool,bCheckDelayAbort,检查延迟中止,b|Check|Delay|Abort
FilterTargetSkillState,bool,bCheckCharging,检查蓄力中,b|Check|Charging
FilterTargetSkillState,bool,bCheckCurrSkillUse,检查当前技能使用,b|Check|Curr|Skill|Use
FilterTargetSkillState,bool,CheckNoCurrSkillUse,检查无当前技能使用,Check|No|Curr|Skill|Use
FilterTargetState,int32,BuffOperatorType,增益运算符类型,Buff|Operator|Type
FilterTargetState,int32,buffLayerCount,增益层计数,buff|Layer|Count
FilterTargetState,int32,checkBuffShowType,检查增益显示类型,check|Buff|Show|Type
FilterTargetState,int32,skillCacheSlot,技能缓存槽位,skill|Cache|Slot
FilterTargetState,int32,filterObjAbtType_source,过滤对象中止类型来源,filter|Obj|Abt|Type|source
FilterTargetState,bool,checkBeRepressed,检查为压制,check|Be|Repressed
FilterTargetState,bool,bNotRepressed,非压制,b|Not|Repressed
FilterTargetState,bool,checkBehaviorMode,检查行为模式,check|Behavior|Mode
FilterTargetState,bool,bInIdle,内待机,b|In|Idle
FilterTargetState,bool,bInMove,内移动,b|In|Move
FilterTargetState,bool,bInNormalAtk,内普通攻击,b|In|Normal|Atk
FilterTargetState,bool,bInSkill,内技能,b|In|Skill
FilterTargetState,bool,bInRevive,内复活,b|In|Revive
FilterTargetState,bool,checkPreBehaviorMode,检查预行为模式,check|Pre|Behavior|Mode
FilterTargetState,bool,bPreInIdle,预内待机,b|Pre|In|Idle
FilterTargetState,bool,bPreInMove,预内移动,b|Pre|In|Move
FilterTargetState,bool,bPreInNormalAtk,预内普通攻击,b|Pre|In|Normal|Atk
FilterTargetState,bool,bPreInSkill,预内技能,b|Pre|In|Skill
FilterTargetState,bool,checkControlState,检查控制状态,check|Control|State
FilterTargetState,bool,bUnderHardControl,下硬控制,b|Under|Hard|Control
FilterTargetState,bool,bNotUnderHardControl,非下硬控制,b|Not|Under|Hard|Control
FilterTargetState,bool,bUnderSoftControl,下软控制,b|Under|Soft|Control
FilterTargetState,bool,bNotUnderSoftControl,非下软控制,b|Not|Under|Soft|Control
FilterTargetState,bool,checkDeadState,检查死亡状态,check|Dead|State
FilterTargetState,bool,bIsSuicideDead,是否自杀死亡,b|Is|Suicide|Dead
FilterTargetState,bool,checkDestroyState,检查销毁状态,check|Destroy|State
FilterTargetState,bool,checkImmeRevive,检查立即复活,check|Imme|Revive
FilterTargetState,bool,bFilterHp,过滤生命值,b|Filter|Hp
FilterTargetState,bool,bFilterExtraHp,过滤额外生命值,b|Filter|Extra|Hp
FilterTargetState,bool,bFilterForbidSelect,过滤禁止选择,b|Filter|Forbid|Select
FilterTargetState,bool,bBuffIdCheck,增益ID检查,b|Buff|Id|Check
FilterTargetState,bool,bSkillCache,技能缓存,b|Skill|Cache
FilterTargetState,bool,bFilterExcuteMoving,过滤执行移动中,b|Filter|Excute|Moving
FilterTargetState,bool,bFilterObjAbtType,过滤对象中止类型,b|Filter|Obj|Abt|Type
FilterTargetState,bool,bFilterObjAbtType_MoveActorDuration,过滤对象中止类型移动角色持续时间,b|Filter|Obj|Abt|Type|Move|Actor|Duration
FilterTargetState,bool,bFilterObjAbtType_SkillUseCacheMove,过滤对象中止类型技能使用缓存移动,b|Filter|Obj|Abt|Type|Skill|Use|Cache|Move
FilterTargetState,bool,bFilterObjAbtType_BeatBackDuration,过滤对象中止类型节拍返回持续时间,b|Filter|Obj|Abt|Type|Beat|Back|Duration
FilterTargetState,bool,bFilterObjAbtType_SprintActor,过滤对象中止类型疾跑角色,b|Filter|Obj|Abt|Type|Sprint|Actor
FilterTargetState,bool,bFilterObjAbtType_ChargeActor,过滤对象中止类型蓄力角色,b|Filter|Obj|Abt|Type|Charge|Actor
FilterTargetState,bool,bFilterObjAbtType_MoveToNearBy,过滤对象中止类型移动到附近由,b|Filter|Obj|Abt|Type|Move|To|Near|By
FilterTargetState,bool,bFilterObjAbtType_BindActor,过滤对象中止类型绑定角色,b|Filter|Obj|Abt|Type|Bind|Actor
FilterTargetState,int32,targetId,目标ID,target|Id
FilterTargetState,int32,checkReviveBuffId,检查复活增益ID,check|Revive|Buff|Id
FilterTargetState,int32,FilterHpOperatorType,过滤生命值运算符类型,Filter|Hp|Operator|Type
FilterTargetState,int32,filterHpRate,过滤生命值速率,filter|Hp|Rate
FilterTargetState,int32,FilterExtraHpOperatorType,过滤额外生命值运算符类型,Filter|Extra|Hp|Operator|Type
FilterTargetState,int32,filterExtraHpValue,过滤额外生命值值,filter|Extra|Hp|Value
FilterTargetState,int32,buffId,增益ID,buff|Id
FilterTargetStateDuration,int32,buffId,增益ID,buff|Id
FilterTargetStateDuration,int32,BuffOperatorType,增益运算符类型,Buff|Operator|Type
FilterTargetStateDuration,int32,buffLayerCount,增益层计数,buff|Layer|Count
FilterTargetStateDuration,int32,checkBuffShowType,检查增益显示类型,check|Buff|Show|Type
FilterTargetStateDuration,int32,skillCacheSlot,技能缓存槽位,skill|Cache|Slot
FilterTargetStateDuration,int32,filterObjAbtType_source,过滤对象中止类型来源,filter|Obj|Abt|Type|source
FilterTargetStateDuration,bool,checkBeRepressed,检查为压制,check|Be|Repressed
FilterTargetStateDuration,bool,bNotRepressed,非压制,b|Not|Repressed
FilterTargetStateDuration,bool,checkBehaviorMode,检查行为模式,check|Behavior|Mode
FilterTargetStateDuration,bool,bInIdle,内待机,b|In|Idle
FilterTargetStateDuration,bool,bInMove,内移动,b|In|Move
FilterTargetStateDuration,bool,bInNormalAtk,内普通攻击,b|In|Normal|Atk
FilterTargetStateDuration,bool,bInSkill,内技能,b|In|Skill
FilterTargetStateDuration,bool,bInRevive,内复活,b|In|Revive
FilterTargetStateDuration,bool,checkPreBehaviorMode,检查预行为模式,check|Pre|Behavior|Mode
FilterTargetStateDuration,bool,bPreInIdle,预内待机,b|Pre|In|Idle
FilterTargetStateDuration,bool,bPreInMove,预内移动,b|Pre|In|Move
FilterTargetStateDuration,bool,bPreInNormalAtk,预内普通攻击,b|Pre|In|Normal|Atk
FilterTargetStateDuration,bool,bPreInSkill,预内技能,b|Pre|In|Skill
FilterTargetStateDuration,bool,checkControlState,检查控制状态,check|Control|State
FilterTargetStateDuration,bool,bUnderHardControl,下硬控制,b|Under|Hard|Control
FilterTargetStateDuration,bool,bNotUnderHardControl,非下硬控制,b|Not|Under|Hard|Control
FilterTargetStateDuration,bool,bUnderSoftControl,下软控制,b|Under|Soft|Control
FilterTargetStateDuration,bool,bNotUnderSoftControl,非下软控制,b|Not|Under|Soft|Control
FilterTargetStateDuration,bool,checkDeadState,检查死亡状态,check|Dead|State
FilterTargetStateDuration,bool,bIsSuicideDead,是否自杀死亡,b|Is|Suicide|Dead
FilterTargetStateDuration,bool,checkDestroyState,检查销毁状态,check|Destroy|State
FilterTargetStateDuration,bool,checkImmeRevive,检查立即复活,check|Imme|Revive
FilterTargetStateDuration,bool,bFilterHp,过滤生命值,b|Filter|Hp
FilterTargetStateDuration,bool,bFilterExtraHp,过滤额外生命值,b|Filter|Extra|Hp
FilterTargetStateDuration,bool,bFilterForbidSelect,过滤禁止选择,b|Filter|Forbid|Select
FilterTargetStateDuration,bool,bBuffIdCheck,增益ID检查,b|Buff|Id|Check
FilterTargetStateDuration,bool,bSkillCache,技能缓存,b|Skill|Cache
FilterTargetStateDuration,bool,bFilterExcuteMoving,过滤执行移动中,b|Filter|Excute|Moving
FilterTargetStateDuration,bool,bFilterObjAbtType,过滤对象中止类型,b|Filter|Obj|Abt|Type
FilterTargetStateDuration,bool,bFilterObjAbtType_MoveActorDuration,过滤对象中止类型移动角色持续时间,b|Filter|Obj|Abt|Type|Move|Actor|Duration
FilterTargetStateDuration,bool,bFilterObjAbtType_SkillUseCacheMove,过滤对象中止类型技能使用缓存移动,b|Filter|Obj|Abt|Type|Skill|Use|Cache|Move
FilterTargetStateDuration,bool,bFilterObjAbtType_BeatBackDuration,过滤对象中止类型节拍返回持续时间,b|Filter|Obj|Abt|Type|Beat|Back|Duration
FilterTargetStateDuration,bool,bFilterObjAbtType_SprintActor,过滤对象中止类型疾跑角色,b|Filter|Obj|Abt|Type|Sprint|Actor
FilterTargetStateDuration,bool,bFilterObjAbtType_ChargeActor,过滤对象中止类型蓄力角色,b|Filter|Obj|Abt|Type|Charge|Actor
FilterTargetStateDuration,bool,bFilterObjAbtType_MoveToNearBy,过滤对象中止类型移动到附近由,b|Filter|Obj|Abt|Type|Move|To|Near|By
FilterTargetStateDuration,bool,bFilterObjAbtType_BindActor,过滤对象中止类型绑定角色,b|Filter|Obj|Abt|Type|Bind|Actor
FilterTargetStateDuration,bool,bFilterUseJointSkill,过滤使用关节技能,b|Filter|Use|Joint|Skill
FilterTargetStateDuration,bool,bContinuesCheck,持续检查,b|Continues|Check
FilterTargetStateDuration,int32,targetId,目标ID,target|Id
FilterTargetStateDuration,int32,checkReviveBuffId,检查复活增益ID,check|Revive|Buff|Id
FilterTargetStateDuration,int32,FilterHpOperatorType,过滤生命值运算符类型,Filter|Hp|Operator|Type
FilterTargetStateDuration,int32,filterHpRate,过滤生命值速率,filter|Hp|Rate
FilterTargetStateDuration,int32,FilterExtraHpOperatorType,过滤额外生命值运算符类型,Filter|Extra|Hp|Operator|Type
FilterTargetStateDuration,int32,filterExtraHpValue,过滤额外生命值值,filter|Extra|Hp|Value
FilterTargetType,TArray<int32>,skinIDs,皮肤ID,skin|IDs
FilterTargetType,TArray<uint32>,avatarIDs,角色ID,avatar|IDs
FilterTargetType,int32,targetId,目标ID,target|Id
FilterTargetType,int32,filterMonsterSoldierType,过滤野怪小兵类型,filter|Monster|Soldier|Type
FilterTargetType,int32,OrganSubType,器官子类型,Organ|Sub|Type
FilterTargetType,int32,filterOrganSubTypeMask,过滤器官子类型掩码,filter|Organ|Sub|Type|Mask
FilterTargetType,int32,selectCampCamp,选择阵营阵营,select|Camp|Camp
FilterTargetType,int32,selectSpawnerRegionType,选择生成器区域类型,select|Spawner|Region|Type
FilterTargetType,int32,buffId,增益ID,buff|Id
FilterTargetType,int32,operatorType,运算符类型,operator|Type
FilterTargetType,int32,buffLayers,增益层,buff|Layers
FilterTargetType,int32,filterControlShowType,过滤控制显示类型,filter|Control|Show|Type
FilterTargetType,int32,controlEffectType,控制效果类型,control|Effect|Type
FilterTargetType,int32,ReducedProperty,被减少属性,Reduced|Property
FilterTargetType,int32,EnergyType,能量类型,Energy|Type
FilterTargetType,int32,SpecialSkillSlotBeanInCD,特殊技能槽位豆内冷却,Special|Skill|Slot|Bean|In|CD
FilterTargetType,int32,HeroMainProperty,英雄主属性,Hero|Main|Property
FilterTargetType,int32,selectCareer,选择职业,select|Career
FilterTargetType,int32,fittingRoomResult,适配房间结果,fitting|Room|Result
FilterTargetType,int32,filterIndex,过滤索引,filter|Index
FilterTargetType,int32,uAwakenBuffId,u觉醒增益ID,u|Awaken|Buff|Id
FilterTargetType,int32,uAwakenBuffoperatorType,u觉醒增益运算类型,u|Awaken|Buffoperator|Type
FilterTargetType,int32,uAwakenBuffLevel,u觉醒增益等级,u|Awaken|Buff|Level
FilterTargetType,int32,gameStartSkinID,游戏开始皮肤ID,game|Start|Skin|ID
FilterTargetType,int32,gameOverSkinID,游戏超过皮肤ID,game|Over|Skin|ID
FilterTargetType,int32,intimacyStateMask,亲密度状态掩码,intimacy|State|Mask
FilterTargetType,bool,bFilterHero,过滤英雄,b|Filter|Hero
FilterTargetType,bool,bFilterCallActor,过滤调用角色,b|Filter|Call|Actor
FilterTargetType,bool,bFilterNondisguisedStateCallActor,过滤未伪装状态调用角色,b|Filter|Nondisguised|State|Call|Actor
FilterTargetType,bool,bCheckCallAsHero,检查调用作为英雄,b|Check|Call|As|Hero
FilterTargetType,bool,bFilterMonsterNonAdvanced,过滤野怪非高级,b|Filter|Monster|Non|Advanced
FilterTargetType,bool,bFilterMonsterAdvanced,过滤野怪高级,b|Filter|Monster|Advanced
FilterTargetType,bool,bFilterMonsterSoldier,过滤野怪小兵,b|Filter|Monster|Soldier
FilterTargetType,bool,bFilterMonsterCreep,过滤野怪小兵,b|Filter|Monster|Creep
FilterTargetType,bool,bFilterMonsterBoss,过滤野怪首领,b|Filter|Monster|Boss
FilterTargetType,bool,bFilterMonsterPVEMonster,过滤野怪PVE野怪,b|Filter|Monster|PVE|Monster
FilterTargetType,bool,bFilterOrgan,过滤器官,b|Filter|Organ
FilterTargetType,bool,bFilterEye,过滤眼睛,b|Filter|Eye
FilterTargetType,bool,bFilterEnvEntity,过滤环境实体,b|Filter|Env|Entity
FilterTargetType,bool,bFilterSpecial1,过滤特殊1,b|Filter|Special|1
FilterTargetType,bool,bFilterSpecial2,过滤特殊2,b|Filter|Special|2
FilterTargetType,bool,bOnlySelf,仅自身,b|Only|Self
FilterTargetType,bool,bOnlySelfAndSelfCallMonster,仅自身和自身调用野怪,b|Only|Self|And|Self|Call|Monster
FilterTargetType,bool,bImmediateRevive,立即复活,b|Immediate|Revive
FilterTargetType,bool,bFilterImumuneControl,过滤免疫控制,b|Filter|Imumune|Control
FilterTargetType,bool,bFilterImmuneNegative,过滤免疫负,b|Filter|Immune|Negative
FilterTargetType,bool,bFindTargetByRotateBodyBullet,查找目标由旋转躯体子弹,b|Find|Target|By|Rotate|Body|Bullet
FilterTargetType,bool,bFilterOrganSubType,过滤器官子类型,b|Filter|Organ|Sub|Type
FilterTargetType,bool,bFilterEnemy,过滤敌方,b|Filter|Enemy
FilterTargetType,bool,bFilterFriend,过滤友方,b|Filter|Friend
FilterTargetType,bool,bFilterVisible,过滤可见,b|Filter|Visible
FilterTargetType,bool,bFilterInVisible,过滤内可见,b|Filter|In|Visible
FilterTargetType,bool,bSelectCamp,选择阵营,b|Select|Camp
FilterTargetType,bool,bSelectSpawnerRegionType,选择生成器区域类型,b|Select|Spawner|Region|Type
FilterTargetType,bool,bFilterBufferLayers,过滤缓冲层,b|Filter|Buffer|Layers
FilterTargetType,bool,bHasSpecialHurtTarget,有特殊伤害目标,b|Has|Special|Hurt|Target
FilterTargetType,bool,bFilterNoPreBornBehavior,过滤无预出生行为,b|Filter|No|Pre|Born|Behavior
FilterTargetType,bool,bFilterNoNormalSeriesSkinNum,过滤无普通系列皮肤数量,b|Filter|No|Normal|Series|Skin|Num
FilterTargetType,bool,bFilterNoAdvancedSeriesSkinNum,过滤无高级系列皮肤数量,b|Filter|No|Advanced|Series|Skin|Num
FilterTargetType,bool,bFilterConfigID,过滤配置ID,b|Filter|Config|ID
FilterTargetType,bool,bAnd,和,b|And
FilterTargetType,bool,bSelectSkinID,选择皮肤ID,b|Select|Skin|ID
FilterTargetType,bool,bSelectAvatarID,选择角色ID,b|Select|Avatar|ID
FilterTargetType,bool,bSkinAvatarUseOr,皮肤角色使用或,b|Skin|Avatar|Use|Or
FilterTargetType,bool,bFilterDead,过滤死亡,b|Filter|Dead
FilterTargetType,bool,bFilterInBattle,过滤内战斗,b|Filter|In|Battle
FilterTargetType,bool,bHasCallMonsterAlive,有调用野怪存活,b|Has|Call|Monster|Alive
FilterTargetType,bool,bSelectNoCallMonsterAlive,选择无调用野怪存活,b|Select|No|Call|Monster|Alive
FilterTargetType,bool,bHasControlEffect,有控制效果,b|Has|Control|Effect
FilterTargetType,bool,bFilterPropertyReduced,过滤属性被减少,b|Filter|Property|Reduced
FilterTargetType,bool,bSelectEnergyType,选择能量类型,b|Select|Energy|Type
FilterTargetType,bool,bFilterEnemyCampSkillHide,过滤敌方阵营技能隐藏,b|Filter|Enemy|Camp|Skill|Hide
FilterTargetType,bool,bFilterInGrassPos,过滤内草丛位置,b|Filter|In|Grass|Pos
FilterTargetType,bool,bSelectCareer,选择职业,b|Select|Career
FilterTargetType,bool,bFilterFlying,过滤飞行,b|Filter|Flying
FilterTargetType,bool,bFilterBufferUAwakenLevel,过滤缓冲U觉醒等级,b|Filter|Buffer|U|Awaken|Level
FilterTargetType,bool,gameSpecialEffect,游戏特殊效果,game|Special|Effect
FilterTargetType,bool,checkCamp,检查阵营,check|Camp
FilterTargetType,bool,bFilterNoHeightOffset,过滤无高度偏移,b|Filter|No|Height|Offset
FilterTargetType,bool,bIntimacyMaskAnd,亲密度掩码和,b|Intimacy|Mask|And
FilterTargetType,TArray<int32>,configIds,配置ID,config|Ids
FilterTargetTypeClient,TArray<int32>,filterSoldierSkinIDs,过滤小兵皮肤ID,filter|Soldier|Skin|IDs
FilterTargetTypeClient,StringId,playAnimName,播放动画名称,play|Anim|Name
FilterTargetTypeClient,int32,targetId,目标ID,target|Id
FilterTargetTypeClient,int32,gameStartSkinID,游戏开始皮肤ID,game|Start|Skin|ID
FilterTargetTypeClient,int32,gameOverSkinID,游戏超过皮肤ID,game|Over|Skin|ID
FilterTargetTypeClient,bool,chooseHostHeroOnly,选择宿主英雄仅,choose|Host|Hero|Only
FilterTargetTypeClient,bool,onlyHostWithoutCallActor,仅宿主不带调用角色,only|Host|Without|Call|Actor
FilterTargetTypeClient,bool,bWatchingAsHost,观察作为宿主,b|Watching|As|Host
FilterTargetTypeClient,bool,bWatchingTargetAsHost,观察目标作为宿主,b|Watching|Target|As|Host
FilterTargetTypeClient,bool,bWatchingForceFilter,观察力过滤,b|Watching|Force|Filter
FilterTargetTypeClient,bool,chooseHostHeroOnlyByRawPlayerID,选择宿主英雄仅由原始玩家ID,choose|Host|Hero|Only|By|Raw|Player|ID
FilterTargetTypeClient,bool,onlyHostWithoutCallActorByRawPlayerID,仅宿主不带调用角色由原始玩家ID,only|Host|Without|Call|Actor|By|Raw|Player|ID
FilterTargetTypeClient,bool,chooseTeamMemberOnly,选择队伍成员仅,choose|Team|Member|Only
FilterTargetTypeClient,bool,filterSameCamp,过滤相同阵营,filter|Same|Camp
FilterTargetTypeClient,bool,filterDiffCamp,过滤差异阵营,filter|Diff|Camp
FilterTargetTypeClient,bool,bNoFilterWhenWatching,无过滤当观察,b|No|Filter|When|Watching
FilterTargetTypeClient,bool,filterHostHero,过滤宿主英雄,filter|Host|Hero
FilterTargetTypeClient,bool,filterInBattleAction,过滤内战斗动作,filter|In|Battle|Action
FilterTargetTypeClient,bool,chooseHighestPriorityPreBornBehaviorOnly,选择最高优先级预出生行为仅,choose|Highest|Priority|Pre|Born|Behavior|Only
FilterTargetTypeClient,bool,chooseEnableVipSkillParticlePlayerOnly,选择启用VIP技能粒子玩家仅,choose|Enable|Vip|Skill|Particle|Player|Only
FilterTargetTypeClient,bool,filterByHostPlayerSacredAnimalTreasure,过滤由宿主玩家神圣动物宝藏,filter|By|Host|Player|Sacred|Animal|Treasure
FilterTargetTypeClient,bool,gameSpecialEffect,游戏特殊效果,game|Special|Effect
FilterTargetTypeClient,bool,checkCamp,检查阵营,check|Camp
FilterTargetTypeClient,TArray<int32>,selectSoldierSkinIDs,选择小兵皮肤ID,select|Soldier|Skin|IDs
FindBulletDuration,int32,srcId,来源ID,src|Id
FindBulletDuration,int32,targetId,目标ID,target|Id
FindBulletDuration,int32,findType,查找类型,find|Type
FindBulletDuration,int32,bulletTag,子弹标签,bullet|Tag
FindBulletDuration,int32,findRadius,查找半径,find|Radius
FindBulletDuration,TArray<int32>,filterTargetIds,过滤目标ID,filter|Target|Ids
FindBulletTick,int32,srcId,来源ID,src|Id
FindBulletTick,int32,targetId,目标ID,target|Id
FindBulletTick,int32,findType,查找类型,find|Type
FindBulletTick,int32,bulletTag,子弹标签,bullet|Tag
FindBulletTick,int32,findRadius,查找半径,find|Radius
FindBulletTick,bool,findOldestBullet,查找最旧子弹,find|Oldest|Bullet
FindBulletTick,TArray<int32>,filterTargetIds,过滤目标ID,filter|Target|Ids
FindGameObjectDuration,StringId,objectTagName,对象标签名称,object|Tag|Name
FindGameObjectDuration,int32,targetId,目标ID,target|Id
FixedStyleFloatDigitDuration,TArray<int32>,mergeCoinTypes,合并金币类型,merge|Coin|Types
FixedStyleFloatDigitDuration,StringId,customFloatTextPrefab,自定义浮点文本预制体,custom|Float|Text|Prefab
FixedStyleFloatDigitDuration,StringId,fadeInAnim,淡入淡出内动画,fade|In|Anim
FixedStyleFloatDigitDuration,StringId,fadeOutAnim,淡入淡出外动画,fade|Out|Anim
FixedStyleFloatDigitDuration,StringId,valueChangeAnim,值变更动画,value|Change|Anim
FixedStyleFloatDigitDuration,StringId,valueChangeEffectNode,值变更效果节点,value|Change|Effect|Node
FixedStyleFloatDigitDuration,int32,actorId,角色ID,actor|Id
FixedStyleFloatDigitDuration,int32,mergeDigitType,合并数字类型,merge|Digit|Type
FixedStyleFloatDigitDuration,int32,mergeSlotMask,合并槽位掩码,merge|Slot|Mask
FixedStyleFloatDigitDuration,int32,digitType,数字类型,digit|Type
FixedStyleFloatDigitDuration,int32,showDuration,显示持续时间,show|Duration
FixedStyleFloatDigitDuration,int32,deadKeepDuration,死亡保持持续时间,dead|Keep|Duration
FixedStyleFloatDigitDuration,int32,filterTargetId,过滤目标ID,filter|Target|Id
FixedStyleFloatDigitDuration,int32,visibleFlag,可见标记,visible|Flag
FixedStyleFloatDigitDuration,bool,enableStableShow,启用稳定显示,enable|Stable|Show
FixedStyleFloatDigitDuration,bool,enableFadeText,启用淡入淡出文本,enable|Fade|Text
FixedStyleFloatDigitDuration,bool,enableRightMode,启用右模式,enable|Right|Mode
FixedStyleFloatDigitDuration,bool,enableOriginFlow,启用原点流动,enable|Origin|Flow
FixedStyleFloatDigitDuration,TArray<uint32>,mergeBuffs,合并增益,merge|Buffs
FocusCameraDuration,int32,targetId,目标ID,target|Id
ForbidAbilityDuration,TArray<int32>,ImmuneBuffList,免疫增益列表,Immune|Buff|List
ForbidAbilityDuration,int32,attackerId,攻击者ID,attacker|Id
ForbidAbilityDuration,int32,forbidFilterJointSkillUniqueID,禁止过滤关节技能唯一ID,forbid|Filter|Joint|Skill|Unique|ID
ForbidAbilityDuration,int32,ImmuneBuff,免疫增益,Immune|Buff
ForbidAbilityDuration,int32,ImmuneEffectSubType,免疫效果子类型,Immune|Effect|Sub|Type
ForbidAbilityDuration,int32,chargeConditionAbortMask,蓄力条件中止掩码,charge|Condition|Abort|Mask
ForbidAbilityDuration,bool,forbidMove,禁止移动,forbid|Move
ForbidAbilityDuration,bool,forbidMoveButCanRotate,禁止移动但可旋转,forbid|Move|But|Can|Rotate
ForbidAbilityDuration,bool,forbidBTMoveOnly,禁止行为树移动仅,forbid|BT|Move|Only
ForbidAbilityDuration,bool,forbidSkill,禁止技能,forbid|Skill
ForbidAbilityDuration,bool,forceForbidding,力禁止,force|Forbidding
ForbidAbilityDuration,bool,forbidFilterSkill0,禁止过滤技能0,forbid|Filter|Skill|0
ForbidAbilityDuration,bool,forbidFilterSkill1,禁止过滤技能1,forbid|Filter|Skill|1
ForbidAbilityDuration,bool,forbidFilterSkill2,禁止过滤技能2,forbid|Filter|Skill|2
ForbidAbilityDuration,bool,forbidFilterSkill3,禁止过滤技能3,forbid|Filter|Skill|3
ForbidAbilityDuration,bool,forbidFilterSkill4,禁止过滤技能4,forbid|Filter|Skill|4
ForbidAbilityDuration,bool,forbidFilterSkill5,禁止过滤技能5,forbid|Filter|Skill|5
ForbidAbilityDuration,bool,forbidFilterSkill6,禁止过滤技能6,forbid|Filter|Skill|6
ForbidAbilityDuration,bool,forbidFilterSkill7,禁止过滤技能7,forbid|Filter|Skill|7
ForbidAbilityDuration,bool,forbidFilterSkillEX3,禁止过滤技能扩展3,forbid|Filter|Skill|EX|3
ForbidAbilityDuration,bool,forbidFilterSkill9,禁止过滤技能9,forbid|Filter|Skill|9
ForbidAbilityDuration,bool,forbidFilterSkill10,禁止过滤技能10,forbid|Filter|Skill|10
ForbidAbilityDuration,bool,forbidFilterSkill11,禁止过滤技能11,forbid|Filter|Skill|11
ForbidAbilityDuration,bool,forbidFilterJointSkill,禁止过滤关节技能,forbid|Filter|Joint|Skill
ForbidAbilityDuration,bool,forbidFilterCurrentSlotSkill,禁止过滤当前槽位技能,forbid|Filter|Current|Slot|Skill
ForbidAbilityDuration,bool,forbidFilterOnlyCurrentSlotSkill,禁止过滤仅当前槽位技能,forbid|Filter|Only|Current|Slot|Skill
ForbidAbilityDuration,bool,forbidSkillAbort,禁止技能中止,forbid|Skill|Abort
ForbidAbilityDuration,bool,abortIgnoreImmediateUseSkill,中止忽略立即使用技能,abort|Ignore|Immediate|Use|Skill
ForbidAbilityDuration,bool,abortFilterSkill0,中止过滤技能0,abort|Filter|Skill|0
ForbidAbilityDuration,bool,abortFilterSkill1,中止过滤技能1,abort|Filter|Skill|1
ForbidAbilityDuration,bool,abortFilterSkill2,中止过滤技能2,abort|Filter|Skill|2
ForbidAbilityDuration,bool,abortFilterSkill3,中止过滤技能3,abort|Filter|Skill|3
ForbidAbilityDuration,bool,abortFilterSkillEX3,中止过滤技能扩展3,abort|Filter|Skill|EX|3
ForbidAbilityDuration,bool,abortFilterSkill4,中止过滤技能4,abort|Filter|Skill|4
ForbidAbilityDuration,bool,abortFilterSkill5,中止过滤技能5,abort|Filter|Skill|5
ForbidAbilityDuration,bool,abortFilterSkill7,中止过滤技能7,abort|Filter|Skill|7
ForbidAbilityDuration,bool,abortFilterSkill9,中止过滤技能9,abort|Filter|Skill|9
ForbidAbilityDuration,bool,abortFilterSkill10,中止过滤技能10,abort|Filter|Skill|10
ForbidAbilityDuration,bool,abortFilterSkill11,中止过滤技能11,abort|Filter|Skill|11
ForbidAbilityDuration,bool,abortFilterCurrentSkill,中止过滤当前技能,abort|Filter|Current|Skill
ForbidAbilityDuration,bool,abortFilterOnlyCurrentSkill,中止过滤仅当前技能,abort|Filter|Only|Current|Skill
ForbidAbilityDuration,bool,abortFilterMove,中止过滤移动,abort|Filter|Move
ForbidAbilityDuration,bool,abortFilterDamage,中止过滤伤害,abort|Filter|Damage
ForbidAbilityDuration,bool,forbidMoveRotate,禁止移动旋转,forbid|Move|Rotate
ForbidAbilityDuration,bool,delaySkillAbort,延迟技能中止,delay|Skill|Abort
ForbidAbilityDuration,bool,bNoDelaySkillAbortWhenLeave,无延迟技能中止当离开,b|No|Delay|Skill|Abort|When|Leave
ForbidAbilityDuration,bool,forbidCacheSkillAbort,禁止缓存技能中止,forbid|Cache|Skill|Abort
ForbidAbilityDuration,bool,ImmuneNegative,免疫负,Immune|Negative
ForbidAbilityDuration,bool,ImmuneControl,免疫控制,Immune|Control
ForbidAbilityDuration,bool,ImmuneDeSpeed,免疫减速度,Immune|De|Speed
ForbidAbilityDuration,bool,ImmuneSkillMark,免疫技能标记,Immune|Skill|Mark
ForbidAbilityDuration,bool,forbidEnergyRecover,禁止能量恢复,forbid|Energy|Recover
ForbidAbilityDuration,bool,forbidHpRecover,禁止生命值恢复,forbid|Hp|Recover
ForbidAbilityDuration,bool,forbidCollisionDetection,禁止碰撞检测,forbid|Collision|Detection
ForbidAbilityDuration,bool,bFilterFriendCamp,过滤友方阵营,b|Filter|Friend|Camp
ForbidAbilityDuration,bool,ignoreAllBlock,忽略全部阻挡,ignore|All|Block
ForbidAbilityDuration,bool,forceToValidPos,力到有效位置,force|To|Valid|Pos
ForbidAbilityDuration,bool,forbidSelect,禁止选择,forbid|Select
ForbidAbilityDuration,bool,bFilterFriendCampForForbidSelect,过滤友方阵营用于禁止选择,b|Filter|Friend|Camp|For|Forbid|Select
ForbidAbilityDuration,bool,abortMove,中止移动,abort|Move
ForbidAbilityDuration,bool,abortSkillMove,中止技能移动,abort|Skill|Move
ForbidAbilityDuration,bool,abortSkillMoveForSelf,中止技能移动用于自身,abort|Skill|Move|For|Self
ForbidAbilityDuration,bool,skillCountAbort,技能计数中止,skill|Count|Abort
ForbidAbilityDuration,bool,forbidSelectBySkillOrg,禁止选择由技能原始,forbid|Select|By|Skill|Org
ForbidAbilityDuration,bool,forbidSelectBySkillOrgCamp,禁止选择由技能原始阵营,forbid|Select|By|Skill|Org|Camp
ForbidAbilityDuration,bool,beRepressed,为压制,be|Repressed
ForbidAbilityDuration,bool,delayChangeAnim,延迟变更动画,delay|Change|Anim
ForbidAbilityDuration,bool,ignoreForbidSkillFlag,忽略禁止技能标记,ignore|Forbid|Skill|Flag
ForbidAbilityDuration,bool,ignoreForbidSkill1,忽略禁止技能1,ignore|Forbid|Skill|1
ForbidAbilityDuration,bool,ignoreForbidSkill2,忽略禁止技能2,ignore|Forbid|Skill|2
ForbidAbilityDuration,bool,ignoreForbidSkill3,忽略禁止技能3,ignore|Forbid|Skill|3
ForbidAbilityDuration,bool,ignoreForbidSkill4,忽略禁止技能4,ignore|Forbid|Skill|4
ForbidAbilityDuration,bool,forbidSelectByBtnHead,禁止选择由按钮头部,forbid|Select|By|Btn|Head
ForbidAbilityDuration,bool,ImmuneSkillSeqSubsequentDamage,免疫技能序列后续伤害,Immune|Skill|Seq|Subsequent|Damage
ForbidAbilityDuration,bool,ImmuneEmptySkillSeq,免疫空技能序列,Immune|Empty|Skill|Seq
ForbidAbilityDuration,bool,forbidContinueCommonAttack,禁止继续通用攻击,forbid|Continue|Common|Attack
ForbidAbilityDuration,bool,forbidDead,禁止死亡,forbid|Dead
ForbidAbilityDuration,bool,forbidHemophagia,禁止吸血,forbid|Hemophagia
ForbidAbilityDuration,bool,bUseChargeConditionAbortMask,使用蓄力条件中止掩码,b|Use|Charge|Condition|Abort|Mask
ForbidAbilityDuration,bool,forbidHeightOffset,禁止高度偏移,forbid|Height|Offset
ForbidAbilityDuration,bool,forbidClickPathFindingMove,禁止点击路径查找移动,forbid|Click|Path|Finding|Move
ForbidAbilityDuration,TArray<int32>,forbidFilterEquipList,禁止过滤装备列表,forbid|Filter|Equip|List
ForbidAbilityTick,int32,targetId,目标ID,target|Id
ForbidAbilityTick,bool,bForbidSelect,禁止选择,b|Forbid|Select
ForbidAnimDuration,StringId,animName,动画名称,anim|Name
ForbidAnimDuration,int32,targetId,目标ID,target|Id
ForbidGrassSelectDuration,VInt3,grassPos,草丛位置,grass|Pos
ForbidGrassSelectDuration,int32,self,自身,self
ForbidInputTick,StringId,strForbidInputFormPath,字符串禁止输入形态路径,str|Forbid|Input|Form|Path
ForbidInputTick,int32,srcId,来源ID,src|Id
ForbidInputTick,bool,bForbid,禁止,b|Forbid
ForbidMoveDirectionCmdDuration,int32,actorId,角色ID,actor|Id
ForbidMoveDirectionCmdDuration,bool,ClearCurrentMoveCmd,清除当前移动指令,Clear|Current|Move|Cmd
ForbidSetShipModeParam,int32,actorId,角色ID,actor|Id
ForbidSetShipModeParam,bool,bForbidSetConstAccSpeed,禁止设置常量加速速度,b|Forbid|Set|Const|Acc|Speed
ForbidSetShipModeParam,bool,bForbidSetMaxSpeed,禁止设置最大速度,b|Forbid|Set|Max|Speed
ForbidSetShipModeParam,bool,bForbidSetAngleRotateSpeed,禁止设置角度旋转速度,b|Forbid|Set|Angle|Rotate|Speed
ForbidSetShipModeParam,bool,bForbidSetBreakTime,禁止设置打断时间,b|Forbid|Set|Break|Time
ForbidSetShipModeParam,bool,bForbidSetBreakSpeed,禁止设置打断速度,b|Forbid|Set|Break|Speed
ForbidSetShipModeParam,bool,bForbidSetAngleRotateSpeedNoControl,禁止设置角度旋转速度无控制,b|Forbid|Set|Angle|Rotate|Speed|No|Control
ForbidSetShipModeParam,bool,bForbidSetBreakTimeNoControl,禁止设置打断时间无控制,b|Forbid|Set|Break|Time|No|Control
ForbidSetShipModeParam,bool,bCacheAndUse,缓存和使用,b|Cache|And|Use
ForbidSkillSlotPassive,int32,actorId,角色ID,actor|Id
ForbidSkillSlotPassive,bool,forbidPassiveSkill1,禁止被动技能1,forbid|Passive|Skill|1
ForbidSkillSlotPassive,bool,forbidPassiveSkill2,禁止被动技能2,forbid|Passive|Skill|2
ForbidSkillSlotPassive,bool,forbidPassiveSkillEx3,禁止被动技能扩展3,forbid|Passive|Skill|Ex|3
ForbidSkillSlotPassive,bool,forbidPassiveSkill3,禁止被动技能3,forbid|Passive|Skill|3
ForbidUniqueJointSkillDuration,int32,targetId,目标ID,target|Id
ForbidUniqueJointSkillDuration,int32,uniqueID,唯一ID,unique|ID
ForbidUniqueJointSkillDuration,bool,showCoolDownUI,显示冷却下UI,show|Cool|Down|UI
ForbidUniqueJointSkillDuration,bool,onlyForbidInBattle,仅禁止内战斗,only|Forbid|In|Battle
ForbidUniqueJointSkillDuration,bool,onlyForbidWithBuff,仅禁止与增益,only|Forbid|With|Buff
ForbidUniqueJointSkillDuration,TArray<int32>,withBuffs,与增益,with|Buffs
ForceAbilityDuration,int32,srcId,来源ID,src|Id
ForceAbilityDuration,int32,targetId,目标ID,target|Id
ForceAbilityDuration,bool,forceSelect,力选择,force|Select
ForceAbilityDuration,bool,forceNegative,力负,force|Negative
ForceAbilityDuration,bool,forceControl,力控制,force|Control
ForceAbilityDuration,bool,forceCollisionDetection,力碰撞检测,force|Collision|Detection
ForceButtonUpTick,int32,actorId,角色ID,actor|Id
ForceButtonUpTick,int32,slotType,槽位类型,slot|Type
ForceButtonUpTick,int32,ForceUpType,力上类型,Force|Up|Type
ForceSetPositionTick,int32,actorId,角色ID,actor|Id
ForceSetPositionTick,bool,bForceGround,力地面,b|Force|Ground
ForceSetPositionTick,bool,bForceHorizontalForward,力水平前向,b|Force|Horizontal|Forward
ForceSetShipModeState,int32,actorId,角色ID,actor|Id
ForceSetShipModeState,bool,forceAccSpeed,力加速速度,force|Acc|Speed
ForceSetShipModeState,bool,forceDecSpeed,力减速度,force|Dec|Speed
ForceSetShipModeState,bool,forbidRotate,禁止旋转,forbid|Rotate
ForceSetShipModeState,bool,pauseMove,暂停移动,pause|Move
ForceSetShowTargetInfo,int32,srcId,来源ID,src|Id
ForceSetShowTargetInfo,int32,targetId,目标ID,target|Id
ForceSetTargetDuration,int32,actorId,角色ID,actor|Id
ForceSetTargetDuration,int32,targetId,目标ID,target|Id
ForceSkillCDNotCheckable,int32,srcId,来源ID,src|Id
ForceSkillCDNotCheckable,int32,slotType,槽位类型,slot|Type
ForceSkillCDNotCheckable,int32,delayTime,延迟时间,delay|Time
FreezeActorDuration,int32,targetId,目标ID,target|Id
FreezeActorDuration,int32,freezeHeight,冰冻高度,freeze|Height
FreezeActorDuration,bool,pauseAnim,暂停动画,pause|Anim
FreezeActorDuration,bool,setGroundY,设置地面Y,set|Ground|Y
FreezeActorDuration,bool,forbidMove,禁止移动,forbid|Move
FreezeActorDuration,bool,IsFreeze,是否冰冻,Is|Freeze
FreezeActorDuration,bool,forbidSkill,禁止技能,forbid|Skill
GameEventTriggerDuration,StringId,dynamicIconName2,动态图标名称2,dynamic|Icon|Name|2
GameEventTriggerDuration,StringId,dynamicIconName3,动态图标名称3,dynamic|Icon|Name|3
GameEventTriggerDuration,StringId,dynamicCalcelIconName,动态计算图标名称,dynamic|Calcel|Icon|Name
GameEventTriggerDuration,StringId,iconTxtStr,图标文本字符串,icon|Txt|Str
GameEventTriggerDuration,StringId,dynamicIconTxtStr1,动态图标文本字符串1,dynamic|Icon|Txt|Str|1
GameEventTriggerDuration,StringId,dynamicIconTxtStr2,动态图标文本字符串2,dynamic|Icon|Txt|Str|2
GameEventTriggerDuration,StringId,dynamicIconTxtStr3,动态图标文本字符串3,dynamic|Icon|Txt|Str|3
GameEventTriggerDuration,StringId,dynamicCalcelIconTxtStr,动态计算图标文本字符串,dynamic|Calcel|Icon|Txt|Str
GameEventTriggerDuration,StringId,subTargetParamName,子目标参数名称,sub|Target|Param|Name
GameEventTriggerDuration,StringId,skillText,技能文本,skill|Text
GameEventTriggerDuration,int32,sourceId,来源ID,source|Id
GameEventTriggerDuration,int32,targetId,目标ID,target|Id
GameEventTriggerDuration,int32,dynamicTwoCampDiffMask,动态二阵营差异掩码,dynamic|Two|Camp|Diff|Mask
GameEventTriggerDuration,int32,dynamicTwoCampDiffVal,动态二阵营差异值,dynamic|Two|Camp|Diff|Val
GameEventTriggerDuration,int32,uniqueID,唯一ID,unique|ID
GameEventTriggerDuration,int32,callVanguardreRreshTime,调用先锋刷新时间,call|Vanguardre|Rresh|Time
GameEventTriggerDuration,int32,guideBubbleStartTime,引导气泡开始时间,guide|Bubble|Start|Time
GameEventTriggerDuration,int32,guideBubbleCfgId,引导气泡配置ID,guide|Bubble|Cfg|Id
GameEventTriggerDuration,int32,mapSelectTargetId,地图选择目标ID,map|Select|Target|Id
GameEventTriggerDuration,int32,filterActorType,过滤角色类型,filter|Actor|Type
GameEventTriggerDuration,int32,filterShieldOrganSubType,过滤护盾器官子类型,filter|Shield|Organ|Sub|Type
GameEventTriggerDuration,bool,bDynamicIconCallVanguardCondition,动态图标调用先锋条件,b|Dynamic|Icon|Call|Vanguard|Condition
GameEventTriggerDuration,bool,bDynamicTwoCampDiff,动态二阵营差异,b|Dynamic|Two|Camp|Diff
GameEventTriggerDuration,bool,saveSubTargetIDToCusParam,保存子目标ID到自定义参数,save|Sub|Target|ID|To|Cus|Param
GameEventTriggerDuration,bool,bHideTime,隐藏时间,b|Hide|Time
GameEventTriggerDuration,bool,bUpSkillBtn,上技能按钮,b|Up|Skill|Btn
GameEventTriggerDuration,bool,bShowSrcIcon,显示来源图标,b|Show|Src|Icon
GameEventTriggerDuration,bool,bUseGuideBubble,使用引导气泡,b|Use|Guide|Bubble
GameEventTriggerDuration,bool,bUseMapSelectTarget,使用地图选择目标,b|Use|Map|Select|Target
GameEventTriggerDuration,bool,bFilterDead,过滤死亡,b|Filter|Dead
GameEventTriggerDuration,bool,bFilterEnemy,过滤敌方,b|Filter|Enemy
GameEventTriggerDuration,bool,bFilterNonNeutralEnemy,过滤非中立敌方,b|Filter|Non|Neutral|Enemy
GameEventTriggerDuration,bool,bFilterCallMonster,过滤调用野怪,b|Filter|Call|Monster
GameEventTriggerDuration,StringId,iconName,图标名称,icon|Name
GameEventTriggerDuration,StringId,dynamicIconName1,动态图标名称1,dynamic|Icon|Name|1
GetActionLengthTick,StringId,outVar,外变量,out|Var
GetActorBulletHeightTick,StringId,varName,变量名称,var|Name
GetActorBulletHeightTick,int32,targetId,目标ID,target|Id
GetActorBulletHeightTick,int32,returnType,返回类型,return|Type
GetActorRevivePos,StringId,targetDir,目标方向,target|Dir
GetActorRevivePos,int32,targetId,目标ID,target|Id
GetActorRevivePos,int32,dataType,数据类型,data|Type
GetActorsDistanceTick,int32,retTargetId,返回目标ID,ret|Target|Id
GetActorsDistanceTick,StringId,retVarName,返回变量名称,ret|Var|Name
GetActorsDistanceTick,int32,targetId1,目标ID1,target|Id|1
GetActorsDistanceTick,int32,targetId2,目标ID2,target|Id|2
GetActorsDistanceTick,int32,RetVarType,返回变量类型,Ret|Var|Type
GetBuffLayerTick,StringId,variableName,变量名称,variable|Name
GetBuffLayerTick,int32,srcId,来源ID,src|Id
GetBuffLayerTick,int32,buffId,增益ID,buff|Id
GetBuffLayerTick,bool,bUseCustomParamLongTerm,使用自定义参数长项,b|Use|Custom|Param|Long|Term
GetBuffLayerTick,bool,bAliveBuff,存活增益,b|Alive|Buff
GetBuffMarkCount,StringId,countId,计数ID,count|Id
GetBuffMarkCount,int32,targetId,目标ID,target|Id
GetBuffMarkCount,int32,buffMarkId,增益标记ID,buff|Mark|Id
GetBuffProtectValueTick,StringId,saveVariableName,保存变量名称,save|Variable|Name
GetBuffProtectValueTick,int32,actorId,角色ID,actor|Id
GetBuffProtectValueTick,bool,isTotalValue,是否总计值,is|Total|Value
GetBuffProtectValueTick,TArray<uint32>,buffIds,增益ID,buff|Ids
GetChargingParam,StringId,remainTime,剩余时间,remain|Time
GetChargingParam,StringId,chargingUpperTimeScale,蓄力中上时间缩放,charging|Upper|Time|Scale
GetChargingParam,int32,actorId,角色ID,actor|Id
GetChargingParam,int32,slotType,槽位类型,slot|Type
GetChargingParam,int32,varType,变量类型,var|Type
GetChargingParam,StringId,chargingTime,蓄力中时间,charging|Time
GetChargingParam,StringId,chargingLimitTime,蓄力中限制时间,charging|Limit|Time
GetCommonAtkObj,int32,srcId,来源ID,src|Id
GetCommonAtkObj,int32,lockTargetId,锁定目标ID,lock|Target|Id
GetDataFromActorRootList,int32,distanceActorId,距离角色ID,distance|Actor|Id
GetDataFromActorRootList,int32,actorListInd,角色列表指示,actor|List|Ind
GetDataFromActorRootList,StringId,listName,列表名称,list|Name
GetDataFromActorRootList,int32,actorId,角色ID,actor|Id
GetDataFromActorRootList,int32,resultId,结果ID,result|Id
GetDataFromActorRootList,int32,searchRule,搜索规则,search|Rule
GetDirSkillDegree,StringId,skillDegree,技能程度,skill|Degree
GetGrassSightDuration,int32,targetId,目标ID,target|Id
GetGrassSightDuration,int32,campTargetId,阵营目标ID,camp|Target|Id
GetHeroCpByTargetTick,int32,srcId,来源ID,src|Id
GetHeroCpByTargetTick,int32,tarCpHero,目标战力英雄,tar|Cp|Hero
GetHeroCpByTargetTick,bool,bCheckSameCamp,检查相同阵营,b|Check|Same|Camp
GetHostActorTick,int32,sourceId,来源ID,source|Id
GetHostActorTick,int32,outputId,输出ID,output|Id
GetLastAliveKillTargetHero,int32,tempId,临时ID,temp|Id
GetLastAliveKillTargetHero,int32,srcId,来源ID,src|Id
GetLastAliveKillTargetHero,int32,deltaTick,增量每帧,delta|Tick
GetLastAliveKillTargetHero,bool,bIgnoreDeathCondition,忽略死亡条件,b|Ignore|Death|Condition
GetLinkedActorConditionTick,int32,tempId,临时ID,temp|Id
GetLinkedActorConditionTick,int32,srcId,来源ID,src|Id
GetLinkedActorConditionTick,int32,distanceLimit,距离限制,distance|Limit
GetLinkedActorConditionTick,bool,bIsGetSpecialHurtTarget,是否获取特殊伤害目标,b|Is|Get|Special|Hurt|Target
GetLinkedActorConditionTick,bool,bIsGetMultiSpecialHurtTarget,是否获取多重特殊伤害目标,b|Is|Get|Multi|Special|Hurt|Target
GetLinkedActorConditionTick,bool,bNearest,最近,b|Nearest
GetLinkedActorConditionTick,bool,bGetFirstUnoccupiedDragonTrainCarriage,获取首个空闲龙训练车厢,b|Get|First|Unoccupied|Dragon|Train|Carriage
GetLinkedActorTick,int32,organConfigId,器官配置ID,organ|Config|Id
GetLinkedActorTick,bool,bIsHostHeroGetCallActor,是否宿主英雄获取调用角色,b|Is|Host|Hero|Get|Call|Actor
GetLinkedActorTick,bool,bIsHostHeroGetMonster,是否宿主英雄获取野怪,b|Is|Host|Hero|Get|Monster
GetLinkedActorTick,bool,bDoesMonsterFollowSummonerHorizon,是否野怪跟随召唤师地平线,b|Does|Monster|Follow|Summoner|Horizon
GetLinkedActorTick,bool,bIsCallActorGetHostHero,是否调用角色获取宿主英雄,b|Is|Call|Actor|Get|Host|Hero
GetLinkedActorTick,bool,bIsMonsterGetHostHero,是否野怪获取宿主英雄,b|Is|Monster|Get|Host|Hero
GetLinkedActorTick,bool,bIsGetSpecialHurtTarget,是否获取特殊伤害目标,b|Is|Get|Special|Hurt|Target
GetLinkedActorTick,bool,bIsGetMoveToNearbyTargetActor,是否获取移动到附近目标角色,b|Is|Get|Move|To|Nearby|Target|Actor
GetLinkedActorTick,bool,bIsGetMoveToNearbySrcActor,是否获取移动到附近来源角色,b|Is|Get|Move|To|Nearby|Src|Actor
GetLinkedActorTick,bool,bIsHostHeroGetCallOrgan,是否宿主英雄获取调用器官,b|Is|Host|Hero|Get|Call|Organ
GetLinkedActorTick,bool,bIsOrganGetHostHero,是否器官获取宿主英雄,b|Is|Organ|Get|Host|Hero
GetLinkedActorTick,int32,tempId,临时ID,temp|Id
GetLinkedActorTick,int32,srcId,来源ID,src|Id
GetLinkedActorTick,int32,callActorIndex,调用角色索引,call|Actor|Index
GetLinkedActorTick,int32,monsterId,野怪ID,monster|Id
GetLinkedActorTick,int32,monsterSeqId,野怪序列ID,monster|Seq|Id
GetLinkedActorTick,int32,buffId,增益ID,buff|Id
GetLinkedActorTick,int32,actorTypeMask,角色类型掩码,actor|Type|Mask
GetMonsterSpawnPointKilledCount,StringId,OutputKillCount,输出击杀计数,Output|Kill|Count
GetMonsterSpawnPointKilledCount,int32,srcId,来源ID,src|Id
GetMonsterSpawnPointKilledCount,int32,targetId,目标ID,target|Id
GetMyTargetTick,int32,actorId,角色ID,actor|Id
GetMyTargetTick,int32,targetId,目标ID,target|Id
GetObjectDirectionTick,StringId,targetDir,目标方向,target|Dir
GetObjectDirectionTick,int32,targetId,目标ID,target|Id
GetObjectDirectionTick,int32,dataType,数据类型,data|Type
GetPassiveSkillUseTriggerSlot,StringId,ParamName,参数名称,Param|Name
GetPlayerCaptainTick,int32,actorId,角色ID,actor|Id
GetPlayerCaptainTick,int32,captainId,队长ID,captain|Id
GetShipDriftModeParamTick,StringId,paramName,参数名称,param|Name
GetShipDriftModeParamTick,int32,actorId,角色ID,actor|Id
GetShipDriftModeParamTick,int32,paramType,参数类型,param|Type
GetSkillBeanTick,int32,retTargetId,返回目标ID,ret|Target|Id
GetSkillBeanTick,bool,bGetUpperLimit,获取上限制,b|Get|Upper|Limit
GetSkillBeanTick,StringId,retVarName,返回变量名称,ret|Var|Name
GetSkillBeanTick,int32,targetId,目标ID,target|Id
GetSkillBeanTick,int32,slotType,槽位类型,slot|Type
GetSkillBeanTick,int32,RetVarType,返回变量类型,Ret|Var|Type
GetSkillCDTick,StringId,TargetVarName,目标变量名称,Target|Var|Name
GetSkillCDTick,int32,actorId,角色ID,actor|Id
GetSkillCDTick,int32,slotType,槽位类型,slot|Type
GetSkillCDTick,bool,currentSkillSlot,当前技能槽位,current|Skill|Slot
GetSkillContextContent,int32,hitTargetId,命中目标ID,hit|Target|Id
GetSkillContextContent,int32,hitOriginatorId,命中发起者ID,hit|Originator|Id
GetSkillContextContent,int32,instigatorId,发起者ID,instigator|Id
GetSkillContextContent,bool,bGetHitTriggerActor,获取命中触发角色,b|Get|Hit|Trigger|Actor
GetSkillContextContent,bool,bGetHitOriginatorActor,获取命中发起者角色,b|Get|Hit|Originator|Actor
GetSkillContextContent,bool,bGetInitIntParam,获取初始化整数参数,b|Get|Init|Int|Param
GetSkillContextContent,bool,bGetBulletIndex,获取子弹索引,b|Get|Bullet|Index
GetSkillContextContent,bool,bGetInstigator,获取发起者,b|Get|Instigator
GetSkillContextContent,StringId,intRefParamName,整数引用参数名称,int|Ref|Param|Name
GetSkillContextContent,StringId,indexRefParamName,索引引用参数名称,index|Ref|Param|Name
GetSubObjectDuration,int32,parentId,父级ID,parent|Id
GetSubObjectDuration,bool,isGetByName,是否获取由名称,is|Get|By|Name
GetSubObjectDuration,StringId,subObjectName,子对象名称,sub|Object|Name
GetSubObjectDuration,int32,targetId,目标ID,target|Id
GetSubObjectTick,StringId,subObjectName,子对象名称,sub|Object|Name
GetSubObjectTick,int32,targetId,目标ID,target|Id
GetSubObjectTick,int32,parentId,父级ID,parent|Id
GetSubObjectTick,bool,isGetByName,是否获取由名称,is|Get|By|Name
GetTimeLapsePosDuration,int32,targetId,目标ID,target|Id
GetTimeLapsePosDuration,int32,timeLapseTimeLen,时间流逝时间长度,time|Lapse|Time|Len
GravityVibrationDuration,bool,bUpdateLogicPosition,更新逻辑位置,b|Update|Logic|Position
GravityVibrationDuration,bool,applyActionSpeed,施加动作速度,apply|Action|Speed
GravityVibrationDuration,int32,attackId,攻击ID,attack|Id
GravityVibrationDuration,int32,targetId,目标ID,target|Id
GravityVibrationDuration,int32,cycleCount,循环计数,cycle|Count
GravityVibrationDuration,int32,range,范围,range
GravityVibrationDuration,int32,phaseShift,阶段偏移,phase|Shift
GravityVibrationDuration,int32,offset,偏移,offset
GuidePathIndicatorTick,Vector3,TargetPos,目标位置,Target|Pos
GuidePathIndicatorTick,int32,srcId,来源ID,src|Id
GuidePathIndicatorTick,int32,destId,目标ID,dest|Id
GuidePathIndicatorTick,bool,bPlay,播放,b|Play
GuideStatisticTick,int32,ID,ID,ID
GuideStatisticTick,bool,bStart,开始,b|Start
GuideToggleHeroShowTick,int32,camp,阵营,camp
GuideToggleHeroShowTick,bool,bShow,显示,b|Show
GuishiAbortSkillChangeTick,int32,TargetID,目标ID,Target|ID
GuishiAbortSkillChangeTick,int32,SlotType,槽位类型,Slot|Type
GuishiCheckLinePathValidDuration,bool,includeTarRadius,包含目标半径,include|Tar|Radius
GuishiCheckLinePathValidDuration,bool,excludeNavmeshCut,排除导航网格切割,exclude|Navmesh|Cut
GuishiCheckLinePathValidDuration,VInt3,srcOffset,来源偏移,src|Offset
GuishiCheckLinePathValidDuration,int32,src,来源,src
GuishiCheckLinePathValidDuration,int32,tar,目标,tar
GuishiCheckLinePathValidDuration,int32,buffId,增益ID,buff|Id
GuishiDitherDuration,int32,targetActor,目标角色,target|Actor
GuishiGetSlotSkillIdTick,int32,retTargetId,返回目标ID,ret|Target|Id
GuishiGetSlotSkillIdTick,StringId,retVarName,返回变量名称,ret|Var|Name
GuishiGetSlotSkillIdTick,int32,targetId,目标ID,target|Id
GuishiGetSlotSkillIdTick,int32,slotType,槽位类型,slot|Type
GuishiGetSlotSkillIdTick,int32,RetVarType,返回变量类型,Ret|Var|Type
GuishiInteractiveCutsceneDuration,StringId,actor1PosRefActorBoneName,角色1位置引用角色骨骼名称,actor|1|Pos|Ref|Actor|Bone|Name
GuishiInteractiveCutsceneDuration,StringId,actor1AnimName,角色1动画名称,actor|1|Anim|Name
GuishiInteractiveCutsceneDuration,StringId,actor2PosRefActorBoneName,角色2位置引用角色骨骼名称,actor|2|Pos|Ref|Actor|Bone|Name
GuishiInteractiveCutsceneDuration,StringId,actor2AnimName,角色2动画名称,actor|2|Anim|Name
GuishiInteractiveCutsceneDuration,int32,actor1,角色1,actor|1
GuishiInteractiveCutsceneDuration,int32,actor1PosRefActor,角色1位置引用角色,actor|1|Pos|Ref|Actor
GuishiInteractiveCutsceneDuration,int32,actor1BuffId,角色1增益ID,actor|1|Buff|Id
GuishiInteractiveCutsceneDuration,int32,actor2,角色2,actor|2
GuishiInteractiveCutsceneDuration,int32,actor2PosRefActor,角色2位置引用角色,actor|2|Pos|Ref|Actor
GuishiInteractiveCutsceneDuration,int32,actor2BuffId,角色2增益ID,actor|2|Buff|Id
GuishiInteractiveCutsceneDuration,int32,cameraHost,相机宿主,camera|Host
GuishiInteractiveCutsceneDuration,int32,hostRefActor,宿主引用角色,host|Ref|Actor
GuishiInteractiveCutsceneDuration,VInt3,actor1Pos,角色1位置,actor|1|Pos
GuishiInteractiveCutsceneDuration,VInt3,actor2Pos,角色2位置,actor|2|Pos
GuishiMoveActorCheckHitColliderAngleDuration,int32,acceleration,加速度,acceleration
GuishiMoveActorCheckHitColliderAngleDuration,int32,maxMoveSpeed,最大移动速度,max|Move|Speed
GuishiMoveActorCheckHitColliderAngleDuration,int32,ContinueChangeDirInterval,继续变更方向间隔,Continue|Change|Dir|Interval
GuishiMoveActorCheckHitColliderAngleDuration,int32,ChangeDirSpd,变更方向速度,Change|Dir|Spd
GuishiMoveActorCheckHitColliderAngleDuration,int32,ChangeDirDuration,变更方向持续时间,Change|Dir|Duration
GuishiMoveActorCheckHitColliderAngleDuration,int32,checkHitColliderAngle,检查命中碰撞体角度,check|Hit|Collider|Angle
GuishiMoveActorCheckHitColliderAngleDuration,int32,operatorType,运算符类型,operator|Type
GuishiMoveActorCheckHitColliderAngleDuration,int32,addBuffIdWhenCheckSuccess,添加增益ID当检查成功,add|Buff|Id|When|Check|Success
GuishiMoveActorCheckHitColliderAngleDuration,bool,stopMoveWhenCheckSuccess,停止移动当检查成功,stop|Move|When|Check|Success
GuishiMoveActorCheckHitColliderAngleDuration,int32,actorId,角色ID,actor|Id
GuishiMoveActorCheckHitColliderAngleDuration,int32,dirType,方向类型,dir|Type
GuishiMoveActorCheckHitColliderAngleDuration,int32,destId1,目标ID1,dest|Id|1
GuishiMoveActorCheckHitColliderAngleDuration,int32,destId2,目标ID2,dest|Id|2
GuishiMoveActorCheckHitColliderAngleDuration,int32,maxMoveDistance,最大移动距离,max|Move|Distance
GuishiMoveActorCheckHitColliderAngleDuration,int32,moveSpeed,移动速度,move|Speed
GuishiPlayMontageDuration,StringId,key,键,key
GuishiPlayMontageDuration,int32,targetId,目标ID,target|Id
GuishiPopupTipsTick,StringId,tips,提示,tips
GuishiPopupTipsTick,int32,triggerActor,触发角色,trigger|Actor
GuishiPopupTipsTick,int32,duration,持续时间,duration
GuishiSwitchCameraDuration,int32,triggerId,触发ID,trigger|Id
GuishiSwitchCameraDuration,int32,cameraHost,相机宿主,camera|Host
GuishiSwitchCameraDuration,bool,onlyHost,仅宿主,only|Host
HeightOffsetDuration,int32,referenceObjectId,引用对象ID,reference|Object|Id
HeightOffsetDuration,int32,shapeHeight,形状高度,shape|Height
HeightOffsetDuration,int32,shapeRadius,形状半径,shape|Radius
HeightOffsetDuration,int32,shapeInnerRadius,形状内半径,shape|Inner|Radius
HeightOffsetDuration,VInt3,position,位置,position
HeightOffsetDuration,int32,targetId,目标ID,target|Id
HeightOffsetDuration,int32,shapeType,形状类型,shape|Type
HeightOffsetDuration,int32,positionType,位置类型,position|Type
HeroDetectTick,StringId,BigRes,大资源,Big|Res
HeroDetectTick,int32,DetectingHeroId,检测中英雄ID,Detecting|Hero|Id
HeroDetectTick,int32,Distance,距离,Distance
HeroDetectTick,int32,MaxParticleNum,最大粒子数量,Max|Particle|Num
HeroDetectTick,int32,ParticleLifeTime,粒子生命时间,Particle|Life|Time
HeroDetectTick,StringId,SmallRes,小资源,Small|Res
HeroDetectTick,StringId,NormalRes,普通资源,Normal|Res
HideActorInMinimapDuration,int32,actorID,角色ID,actor|ID
HideActorInMinimapDuration,bool,bUseCounter,使用计数,b|Use|Counter
HideActorMeshObjectByTagDuration,StringId,nameTag,名称标签,name|Tag
HideActorMeshObjectByTagDuration,int32,targetId,目标ID,target|Id
HideActorParticleDuration,int32,targetId,目标ID,target|Id
HideActorParticleDuration,bool,bAdjustHeight,调整高度,b|Adjust|Height
HideActorParticleDuration,bool,bCheckActorMesh,检查角色网格,b|Check|Actor|Mesh
HideActorParticleDuration,TArray<StringId>,filterPath,过滤路径,filter|Path
HideSceneObjByType,bool,resActions,资源动作,res|Actions
HideSkillIndicatorTick,int32,targetId,目标ID,target|Id
HideSkillIndicatorTick,int32,skillSlotMask,技能槽位掩码,skill|Slot|Mask
HideSkillIndicatorTick,bool,bHide,隐藏,b|Hide
HideSkillIndicatorTick,bool,bDragCancelHide,拖拽取消隐藏,b|Drag|Cancel|Hide
HighLightSkillButton,int32,actorId,角色ID,actor|Id
HighLightSkillButton,int32,slotType,槽位类型,slot|Type
HighLightWall,float,lightSpeed,光速度,light|Speed
HighLightWall,int32,visibleFlag,可见标记,visible|Flag
HighLightWall,bool,bUseRefPos,使用引用位置,b|Use|Ref|Pos
HighLightWall,bool,bUseMoveActorFinalPos,使用移动角色最终位置,b|Use|Move|Actor|Final|Pos
HighLightWall,VInt3,refPos,引用位置,ref|Pos
HighLightWall,int32,actor,角色,actor
HighLightWall,float,minValue,最小值,min|Value
HighLightWall,float,maxValue,最大值,max|Value
HitBeHurtObjectDuration,int32,epMaxTriggerInterval,能量最大触发间隔,ep|Max|Trigger|Interval
HitBeHurtObjectDuration,int32,searchDistance,搜索距离,search|Distance
HitBeHurtObjectDuration,int32,chargingDistance,蓄力中距离,charging|Distance
HitBeHurtObjectDuration,int32,SelfSkillCombine_1,自身技能合并1,Self|Skill|Combine|1
HitBeHurtObjectDuration,int32,SelfSkillCombine_2,自身技能合并2,Self|Skill|Combine|2
HitBeHurtObjectDuration,int32,SelfSkillCombine_3,自身技能合并3,Self|Skill|Combine|3
HitBeHurtObjectDuration,int32,TargetSkillCombine_1,目标技能合并1,Target|Skill|Combine|1
HitBeHurtObjectDuration,int32,TargetSkillCombine_2,目标技能合并2,Target|Skill|Combine|2
HitBeHurtObjectDuration,int32,TargetSkillCombine_3,目标技能合并3,Target|Skill|Combine|3
HitBeHurtObjectDuration,int32,filterSoldierType,过滤小兵类型,filter|Soldier|Type
HitBeHurtObjectDuration,int32,bFilterOrganShieldOrganSubType,过滤器官护盾器官子类型,b|Filter|Organ|Shield|Organ|Sub|Type
HitBeHurtObjectDuration,int32,extraCount,额外计数,extra|Count
HitBeHurtObjectDuration,int32,searchTargetPriority,搜索目标优先级,search|Target|Priority
HitBeHurtObjectDuration,int32,selfAttackKeepTime,自身攻击保持时间,self|Attack|Keep|Time
HitBeHurtObjectDuration,int32,selfAttackTargetType,自身攻击目标类型,self|Attack|Target|Type
HitBeHurtObjectDuration,bool,bEpMaxChangeTriggerInterval,能量最大变更触发间隔,b|Ep|Max|Change|Trigger|Interval
HitBeHurtObjectDuration,bool,bChargingEffect,蓄力中效果,b|Charging|Effect
HitBeHurtObjectDuration,bool,SelfSkillInOrder,自身技能内顺序,Self|Skill|In|Order
HitBeHurtObjectDuration,bool,TargetSkillInOrder,目标技能内顺序,Target|Skill|In|Order
HitBeHurtObjectDuration,bool,bFilterEnemy,过滤敌方,b|Filter|Enemy
HitBeHurtObjectDuration,bool,bFilterFriend,过滤友方,b|Filter|Friend
HitBeHurtObjectDuration,bool,bFilterHero,过滤英雄,b|Filter|Hero
HitBeHurtObjectDuration,bool,bFilterLevelDynamicHero,过滤等级动态英雄,b|Filter|Level|Dynamic|Hero
HitBeHurtObjectDuration,bool,bFilterMonter,过滤野怪,b|Filter|Monter
HitBeHurtObjectDuration,bool,bFilterMonsterShieldSoldier,过滤野怪护盾小兵,b|Filter|Monster|Shield|Soldier
HitBeHurtObjectDuration,bool,bFilterMonsterShieldCreep,过滤野怪护盾小兵,b|Filter|Monster|Shield|Creep
HitBeHurtObjectDuration,bool,bFilterMonsterShieldBoss,过滤野怪护盾首领,b|Filter|Monster|Shield|Boss
HitBeHurtObjectDuration,bool,bFilterMonsterShieldPVEMonster,过滤野怪护盾PVE野怪,b|Filter|Monster|Shield|PVE|Monster
HitBeHurtObjectDuration,bool,bFilterOrgan,过滤器官,b|Filter|Organ
HitBeHurtObjectDuration,bool,bFilterInteractItem,过滤交互道具,b|Filter|Interact|Item
HitBeHurtObjectDuration,bool,bFilterEye,过滤眼睛,b|Filter|Eye
HitBeHurtObjectDuration,bool,bFilterCallActor,过滤调用角色,b|Filter|Call|Actor
HitBeHurtObjectDuration,bool,bFilterMyself,过滤自己,b|Filter|Myself
HitBeHurtObjectDuration,bool,bFilterDead,过滤死亡,b|Filter|Dead
HitBeHurtObjectDuration,bool,bFilterAlive,过滤存活,b|Filter|Alive
HitBeHurtObjectDuration,bool,bCheckSight,检查视野,b|Check|Sight
HitBeHurtObjectDuration,bool,bFilterDeadControlHero,过滤死亡控制英雄,b|Filter|Dead|Control|Hero
HitBeHurtObjectDuration,bool,bFilterFriendWithoutSelf,过滤友方不带自身,b|Filter|Friend|Without|Self
HitBeHurtObjectDuration,int32,targetId,目标ID,target|Id
HitBeHurtObjectDuration,int32,listMaxCount,列表最大计数,list|Max|Count
HitBeHurtObjectDuration,int32,cacheTime,缓存时间,cache|Time
HitBeHurtObjectDuration,int32,triggerInterval,触发间隔,trigger|Interval
HitBeHurtObjectDuration,int32,triggerLeastInterval,触发最小间隔,trigger|Least|Interval
HitBeHurtObjectDuration,int32,maxTriggerCount,最大触发计数,max|Trigger|Count
HitTriggerDuration,TArray<StringId>,randomBulletActionNameArray2,随机子弹动作名称数组2,random|Bullet|Action|Name|Array|2
HitTriggerDuration,TArray<StringId>,bulletActionNameArray,子弹动作名称数组,bullet|Action|Name|Array
HitTriggerDuration,TArray<StringId>,strengthenBulletActionNameArray,强化子弹动作名称数组,strengthen|Bullet|Action|Name|Array
HitTriggerDuration,StringId,BulletActionName,子弹动作名称,Bullet|Action|Name
HitTriggerDuration,StringId,StrengthenBulletActionName,强化子弹动作名称,Strengthen|Bullet|Action|Name
HitTriggerDuration,StringId,bulletUpperLimitActionName,子弹上限制动作名称,bullet|Upper|Limit|Action|Name
HitTriggerDuration,StringId,BulletActionName2,子弹动作名称2,Bullet|Action|Name|2
HitTriggerDuration,StringId,bulletUpperLimitActionName2,子弹上限制动作名称2,bullet|Upper|Limit|Action|Name|2
HitTriggerDuration,StringId,extraTransmitTargetPosName,额外传递目标位置名称,extra|Transmit|Target|Pos|Name
HitTriggerDuration,int32,triggerId,触发ID,trigger|Id
HitTriggerDuration,int32,attackerId,攻击者ID,attacker|Id
HitTriggerDuration,int32,specifiedActorId,指定角色ID,specified|Actor|Id
HitTriggerDuration,int32,hitTargetId,命中目标ID,hit|Target|Id
HitTriggerDuration,int32,triggerInterval,触发间隔,trigger|Interval
HitTriggerDuration,int32,triggerIntervalAtkSpeedFactor,触发间隔攻击速度系数,trigger|Interval|Atk|Speed|Factor
HitTriggerDuration,int32,TriggerActorInterval,触发角色间隔,Trigger|Actor|Interval
HitTriggerDuration,int32,realtimeUpdateParam,实时更新参数,realtime|Update|Param
HitTriggerDuration,int32,filterSoldierType,过滤小兵类型,filter|Soldier|Type
HitTriggerDuration,int32,filterMonsterConfigId,过滤野怪配置ID,filter|Monster|Config|Id
HitTriggerDuration,int32,bFilterOrganShieldOrganSubType,过滤器官护盾器官子类型,b|Filter|Organ|Shield|Organ|Sub|Type
HitTriggerDuration,int32,FilterHpOperatorType,过滤生命值运算符类型,Filter|Hp|Operator|Type
HitTriggerDuration,int32,filterHpRate,过滤生命值速率,filter|Hp|Rate
HitTriggerDuration,int32,filterMoveDirectionTargetId,过滤移动方向目标ID,filter|Move|Direction|Target|Id
HitTriggerDuration,int32,Angle,角度,Angle
HitTriggerDuration,int32,FilterSpecifiedActorId,过滤指定角色ID,Filter|Specified|Actor|Id
HitTriggerDuration,int32,FilterBuffID,过滤增益ID,Filter|Buff|ID
HitTriggerDuration,int32,FilterBuffInstigator,过滤增益发起者,Filter|Buff|Instigator
HitTriggerDuration,int32,FilterHasBuffID,过滤有增益ID,Filter|Has|Buff|ID
HitTriggerDuration,int32,SeriesSkinGroupId,系列皮肤分组ID,Series|Skin|Group|Id
HitTriggerDuration,int32,TriggerActorCount,触发角色计数,Trigger|Actor|Count
HitTriggerDuration,int32,TargetsSortMode,目标排序模式,Targets|Sort|Mode
HitTriggerDuration,int32,SelectMode,选择模式,Select|Mode
HitTriggerDuration,int32,priorityFilterBuffID,优先级过滤增益ID,priority|Filter|Buff|ID
HitTriggerDuration,int32,prioritySelectBuffID,优先级选择增益ID,priority|Select|Buff|ID
HitTriggerDuration,int32,priorityMode,优先级模式,priority|Mode
HitTriggerDuration,int32,prioritySelectTargetId,优先级选择目标ID,priority|Select|Target|Id
HitTriggerDuration,int32,CollideMaxCount,碰撞最大计数,Collide|Max|Count
HitTriggerDuration,int32,DurationCollideMaxTotalCount,持续时间碰撞最大总计计数,Duration|Collide|Max|Total|Count
HitTriggerDuration,int32,checkType,检查类型,check|Type
HitTriggerDuration,int32,SelfSkillCombineID_1,自身技能合并ID1,Self|Skill|Combine|ID|1
HitTriggerDuration,int32,SelfSkillCombineID_2,自身技能合并ID2,Self|Skill|Combine|ID|2
HitTriggerDuration,int32,SelfSkillCombineID_3,自身技能合并ID3,Self|Skill|Combine|ID|3
HitTriggerDuration,int32,SelfSkillCombineID_1_Probability,自身技能合并ID1概率,Self|Skill|Combine|ID|1|Probability
HitTriggerDuration,int32,SelfSkillCombineID_2_Probability,自身技能合并ID2概率,Self|Skill|Combine|ID|2|Probability
HitTriggerDuration,int32,SelfSkillCombineID_3_Probability,自身技能合并ID3概率,Self|Skill|Combine|ID|3|Probability
HitTriggerDuration,int32,TargetSkillCombine_1,目标技能合并1,Target|Skill|Combine|1
HitTriggerDuration,int32,TargetSkillCombine_2,目标技能合并2,Target|Skill|Combine|2
HitTriggerDuration,int32,TargetSkillCombine_3,目标技能合并3,Target|Skill|Combine|3
HitTriggerDuration,int32,TargetSkillCombineID_1_Probability,目标技能合并ID1概率,Target|Skill|Combine|ID|1|Probability
HitTriggerDuration,int32,TargetSkillCombineID_2_Probability,目标技能合并ID2概率,Target|Skill|Combine|ID|2|Probability
HitTriggerDuration,int32,TargetSkillCombineID_3_Probability,目标技能合并ID3概率,Target|Skill|Combine|ID|3|Probability
HitTriggerDuration,int32,spawnBulletCountMin,生成子弹计数最小,spawn|Bullet|Count|Min
HitTriggerDuration,int32,spawnBulletCountMinGrowthValue,生成子弹计数最小成长值,spawn|Bullet|Count|Min|Growth|Value
HitTriggerDuration,int32,extraBulletTargetPosDistance,额外子弹目标位置距离,extra|Bullet|Target|Pos|Distance
HitTriggerDuration,int32,extraBulletRandRadius,额外子弹随机半径,extra|Bullet|Rand|Radius
HitTriggerDuration,int32,spawnBulletEpCost,生成子弹能量消耗,spawn|Bullet|Ep|Cost
HitTriggerDuration,int32,spawnBulletWeight,生成子弹权重,spawn|Bullet|Weight
HitTriggerDuration,int32,spawnBulletNeedContinuousCollideTime,生成子弹需要持续碰撞时间,spawn|Bullet|Need|Continuous|Collide|Time
HitTriggerDuration,int32,spawnBulletTag,生成子弹标签,spawn|Bullet|Tag
HitTriggerDuration,int32,spawnBulletTypeId,生成子弹类型ID,spawn|Bullet|Type|Id
HitTriggerDuration,int32,spawnBulletUpperLimit,生成子弹上限制,spawn|Bullet|Upper|Limit
HitTriggerDuration,int32,bulletReferenceObjectId,子弹引用对象ID,bullet|Reference|Object|Id
HitTriggerDuration,int32,referenceObjectProperty,引用对象属性,reference|Object|Property
HitTriggerDuration,int32,spawnSlot,生成槽位,spawn|Slot
HitTriggerDuration,int32,spawnBulletTag2,生成子弹标签2,spawn|Bullet|Tag|2
HitTriggerDuration,int32,spawnBulletTypeId2,生成子弹类型ID2,spawn|Bullet|Type|Id|2
HitTriggerDuration,int32,spawnBulletUpperLimit2,生成子弹上限制2,spawn|Bullet|Upper|Limit|2
HitTriggerDuration,int32,bulletReferenceObjectId2,子弹引用对象ID2,bullet|Reference|Object|Id|2
HitTriggerDuration,int32,referenceObjectProperty2,引用对象属性2,reference|Object|Property|2
HitTriggerDuration,int32,spawnSlot2,生成槽位2,spawn|Slot|2
HitTriggerDuration,int32,triggerNoCollsionActorWithBuffId,触发无碰撞角色与增益ID,trigger|No|Collsion|Actor|With|Buff|Id
HitTriggerDuration,int32,triggerBulletTag,触发子弹标签,trigger|Bullet|Tag
HitTriggerDuration,int32,triggerBulletTypeId,触发子弹类型ID,trigger|Bullet|Type|Id
HitTriggerDuration,int32,triggerDistance,触发距离,trigger|Distance
HitTriggerDuration,int32,refActorId,引用角色ID,ref|Actor|Id
HitTriggerDuration,int32,randomRange,随机范围,random|Range
HitTriggerDuration,int32,skillTag,技能标签,skill|Tag
HitTriggerDuration,int32,extraTransmitDis,额外传递否,extra|Transmit|Dis
HitTriggerDuration,int32,optSearchRaidus,可选搜索半径,opt|Search|Raidus
HitTriggerDuration,int32,extraTransmitNuffId,额外传递增益ID,extra|Transmit|Nuff|Id
HitTriggerDuration,int32,eliminatedBehaviour,已淘汰行为,eliminated|Behaviour
HitTriggerDuration,bool,bRandomTriggerInterval,随机触发间隔,b|Random|Trigger|Interval
HitTriggerDuration,bool,bTeamMember,队伍成员,b|Team|Member
HitTriggerDuration,bool,bFilterEnemy,过滤敌方,b|Filter|Enemy
HitTriggerDuration,bool,bFilterFriend,过滤友方,b|Filter|Friend
HitTriggerDuration,bool,bFilterHero,过滤英雄,b|Filter|Hero
HitTriggerDuration,bool,bNoFilterCallAsHero,无过滤调用作为英雄,b|No|Filter|Call|As|Hero
HitTriggerDuration,bool,bFilterCallAsHero,过滤调用作为英雄,b|Filter|Call|As|Hero
HitTriggerDuration,bool,bFilterLevelDynamicHero,过滤等级动态英雄,b|Filter|Level|Dynamic|Hero
HitTriggerDuration,bool,bFileterNoBattleMonster,过滤无战斗野怪,b|Fileter|No|Battle|Monster
HitTriggerDuration,bool,bFileterNoBattleJungleMonster,过滤无战斗野区野怪,b|Fileter|No|Battle|Jungle|Monster
HitTriggerDuration,bool,bFileterMonter,过滤野怪,b|Fileter|Monter
HitTriggerDuration,bool,bFileterCallMonter,过滤调用野怪,b|Fileter|Call|Monter
HitTriggerDuration,bool,bFilterMonsterShieldSoldier,过滤野怪护盾小兵,b|Filter|Monster|Shield|Soldier
HitTriggerDuration,bool,bFilterMonsterShieldSoldierIgnoreEnemy,过滤野怪护盾小兵忽略敌方,b|Filter|Monster|Shield|Soldier|Ignore|Enemy
HitTriggerDuration,bool,bFilterMonsterShieldCreep,过滤野怪护盾小兵,b|Filter|Monster|Shield|Creep
HitTriggerDuration,bool,bFilterMonsterShieldDaYeDao,过滤野怪护盾大是道,b|Filter|Monster|Shield|Da|Ye|Dao
HitTriggerDuration,bool,bFilterMonsterShieldBoss,过滤野怪护盾首领,b|Filter|Monster|Shield|Boss
HitTriggerDuration,bool,bFilterMonsterShieldPVEMonster,过滤野怪护盾PVE野怪,b|Filter|Monster|Shield|PVE|Monster
HitTriggerDuration,bool,bFileterOrgan,过滤器官,b|Fileter|Organ
HitTriggerDuration,bool,bFilterOrganIgnoreEnemyTeam,过滤器官忽略敌方队伍,b|Filter|Organ|Ignore|Enemy|Team
HitTriggerDuration,bool,bFilterSpecial1,过滤特殊1,b|Filter|Special|1
HitTriggerDuration,bool,bFilterSpecial2,过滤特殊2,b|Filter|Special|2
HitTriggerDuration,bool,bFilterInteractItem,过滤交互道具,b|Filter|Interact|Item
HitTriggerDuration,bool,bFilterEye,过滤眼睛,b|Filter|Eye
HitTriggerDuration,bool,bFilterCallActor,过滤调用角色,b|Filter|Call|Actor
HitTriggerDuration,bool,bFilterCallActorWithNoImposterState,过滤调用角色与无伪装者状态,b|Filter|Call|Actor|With|No|Imposter|State
HitTriggerDuration,bool,bFilterEnvEntity,过滤环境实体,b|Filter|Env|Entity
HitTriggerDuration,bool,bFilterCallHost,过滤调用宿主,b|Filter|Call|Host
HitTriggerDuration,bool,bFilterMyself,过滤自己,b|Filter|Myself
HitTriggerDuration,bool,bFilterDead,过滤死亡,b|Filter|Dead
HitTriggerDuration,bool,bFilterAlive,过滤存活,b|Filter|Alive
HitTriggerDuration,bool,bFilterReviveImmediately,过滤复活立即,b|Filter|Revive|Immediately
HitTriggerDuration,bool,bFilterHp,过滤生命值,b|Filter|Hp
HitTriggerDuration,bool,bFilterHpIgnoreEnemy,过滤生命值忽略敌方,b|Filter|Hp|Ignore|Enemy
HitTriggerDuration,bool,bFilterCurrentTarget,过滤当前目标,b|Filter|Current|Target
HitTriggerDuration,bool,bFilterDeadControlHero,过滤死亡控制英雄,b|Filter|Dead|Control|Hero
HitTriggerDuration,bool,bFilterMoveDirection,过滤移动方向,b|Filter|Move|Direction
HitTriggerDuration,bool,bFilterFriendWithoutSelf,过滤友方不带自身,b|Filter|Friend|Without|Self
HitTriggerDuration,bool,bFilterNoMoving,过滤无移动中,b|Filter|No|Moving
HitTriggerDuration,bool,bFilterSpecifiedActor,过滤指定角色,b|Filter|Specified|Actor
HitTriggerDuration,bool,bFilterBuff,过滤增益,b|Filter|Buff
HitTriggerDuration,bool,bFilterHasBuff,过滤有增益,b|Filter|Has|Buff
HitTriggerDuration,bool,bFilterFloating,过滤漂浮,b|Filter|Floating
HitTriggerDuration,bool,bOnlySeriesSkinGroupId,仅系列皮肤分组ID,b|Only|Series|Skin|Group|Id
HitTriggerDuration,bool,bNearstTarget,最近目标,b|Nearst|Target
HitTriggerDuration,bool,bPriorityFollowAttackMode,优先级跟随攻击模式,b|Priority|Follow|Attack|Mode
HitTriggerDuration,bool,bIgnoreActorPriority,忽略角色优先级,b|Ignore|Actor|Priority
HitTriggerDuration,bool,bSelectPrevTarget,选择上一个目标,b|Select|Prev|Target
HitTriggerDuration,bool,bNotTriggerSameActor,非触发相同角色,b|Not|Trigger|Same|Actor
HitTriggerDuration,bool,bEdgeCheck,边缘检查,b|Edge|Check
HitTriggerDuration,bool,bExtraBuff,额外增益,b|Extra|Buff
HitTriggerDuration,bool,bMergeSelfSkillBuff,合并自身技能增益,b|Merge|Self|Skill|Buff
HitTriggerDuration,bool,bTriggerRecordTriggerActor,触发记录触发角色,b|Trigger|Record|Trigger|Actor
HitTriggerDuration,bool,bCreateNeededSkillContext,创建所需技能上下文,b|Create|Needed|Skill|Context
HitTriggerDuration,bool,bTriggerBullet,触发子弹,b|Trigger|Bullet
HitTriggerDuration,bool,bUseRandomBullet,使用随机子弹,b|Use|Random|Bullet
HitTriggerDuration,bool,bTriggerStrengthenBullet,触发强化子弹,b|Trigger|Strengthen|Bullet
HitTriggerDuration,bool,bUseBulletNameArray,使用子弹名称数组,b|Use|Bullet|Name|Array
HitTriggerDuration,bool,bReplaceBullet,替换子弹,b|Replace|Bullet
HitTriggerDuration,bool,bDestroyedBySpecialBullet,已销毁由特殊子弹,b|Destroyed|By|Special|Bullet
HitTriggerDuration,bool,bForceDestroyByAbsorbBullet,力销毁由吸收子弹,b|Force|Destroy|By|Absorb|Bullet
HitTriggerDuration,bool,bAgeImmeExcute,推进立即执行,b|Age|Imme|Excute
HitTriggerDuration,bool,bModifyTargetActor,修改目标角色,b|Modify|Target|Actor
HitTriggerDuration,bool,bReplaceBullet2,替换子弹2,b|Replace|Bullet|2
HitTriggerDuration,bool,bDestroyedBySpecialBullet2,已销毁由特殊子弹2,b|Destroyed|By|Special|Bullet|2
HitTriggerDuration,bool,bForceDestroyByAbsorbBullet2,力销毁由吸收子弹2,b|Force|Destroy|By|Absorb|Bullet|2
HitTriggerDuration,bool,bAgeImmeExcute2,推进立即执行2,b|Age|Imme|Excute|2
HitTriggerDuration,bool,bUseTriggerObj,使用触发对象,b|Use|Trigger|Obj
HitTriggerDuration,bool,bTargetOnlyCheckLocation,目标仅检查位置,b|Target|Only|Check|Location
HitTriggerDuration,bool,ForceCollisionDetect,力碰撞检测,Force|Collision|Detect
HitTriggerDuration,bool,bTriggerActorAsLimitMovementAreaRefObj,触发角色作为限制移动区域引用对象,b|Trigger|Actor|As|Limit|Movement|Area|Ref|Obj
HitTriggerDuration,bool,bOnlyTriggerBullet,仅触发子弹,b|Only|Trigger|Bullet
HitTriggerDuration,bool,bOnlyTriggerSelfSpawnedBullet,仅触发自身已生成子弹,b|Only|Trigger|Self|Spawned|Bullet
HitTriggerDuration,bool,bOnlyTriggerTargetInSourceCircle,仅触发目标内来源圆形,b|Only|Trigger|Target|In|Source|Circle
HitTriggerDuration,bool,bOnlyTriggerSourceInTargetCircle,仅触发来源内目标圆形,b|Only|Trigger|Source|In|Target|Circle
HitTriggerDuration,bool,bOnlyTriggerSpecificIdenticalBulletOnce,仅触发指定相同子弹一次,b|Only|Trigger|Specific|Identical|Bullet|Once
HitTriggerDuration,bool,bStopCurrentActionSkillIfCanNotTrigger,停止当前动作技能如果可非触发,b|Stop|Current|Action|Skill|If|Can|Not|Trigger
HitTriggerDuration,bool,bCheckSight,检查视野,b|Check|Sight
HitTriggerDuration,bool,bTriggerMode,触发模式,b|Trigger|Mode
HitTriggerDuration,bool,bTriggerBounceBullet,触发弹跳子弹,b|Trigger|Bounce|Bullet
HitTriggerDuration,bool,bRandomPosition,随机位置,b|Random|Position
HitTriggerDuration,bool,bCheckFirstTrigger,检查首个触发,b|Check|First|Trigger
HitTriggerDuration,bool,bRecordHitTarget,记录命中目标,b|Record|Hit|Target
HitTriggerDuration,bool,bTriggerWhenLeave,触发当离开,b|Trigger|When|Leave
HitTriggerDuration,bool,bSkillTagBelongHost,技能标签属于宿主,b|Skill|Tag|Belong|Host
HitTriggerDuration,bool,bChangePlayerCampPosOffsetWhenHitTrigger,变更玩家阵营位置偏移当命中触发,b|Change|Player|Camp|Pos|Offset|When|Hit|Trigger
HitTriggerDuration,bool,bExposeAttacker,暴露攻击者,b|Expose|Attacker
HitTriggerDuration,bool,bExposeBullet,暴露子弹,b|Expose|Bullet
HitTriggerDuration,bool,bApplyIntersects2D,施加相交2D,b|Apply|Intersects|2|D
HitTriggerDuration,bool,bFilterSkillHide,过滤技能隐藏,b|Filter|Skill|Hide
HitTriggerDuration,bool,bTirggerEffectBuffer,触发效果缓冲,b|Tirgger|Effect|Buffer
HitTriggerDuration,bool,bOblyCheckCollisionDetection,仅检查碰撞检测,b|Obly|Check|Collision|Detection
HitTriggerDuration,bool,ignorePredict,忽略预测,ignore|Predict
HitTriggerDuration,bool,transmitTargetToDirSide,传递目标到方向侧,transmit|Target|To|Dir|Side
HitTriggerDuration,bool,loopTransmitUntilFindFinalPos,循环传递直到查找最终位置,loop|Transmit|Until|Find|Final|Pos
HitTriggerDuration,bool,bFliterTargetObj,过滤目标对象,b|Fliter|Target|Obj
HitTriggerDuration,bool,bUpdateShapeWhenFilterCoord,更新形状当过滤坐标,b|Update|Shape|When|Filter|Coord
HitTriggerDuration,TArray<StringId>,randomBulletActionNameArray1,随机子弹动作名称数组1,random|Bullet|Action|Name|Array|1
HitTriggerTick,int32,victimId,受害者ID,victim|Id
HitTriggerTick,int32,SelfSkillCombineID_1,自身技能合并ID1,Self|Skill|Combine|ID|1
HitTriggerTick,int32,SelfSkillCombineID_2,自身技能合并ID2,Self|Skill|Combine|ID|2
HitTriggerTick,int32,SelfSkillCombineID_3,自身技能合并ID3,Self|Skill|Combine|ID|3
HitTriggerTick,int32,SelfSkillCombineTag,自身技能合并标签,Self|Skill|Combine|Tag
HitTriggerTick,int32,SelfSkillCombineID_1_Probability,自身技能合并ID1概率,Self|Skill|Combine|ID|1|Probability
HitTriggerTick,int32,SelfSkillCombineID_2_Probability,自身技能合并ID2概率,Self|Skill|Combine|ID|2|Probability
HitTriggerTick,int32,SelfSkillCombineID_3_Probability,自身技能合并ID3概率,Self|Skill|Combine|ID|3|Probability
HitTriggerTick,int32,TargetSkillCombine_1,目标技能合并1,Target|Skill|Combine|1
HitTriggerTick,int32,TargetSkillCombine_2,目标技能合并2,Target|Skill|Combine|2
HitTriggerTick,int32,TargetSkillCombine_3,目标技能合并3,Target|Skill|Combine|3
HitTriggerTick,int32,TargetSkillCombineID_1_Probability,目标技能合并ID1概率,Target|Skill|Combine|ID|1|Probability
HitTriggerTick,int32,TargetSkillCombineID_2_Probability,目标技能合并ID2概率,Target|Skill|Combine|ID|2|Probability
HitTriggerTick,int32,TargetSkillCombineID_3_Probability,目标技能合并ID3概率,Target|Skill|Combine|ID|3|Probability
HitTriggerTick,int32,TargetSkillCombineTag,目标技能合并标签,Target|Skill|Combine|Tag
HitTriggerTick,int32,BuffLayer,增益层,Buff|Layer
HitTriggerTick,int32,BuffLayerDependOnBuffID,增益层依赖开增益ID,Buff|Layer|Depend|On|Buff|ID
HitTriggerTick,int32,filterBuffId,过滤增益ID,filter|Buff|Id
HitTriggerTick,int32,SelectMode,选择模式,Select|Mode
HitTriggerTick,int32,CollideMaxCount,碰撞最大计数,Collide|Max|Count
HitTriggerTick,int32,recordTriggerActor,记录触发角色,record|Trigger|Actor
HitTriggerTick,int32,checkType,检查类型,check|Type
HitTriggerTick,int32,GrassSearchRadius,草丛搜索半径,Grass|Search|Radius
HitTriggerTick,int32,bFilterGrassEffectBuffId,过滤草丛效果增益ID,b|Filter|Grass|Effect|Buff|Id
HitTriggerTick,int32,buffOverrideParam1,增益覆盖参数1,buff|Override|Param|1
HitTriggerTick,int32,buffOverrideParam2,增益覆盖参数2,buff|Override|Param|2
HitTriggerTick,int32,buffOverrideParam3,增益覆盖参数3,buff|Override|Param|3
HitTriggerTick,int32,buffOverrideParam4,增益覆盖参数4,buff|Override|Param|4
HitTriggerTick,int32,buffOverrideParam5,增益覆盖参数5,buff|Override|Param|5
HitTriggerTick,bool,bulletHit,子弹命中,bullet|Hit
HitTriggerTick,bool,lastHit,最后命中,last|Hit
HitTriggerTick,bool,bSkillCombineChoose,技能合并选择,b|Skill|Combine|Choose
HitTriggerTick,bool,bCheckSight,检查视野,b|Check|Sight
HitTriggerTick,bool,bFindTargetByRotateBodyBullet,查找目标由旋转躯体子弹,b|Find|Target|By|Rotate|Body|Bullet
HitTriggerTick,bool,bExposeAttacker,暴露攻击者,b|Expose|Attacker
HitTriggerTick,bool,bUseBuffLayer,使用增益层,b|Use|Buff|Layer
HitTriggerTick,bool,bForceCollisionDetect,力碰撞检测,b|Force|Collision|Detect
HitTriggerTick,bool,bRefreshTargetBuffIcon,刷新目标增益图标,b|Refresh|Target|Buff|Icon
HitTriggerTick,bool,bTirggerEffectBuffer,触发效果缓冲,b|Tirgger|Effect|Buffer
HitTriggerTick,bool,bExtraBuff,额外增益,b|Extra|Buff
HitTriggerTick,bool,ignorePredict,忽略预测,ignore|Predict
HitTriggerTick,bool,filterDead,过滤死亡,filter|Dead
HitTriggerTick,bool,filterAlly,过滤友军,filter|Ally
HitTriggerTick,bool,filterEnemy,过滤敌方,filter|Enemy
HitTriggerTick,bool,filterOrgan,过滤器官,filter|Organ
HitTriggerTick,bool,filterEye,过滤眼睛,filter|Eye
HitTriggerTick,bool,filterSelf,过滤自身,filter|Self
HitTriggerTick,bool,filterCurrentTarget,过滤当前目标,filter|Current|Target
HitTriggerTick,bool,bFilterSpecial1,过滤特殊1,b|Filter|Special|1
HitTriggerTick,bool,bFilterSpecial2,过滤特殊2,b|Filter|Special|2
HitTriggerTick,bool,bFilterHasBuff,过滤有增益,b|Filter|Has|Buff
HitTriggerTick,bool,bUseTargetPriority,使用目标优先级,b|Use|Target|Priority
HitTriggerTick,bool,bRecordTriggerActor,记录触发角色,b|Record|Trigger|Actor
HitTriggerTick,bool,bSelectGrass,选择草丛,b|Select|Grass
HitTriggerTick,bool,bExcludeCurGrass,排除当前草丛,b|Exclude|Cur|Grass
HitTriggerTick,bool,bOverrideParam,覆盖参数,b|Override|Param
HitTriggerTick,StringId,triggerGrassPosition,触发草丛位置,trigger|Grass|Position
HitTriggerTick,int32,targetId,目标ID,target|Id
HitTriggerTick,int32,objId,对象ID,obj|Id
HitTriggerTick,int32,triggerId,触发ID,trigger|Id
HitTriggerUtilityCollision,int32,selectSoldierTypeLow32Bit,选择小兵类型低32位,select|Soldier|Type|Low|32|Bit
HitTriggerUtilityCollision,int32,selectSoldierTypeHigh32Bit,选择小兵类型高32位,select|Soldier|Type|High|32|Bit
HitTriggerUtilityCollision,bool,bEnterTrigger,进入触发,b|Enter|Trigger
HitTriggerUtilityCollision,bool,bFilterEnemy,过滤敌方,b|Filter|Enemy
HitTriggerUtilityCollision,bool,bFilterFriend,过滤友方,b|Filter|Friend
HitTriggerUtilityCollision,bool,bFileterMonter,过滤野怪,b|Fileter|Monter
HitTriggerUtilityCollision,bool,bFilterHero,过滤英雄,b|Filter|Hero
HitTriggerUtilityCollision,bool,bFileterOrgan,过滤器官,b|Fileter|Organ
HitTriggerUtilityCollision,bool,bFileterBullet,过滤子弹,b|Fileter|Bullet
HitTriggerUtilityCollision,bool,bFilterInteractItem,过滤交互道具,b|Filter|Interact|Item
HitTriggerUtilityCollision,bool,bFilterEye,过滤眼睛,b|Filter|Eye
HitTriggerUtilityCollision,bool,bFilterCallActor,过滤调用角色,b|Filter|Call|Actor
HitTriggerUtilityCollision,bool,bFilterDead,过滤死亡,b|Filter|Dead
HitTriggerUtilityCollision,bool,bFilterFloating,过滤漂浮,b|Filter|Floating
HitTriggerUtilityCollision,int32,attackerId,攻击者ID,attacker|Id
HitTriggerUtilityCollision,int32,colliderId,碰撞体ID,collider|Id
HitTriggerUtilityCollision,int32,hitInterval,命中间隔,hit|Interval
HitTriggerUtilityCollision,int32,targetSkillCombineID,目标技能合并ID,target|Skill|Combine|ID
HitTriggerUtilityCollision,int32,targetSkillCombineID2,目标技能合并ID2,target|Skill|Combine|ID|2
HitTriggerUtilityCollision,int32,targetSkillCombineID3,目标技能合并ID3,target|Skill|Combine|ID|3
HudRecoverHelpEffectTick,int32,selfId,自身ID,self|Id
HudRecoverHelpEffectTick,int32,targetId,目标ID,target|Id
HudRecoverHelpEffectTick,int32,duration,持续时间,duration
HurtTriggerDuration,int32,iAccumulateDamageTime,i累积伤害时间,i|Accumulate|Damage|Time
HurtTriggerDuration,int32,iAccumulateDamageValueType,i累积伤害值类型,i|Accumulate|Damage|Value|Type
HurtTriggerDuration,int32,iAccumulateDamageValue,i累积伤害值,i|Accumulate|Damage|Value
HurtTriggerDuration,int32,iAccumulateDamageValueType2,i累积伤害值类型2,i|Accumulate|Damage|Value|Type|2
HurtTriggerDuration,int32,iAccumulateDamageValue2,i累积伤害值2,i|Accumulate|Damage|Value|2
HurtTriggerDuration,int32,hurtTypeMask,伤害类型掩码,hurt|Type|Mask
HurtTriggerDuration,int32,iAccumulateDamageSkillCombineInterval,i累积伤害技能合并间隔,i|Accumulate|Damage|Skill|Combine|Interval
HurtTriggerDuration,bool,bUseActorTypeMask,使用角色类型掩码,b|Use|Actor|Type|Mask
HurtTriggerDuration,bool,bUseAccumulateDamageTrigger,使用累积伤害触发,b|Use|Accumulate|Damage|Trigger
HurtTriggerDuration,bool,bAccumulateDamageCombineHasInterval,累积伤害合并有间隔,b|Accumulate|Damage|Combine|Has|Interval
HurtTriggerDuration,bool,bClearAccumulateDamage,清除累积伤害,b|Clear|Accumulate|Damage
HurtTriggerDuration,bool,bBeforeCalcDef,之前计算防御,b|Before|Calc|Def
HurtTriggerDuration,bool,bIncludeShieldAbsorbed,包含护盾已吸收,b|Include|Shield|Absorbed
HurtTriggerDuration,int32,targetId,目标ID,target|Id
HurtTriggerDuration,int32,iTriggerInterval,i触发间隔,i|Trigger|Interval
HurtTriggerDuration,int32,iMaxTriggerCount,i最大触发计数,i|Max|Trigger|Count
HurtTriggerDuration,int32,slotType,槽位类型,slot|Type
HurtTriggerDuration,int32,actorTypeMask,角色类型掩码,actor|Type|Mask
HurtTriggerDuration,int32,iTriggerSkillCombineID,i触发技能合并ID,i|Trigger|Skill|Combine|ID
ImmobilizeDuration,int32,sourceId,来源ID,source|Id
ImmobilizeDuration,int32,targetId,目标ID,target|Id
ImmuneControlDuration,TArray<int32>,targetImmuneBuffs,目标免疫增益,target|Immune|Buffs
ImmuneControlDuration,TArray<int32>,specialSrcBuffIds,特殊来源增益ID,special|Src|Buff|Ids
ImmuneControlDuration,TArray<int32>,specialSrcIntervals,特殊来源间隔,special|Src|Intervals
ImmuneControlDuration,int32,targetId,目标ID,target|Id
ImmuneControlDuration,int32,immuneCount,免疫计数,immune|Count
ImmuneControlDuration,int32,immuneInterval,免疫间隔,immune|Interval
ImmuneControlDuration,int32,zeroCountBuff,零计数增益,zero|Count|Buff
ImmuneControlDuration,int32,bZeroCountDelayClearTime,零计数延迟清除时间,b|Zero|Count|Delay|Clear|Time
ImmuneControlDuration,int32,sameSourceTriggerInterval,相同来源触发间隔,same|Source|Trigger|Interval
ImmuneControlDuration,bool,clearCurrent,清除当前,clear|Current
ImmuneControlDuration,bool,bIncludeSilent,包含静默,b|Include|Silent
ImmuneControlDuration,bool,bTriggerAbilityOnce,触发能力一次,b|Trigger|Ability|Once
ImmuneControlDuration,bool,bIncludeImmobilize,包含定身,b|Include|Immobilize
ImmuneControlDuration,bool,bEnableSpecialSrcInterval,启用特殊来源间隔,b|Enable|Special|Src|Interval
ImmuneControlDuration,TArray<int32>,immuneBuffs,免疫增益,immune|Buffs
ImposterMeshTick,bool,onlyChangeMesh,仅变更网格,only|Change|Mesh
ImposterMeshTick,bool,bCopyOriginalMesh,复制原始网格,b|Copy|Original|Mesh
ImposterMeshTick,bool,bCopySkill,复制技能,b|Copy|Skill
ImposterMeshTick,bool,bCopyPropertyValue,复制属性值,b|Copy|Property|Value
ImposterMeshTick,bool,bFilterAsHero,过滤作为英雄,b|Filter|As|Hero
ImposterMeshTick,bool,bRevertToOrg,还原到原始,b|Revert|To|Org
ImposterMeshTick,int32,TargetId,目标ID,Target|Id
ImposterMeshTick,int32,callActorId,调用角色ID,call|Actor|Id
ImposterMeshTick,int32,imposterActorId,伪装者角色ID,imposter|Actor|Id
ImposterMeshTick,int32,CopyHpRate,复制生命值速率,Copy|Hp|Rate
ImposterMeshTick,int32,CopyEpRate,复制能量速率,Copy|Ep|Rate
ImposterMeshTick,int32,IgnoreEnergyTypeMask,忽略能量类型掩码,Ignore|Energy|Type|Mask
ImposterMeshTick,int32,HudDisguiseState,HUD伪装状态,Hud|Disguise|State
InitSquadUnitTick,int32,actorId,角色ID,actor|Id
InitSquadUnitTick,int32,deadBuff,死亡增益,dead|Buff
InitSquadUnitTick,int32,switchBuff,切换增益,switch|Buff
InscribeActionButtonDuration,int32,actorId,角色ID,actor|Id
InventoryIemConsumeTriggerTick,int32,targetId,目标ID,target|Id
IsActorNeedPlayEvoBornAge,int32,targetId,目标ID,target|Id
IsActorNeedPlayEvoBornAge,int32,evoOriBreathType,进化原始呼吸类型,evo|Ori|Breath|Type
JoyStickCtrlTick,int32,OpType,操作类型,Op|Type
JoyStickCtrlTick,int32,recordTimeId,记录时间ID,record|Time|Id
JoyStickCtrlTick,bool,bPauseGame,暂停游戏,b|Pause|Game
JoyStickCtrlTick,bool,bRecordUseTime,记录使用时间,b|Record|Use|Time
JustMoveDuration,int32,actorId,角色ID,actor|Id
JustMoveDuration,int32,targetId,目标ID,target|Id
JustMoveDuration,int32,moveSpeed,移动速度,move|Speed
LeaveCollisionShapeDuration,int32,srcID,来源ID,src|ID
LeaveTriggerDuration,int32,TargetID,目标ID,Target|ID
LeaveTriggerDuration,int32,TargetSkillCombine_1,目标技能合并1,Target|Skill|Combine|1
LeaveTriggerDuration,int32,TargetSkillCombine_2,目标技能合并2,Target|Skill|Combine|2
LeaveTriggerDuration,int32,TargetSkillCombine_3,目标技能合并3,Target|Skill|Combine|3
LerpToSpecialNavMeshDuration,int32,actorId,角色ID,actor|Id
LerpToSpecialNavMeshDuration,TFix<13>,accelerSpeed,加速速度,acceler|Speed
LerpToSpecialNavMeshDuration,TFix<13>,initialVelocity,初始速度,initial|Velocity
LevelNumShowSpecialNum,int32,srcId,来源ID,src|Id
LevelNumShowSpecialNum,int32,targetId,目标ID,target|Id
LevelNumShowSpecialNum,bool,bOnlySrcCanSee,仅来源可见,b|Only|Src|Can|See
LimitMoveAreaPairDuration,int32,targetId,目标ID,target|Id
LimitMoveAreaPairDuration,int32,sourceId,来源ID,source|Id
LimitMoveAreaPairDuration,int32,radius,半径,radius
LimitMoveAreaPairDuration,bool,useCurrentDistance,使用当前距离,use|Current|Distance
LimitMovementAreaDuration,int32,areaShape,区域形状,area|Shape
LimitMovementAreaDuration,int32,areaRadius,区域半径,area|Radius
LimitMovementAreaDuration,int32,areaWidth,区域宽度,area|Width
LimitMovementAreaDuration,int32,areaLength,区域长度,area|Length
LimitMovementAreaDuration,bool,bUseTriggerActorAsRef,使用触发角色作为引用,b|Use|Trigger|Actor|As|Ref
LimitMovementAreaDuration,bool,updateLimitMovementAreaPos,更新限制移动区域位置,update|Limit|Movement|Area|Pos
LimitMovementAreaDuration,VInt3,areaDir,区域方向,area|Dir
LimitMovementAreaDuration,int32,targetId,目标ID,target|Id
LimitMovementAreaDuration,int32,sourceId,来源ID,source|Id
LimitMovementAreaDuration,int32,distanceFromSource,距离从来源,distance|From|Source
LinkHurtPartGODuration,int32,targetId,目标ID,target|Id
LinkHurtPartGODuration,int32,srcObjId,来源对象ID,src|Obj|Id
LinkHurtPartGODuration,int32,partGOHurtEffectype,部件对象伤害效果类型,part|GO|Hurt|Effectype
LockCameraDuration,int32,targetId,目标ID,target|Id
LockCameraDuration,bool,lockHeight,锁定高度,lock|Height
LockCameraDuration,bool,useDefaultHeight,使用默认高度,use|Default|Height
LockCameraDuration,bool,ignoreMoveCityReset,忽略移动城市重置,ignore|Move|City|Reset
LockPropertyDuration,int32,targetId,目标ID,target|Id
LockPropertyDuration,int32,propertyType,属性类型,property|Type
LockPropertyDuration,int32,propVal,属性值,prop|Val
LookAtTargetDuration,StringId,bindPointName,绑定点名称,bind|Point|Name
LookAtTargetDuration,StringId,targetBindPointName,目标绑定点名称,target|Bind|Point|Name
LookAtTargetDuration,int32,actorId,角色ID,actor|Id
LookAtTargetDuration,int32,targetId,目标ID,target|Id
LookAtTargetDuration,int32,rotateSpeed,旋转速度,rotate|Speed
LookAtTargetDuration,bool,bOnlyRotateYAxis,仅旋转Y轴,b|Only|Rotate|Y|Axis
LookAtTargetDuration,bool,bRestoreRotationWhenFinish,恢复旋转当结束,b|Restore|Rotation|When|Finish
LookAtTargetDuration,VInt3,positionOffset,位置偏移,position|Offset
LookAtTargetDuration,VInt3,rotationOffset,旋转偏移,rotation|Offset
LoopBulletDuration,int32,attackId,攻击ID,attack|Id
LoopBulletDuration,int32,targetId,目标ID,target|Id
LoopBulletDuration,int32,state,状态,state
LoopBulletDuration,int32,rotateBodyDegreeSpeed,旋转躯体程度速度,rotate|Body|Degree|Speed
LoopBulletDuration,int32,rotateBodyDegreeSpeedRateByAtkSpd,旋转躯体程度速度速率由攻击速度,rotate|Body|Degree|Speed|Rate|By|Atk|Spd
LoopBulletDuration,int32,rotateBodyDegreeSpeedUpperLimit,旋转躯体程度速度上限制,rotate|Body|Degree|Speed|Upper|Limit
LoopBulletDuration,int32,rotateBodyRadius,旋转躯体半径,rotate|Body|Radius
LoopBulletDuration,int32,rotateBodyPosX,旋转躯体位置X,rotate|Body|Pos|X
LoopBulletDuration,int32,rotateBodyPosZ,旋转躯体位置Z,rotate|Body|Pos|Z
LoopBulletDuration,int32,rotateBodyHeight,旋转躯体高度,rotate|Body|Height
LoopBulletDuration,int32,recoverLerpTime,恢复插值时间,recover|Lerp|Time
LoopBulletDuration,int32,rotateBodyFindEnemyLatency,旋转躯体查找敌方延迟,rotate|Body|Find|Enemy|Latency
LoopBulletDuration,int32,rotateBodyFirstFindEnemyLatency,旋转躯体首个查找敌方延迟,rotate|Body|First|Find|Enemy|Latency
LoopBulletDuration,int32,rotateBodyFindEnemyRadius,旋转躯体查找敌方半径,rotate|Body|Find|Enemy|Radius
LoopBulletDuration,int32,rotateBodyFindEnemyCd,旋转躯体查找敌方冷却,rotate|Body|Find|Enemy|Cd
LoopBulletDuration,int32,rotateBodyBulletCount,旋转躯体子弹计数,rotate|Body|Bullet|Count
LoopBulletDuration,int32,rotateBodyRotateDirection,旋转躯体旋转方向,rotate|Body|Rotate|Direction
LoopBulletDuration,int32,bulletForwardDirection,子弹前向方向,bullet|Forward|Direction
LoopBulletDuration,int32,attackMoveType,攻击移动类型,attack|Move|Type
LoopBulletDuration,int32,velocity,速度,velocity
LoopBulletDuration,int32,acceleration,加速度,acceleration
LoopBulletDuration,int32,adjustSpeedLength,调整速度长度,adjust|Speed|Length
LoopBulletDuration,int32,attackPathType,攻击路径类型,attack|Path|Type
LoopBulletDuration,int32,attackControlX,攻击控制X,attack|Control|X
LoopBulletDuration,int32,attackControlY,攻击控制Y,attack|Control|Y
LoopBulletDuration,int32,attackControlXInMoveDir,攻击控制X内移动方向,attack|Control|X|In|Move|Dir
LoopBulletDuration,int32,attackControlYInMoveDir,攻击控制Y内移动方向,attack|Control|Y|In|Move|Dir
LoopBulletDuration,int32,attackRotDegree,攻击旋转程度,attack|Rot|Degree
LoopBulletDuration,int32,maxDistanceWithTarget,最大距离与目标,max|Distance|With|Target
LoopBulletDuration,int32,backMoveType,返回移动类型,back|Move|Type
LoopBulletDuration,int32,backVelocity,返回速度,back|Velocity
LoopBulletDuration,int32,BackAcceleration,返回加速度,Back|Acceleration
LoopBulletDuration,int32,backPathType,返回路径类型,back|Path|Type
LoopBulletDuration,int32,backControlX,返回控制X,back|Control|X
LoopBulletDuration,int32,backControlY,返回控制Y,back|Control|Y
LoopBulletDuration,int32,backControlXInMoveDir,返回控制X内移动方向,back|Control|X|In|Move|Dir
LoopBulletDuration,int32,backControlYInMoveDir,返回控制Y内移动方向,back|Control|Y|In|Move|Dir
LoopBulletDuration,int32,backRotDegree,返回旋转程度,back|Rot|Degree
LoopBulletDuration,int32,findEnemyMaxNum,查找敌方最大数量,find|Enemy|Max|Num
LoopBulletDuration,int32,SelfSkillCombineID_1,自身技能合并ID1,Self|Skill|Combine|ID|1
LoopBulletDuration,int32,SelfSkillCombineID_2,自身技能合并ID2,Self|Skill|Combine|ID|2
LoopBulletDuration,int32,SelfSkillCombineID_3,自身技能合并ID3,Self|Skill|Combine|ID|3
LoopBulletDuration,int32,TargetSkillCombine_1,目标技能合并1,Target|Skill|Combine|1
LoopBulletDuration,int32,TargetSkillCombine_2,目标技能合并2,Target|Skill|Combine|2
LoopBulletDuration,int32,TargetSkillCombine_3,目标技能合并3,Target|Skill|Combine|3
LoopBulletDuration,int32,AttackEnterTargetBuffId,攻击进入目标增益ID,Attack|Enter|Target|Buff|Id
LoopBulletDuration,int32,SelectMode,选择模式,Select|Mode
LoopBulletDuration,int32,SavedActorSrcType,已保存角色来源类型,Saved|Actor|Src|Type
LoopBulletDuration,int32,SavedActorUnitActorId,已保存角色单位角色ID,Saved|Actor|Unit|Actor|Id
LoopBulletDuration,int32,findBulletTypeId,查找子弹类型ID,find|Bullet|Type|Id
LoopBulletDuration,int32,specialInitRotateAngle,特殊初始化旋转角度,special|Init|Rotate|Angle
LoopBulletDuration,int32,minBodyRadius,最小躯体半径,min|Body|Radius
LoopBulletDuration,int32,maxBodyRadius,最大躯体半径,max|Body|Radius
LoopBulletDuration,int32,minBodyHeight,最小躯体高度,min|Body|Height
LoopBulletDuration,int32,maxBodyHeight,最大躯体高度,max|Body|Height
LoopBulletDuration,int32,FindEnemyIfHaveBuff,查找敌方如果有增益,Find|Enemy|If|Have|Buff
LoopBulletDuration,int32,smoothAdjustTime,平滑调整时间,smooth|Adjust|Time
LoopBulletDuration,bool,bAddToLoopBulletManager,添加到循环子弹管理器,b|Add|To|Loop|Bullet|Manager
LoopBulletDuration,bool,bUseBulletSkillBulletState,使用子弹技能子弹状态,b|Use|Bullet|Skill|Bullet|State
LoopBulletDuration,bool,bAbsoluteOffset,绝对偏移,b|Absolute|Offset
LoopBulletDuration,bool,bRotFollowAtkerDir,旋转跟随攻击者方向,b|Rot|Follow|Atker|Dir
LoopBulletDuration,bool,bSpdRadiusAdjustable,速度半径可调整,b|Spd|Radius|Adjustable
LoopBulletDuration,bool,bRotateParamLerpRecover,旋转参数插值恢复,b|Rotate|Param|Lerp|Recover
LoopBulletDuration,bool,bUsePresetAxis,使用预设轴,b|Use|Preset|Axis
LoopBulletDuration,bool,bRotateBodyFindEnemyUseAttackerPos,旋转躯体查找敌方使用攻击者位置,b|Rotate|Body|Find|Enemy|Use|Attacker|Pos
LoopBulletDuration,bool,bDontActiveAttack,不激活攻击,b|Dont|Active|Attack
LoopBulletDuration,bool,bFirstAtkHostTarget,首个攻击宿主目标,b|First|Atk|Host|Target
LoopBulletDuration,bool,bRotateBodyFindEnemyCheckSight,旋转躯体查找敌方检查视野,b|Rotate|Body|Find|Enemy|Check|Sight
LoopBulletDuration,bool,bRotateBodyFindEnemyFilterOutBattleJungleMonster,旋转躯体查找敌方过滤外战斗野区野怪,b|Rotate|Body|Find|Enemy|Filter|Out|Battle|Jungle|Monster
LoopBulletDuration,bool,bCorrectLerpPosition,正确插值位置,b|Correct|Lerp|Position
LoopBulletDuration,bool,bDynamicPosition,动态位置,b|Dynamic|Position
LoopBulletDuration,bool,bStopWhenFindTarget,停止当查找目标,b|Stop|When|Find|Target
LoopBulletDuration,bool,bAdjustSpeed,调整速度,b|Adjust|Speed
LoopBulletDuration,bool,bMoveRotate,移动旋转,b|Move|Rotate
LoopBulletDuration,bool,bReachDestStop,到达目标停止,b|Reach|Dest|Stop
LoopBulletDuration,bool,bBackAdjustSpeed,返回调整速度,b|Back|Adjust|Speed
LoopBulletDuration,bool,bBackMoveRotate,返回移动旋转,b|Back|Move|Rotate
LoopBulletDuration,bool,bBackReachDestStop,返回到达目标停止,b|Back|Reach|Dest|Stop
LoopBulletDuration,bool,bFindMyBullet,查找我的子弹,b|Find|My|Bullet
LoopBulletDuration,bool,bUseSpecialInitRotateAngle,使用特殊初始化旋转角度,b|Use|Special|Init|Rotate|Angle
LoopBulletDuration,bool,bUseCurRotateAngle,使用当前旋转角度,b|Use|Cur|Rotate|Angle
LoopBulletDuration,bool,bRandomInitRotateAngle,随机初始化旋转角度,b|Random|Init|Rotate|Angle
LoopBulletDuration,bool,bUseInitAngleWhenResume,使用初始化角度当恢复,b|Use|Init|Angle|When|Resume
LoopBulletDuration,bool,bRecordBulletStartMovePos,记录子弹开始移动位置,b|Record|Bullet|Start|Move|Pos
LoopBulletDuration,bool,bSameTagBulletFindBulletTogether,相同标签子弹查找子弹一起,b|Same|Tag|Bullet|Find|Bullet|Together
LoopBulletDuration,bool,bRandomBodyRadius,随机躯体半径,b|Random|Body|Radius
LoopBulletDuration,bool,bRandomBodyHeight,随机躯体高度,b|Random|Body|Height
LoopBulletDuration,bool,bReturnRotateSateDestory,返回旋转状态销毁,b|Return|Rotate|Sate|Destory
LoopBulletDuration,bool,bSmoothLerpAddOrDelete,平滑插值添加或删除,b|Smooth|Lerp|Add|Or|Delete
LoopBulletDuration,bool,bHideInRotateState,隐藏内旋转状态,b|Hide|In|Rotate|State
LoopBulletDuration,bool,bSmoothAdjustAddOrDelete,平滑调整添加或删除,b|Smooth|Adjust|Add|Or|Delete
LoopBulletDuration,VInt3,rotationAxis,旋转轴,rotation|Axis
LoopBulletDuration,StringId,SavedActorName,已保存角色名称,Saved|Actor|Name
LoopBulletManagerTick,int32,attackId,攻击ID,attack|Id
LoopBulletManagerTick,int32,state,状态,state
LoopBulletManagerTick,int32,orgState,原始状态,org|State
LoopBulletManagerTick,int32,bulletDistance,子弹距离,bullet|Distance
LoopBulletManagerTick,int32,bulletTypeId,子弹类型ID,bullet|Type|Id
MainActorMoveTo,VInt3,TargetPos,目标位置,Target|Pos
MainActorMoveTo,int32,srcId,来源ID,src|Id
MainActorMoveTo,int32,atkerId,攻击者ID,atker|Id
MainActorMoveTo,int32,destId,目标ID,dest|Id
MainCameraLookAt,int32,srcId,来源ID,src|Id
MainCameraLookAt,int32,targetId,目标ID,target|Id
MainCameraLookAt,int32,originId,原点ID,origin|Id
MainCameraLookAt,int32,lerpTime,插值时间,lerp|Time
MainCameraLookAt,int32,lerpType,插值类型,lerp|Type
MainCameraLookAt,bool,ignoreHostCtrl,忽略宿主控制,ignore|Host|Ctrl
MainCameraLookAt,bool,ignoreSkillSlotCtrl,忽略技能槽位控制,ignore|Skill|Slot|Ctrl
MainCameraLookAt,bool,clearIndicatorCameraOffset,清除指示器相机偏移,clear|Indicator|Camera|Offset
MaterialFadeDuration,int32,triggerId,触发ID,trigger|Id
MaterialFadeDuration,bool,FadeIn,淡入淡出内,Fade|In
MidTipsDuration,StringId,tips,提示,tips
MidTipsDuration,int32,targetId,目标ID,target|Id
MiniMapMoveCityDuration,int32,targetId,目标ID,target|Id
MiniMapTrackDuration,int32,scale,缩放,scale
MiniMapTrackDuration,int32,enemySkillVisible,敌方技能可见,enemy|Skill|Visible
MiniMapTrackDuration,bool,isAutoSuffix,是否自动后缀,is|Auto|Suffix
MiniMapTrackDuration,bool,bSkillGroup,技能分组,b|Skill|Group
MiniMapTrackDuration,bool,isIgnoreRotUpdate,是否忽略旋转更新,is|Ignore|Rot|Update
MiniMapTrackDuration,bool,followTargetIcon,跟随目标图标,follow|Target|Icon
MiniMapTrackDuration,StringId,iconPath,图标路径,icon|Path
MiniMapTrackDuration,int32,targetId,目标ID,target|Id
MinimapActorResLoadDuration,int32,resLayer,资源层,res|Layer
MinimapActorResLoadDuration,bool,isAutoSuffix,是否自动后缀,is|Auto|Suffix
MinimapActorResLoadDuration,StringId,resPath,资源路径,res|Path
MinimapActorResLoadDuration,int32,targetId,目标ID,target|Id
MinimapEffect,StringId,effect,效果,effect
MinimapEffect,int32,selfId,自身ID,self|Id
MinimapEffect,int32,targetId,目标ID,target|Id
MinimapEffect,int32,chooseEffectID,选择效果ID,choose|Effect|ID
MinimapEffect,int32,delayDestroyTime,延迟销毁时间,delay|Destroy|Time
MinimapEffect,int32,scale,缩放,scale
MinimapEffect,bool,bChoseFromEffectList,选择从效果列表,b|Chose|From|Effect|List
MinimapEffect,bool,realTimeUpdate,真实时间更新,real|Time|Update
MinimapEffect,bool,onlySmallMiniMap,仅小迷你地图,only|Small|Mini|Map
MinimapEffect,bool,playWhenSwitchBackToSmallMap,播放当切换返回到小地图,play|When|Switch|Back|To|Small|Map
MinimapEffect,bool,bFollowObjectVisibility,跟随对象可见性,b|Follow|Object|Visibility
MinimapEffect,bool,onlyRmvSelfWhenLeave,仅移除自身当离开,only|Rmv|Self|When|Leave
MinimapEffect,bool,clearParticleWhenScale,清除粒子当缩放,clear|Particle|When|Scale
MinimapEffect,TArray<StringId>,effectList,效果列表,effect|List
MinimapEffectChangeScale,int32,selfId,自身ID,self|Id
MinimapEffectChangeScale,int32,targetId,目标ID,target|Id
MinimapEffectChangeScale,int32,minPercent,最小百分比,min|Percent
MinimapLinkingEffectDuration,int32,endActorId,结束角色ID,end|Actor|Id
MinimapLinkingEffectDuration,bool,bFollowActorVisibility,跟随角色可见性,b|Follow|Actor|Visibility
MinimapLinkingEffectDuration,StringId,prefabName,预制体名称,prefab|Name
MinimapLinkingEffectDuration,int32,startActorId,开始角色ID,start|Actor|Id
MirrorActorDuration,TArray<StringId>,mirrorShaderPaths,镜像着色器路径,mirror|Shader|Paths
MirrorActorDuration,int32,srcId,来源ID,src|Id
MirrorActorDuration,int32,mirrorId,镜像ID,mirror|Id
MirrorActorDuration,int32,specifiedCenterId,指定中心ID,specified|Center|Id
MirrorActorDuration,bool,bStandAloneMirror,站立单独镜像,b|Stand|Alone|Mirror
MirrorActorDuration,TArray<StringId>,srcShaderPaths,来源着色器路径,src|Shader|Paths
ModifyActionPlaySpeedDuration,int32,multiplier,乘数,multiplier
ModifyActionPlaySpeedDuration,int32,actorId,角色ID,actor|Id
ModifyActionPlaySpeedDuration,bool,bSynWithSrc,同步与来源,b|Syn|With|Src
ModifyAnimationIntParamsDuration,int32,addValue,添加值,add|Value
ModifyAnimationIntParamsDuration,bool,revertWhenLeave,还原当离开,revert|When|Leave
ModifyAnimationIntParamsDuration,StringId,paramName,参数名称,param|Name
ModifyAnimationIntParamsDuration,int32,targetId,目标ID,target|Id
ModifyAreaEventTrigger,int32,targetId,目标ID,target|Id
ModifyAreaEventTrigger,int32,startRaduis,开始半径,start|Raduis
ModifyAreaEventTrigger,int32,targetRadius,目标半径,target|Radius
ModifyAreaEventTrigger,int32,UpdateInterval,更新间隔,Update|Interval
ModifyAreaEventTrigger,int32,updateBuffId,更新增益ID,update|Buff|Id
ModifyAreaEventTrigger,bool,ModifyRadius,修改半径,Modify|Radius
ModifyAreaEventTrigger,bool,ModifyUpdateInterval,修改更新间隔,Modify|Update|Interval
ModifyAreaEventTrigger,bool,ModifyPosition,修改位置,Modify|Position
ModifyAreaEventTrigger,bool,ModifyUpdateBuff,修改更新增益,Modify|Update|Buff
ModifyAreaEventTrigger,VInt3,startPos,开始位置,start|Pos
ModifyAreaEventTrigger,VInt3,targetPos,目标位置,target|Pos
ModifyBulletTagTick,int32,targetId,目标ID,target|Id
ModifyBulletTagTick,int32,spawnBulletTag,生成子弹标签,spawn|Bullet|Tag
ModifyChargeStartTimeDuration,int32,fadeoutSpeed,淡出速度,fadeout|Speed
ModifyChargeStartTimeDuration,bool,enableFadeout,启用淡出,enable|Fadeout
ModifyChargeStartTimeDuration,int32,actorId,角色ID,actor|Id
ModifyChargeStartTimeDuration,int32,slotType,槽位类型,slot|Type
ModifyChargeStartTimeDuration,int32,modifyType,修改类型,modify|Type
ModifyChargeStartTimeDuration,int32,directTime,直接时间,direct|Time
ModifyChargeStartTimeDuration,int32,inheritRatio,继承比例,inherit|Ratio
ModifyChargeStartTimeDuration,int32,fadeoutStartTime,淡出开始时间,fadeout|Start|Time
ModifyMinimapRectParticleTick,VInt3,forward,前向,forward
ModifyMinimapRectParticleTick,int32,targetId,目标ID,target|Id
ModifyMinimapRectParticleTick,int32,width,宽度,width
ModifyMinimapRectParticleTick,int32,height,高度,height
ModifyMinimapRectParticleTick,bool,ModifySize,修改尺寸,Modify|Size
ModifyMinimapRectParticleTick,bool,ModifyForward,修改前向,Modify|Forward
ModifyObjectTransformDuration,VInt3,rotation,旋转,rotation
ModifyObjectTransformDuration,StringId,transformName,变换名称,transform|Name
ModifyObjectTransformDuration,int32,objectId,对象ID,object|Id
ModifyObjectTransformDuration,bool,bModifyScale,修改缩放,b|Modify|Scale
ModifyObjectTransformDuration,bool,bModifyPosition,修改位置,b|Modify|Position
ModifyObjectTransformDuration,bool,bModifyRotation,修改旋转,b|Modify|Rotation
ModifyObjectTransformDuration,VInt3,scale,缩放,scale
ModifyObjectTransformDuration,VInt3,position,位置,position
ModifyParticleDuration,int32,targetId,目标ID,target|Id
ModifyParticleDuration,int32,startSize,开始尺寸,start|Size
ModifyParticleDuration,int32,endSize,结束尺寸,end|Size
ModifyParticleDuration,bool,ModifySize,修改尺寸,Modify|Size
ModifyParticleDuration,bool,onMiniMap,开迷你地图,on|Mini|Map
ModifyPositionTick,int32,srcId,来源ID,src|Id
ModifyPositionTick,bool,bStandOnGround,站立开地面,b|Stand|On|Ground
ModifySecondEnergyTick,int32,targetId,目标ID,target|Id
ModifySecondEnergyTick,bool,bSetFlip,设置翻转,b|Set|Flip
ModifySecondEnergyTick,bool,bFlip,翻转,b|Flip
ModifySecondEnergyTick,bool,bSetPause,设置暂停,b|Set|Pause
ModifySecondEnergyTick,bool,bPause,暂停,b|Pause
ModifyTransform,Vector3,scaling,缩放,scaling
ModifyTransform,int32,targetId,目标ID,target|Id
ModifyTransform,int32,objectSpaceId,对象空间ID,object|Space|Id
ModifyTransform,int32,fromId,从ID,from|Id
ModifyTransform,int32,toId,到ID,to|Id
ModifyTransform,bool,enableTranslation,启用平移,enable|Translation
ModifyTransform,bool,normalizedRelative,归一化相对,normalized|Relative
ModifyTransform,bool,currentTranslation,当前平移,current|Translation
ModifyTransform,bool,enableRotation,启用旋转,enable|Rotation
ModifyTransform,bool,currentRotation,当前旋转,current|Rotation
ModifyTransform,bool,enableScaling,启用缩放,enable|Scaling
ModifyTransform,bool,currentScaling,当前缩放,current|Scaling
ModifyTransform,bool,cubic,立方,cubic
ModifyTransform,Quaternion,rotation,旋转,rotation
ModifyTransform,Vector3,translation,平移,translation
ModifyUnityObjectTransform,int32,targetId,目标ID,target|Id
ModifyUnityObjectTransform,int32,moveType,移动类型,move|Type
ModifyUnityObjectTransform,int32,translationDestId,平移目标ID,translation|Dest|Id
ModifyUnityObjectTransform,int32,rotateType,旋转类型,rotate|Type
ModifyUnityObjectTransform,int32,rotDestId,旋转目标ID,rot|Dest|Id
ModifyUnityObjectTransform,int32,rotSpeed,旋转速度,rot|Speed
ModifyUnityObjectTransform,bool,enable,启用,enable
ModifyUnityObjectTransform,bool,enableTranslation,启用平移,enable|Translation
ModifyUnityObjectTransform,bool,enableRotate,启用旋转,enable|Rotate
ModifyUnityObjectTransform,bool,bCallMonster,调用野怪,b|Call|Monster
ModifyUnityObjectTransform,bool,setLookAt,设置朝向在,set|Look|At
ModifyUnityObjectTransform,bool,bUseWorldDir,使用世界方向,b|Use|World|Dir
ModifyUnityObjectTransform,VInt3,targetPosition,目标位置,target|Position
ModifyUnityObjectTransform,VInt3,rotDir,旋转方向,rot|Dir
ModifyUnityObjectTransform,VInt3,lookAtDir,朝向在方向,look|At|Dir
ModifyUnityObjectTransformDuration,VInt3,endScale,结束缩放,end|Scale
ModifyUnityObjectTransformDuration,int32,targetId,目标ID,target|Id
ModifyUnityObjectTransformDuration,int32,moveType,移动类型,move|Type
ModifyUnityObjectTransformDuration,int32,destId,目标ID,dest|Id
ModifyUnityObjectTransformDuration,int32,lerpFreq,插值频率,lerp|Freq
ModifyUnityObjectTransformDuration,bool,enableTranslation,启用平移,enable|Translation
ModifyUnityObjectTransformDuration,bool,Flash,闪烁,Flash
ModifyUnityObjectTransformDuration,bool,enableScale,启用缩放,enable|Scale
ModifyUnityObjectTransformDuration,VInt3,targetPos,目标位置,target|Pos
ModifyUnityObjectTransformDuration,VInt3,startScale,开始缩放,start|Scale
ModifyUnityObjectTransformDurationClient,int32,targetId,目标ID,target|Id
ModifyUnityObjectTransformDurationClient,bool,enableScale,启用缩放,enable|Scale
ModifyUnityObjectTransformDurationClient,VInt3,startScale,开始缩放,start|Scale
ModifyUnityObjectTransformDurationClient,VInt3,endScale,结束缩放,end|Scale
MoveActorDuration,VInt3,destPos,目标位置,dest|Pos
MoveActorDuration,VInt3,destDir,目标方向,dest|Dir
MoveActorDuration,VInt3,startOffset,开始偏移,start|Offset
MoveActorDuration,VInt3,endOffset,结束偏移,end|Offset
MoveActorDuration,int32,actorId,角色ID,actor|Id
MoveActorDuration,int32,sourceId,来源ID,source|Id
MoveActorDuration,int32,moveType,移动类型,move|Type
MoveActorDuration,int32,destId,目标ID,dest|Id
MoveActorDuration,int32,moveDistance,移动距离,move|Distance
MoveActorDuration,int32,realTargetEnableDistance,真实目标启用距离,real|Target|Enable|Distance
MoveActorDuration,int32,chargingMoveDistance,蓄力中移动距离,charging|Move|Distance
MoveActorDuration,int32,maxMoveDistance,最大移动距离,max|Move|Distance
MoveActorDuration,int32,realTimeMoveProtectTime,真实时间移动保护时间,real|Time|Move|Protect|Time
MoveActorDuration,int32,realTimeMoveProtectDis,真实时间移动保护否,real|Time|Move|Protect|Dis
MoveActorDuration,int32,maxExtraPursueDistance,最大额外追击距离,max|Extra|Pursue|Distance
MoveActorDuration,int32,minMoveDistance,最小移动距离,min|Move|Distance
MoveActorDuration,int32,distanceScaleRatio,距离缩放比例,distance|Scale|Ratio
MoveActorDuration,int32,moveSpeed,移动速度,move|Speed
MoveActorDuration,int32,speedLevelGrow,速度等级成长,speed|Level|Grow
MoveActorDuration,int32,acceleration,加速度,acceleration
MoveActorDuration,int32,growByAtkRadiusChange,成长由攻击半径变更,grow|By|Atk|Radius|Change
MoveActorDuration,int32,offsetDegree,偏移程度,offset|Degree
MoveActorDuration,int32,rotationTime,旋转时间,rotation|Time
MoveActorDuration,int32,recordPosId,记录位置ID,record|Pos|Id
MoveActorDuration,int32,backPosId,返回位置ID,back|Pos|Id
MoveActorDuration,int32,checkNoMoveCount,检查无移动计数,check|No|Move|Count
MoveActorDuration,int32,checkType,检查类型,check|Type
MoveActorDuration,int32,samePosToleranceDisatance,相同位置容差距离,same|Pos|Tolerance|Disatance
MoveActorDuration,int32,collisionCheckDistanceOffset,碰撞检查距离偏移,collision|Check|Distance|Offset
MoveActorDuration,int32,collisionCheckWidth,碰撞检查宽度,collision|Check|Width
MoveActorDuration,int32,moveTrajectoryType,移动轨迹类型,move|Trajectory|Type
MoveActorDuration,int32,actorForwardOffsetDegree,角色前向偏移程度,actor|Forward|Offset|Degree
MoveActorDuration,int32,stopRotAngle,停止旋转角度,stop|Rot|Angle
MoveActorDuration,int32,stopRotDistance,停止旋转距离,stop|Rot|Distance
MoveActorDuration,int32,rotationSpeed,旋转速度,rotation|Speed
MoveActorDuration,int32,controlX,控制X,control|X
MoveActorDuration,int32,controlY,控制Y,control|Y
MoveActorDuration,int32,controlXInMoveDir,控制X内移动方向,control|X|In|Move|Dir
MoveActorDuration,int32,controlYInMoveDir,控制Y内移动方向,control|Y|In|Move|Dir
MoveActorDuration,int32,stopMoveDistance,停止移动距离,stop|Move|Distance
MoveActorDuration,int32,toTheWallWidth,到该墙宽度,to|The|Wall|Width
MoveActorDuration,int32,srcSearchRadiusEnhance,来源搜索半径增强,src|Search|Radius|Enhance
MoveActorDuration,int32,optSearchRaidus,可选搜索半径,opt|Search|Raidus
MoveActorDuration,int32,moveDistanceMultipleLimit,移动距离多重限制,move|Distance|Multiple|Limit
MoveActorDuration,int32,finalPosId,最终位置ID,final|Pos|Id
MoveActorDuration,bool,bUseSkillDir,使用技能方向,b|Use|Skill|Dir
MoveActorDuration,bool,bUseMoveCmdDir,使用移动指令方向,b|Use|Move|Cmd|Dir
MoveActorDuration,bool,bUseForwardNoMoveCmd,使用前向无移动指令,b|Use|Forward|No|Move|Cmd
MoveActorDuration,bool,bUseInputDir,使用输入方向,b|Use|Input|Dir
MoveActorDuration,bool,bMoveToRealTimePosition,移动到真实时间位置,b|Move|To|Real|Time|Position
MoveActorDuration,bool,bUseMaxPursueDistance,使用最大追击距离,b|Use|Max|Pursue|Distance
MoveActorDuration,bool,forceMoveProjectPos,力移动项目位置,force|Move|Project|Pos
MoveActorDuration,bool,bDirOffset,方向偏移,b|Dir|Offset
MoveActorDuration,bool,enableRotate,启用旋转,enable|Rotate
MoveActorDuration,bool,bNoYRot,无Y旋转,b|No|Y|Rot
MoveActorDuration,bool,keepForward,保持前向,keep|Forward
MoveActorDuration,bool,bForceForwardTarget,力前向目标,b|Force|Forward|Target
MoveActorDuration,bool,teleport,传送,teleport
MoveActorDuration,bool,useLCCD,使用LCCD,use|LCCD
MoveActorDuration,bool,keepY,保持Y,keep|Y
MoveActorDuration,bool,IgnoreCollision,忽略碰撞,Ignore|Collision
MoveActorDuration,bool,crossCollision,交叉碰撞,cross|Collision
MoveActorDuration,bool,bStayInCurrentPosWhenStop,停留内当前位置当停止,b|Stay|In|Current|Pos|When|Stop
MoveActorDuration,bool,bNoFinalPosCheckWhenStay,无最终位置检查当停留,b|No|Final|Pos|Check|When|Stay
MoveActorDuration,bool,bFindNearestValidPosIfLimitMove,查找最近有效位置如果限制移动,b|Find|Nearest|Valid|Pos|If|Limit|Move
MoveActorDuration,bool,bRecordPosition,记录位置,b|Record|Position
MoveActorDuration,bool,bUseRecordPosition,使用记录位置,b|Use|Record|Position
MoveActorDuration,bool,bUseSmartClickPosition,使用智能点击位置,b|Use|Smart|Click|Position
MoveActorDuration,bool,bUseSpwanObjRecordPosition,使用生成对象记录位置,b|Use|Spwan|Obj|Record|Position
MoveActorDuration,bool,bForbidMoveFollowing,禁止移动跟随,b|Forbid|Move|Following
MoveActorDuration,bool,bIgnoreAreaLimit,忽略区域限制,b|Ignore|Area|Limit
MoveActorDuration,bool,bContinuousFowDetection,持续前向检测,b|Continuous|Fow|Detection
MoveActorDuration,bool,bCheckNoMove,检查无移动,b|Check|No|Move
MoveActorDuration,bool,bAdjustSpeed,调整速度,b|Adjust|Speed
MoveActorDuration,bool,bDoneWhenAbortMove,完成当中止移动,b|Done|When|Abort|Move
MoveActorDuration,bool,bMoveForwardWhenRot,移动前向当旋转,b|Move|Forward|When|Rot
MoveActorDuration,bool,bSmoothLerp,平滑插值,b|Smooth|Lerp
MoveActorDuration,bool,bDisAdjustControl,否调整控制,b|Dis|Adjust|Control
MoveActorDuration,bool,notRunWhileOtherRun,非运行当其他运行,not|Run|While|Other|Run
MoveActorDuration,bool,notRestartWhenStop,非重启当停止,not|Restart|When|Stop
MoveActorDuration,bool,bToTheWall,到该墙,b|To|The|Wall
MoveActorDuration,bool,bToTheGround,到该地面,b|To|The|Ground
MoveActorDuration,bool,bUseOtherAGERecordDir,使用其他AGE记录方向,b|Use|Other|AGE|Record|Dir
MoveActorDuration,bool,bNoRecordAGEDir,无记录AGE方向,b|No|Record|AGE|Dir
MoveActorDuration,bool,bRecordFlashDir,记录闪烁方向,b|Record|Flash|Dir
MoveActorDuration,bool,bUseFlushMoveOptimization,使用刷新移动优化,b|Use|Flush|Move|Optimization
MoveActorDuration,bool,bUseShiftMoveOptimization,使用偏移移动优化,b|Use|Shift|Move|Optimization
MoveActorDuration,bool,bAdjustDirWhenFlush,调整方向当刷新,b|Adjust|Dir|When|Flush
MoveActorDuration,bool,bResumeMoveAfterLimitMoveEnd,恢复移动之后限制移动结束,b|Resume|Move|After|Limit|Move|End
MoveActorDuration,bool,bIgnoreYDir,忽略Y方向,b|Ignore|Y|Dir
MoveActorDuration,bool,bNotMoveInActorSlot,非移动内角色槽位,b|Not|Move|In|Actor|Slot
MoveActorDuration,bool,bNoFinalPosCheck,无最终位置检查,b|No|Final|Pos|Check
MoveActorDuration,bool,bDynamicRefreshRegionID,动态刷新区域ID,b|Dynamic|Refresh|Region|ID
MoveActorDuration,bool,bDestMoveSearchOpt,目标移动搜索可选,b|Dest|Move|Search|Opt
MoveActorDuration,TArray<VInt3>,speedoraccelChange,速度或加速度变更,speedoraccel|Change
MoveAlongCBezierSetsDuration,int32,actorID,角色ID,actor|ID
MoveAlongCBezierSetsDuration,int32,cBezierSetsObjId,c贝塞尔集合对象ID,c|Bezier|Sets|Obj|Id
MoveAlongCBezierSetsDuration,Fix16,spd,速度,spd
MoveAlongCBezierSetsDuration,Fix16,startLen,开始长度,start|Len
MoveAlongCBezierSetsDuration,int32,loopStartIdx,循环开始索引,loop|Start|Idx
MoveAlongCBezierSetsDuration,bool,useActorMoveSpeed,使用角色移动速度,use|Actor|Move|Speed
MoveAlongCBezierSetsDuration,bool,changeActorForward,变更角色前向,change|Actor|Forward
MoveAlongCBezierSetsDuration,bool,stopLastPt,停止最后点,stop|Last|Pt
MoveAlongCBezierSetsDuration,bool,loop,循环,loop
MoveAreaActorsTick,int32,srcId,来源ID,src|Id
MoveAreaActorsTick,int32,targetId,目标ID,target|Id
MoveAreaActorsTick,int32,triggerRadius,触发半径,trigger|Radius
MoveBallDuration,StringId,reboundSound,反弹音效,rebound|Sound
MoveBallDuration,Vector3,rotateSpeed,旋转速度,rotate|Speed
MoveBallDuration,int32,actorId,角色ID,actor|Id
MoveBallDuration,int32,destId,目标ID,dest|Id
MoveBallDuration,int32,actorIdDir,角色ID方向,actor|Id|Dir
MoveBallDuration,int32,maxMoveSpeed,最大移动速度,max|Move|Speed
MoveBallDuration,int32,moveSpeedAddPerSecond,移动速度添加每秒,move|Speed|Add|Per|Second
MoveBallDuration,int32,moveSpeed,移动速度,move|Speed
MoveBallDuration,int32,acceleration,加速度,acceleration
MoveBallDuration,int32,accelerationFactor,加速度系数,acceleration|Factor
MoveBallDuration,int32,moveSpeedMax,移动速度最大,move|Speed|Max
MoveBallDuration,int32,moveSpeedMin,移动速度最小,move|Speed|Min
MoveBallDuration,int32,rotateBaseMoveSpeed,旋转基础移动速度,rotate|Base|Move|Speed
MoveBallDuration,int32,reachEdgeExtraSpeed,到达边缘额外速度,reach|Edge|Extra|Speed
MoveBallDuration,int32,reachEdgeExtraSpeedPercent,到达边缘额外速度百分比,reach|Edge|Extra|Speed|Percent
MoveBallDuration,int32,reachEdgeExtraTimeInterval,到达边缘额外时间间隔,reach|Edge|Extra|Time|Interval
MoveBallDuration,int32,reboundBuffID,反弹增益ID,rebound|Buff|ID
MoveBallDuration,bool,bUseSkillDir,使用技能方向,b|Use|Skill|Dir
MoveBallDuration,bool,bDistanceDir,距离方向,b|Distance|Dir
MoveBallDuration,bool,bUseRevertDir,使用还原方向,b|Use|Revert|Dir
MoveBallDuration,bool,bUseParaDir,使用参数方向,b|Use|Para|Dir
MoveBallDuration,bool,bChargingEffect,蓄力中效果,b|Charging|Effect
MoveBallDuration,bool,bSpeedLimit,速度限制,b|Speed|Limit
MoveBallDuration,bool,bStopWhenLimited,停止当受限,b|Stop|When|Limited
MoveBallDuration,bool,bCurBulletDir,当前子弹方向,b|Cur|Bullet|Dir
MoveBallDuration,bool,bReachEdgeRebound,到达边缘反弹,b|Reach|Edge|Rebound
MoveBallDuration,bool,bFacetoReboundDir,朝向反弹方向,b|Faceto|Rebound|Dir
MoveBallDuration,bool,bRoateSpeedByMoveSpeed,旋转速度由移动速度,b|Roate|Speed|By|Move|Speed
MoveBallDuration,VInt3,dirPara,方向参数,dir|Para
MoveBallDuration,StringId,rotateNode,旋转节点,rotate|Node
MoveBeamDuration,VInt3,bindDestOffet,绑定目标偏移,bind|Dest|Offet
MoveBeamDuration,VInt3,ColorRGB,颜色RGB,Color|RGB
MoveBeamDuration,StringId,resourceName,资源名称,resource|Name
MoveBeamDuration,StringId,bindPointName,绑定点名称,bind|Point|Name
MoveBeamDuration,StringId,bindEndPointName,绑定结束点名称,bind|End|Point|Name
MoveBeamDuration,int32,sourceId,来源ID,source|Id
MoveBeamDuration,int32,targetId,目标ID,target|Id
MoveBeamDuration,int32,resourceSkinRefObjId,资源皮肤引用对象ID,resource|Skin|Ref|Obj|Id
MoveBeamDuration,int32,textureScale,贴图缩放,texture|Scale
MoveBeamDuration,float,beamWidth,光束宽度,beam|Width
MoveBeamDuration,int32,indicateType,指示类型,indicate|Type
MoveBeamDuration,float,CutoffDist,截断距离,Cutoff|Dist
MoveBeamDuration,float,CutoffDistMax,截断距离最大,Cutoff|Dist|Max
MoveBeamDuration,float,CutoffTime,截断时间,Cutoff|Time
MoveBeamDuration,float,MinWidth,最小宽度,Min|Width
MoveBeamDuration,float,MaxWidth,最大宽度,Max|Width
MoveBeamDuration,int32,MinAlpha,最小透明度,Min|Alpha
MoveBeamDuration,int32,MaxAlpha,最大透明度,Max|Alpha
MoveBeamDuration,float,DynamicCurveFadeScale,动态曲线淡入淡出缩放,Dynamic|Curve|Fade|Scale
MoveBeamDuration,float,AnimationSpeedFadeTo,动画速度淡入淡出到,Animation|Speed|Fade|To
MoveBeamDuration,int32,curveType,曲线类型,curve|Type
MoveBeamDuration,int32,parabolaVertexCount,抛物线顶点计数,parabola|Vertex|Count
MoveBeamDuration,int32,parabolaHeight,抛物线高度,parabola|Height
MoveBeamDuration,float,parabolaRotate,抛物线旋转,parabola|Rotate
MoveBeamDuration,float,extraPosOffset,额外位置偏移,extra|Pos|Offset
MoveBeamDuration,int32,waypointMode,航点模式,waypoint|Mode
MoveBeamDuration,bool,bTargetPosition,目标位置,b|Target|Position
MoveBeamDuration,bool,bRelativeDir,相对方向,b|Relative|Dir
MoveBeamDuration,bool,bUseBeamWidth,使用光束宽度,b|Use|Beam|Width
MoveBeamDuration,bool,bHideWhenTargetInvisible,隐藏当目标不可见,b|Hide|When|Target|Invisible
MoveBeamDuration,bool,bHideWhenSrcInvisible,隐藏当来源不可见,b|Hide|When|Src|Invisible
MoveBeamDuration,bool,bUseShakeBeam,使用抖动光束,b|Use|Shake|Beam
MoveBeamDuration,bool,bFightOverHide,战斗超过隐藏,b|Fight|Over|Hide
MoveBeamDuration,bool,bShake,抖动,b|Shake
MoveBeamDuration,bool,bOffsetTarget,偏移目标,b|Offset|Target
MoveBeamDuration,bool,bSetColor,设置颜色,b|Set|Color
MoveBeamDuration,bool,bDistIndicate,距离指示,b|Dist|Indicate
MoveBeamDuration,bool,bParabola,抛物线,b|Parabola
MoveBeamDuration,bool,bIsReserveCurve,是否保留曲线,b|Is|Reserve|Curve
MoveBeamDuration,bool,bNotHideWhenDead,非隐藏当死亡,b|Not|Hide|When|Dead
MoveBeamDuration,VInt3,targetPosition,目标位置,target|Position
MoveBeamDuration,VInt3,bindPosOffset,绑定位置偏移,bind|Pos|Offset
MoveBulletDuration,VInt3,DesignatedDir,指定方向,Designated|Dir
MoveBulletDuration,VInt3,zoffsetDegree,Z偏移程度,zoffset|Degree
MoveBulletDuration,StringId,particlePrefabName,粒子预制体名称,particle|Prefab|Name
MoveBulletDuration,StringId,rebounceSoundEventName,反弹音效事件名称,rebounce|Sound|Event|Name
MoveBulletDuration,StringId,newBulletActionName,新子弹动作名称,new|Bullet|Action|Name
MoveBulletDuration,int32,targetId,目标ID,target|Id
MoveBulletDuration,int32,destId,目标ID,dest|Id
MoveBulletDuration,int32,stopMoveDistance,停止移动距离,stop|Move|Distance
MoveBulletDuration,int32,randomDirRange,随机方向范围,random|Dir|Range
MoveBulletDuration,int32,randomDirMinRange,随机方向最小范围,random|Dir|Min|Range
MoveBulletDuration,int32,groupBulletCount,分组子弹计数,group|Bullet|Count
MoveBulletDuration,int32,totalDegree,总计程度,total|Degree
MoveBulletDuration,int32,MoveType,移动类型,Move|Type
MoveBulletDuration,int32,randomMoveRange,随机移动范围,random|Move|Range
MoveBulletDuration,int32,InertialRotateSpeed,惯性旋转速度,Inertial|Rotate|Speed
MoveBulletDuration,int32,distance,距离,distance
MoveBulletDuration,int32,chargingDistance,蓄力中距离,charging|Distance
MoveBulletDuration,int32,velocity,速度,velocity
MoveBulletDuration,int32,acceleration,加速度,acceleration
MoveBulletDuration,int32,speedLimit,速度限制,speed|Limit
MoveBulletDuration,int32,gravity,重力,gravity
MoveBulletDuration,int32,moveRotateSpeed,移动旋转速度,move|Rotate|Speed
MoveBulletDuration,int32,adjustBaseVelocity,调整基础速度,adjust|Base|Velocity
MoveBulletDuration,int32,referenceDirActorId,引用方向角色ID,reference|Dir|Actor|Id
MoveBulletDuration,int32,distanceZ0,距离Z0,distance|Z|0
MoveBulletDuration,int32,distanceZ1,距离Z1,distance|Z|1
MoveBulletDuration,int32,distanceX,距离X,distance|X
MoveBulletDuration,int32,randomPositionRange,随机位置范围,random|Position|Range
MoveBulletDuration,int32,timeLapseTimeLen,时间流逝时间长度,time|Lapse|Time|Len
MoveBulletDuration,float,rebounceParticleLifeTime,反弹粒子生命时间,rebounce|Particle|Life|Time
MoveBulletDuration,int32,iSelfRebouceBuff,i自身反弹增益,i|Self|Rebouce|Buff
MoveBulletDuration,int32,rebouceAddSpeed,反弹添加速度,rebouce|Add|Speed
MoveBulletDuration,int32,rebouceAddDistance,反弹添加距离,rebouce|Add|Distance
MoveBulletDuration,int32,rebouceTest,反弹测试,rebouce|Test
MoveBulletDuration,int32,maxRebounceCount,最大反弹计数,max|Rebounce|Count
MoveBulletDuration,int32,dynamicFlushActorId,动态刷新角色ID,dynamic|Flush|Actor|Id
MoveBulletDuration,bool,bRandomDir,随机方向,b|Random|Dir
MoveBulletDuration,bool,bGroupBullets,分组子弹,b|Group|Bullets
MoveBulletDuration,bool,bFindTargetByRotateBodyBullet,查找目标由旋转躯体子弹,b|Find|Target|By|Rotate|Body|Bullet
MoveBulletDuration,bool,bInertialRotate,惯性旋转,b|Inertial|Rotate
MoveBulletDuration,bool,bChargingEffect,蓄力中效果,b|Charging|Effect
MoveBulletDuration,bool,bAtkRangeExtAddValue,攻击范围扩展添加值,b|Atk|Range|Ext|Add|Value
MoveBulletDuration,bool,speedGrowByAtkRangeChange,速度成长由攻击范围变更,speed|Grow|By|Atk|Range|Change
MoveBulletDuration,bool,bResetMoveDistance,重置移动距离,b|Reset|Move|Distance
MoveBulletDuration,bool,bMoveRotate,移动旋转,b|Move|Rotate
MoveBulletDuration,bool,bMoveRotateRealtime,移动旋转实时,b|Move|Rotate|Realtime
MoveBulletDuration,bool,bAdjustSpeed,调整速度,b|Adjust|Speed
MoveBulletDuration,bool,bAutoAdjustOnSpeedDemand,自动调整开速度需求,b|Auto|Adjust|On|Speed|Demand
MoveBulletDuration,bool,bBulletUseDir,子弹使用方向,b|Bullet|Use|Dir
MoveBulletDuration,bool,bUseMapCenterDir,使用地图中心方向,b|Use|Map|Center|Dir
MoveBulletDuration,bool,bUseAbsDir,使用绝对方向,b|Use|Abs|Dir
MoveBulletDuration,bool,bUseIndicatorDir,使用指示器方向,b|Use|Indicator|Dir
MoveBulletDuration,bool,bDirToIndicator,方向到指示器,b|Dir|To|Indicator
MoveBulletDuration,bool,bUseIndicatorDirRealTime,使用指示器方向真实时间,b|Use|Indicator|Dir|Real|Time
MoveBulletDuration,bool,bIsUseReferenceDirActor,是否使用引用方向角色,b|Is|Use|Reference|Dir|Actor
MoveBulletDuration,bool,bIsUseReferenceDirActorFrom,是否使用引用方向角色从,b|Is|Use|Reference|Dir|Actor|From
MoveBulletDuration,bool,bUseBulletPos,使用子弹位置,b|Use|Bullet|Pos
MoveBulletDuration,bool,bUseDirDesignated,使用方向指定,b|Use|Dir|Designated
MoveBulletDuration,bool,bUseRecordEnterPosDir,使用记录进入位置方向,b|Use|Record|Enter|Pos|Dir
MoveBulletDuration,bool,bUseRecordDir,使用记录方向,b|Use|Record|Dir
MoveBulletDuration,bool,bUseRecordPosCalcDir,使用记录位置计算方向,b|Use|Record|Pos|Calc|Dir
MoveBulletDuration,bool,bUseSmartClickDir,使用智能点击方向,b|Use|Smart|Click|Dir
MoveBulletDuration,bool,bReachDestStop,到达目标停止,b|Reach|Dest|Stop
MoveBulletDuration,bool,b3DMotion,3D运动,b|3|D|Motion
MoveBulletDuration,bool,bMoveOnXAxis,移动开X轴,b|Move|On|X|Axis
MoveBulletDuration,bool,bRecordPosOnEnter,记录位置开进入,b|Record|Pos|On|Enter
MoveBulletDuration,bool,bRandomPosition,随机位置,b|Random|Position
MoveBulletDuration,bool,bTargetPrecisePosition,目标精确位置,b|Target|Precise|Position
MoveBulletDuration,bool,bIgnoreYDir,忽略Y方向,b|Ignore|Y|Dir
MoveBulletDuration,bool,bUseTimeLapsePos,使用时间流逝位置,b|Use|Time|Lapse|Pos
MoveBulletDuration,bool,bUseTimeLapseXZPos,使用时间流逝XZ位置,b|Use|Time|Lapse|XZ|Pos
MoveBulletDuration,bool,bTeleport,传送,b|Teleport
MoveBulletDuration,bool,bCheckRebouce,检查反弹,b|Check|Rebouce
MoveBulletDuration,bool,bAccurateRebounce,精确反弹,b|Accurate|Rebounce
MoveBulletDuration,bool,bRebounceIgnoreDynamicBlock,反弹忽略动态阻挡,b|Rebounce|Ignore|Dynamic|Block
MoveBulletDuration,bool,bRebounceSyncDirByLogic,反弹同步方向由逻辑,b|Rebounce|Sync|Dir|By|Logic
MoveBulletDuration,bool,bRebounceCrossNavMeshCheck,反弹交叉导航网格检查,b|Rebounce|Cross|Nav|Mesh|Check
MoveBulletDuration,bool,bRebouncePartical,反弹粒子,b|Rebounce|Partical
MoveBulletDuration,bool,rebounceResetSpeed,反弹重置速度,rebounce|Reset|Speed
MoveBulletDuration,bool,rebouceResetDistance,反弹重置距离,rebouce|Reset|Distance
MoveBulletDuration,bool,bStopWhenRebounceChecked,停止当反弹已检查,b|Stop|When|Rebounce|Checked
MoveBulletDuration,bool,bStopOnRebouncePosition,停止开反弹位置,b|Stop|On|Rebounce|Position
MoveBulletDuration,bool,bShareSpeed,共享速度,b|Share|Speed
MoveBulletDuration,bool,reverseLimitCamp,反向限制阵营,reverse|Limit|Camp
MoveBulletDuration,bool,bForbidNegative,禁止负,b|Forbid|Negative
MoveBulletDuration,bool,bStopWhileLeaveNormalNav,停止当离开普通导航,b|Stop|While|Leave|Normal|Nav
MoveBulletDuration,bool,isFitEdge,是否适配边缘,is|Fit|Edge
MoveBulletDuration,bool,bNoConditionWhenConfused,无条件当混乱,b|No|Condition|When|Confused
MoveBulletDuration,bool,bAllowDifferentRegion,允许不同区域,b|Allow|Different|Region
MoveBulletDuration,bool,bNoSaveConfusedToContext,无保存混乱到上下文,b|No|Save|Confused|To|Context
MoveBulletDuration,bool,bUseForwardWhenMoveDirZero,使用前向当移动方向零,b|Use|Forward|When|Move|Dir|Zero
MoveBulletDuration,bool,isNotCalConfusion,是否非计算混乱,is|Not|Cal|Confusion
MoveBulletDuration,VInt3,targetPosition,目标位置,target|Position
MoveBulletDuration,VInt3,offsetDir,偏移方向,offset|Dir
MoveByPathDuration,int32,moveActorID,移动角色ID,move|Actor|ID
MoveByPathDuration,int32,targetActorID,目标角色ID,target|Actor|ID
MoveByPathDuration,int32,moveSpeed,移动速度,move|Speed
MoveCityDuration,int32,targetId,目标ID,target|Id
MoveCityDuration,bool,bLimitByArea,限制由区域,b|Limit|By|Area
MoveCityProcessBarDuration,int32,targetId,目标ID,target|Id
MoveCityProcessBarDuration,StringId,key,键,key
MoveCityProcessBarDuration,StringId,key2,键2,key|2
MoveDirectionalLeapDuration,int32,targetId,目标ID,target|Id
MoveDirectionalLeapDuration,int32,moveDistance,移动距离,move|Distance
MoveDirectionalLeapDuration,int32,moveSpeed,移动速度,move|Speed
MoveDirectionalLeapDuration,int32,joyMoveSpeed,摇杆移动速度,joy|Move|Speed
MoveDirectionalLeapDuration,int32,acceleration,加速度,acceleration
MoveDirectionalLeapDuration,bool,ignoreAreaLimit,忽略区域限制,ignore|Area|Limit
MoveDirectionalLeapDuration,bool,ignoreObstacle,忽略障碍,ignore|Obstacle
MoveTeleportListenerDuration,int32,targetId,目标ID,target|Id
MoveToActorNearby,int32,movingActorId,移动中角色ID,moving|Actor|Id
MoveToActorNearby,int32,targetActorId,目标角色ID,target|Actor|Id
MoveToActorNearby,int32,sprintSpeed,疾跑速度,sprint|Speed
MoveToActorNearby,int32,holdSpeed,保持速度,hold|Speed
MoveToActorNearby,int32,catchUpDistance,捕获上距离,catch|Up|Distance
MoveToActorNearby,int32,catchUpDistanceMax,捕获上距离最大,catch|Up|Distance|Max
MoveToActorNearby,int32,sprintTime,疾跑时间,sprint|Time
MoveToActorNearby,int32,movingActorStopSelfSkillCombineID_1,移动中角色停止自身技能合并ID1,moving|Actor|Stop|Self|Skill|Combine|ID|1
MoveToActorNearby,int32,movingActorStopSelfSkillCombineID_2,移动中角色停止自身技能合并ID2,moving|Actor|Stop|Self|Skill|Combine|ID|2
MoveToActorNearby,int32,movingActorStopTargetSkillCombineID_1,移动中角色停止目标技能合并ID1,moving|Actor|Stop|Target|Skill|Combine|ID|1
MoveToActorNearby,int32,movingActorStopTargetSkillCombineID_2,移动中角色停止目标技能合并ID2,moving|Actor|Stop|Target|Skill|Combine|ID|2
MoveToActorNearby,bool,ignoreStartOffsetY,忽略开始偏移Y,ignore|Start|Offset|Y
MoveToActorNearby,bool,bEndOffsetWithMoveDir,结束偏移与移动方向,b|End|Offset|With|Move|Dir
MoveToActorNearby,bool,bIsBackSide,是否返回侧,b|Is|Back|Side
MoveToActorNearby,bool,bNotSetPositionWhenLeave,非设置位置当离开,b|Not|Set|Position|When|Leave
MoveToActorNearby,bool,usePosFlushOpt,使用位置刷新可选,use|Pos|Flush|Opt
MoveToActorNearby,bool,bHoldTargetForward,保持目标前向,b|Hold|Target|Forward
MoveToActorNearby,bool,bForbidMoveRotate,禁止移动旋转,b|Forbid|Move|Rotate
MoveToActorNearby,bool,bCatchUp,捕获上,b|Catch|Up
MoveToActorNearby,bool,bAdjustSprintSpeed,调整疾跑速度,b|Adjust|Sprint|Speed
MoveToActorNearby,bool,setOffsetGroundY,设置偏移地面Y,set|Offset|Ground|Y
MoveToActorNearby,bool,bCheckBlockRealTime,检查阻挡真实时间,b|Check|Block|Real|Time
MoveToActorNearby,bool,bHoldTargetRun,保持目标运行,b|Hold|Target|Run
MoveToActorNearby,bool,bHorizontalRot,水平旋转,b|Horizontal|Rot
MoveToActorNearby,bool,bIgnoreAreaLimit,忽略区域限制,b|Ignore|Area|Limit
MoveToActorNearby,VInt3,startOffset,开始偏移,start|Offset
MoveToActorNearby,VInt3,endOffset,结束偏移,end|Offset
MoveToPositionDuration,VInt3,targetPos,目标位置,target|Pos
MoveToPositionDuration,int32,actorId,角色ID,actor|Id
MoveToPositionDuration,int32,targetId,目标ID,target|Id
MoveToPositionDuration,bool,bPauseWhenControl,暂停当控制,b|Pause|When|Control
MoveToPositionDuration,bool,bPauseWhenImmuneControl,暂停当免疫控制,b|Pause|When|Immune|Control
MultiBloodBarTick,int32,targetId,目标ID,target|Id
MultiBloodBarTick,int32,visibleFlag,可见标记,visible|Flag
MultiBloodBarTick,int32,hpBoundType,生命值边界类型,hp|Bound|Type
MultiBloodBarTick,bool,bOpen,打开,b|Open
MultiBloodBarTick,TArray<int32>,hpBoundList,生命值边界列表,hp|Bound|List
MultiStageMoveDuration,int32,moveDistance,移动距离,move|Distance
MultiStageMoveDuration,int32,maxMoveDistance,最大移动距离,max|Move|Distance
MultiStageMoveDuration,int32,moveSpeed,移动速度,move|Speed
MultiStageMoveDuration,int32,wallMoveSpeed,墙移动速度,wall|Move|Speed
MultiStageMoveDuration,bool,bNoRecordAGEDir,无记录AGE方向,b|No|Record|AGE|Dir
MultiStageMoveDuration,bool,strictDistance,严格距离,strict|Distance
MultiStageMoveDuration,bool,strictMaxDistance,严格最大距离,strict|Max|Distance
MultiStageMoveDuration,StringId,moveTypeName,移动类型名称,move|Type|Name
MultiStageMoveDuration,int32,actorId,角色ID,actor|Id
MultiTargetSplineBulletDuration,int32,targetId,目标ID,target|Id
MultiTargetSplineBulletDuration,int32,dataActorId,数据角色ID,data|Actor|Id
MultiTargetSplineBulletDuration,int32,dataSrc,数据来源,data|Src
MultiTargetSplineBulletDuration,int32,moveSpeed,移动速度,move|Speed
MultiTargetSplineBulletDuration,int32,moveAccelerate,移动加速,move|Accelerate
MultiTargetSplineBulletDuration,bool,specifyByCustomParams,指定由自定义参数,specify|By|Custom|Params
MultiTargetSplineBulletDuration,StringId,targetsListName,目标列表名称,targets|List|Name
MultiTargetSplineBulletDuration,int32,moveBulletId,移动子弹ID,move|Bullet|Id
NewActorRootList,int32,actorId,角色ID,actor|Id
NewActorRootList,bool,bDeduplication,去重,b|Deduplication
NewActorRootList,bool,bLeaveDontRemove,离开不移除,b|Leave|Dont|Remove
NewActorRootList,StringId,listName,列表名称,list|Name
NewActorRootList,int32,dataDest,数据目标,data|Dest
NewActorRootListAdd,int32,actorId,角色ID,actor|Id
NewActorRootListAdd,int32,targetId,目标ID,target|Id
NewActorRootListAdd,bool,bDeduplication,去重,b|Deduplication
NewActorRootListAdd,StringId,listName,列表名称,list|Name
NewActorRootListAdd,int32,dataDest,数据目标,data|Dest
NewActorRootListAddTick,bool,bDeduplication,去重,b|Deduplication
NewActorRootListAddTick,StringId,listName,列表名称,list|Name
NewActorRootListAddTick,int32,actorId,角色ID,actor|Id
NewActorRootListAddTick,int32,targetId,目标ID,target|Id
NewActorRootListAddTick,int32,listCountMax,列表计数最大,list|Count|Max
NewActorRootListCount,int32,actorId,角色ID,actor|Id
NewActorRootListCount,bool,bForceInt,力整数,b|Force|Int
NewActorRootListCount,StringId,listName,列表名称,list|Name
NewActorRootListCount,StringId,countId,计数ID,count|Id
NewActorRootListRmv,StringId,listName,列表名称,list|Name
NewActorRootListRmv,int32,dataDest,数据目标,data|Dest
NewActorRootListRmv,int32,actorId,角色ID,actor|Id
NewActorRootListRmv,int32,targetId,目标ID,target|Id
NewActorStateFilterDuration,int32,actorId,角色ID,actor|Id
NewActorStateFilterDuration,int32,angle,角度,angle
NewActorStateFilterDuration,bool,bFilterAlive,过滤存活,b|Filter|Alive
NewActorStateFilterDuration,bool,bFilterDead,过滤死亡,b|Filter|Dead
NewActorStateFilterDuration,bool,bFilterDeadCtrl,过滤死亡控制,b|Filter|Dead|Ctrl
NewActorStateFilterDuration,bool,bFilterNotTowardSelf,过滤非朝向自身,b|Filter|Not|Toward|Self
NewActorStateFilterDuration,bool,bFilterNotMove,过滤非移动,b|Filter|Not|Move
NewActorStateFilterDuration,StringId,InputActorListName,输入角色列表名称,Input|Actor|List|Name
NewActorStateFilterDuration,StringId,OutputActorListName,输出角色列表名称,Output|Actor|List|Name
NewActorTypeFilterDuration,int32,filterKeepSoldierType,过滤保持小兵类型,filter|Keep|Soldier|Type
NewActorTypeFilterDuration,int32,filterMonsterKeepConfigId,过滤野怪保持配置ID,filter|Monster|Keep|Config|Id
NewActorTypeFilterDuration,int32,bFilterOrganKeepOrganSubType,过滤器官保持器官子类型,b|Filter|Organ|Keep|Organ|Sub|Type
NewActorTypeFilterDuration,bool,bFilterHero,过滤英雄,b|Filter|Hero
NewActorTypeFilterDuration,bool,bFilterLevelDynamicHero,过滤等级动态英雄,b|Filter|Level|Dynamic|Hero
NewActorTypeFilterDuration,bool,bFilterMonster,过滤野怪,b|Filter|Monster
NewActorTypeFilterDuration,bool,bFilterMonsterKeepSoldier,过滤野怪保持小兵,b|Filter|Monster|Keep|Soldier
NewActorTypeFilterDuration,bool,bFilterMonsterKeepCreep,过滤野怪保持小兵,b|Filter|Monster|Keep|Creep
NewActorTypeFilterDuration,bool,bFilterMonsterKeepDaYeDao,过滤野怪保持大是道,b|Filter|Monster|Keep|Da|Ye|Dao
NewActorTypeFilterDuration,bool,bFilterMonsterKeepBoss,过滤野怪保持首领,b|Filter|Monster|Keep|Boss
NewActorTypeFilterDuration,bool,bFilterMonsterKeepPVEMonster,过滤野怪保持PVE野怪,b|Filter|Monster|Keep|PVE|Monster
NewActorTypeFilterDuration,bool,bFilterOrgan,过滤器官,b|Filter|Organ
NewActorTypeFilterDuration,bool,bFilterInteractItem,过滤交互道具,b|Filter|Interact|Item
NewActorTypeFilterDuration,bool,bFilterEye,过滤眼睛,b|Filter|Eye
NewActorTypeFilterDuration,bool,bFilterCallActor,过滤调用角色,b|Filter|Call|Actor
NewActorTypeFilterDuration,StringId,InputActorListName,输入角色列表名称,Input|Actor|List|Name
NewActorTypeFilterDuration,StringId,OutputActorListName,输出角色列表名称,Output|Actor|List|Name
NewBindActorSlotDuration,bool,bOffsetInWorldCoordinate,偏移内世界坐标,b|Offset|In|World|Coordinate
NewBindActorSlotDuration,bool,bSyncFlyingState,同步飞行状态,b|Sync|Flying|State
NewBindActorSlotDuration,VInt3,translation,平移,translation
NewBindActorSlotDuration,int32,actorId,角色ID,actor|Id
NewBindActorSlotDuration,int32,targetId,目标ID,target|Id
NewBindActorSlotDuration,bool,bUseOffsetNow,使用偏移当前,b|Use|Offset|Now
NewBindActorSlotDuration,bool,bNotFollowDirection,非跟随方向,b|Not|Follow|Direction
NewBindActorSlotDuration,bool,bBindBullet,绑定子弹,b|Bind|Bullet
NewBindActorSlotDuration,bool,bParentVisibility,父级可见性,b|Parent|Visibility
NewBounceBuffDuration,int32,actorId,角色ID,actor|Id
NewBounceBuffDuration,int32,targetId,目标ID,target|Id
NewBounceBuffDuration,int32,buffId,增益ID,buff|Id
NewBounceBuffDuration,int32,maxEffectCount,最大效果计数,max|Effect|Count
NewBounceBuffDuration,int32,bounceRange,弹跳范围,bounce|Range
NewBounceBuffDuration,int32,bounceInterval,弹跳间隔,bounce|Interval
NewBounceBuffDuration,int32,searchTargetMode,搜索目标模式,search|Target|Mode
NewBounceBuffDuration,bool,bExtraBuff,额外增益,b|Extra|Buff
NewBounceBuffDuration,StringId,AActorName,A角色名称,A|Actor|Name
NewBounceBuffDuration,StringId,BActorName,角色名称,B|Actor|Name
NewCampFilterDuration,int32,actorId,角色ID,actor|Id
NewCampFilterDuration,bool,bFilterNotTeamMember,过滤非队伍成员,b|Filter|Not|Team|Member
NewCampFilterDuration,bool,bFilterEnemy,过滤敌方,b|Filter|Enemy
NewCampFilterDuration,bool,bFilterFriend,过滤友方,b|Filter|Friend
NewCampFilterDuration,bool,bFilterMyself,过滤自己,b|Filter|Myself
NewCampFilterDuration,bool,bFilterFriendWithoutSelf,过滤友方不带自身,b|Filter|Friend|Without|Self
NewCampFilterDuration,StringId,InputActorListName,输入角色列表名称,Input|Actor|List|Name
NewCampFilterDuration,StringId,OutputActorListName,输出角色列表名称,Output|Actor|List|Name
NewCheckNumberDuration,int32,actorId,角色ID,actor|Id
NewCheckNumberDuration,int32,OperatorType,运算符类型,Operator|Type
NewCheckNumberDuration,int32,TargetNumber,目标数字,Target|Number
NewCheckNumberDuration,bool,bGetFromRefParam,获取从引用参数,b|Get|From|Ref|Param
NewCheckNumberDuration,bool,bCheckMaskValue,检查掩码值,b|Check|Mask|Value
NewCheckNumberDuration,StringId,InputNumber,输入数字,Input|Number
NewCheckNumberDuration,int32,dataSrc,数据来源,data|Src
NewCheckNumberTick,int32,TargetNumber,目标数字,Target|Number
NewCheckNumberTick,bool,bGetFromRefParam,获取从引用参数,b|Get|From|Ref|Param
NewCheckNumberTick,StringId,InputNumber,输入数字,Input|Number
NewCheckNumberTick,int32,dataSrc,数据来源,data|Src
NewCheckNumberTick,int32,actorId,角色ID,actor|Id
NewCheckNumberTick,int32,OperatorType,运算符类型,Operator|Type
NewCollisionCheckDuration,int32,triggerInterval,触发间隔,trigger|Interval
NewCollisionCheckDuration,int32,TriggerActorInterval,触发角色间隔,Trigger|Actor|Interval
NewCollisionCheckDuration,int32,TriggerActorCount,触发角色计数,Trigger|Actor|Count
NewCollisionCheckDuration,int32,SelectMode,选择模式,Select|Mode
NewCollisionCheckDuration,int32,CollideMaxCount,碰撞最大计数,Collide|Max|Count
NewCollisionCheckDuration,bool,bRandomTriggerInterval,随机触发间隔,b|Random|Trigger|Interval
NewCollisionCheckDuration,bool,bNotTriggerSameActor,非触发相同角色,b|Not|Trigger|Same|Actor
NewCollisionCheckDuration,bool,bTargetOnlyCheckLocation,目标仅检查位置,b|Target|Only|Check|Location
NewCollisionCheckDuration,bool,bEdgeCheck,边缘检查,b|Edge|Check
NewCollisionCheckDuration,StringId,collideActorListName,碰撞角色列表名称,collide|Actor|List|Name
NewCollisionCheckDuration,int32,colliderId,碰撞体ID,collider|Id
NewDeletVariableTick,int32,actorId,角色ID,actor|Id
NewDeletVariableTick,int32,srcDest,来源目标,src|Dest
NewDeletVariableTick,TArray<StringId>,variableList,变量列表,variable|List
NewGenerateRandomTick,StringId,randomId,随机ID,random|Id
NewGenerateRandomTick,int32,randomRange,随机范围,random|Range
NewGetActorPropertyTick,int32,skillBeanSlotType,技能豆槽位类型,skill|Bean|Slot|Type
NewGetActorPropertyTick,bool,bUseExtraProperty,使用额外属性,b|Use|Extra|Property
NewGetActorPropertyTick,bool,choosePhysicsProtect,选择物理保护,choose|Physics|Protect
NewGetActorPropertyTick,bool,chooseMagicProtect,选择魔法保护,choose|Magic|Protect
NewGetActorPropertyTick,bool,chooseAllProtect,选择全部保护,choose|All|Protect
NewGetActorPropertyTick,bool,chooseRealHurtProtect,选择真实伤害保护,choose|Real|Hurt|Protect
NewGetActorPropertyTick,bool,bGetRatio,获取比例,b|Get|Ratio
NewGetActorPropertyTick,StringId,refVariableName,引用变量名称,ref|Variable|Name
NewGetActorPropertyTick,int32,actorId,角色ID,actor|Id
NewGetActorPropertyTick,int32,DataType,数据类型,Data|Type
NewGetActorPropertyTick,int32,propertyType,属性类型,property|Type
NewGetActorRootDuration,int32,actorId,角色ID,actor|Id
NewGetActorRootDuration,int32,targetId,目标ID,target|Id
NewGetActorRootDuration,StringId,variableName,变量名称,variable|Name
NewGetActorRootDuration,int32,dataSrc,数据来源,data|Src
NewGetActorRootTick,bool,bUseOriginHost,使用原点宿主,b|Use|Origin|Host
NewGetActorRootTick,StringId,variableName,变量名称,variable|Name
NewGetActorRootTick,int32,dataSrc,数据来源,data|Src
NewGetActorRootTick,int32,actorId,角色ID,actor|Id
NewGetActorRootTick,int32,targetId,目标ID,target|Id
NewGetBoolTick,int32,dataSrc,数据来源,data|Src
NewGetBoolTick,int32,actorId,角色ID,actor|Id
NewGetBoolTick,StringId,variableName,变量名称,variable|Name
NewGetBoolTick,StringId,refVariableName,引用变量名称,ref|Variable|Name
NewGetHeroLevelTick,StringId,variableName,变量名称,variable|Name
NewGetHeroLevelTick,int32,actorId,角色ID,actor|Id
NewGetIntVariableTick,int32,dataSrc,数据来源,data|Src
NewGetIntVariableTick,int32,actorId,角色ID,actor|Id
NewGetIntVariableTick,bool,bIsVariableInContext,是否变量内上下文,b|Is|Variable|In|Context
NewGetIntVariableTick,StringId,refVariableName,引用变量名称,ref|Variable|Name
NewGetIntVariableTick,StringId,variableName,变量名称,variable|Name
NewGetMonsterSpawnPointPos,StringId,OutputSpawnPointID,输出生成点ID,Output|Spawn|Point|ID
NewGetMonsterSpawnPointPos,int32,actorId,角色ID,actor|Id
NewGetMonsterSpawnPointPos,StringId,OutputSpawnPointPos,输出生成点位置,Output|Spawn|Point|Pos
NewGetMonsterSpawnPointPos,StringId,OutputSpawnPointDir,输出生成点方向,Output|Spawn|Point|Dir
NewGetSlotLevelTick,StringId,variableName,变量名称,variable|Name
NewGetSlotLevelTick,int32,actorId,角色ID,actor|Id
NewGetSlotLevelTick,int32,slotType,槽位类型,slot|Type
NewGetSlotLevelTick,int32,RetVarType,返回变量类型,Ret|Var|Type
NewGetSpecialVariableTick,StringId,refVariableName,引用变量名称,ref|Variable|Name
NewGetSpecialVariableTick,int32,specialValueType,特殊值类型,special|Value|Type
NewGetUnityObj,StringId,varName,变量名称,var|Name
NewGetUnityObj,int32,actorId,角色ID,actor|Id
NewGetUnityObj,int32,tempObjId,临时对象ID,temp|Obj|Id
NewGetUnityObjTick,StringId,variableName,变量名称,variable|Name
NewGetUnityObjTick,int32,dataSrc,数据来源,data|Src
NewGetUnityObjTick,int32,actorId,角色ID,actor|Id
NewGetUnityObjTick,int32,targetId,目标ID,target|Id
NewGetVIntVarTick,int32,dataSrc,数据来源,data|Src
NewGetVIntVarTick,int32,actorId,角色ID,actor|Id
NewGetVIntVarTick,StringId,refVariableName,引用变量名称,ref|Variable|Name
NewGetVIntVarTick,StringId,variableName,变量名称,variable|Name
NewGetVector3VarTick,int32,dataSrc,数据来源,data|Src
NewGetVector3VarTick,int32,actorId,角色ID,actor|Id
NewGetVector3VarTick,StringId,refVariableName,引用变量名称,ref|Variable|Name
NewGetVector3VarTick,StringId,variableName,变量名称,variable|Name
NewHighlightSkillButton,int32,actorId,角色ID,actor|Id
NewHighlightSkillButton,int32,slotType,槽位类型,slot|Type
NewRmvActorRootTick,StringId,variableName,变量名称,variable|Name
NewRmvActorRootTick,int32,dataDest,数据目标,data|Dest
NewRmvActorRootTick,int32,actorId,角色ID,actor|Id
NewRmvActorRootTick,bool,notifyClient,通知客户端,notify|Client
NewSaveActorRootTick,bool,notifyClient,通知客户端,notify|Client
NewSaveActorRootTick,StringId,variableName,变量名称,variable|Name
NewSaveActorRootTick,int32,dataDest,数据目标,data|Dest
NewSaveActorRootTick,int32,actorId,角色ID,actor|Id
NewSaveActorRootTick,int32,targetId,目标ID,target|Id
NewSaveIntVarDuration,int32,dataDest,数据目标,data|Dest
NewSaveIntVarDuration,int32,actorId,角色ID,actor|Id
NewSaveIntVarDuration,StringId,variableName,变量名称,variable|Name
NewSaveIntVarDuration,int32,resVar,资源变量,res|Var
NewSaveIntVarTick,bool,deltaMode,增量模式,delta|Mode
NewSaveIntVarTick,StringId,variableName,变量名称,variable|Name
NewSaveIntVarTick,int32,resVar,资源变量,res|Var
NewSaveIntVarTick,int32,dataDest,数据目标,data|Dest
NewSaveIntVarTick,int32,actorId,角色ID,actor|Id
NewSaveVIntVarTick,int32,dataDest,数据目标,data|Dest
NewSaveVIntVarTick,int32,actorId,角色ID,actor|Id
NewSaveVIntVarTick,StringId,refVariableName,引用变量名称,ref|Variable|Name
NewSaveVIntVarTick,StringId,variableName,变量名称,variable|Name
NewSaveVariableTick,int32,actorId,角色ID,actor|Id
NewSaveVariableTick,int32,srcDest,来源目标,src|Dest
NewSaveVariableTick,int32,saveDest,保存目标,save|Dest
NewSaveVariableTick,int32,srcObjId,来源对象ID,src|Obj|Id
NewSaveVariableTick,int32,dstObjId,目标对象ID,dst|Obj|Id
NewSaveVariableTick,TArray<StringId>,variableList,变量列表,variable|List
NewSaveVector3VarTick,int32,dataDest,数据目标,data|Dest
NewSaveVector3VarTick,int32,actorId,角色ID,actor|Id
NewSaveVector3VarTick,StringId,refVariableName,引用变量名称,ref|Variable|Name
NewSaveVector3VarTick,StringId,variableName,变量名称,variable|Name
NewSetCameraHeightDuration,int32,enterLerpTick,进入插值每帧,enter|Lerp|Tick
NewSetCameraHeightDuration,int32,leaveLerpTick,离开插值每帧,leave|Lerp|Tick
NewSetCameraHeightDuration,float,heightRate,高度速率,height|Rate
NewSetCameraHeightDuration,float,initHeightRate,初始化高度速率,init|Height|Rate
NewSpawnBuffDuration,TArray<int32>,buffChances,增益概率,buff|Chances
NewSpawnBuffDuration,StringId,collideActorListName,碰撞角色列表名称,collide|Actor|List|Name
NewSpawnBuffDuration,int32,actorId,角色ID,actor|Id
NewSpawnBuffDuration,TArray<int32>,buffIds,增益ID,buff|Ids
NewSpawnBuffTick,StringId,targetName,目标名称,target|Name
NewSpawnBuffTick,StringId,originatorName,发起者名称,originator|Name
NewSpawnBuffTick,TArray<int32>,buffIds,增益ID,buff|Ids
NewSpawnBulletSetLifeTick,int32,exchangeHeroRmvType,交换英雄移除类型,exchange|Hero|Rmv|Type
NewSpawnBulletSetLifeTick,bool,bAgeEternal,推进永恒,b|Age|Eternal
NewSpawnBulletSetLifeTick,bool,bControlRemove,控制移除,b|Control|Remove
NewSpawnBulletSetLifeTick,bool,bDeadRemove,死亡移除,b|Dead|Remove
NewSpawnBulletSetLifeTick,bool,bDeadRemoveNoImmRevive,死亡移除无免疫复活,b|Dead|Remove|No|Imm|Revive
NewSpawnBulletSetLifeTick,bool,bExitBattleRemove,退出战斗移除,b|Exit|Battle|Remove
NewSpawnBulletSetLifeTick,bool,bDestroyedBySpecialBullet,已销毁由特殊子弹,b|Destroyed|By|Special|Bullet
NewSpawnBulletSetLifeTick,bool,bRemoveWhenControlled,移除当受控,b|Remove|When|Controlled
NewSpawnBulletSetLifeTick,bool,bHardControlRemove,硬控制移除,b|Hard|Control|Remove
NewSpawnBulletSetLifeTick,bool,bRemoveWhenRepressed,移除当压制,b|Remove|When|Repressed
NewSpawnBulletSetLifeTick,StringId,bulletParamName,子弹参数名称,bullet|Param|Name
NewSpawnBulletSetLifeTick,int32,targetId,目标ID,target|Id
NewSpawnBulletSetLifeTick,int32,AgeLengthGrownByAttackerAtt,推进长度已成长由攻击者属性,Age|Length|Grown|By|Attacker|Att
NewSpawnBulletSetLifeTick,int32,growRatio,成长比例,grow|Ratio
NewSpawnBulletSetLimitTick,int32,targetId,目标ID,target|Id
NewSpawnBulletSetLimitTick,int32,bulletTypeId,子弹类型ID,bullet|Type|Id
NewSpawnBulletSetLimitTick,int32,bulletUpperLimit,子弹上限制,bullet|Upper|Limit
NewSpawnBulletSetLimitTick,bool,bReplaceBullet,替换子弹,b|Replace|Bullet
NewSpawnBulletSetLimitTick,StringId,bulletParamName,子弹参数名称,bullet|Param|Name
NewSpawnBulletSetLimitTick,StringId,bulletUpperLimitActionName,子弹上限制动作名称,bullet|Upper|Limit|Action|Name
NewSpawnBulletTick,TArray<int32>,randomActionProbabilityArray,随机动作概率数组,random|Action|Probability|Array
NewSpawnBulletTick,TArray<StringId>,randomSpecialActionNameArray,随机特殊动作名称数组,random|Special|Action|Name|Array
NewSpawnBulletTick,TArray<int32>,randomSpecialActionProbabilityArray,随机特殊动作概率数组,random|Special|Action|Probability|Array
NewSpawnBulletTick,StringId,bulletParamName,子弹参数名称,bullet|Param|Name
NewSpawnBulletTick,StringId,ActionName,动作名称,Action|Name
NewSpawnBulletTick,StringId,SpecialActionName,特殊动作名称,Special|Action|Name
NewSpawnBulletTick,int32,targetId,目标ID,target|Id
NewSpawnBulletTick,int32,bulletCount,子弹计数,bullet|Count
NewSpawnBulletTick,int32,bulletTag,子弹标签,bullet|Tag
NewSpawnBulletTick,bool,bUseRandomActionName,使用随机动作名称,b|Use|Random|Action|Name
NewSpawnBulletTick,bool,bUseRandomSpecialActionName,使用随机特殊动作名称,b|Use|Random|Special|Action|Name
NewSpawnBulletTick,bool,bAgeImmeExcute,推进立即执行,b|Age|Imme|Excute
NewSpawnBulletTick,bool,bSpawnBounceBullet,生成弹跳子弹,b|Spawn|Bounce|Bullet
NewSpawnBulletTick,bool,bNeedPurgeByDogpath,需要清除由寻路,b|Need|Purge|By|Dogpath
NewSpawnBulletTick,bool,bRemoveWhenCallActorStateChange,移除当调用角色状态变更,b|Remove|When|Call|Actor|State|Change
NewSpawnBulletTick,TArray<StringId>,randomActionNameArray,随机动作名称数组,random|Action|Name|Array
NewSpawnObjBlockDuration,StringId,prefabName,预制体名称,prefab|Name
NewSpawnObjBlockDuration,Vector3,scaling,缩放,scaling
NewSpawnObjBlockDuration,int32,targetId,目标ID,target|Id
NewSpawnObjBlockDuration,int32,objectSpaceId,对象空间ID,object|Space|Id
NewSpawnObjBlockDuration,int32,yRotation,y旋转,y|Rotation
NewSpawnObjBlockDuration,bool,bIndicatorPos,指示器位置,b|Indicator|Pos
NewSpawnObjBlockDuration,bool,bTranslate,平移,b|Translate
NewSpawnObjBlockDuration,bool,bScale,缩放,b|Scale
NewSpawnObjBlockDuration,bool,bBlockAllCamp,阻挡全部阵营,b|Block|All|Camp
NewSpawnObjBlockDuration,bool,bMoveAlongBlockEdge,移动沿阻挡边缘,b|Move|Along|Block|Edge
NewSpawnObjBlockDuration,bool,bNotCreateWhileNull,非创建当空,b|Not|Create|While|Null
NewSpawnObjBlockDuration,VInt3,indicatorPos,指示器位置,indicator|Pos
NewSpawnObjBlockDuration,VInt3,translation,平移,translation
NewSpawnObjBulletDuration,StringId,prefabName,预制体名称,prefab|Name
NewSpawnObjBulletDuration,StringId,strPos,字符串位置,str|Pos
NewSpawnObjBulletDuration,StringId,strDir,字符串方向,str|Dir
NewSpawnObjBulletDuration,Vector3,scaling,缩放,scaling
NewSpawnObjBulletDuration,int32,targetId,目标ID,target|Id
NewSpawnObjBulletDuration,int32,objectSpaceId,对象空间ID,object|Space|Id
NewSpawnObjBulletDuration,int32,yRotation,y旋转,y|Rotation
NewSpawnObjBulletDuration,int32,distanceRatio,距离比例,distance|Ratio
NewSpawnObjBulletDuration,int32,forbidLayerFlgMask,禁止层标记掩码,forbid|Layer|Flg|Mask
NewSpawnObjBulletDuration,int32,posInvalidFlushRadius,位置无效刷新半径,pos|Invalid|Flush|Radius
NewSpawnObjBulletDuration,int32,useThisLayerFlag,使用该层标记,use|This|Layer|Flag
NewSpawnObjBulletDuration,bool,bIndicatorPos,指示器位置,b|Indicator|Pos
NewSpawnObjBulletDuration,bool,bTranslate,平移,b|Translate
NewSpawnObjBulletDuration,bool,bScale,缩放,b|Scale
NewSpawnObjBulletDuration,bool,bForbidBulletInObstacle,禁止子弹内障碍,b|Forbid|Bullet|In|Obstacle
NewSpawnObjBulletDuration,bool,bSpawnInOriginatorPos,生成内发起者位置,b|Spawn|In|Originator|Pos
NewSpawnObjBulletDuration,bool,bSpawnInOriginPosWhenDeviate,生成内原点位置当偏移,b|Spawn|In|Origin|Pos|When|Deviate
NewSpawnObjBulletDuration,bool,bBothPosInvalidUseFlushOptRadius,两者位置无效使用刷新可选半径,b|Both|Pos|Invalid|Use|Flush|Opt|Radius
NewSpawnObjBulletDuration,bool,bUseCustomData,使用自定义数据,b|Use|Custom|Data
NewSpawnObjBulletDuration,bool,bNotCreateWhileNull,非创建当空,b|Not|Create|While|Null
NewSpawnObjBulletDuration,bool,needAddToSceneMgr,需要添加到场景管理器,need|Add|To|Scene|Mgr
NewSpawnObjBulletDuration,VInt3,indicatorPos,指示器位置,indicator|Pos
NewSpawnObjBulletDuration,VInt3,translation,平移,translation
NewUnityObjAddOrSet,int32,targetId,目标ID,target|Id
NewUnityObjAddOrSet,bool,removeWhenLeave,移除当离开,remove|When|Leave
NewUnityObjAddOrSet,StringId,varName,变量名称,var|Name
NewUnityObjAddOrSet,int32,actorId,角色ID,actor|Id
NewVariableArrayOp,StringId,sValue,s值,s|Value
NewVariableArrayOp,StringId,rVarName,r变量名称,r|Var|Name
NewVariableArrayOp,Vector3,vValue,v值,v|Value
NewVariableArrayOp,int32,arrayElementType,数组元素类型,array|Element|Type
NewVariableArrayOp,int32,arrayVarType,数组变量类型,array|Var|Type
NewVariableArrayOp,int32,lTargetId,l目标ID,l|Target|Id
NewVariableArrayOp,int32,ArrayOp,数组操作,Array|Op
NewVariableArrayOp,int32,OpValueType,操作值类型,Op|Value|Type
NewVariableArrayOp,int32,iValue,i值,i|Value
NewVariableArrayOp,float,fValue,f值,f|Value
NewVariableArrayOp,uint32,uiValue,UI值,ui|Value
NewVariableArrayOp,int32,rTargetId,r目标ID,r|Target|Id
NewVariableArrayOp,bool,bValue,值,b|Value
NewVariableArrayOp,VInt3,viValue,整型变量值,vi|Value
NewVariableArrayOp,StringId,arrayVarName,数组变量名称,array|Var|Name
NewVariableIntCalTick,StringId,retVarName,返回变量名称,ret|Var|Name
NewVariableIntCalTick,int32,LVarType,L变量类型,L|Var|Type
NewVariableIntCalTick,int32,lValue,l值,l|Value
NewVariableIntCalTick,int32,lTargetId,l目标ID,l|Target|Id
NewVariableIntCalTick,int32,VarOpType,变量操作类型,Var|Op|Type
NewVariableIntCalTick,int32,RVarType,R变量类型,R|Var|Type
NewVariableIntCalTick,int32,rValue,r值,r|Value
NewVariableIntCalTick,int32,rTargetId,r目标ID,r|Target|Id
NewVariableIntCalTick,int32,RetVarType,返回变量类型,Ret|Var|Type
NewVariableIntCalTick,int32,retTargetId,返回目标ID,ret|Target|Id
NewVariableIntCalTick,StringId,lVarName,l变量名称,l|Var|Name
NewVariableIntCalTick,StringId,rVarName,r变量名称,r|Var|Name
NewVariableIntCompareTick,int32,LVarType,L变量类型,L|Var|Type
NewVariableIntCompareTick,int32,lValue,l值,l|Value
NewVariableIntCompareTick,int32,lTargetId,l目标ID,l|Target|Id
NewVariableIntCompareTick,int32,VarOpType,变量操作类型,Var|Op|Type
NewVariableIntCompareTick,int32,RVarType,R变量类型,R|Var|Type
NewVariableIntCompareTick,int32,rValue,r值,r|Value
NewVariableIntCompareTick,int32,rTargetId,r目标ID,r|Target|Id
NewVariableIntCompareTick,StringId,lVarName,l变量名称,l|Var|Name
NewVariableIntCompareTick,StringId,rVarName,r变量名称,r|Var|Name
NewVariableVInt3CalTick,StringId,rVarName,r变量名称,r|Var|Name
NewVariableVInt3CalTick,StringId,retVarName,返回变量名称,ret|Var|Name
NewVariableVInt3CalTick,int32,LVarType,L变量类型,L|Var|Type
NewVariableVInt3CalTick,int32,lTargetId,l目标ID,l|Target|Id
NewVariableVInt3CalTick,int32,VarOpType,变量操作类型,Var|Op|Type
NewVariableVInt3CalTick,int32,RVarType,R变量类型,R|Var|Type
NewVariableVInt3CalTick,int32,rIntValue,r整数值,r|Int|Value
NewVariableVInt3CalTick,int32,rTargetId,r目标ID,r|Target|Id
NewVariableVInt3CalTick,int32,RetVarType,返回变量类型,Ret|Var|Type
NewVariableVInt3CalTick,int32,retTargetId,返回目标ID,ret|Target|Id
NewVariableVInt3CalTick,bool,bCounterClockwiseAngle,计数顺时针角度,b|Counter|Clockwise|Angle
NewVariableVInt3CalTick,VInt3,lValue,l值,l|Value
NewVariableVInt3CalTick,VInt3,rVInt3Value,r整型向量3值,r|VInt3|Value
NewVariableVInt3CalTick,StringId,lVarName,l变量名称,l|Var|Name
NewbieTlogTick,int32,iStepId,i步长ID,i|Step|Id
NewbieTlogTick,bool,bIsLastStep,是否最后步长,b|Is|Last|Step
NewbiekillActor,int32,ActorType,角色类型,Actor|Type
NewbiekillActor,int32,configId,配置ID,config|Id
NewbiekillActor,int32,targetId,目标ID,target|Id
NewbiekillActor,bool,hideActor,隐藏角色,hide|Actor
NewbiekillActor,bool,bPauseGame,暂停游戏,b|Pause|Game
NtfTrainingPuppetStateTick,int32,sourceId,来源ID,source|Id
OMGModeSwitchWeaponDuration,int32,aimCfgID,瞄准配置ID,aim|Cfg|ID
OMGModeSwitchWeaponDuration,StringId,agePath,推进路径,age|Path
OMGModeSwitchWeaponDuration,int32,actorId,角色ID,actor|Id
OMGModeSwitchWeaponTick,int32,actorId,角色ID,actor|Id
OMGModeSwitchWeaponTick,bool,isSwitchHandWeaponCarry,是否切换手武器携带,is|Switch|Hand|Weapon|Carry
ObjectFollowObjectDuration,Vector3,bindPosOffset,绑定位置偏移,bind|Pos|Offset
ObjectFollowObjectDuration,int32,objectId,对象ID,object|Id
ObjectFollowObjectDuration,int32,targetId,目标ID,target|Id
ObjectFollowObjectDuration,StringId,bindPointName,绑定点名称,bind|Point|Name
ObjectFollowObjectDuration,Quaternion,bindRotOffset,绑定旋转偏移,bind|Rot|Offset
ObjectLookAt,int32,minDistance,最小距离,min|Distance
ObjectLookAt,VInt3,targetPos,目标位置,target|Pos
ObjectLookAt,int32,actorId,角色ID,actor|Id
ObjectLookAt,int32,targetId,目标ID,target|Id
ObjectLookAt,int32,rotateSpeed,旋转速度,rotate|Speed
OnTrigger,StringId,scriptName,脚本名称,script|Name
OnTrigger,StringId,methodName,方法名称,method|Name
OnTrigger,int32,targetId,目标ID,target|Id
OnTrigger,TArray<StringId>,tags,标签,tags
OpenFormTick,StringId,formPath,形态路径,form|Path
OpenFormTick,int32,actorId,角色ID,actor|Id
OpenHeroUIFeature,StringId,FeatureBgIcon,特性背景图标,Feature|Bg|Icon
OpenHeroUIFeature,StringId,replaceImage,替换图片,replace|Image
OpenHeroUIFeature,int32,actorId,角色ID,actor|Id
OpenHeroUIFeature,int32,showType,显示类型,show|Type
OpenHeroUIFeature,int32,reInitCount,重初始化计数,re|Init|Count
OpenHeroUIFeature,int32,reInitPositionX,重初始化位置X,re|Init|Position|X
OpenHeroUIFeature,int32,reInitPositionY,重初始化位置Y,re|Init|Position|Y
OpenHeroUIFeature,int32,reInitHeight,重初始化高度,re|Init|Height
OpenHeroUIFeature,int32,reInitWidth,重初始化宽度,re|Init|Width
OpenHeroUIFeature,int32,reInitPixHeight,重初始化像素高度,re|Init|Pix|Height
OpenHeroUIFeature,int32,reInitPixWidth,重初始化像素宽度,re|Init|Pix|Width
OpenHeroUIFeature,int32,reInitSpacing,重初始化间距,re|Init|Spacing
OpenHeroUIFeature,int32,TriggerLeftProcess,触发左处理,Trigger|Left|Process
OpenHeroUIFeature,int32,reInitTimingScale,重初始化时机缩放,re|Init|Timing|Scale
OpenHeroUIFeature,int32,changeMonitorSrc1,变更监视器来源1,change|Monitor|Src|1
OpenHeroUIFeature,int32,changeMonitorSrc1Param1,变更监视器来源1参数1,change|Monitor|Src|1|Param|1
OpenHeroUIFeature,int32,changeMonitorSrc1Param2,变更监视器来源1参数2,change|Monitor|Src|1|Param|2
OpenHeroUIFeature,int32,changeMonitorSrc2,变更监视器来源2,change|Monitor|Src|2
OpenHeroUIFeature,int32,changeMonitorSrc2Param1,变更监视器来源2参数1,change|Monitor|Src|2|Param|1
OpenHeroUIFeature,int32,changeMonitorSrc2Param2,变更监视器来源2参数2,change|Monitor|Src|2|Param|2
OpenHeroUIFeature,int32,changeMonitorSrc3,变更监视器来源3,change|Monitor|Src|3
OpenHeroUIFeature,int32,changeMonitorSrc3Param1,变更监视器来源3参数1,change|Monitor|Src|3|Param|1
OpenHeroUIFeature,int32,changeMonitorSrc3Param2,变更监视器来源3参数2,change|Monitor|Src|3|Param|2
OpenHeroUIFeature,int32,changeMonitorSrc4,变更监视器来源4,change|Monitor|Src|4
OpenHeroUIFeature,int32,changeMonitorSrc4Param1,变更监视器来源4参数1,change|Monitor|Src|4|Param|1
OpenHeroUIFeature,int32,changeMonitorSrc4Param2,变更监视器来源4参数2,change|Monitor|Src|4|Param|2
OpenHeroUIFeature,int32,changeMonitorSrc5,变更监视器来源5,change|Monitor|Src|5
OpenHeroUIFeature,int32,changeMonitorSrc5Param1,变更监视器来源5参数1,change|Monitor|Src|5|Param|1
OpenHeroUIFeature,int32,changeMonitorSrc5Param2,变更监视器来源5参数2,change|Monitor|Src|5|Param|2
OpenHeroUIFeature,int32,changeUIFeatureImageType,变更UI特性图片类型,change|UI|Feature|Image|Type
OpenHeroUIFeature,int32,triggerIndex,触发索引,trigger|Index
OpenHeroUIFeature,int32,changeSumTimer,变更总和计时器,change|Sum|Timer
OpenHeroUIFeature,bool,open,打开,open
OpenHeroUIFeature,bool,keepShowMode,保持显示模式,keep|Show|Mode
OpenHeroUIFeature,bool,bReInitUIFeature,重初始化UI特性,b|Re|Init|UI|Feature
OpenHeroUIFeature,bool,bChangeUIFeatureImage,变更UI特性图片,b|Change|UI|Feature|Image
OpenHeroUIFeature,bool,bTriggerSumProcess,触发总和处理,b|Trigger|Sum|Process
OpenHeroUIFeature,StringId,reInitRootPic,重初始化根图片,re|Init|Root|Pic
OpenHeroUIFeature,StringId,imagePath,图片路径,image|Path
OpenParticleObj,int32,particleObj,粒子对象,particle|Obj
OperationTutorialTick,int32,slotType,槽位类型,slot|Type
OperationTutorialTick,int32,animationAngle,动画角度,animation|Angle
OperationTutorialTick,bool,bLeftRightHand,左右手,b|Left|Right|Hand
OperationTutorialTick,bool,bShow,显示,b|Show
OperationTutorialTick,bool,bCalAngleByPosition,计算角度由位置,b|Cal|Angle|By|Position
OperationTutorialTick,VInt3,srcPosition,来源位置,src|Position
OperationTutorialTick,VInt3,dstPosition,目标位置,dst|Position
OperationTutorialTick,StringId,animationName,动画名称,animation|Name
OtherActorToCheckAtkBtnDist,int32,srcId,来源ID,src|Id
OtherActorToCheckAtkBtnDist,int32,targetId,目标ID,target|Id
OutOfControlActorDuration,int32,attackId,攻击ID,attack|Id
OutOfControlActorDuration,int32,targetId,目标ID,target|Id
OutOfControlActorDuration,int32,subType,子类型,sub|Type
PVEAlertEffectDuration,VInt4,edgeColor,边缘颜色,edge|Color
PVEAlertEffectDuration,VInt3,offsetPos,偏移位置,offset|Pos
PVEAlertEffectDuration,VInt3,offsetDir,偏移方向,offset|Dir
PVEAlertEffectDuration,int32,alertType,警戒类型,alert|Type
PVEAlertEffectDuration,int32,triggerId,触发ID,trigger|Id
PVEAlertEffectDuration,int32,radius,半径,radius
PVEAlertEffectDuration,int32,angle,角度,angle
PVEAlertEffectDuration,int32,radiusRatio,半径比例,radius|Ratio
PVEAlertEffectDuration,int32,xEdgeWidth,x边缘宽度,x|Edge|Width
PVEAlertEffectDuration,int32,zEdgeWidth,z边缘宽度,z|Edge|Width
PVEAlertEffectDuration,int32,breathSpeed,呼吸速度,breath|Speed
PVEAlertEffectDuration,float,flowSpeed,流动速度,flow|Speed
PVEAlertEffectDuration,bool,bFollowActor,跟随角色,b|Follow|Actor
PVEAlertEffectDuration,bool,bReverseSweep,反向扫描,b|Reverse|Sweep
PVEAlertEffectDuration,bool,bSweepDisappear,扫描消失,b|Sweep|Disappear
PVEAlertEffectDuration,bool,bModifyMaterialParam,修改材质参数,b|Modify|Material|Param
PVEAlertEffectDuration,VInt4,sweepColor,扫描颜色,sweep|Color
PVEAlertEffectDuration,VInt4,backColor,返回颜色,back|Color
PackDyingHeroDuration,int32,selfId,自身ID,self|Id
PackDyingHeroDuration,int32,targetId,目标ID,target|Id
PackDyingHeroTick,int32,selfId,自身ID,self|Id
PackDyingHeroTick,int32,targetId,目标ID,target|Id
PathLineIndicatorDuration,int32,srcId,来源ID,src|Id
PathLineIndicatorDuration,int32,targetId,目标ID,target|Id
PathLineIndicatorDuration,int32,maxDistance,最大距离,max|Distance
PathLineIndicatorDuration,int32,errorDistance,错误距离,error|Distance
PathLineIndicatorDuration,bool,reversePath,反向路径,reverse|Path
PathLineIndicatorDuration,VInt3,offset,偏移,offset
PathLineIndicatorDuration,StringId,prefabPath,预制体路径,prefab|Path
PauseHitTriggerDuration,int32,actorId,角色ID,actor|Id
PauseSkillCountDownDuration,int32,actorId,角色ID,actor|Id
PauseSkillCountDownDuration,int32,slotType,槽位类型,slot|Type
PauseSkillCountDownDuration,bool,bPauseSkillCD,暂停技能冷却,b|Pause|Skill|CD
PauseSkillCountDownDuration,bool,bPauseSkillChangeEvent,暂停技能变更事件,b|Pause|Skill|Change|Event
PercisionAtkReviseTargetDuration,int32,targetId,目标ID,target|Id
PerfectAttackCacheDuration,int32,srcId,来源ID,src|Id
PerfectAttackCacheDuration,int32,blendTime,混合时间,blend|Time
PeriodicSpawnBuffDuration,int32,originatorId,发起者ID,originator|Id
PeriodicSpawnBuffDuration,int32,targetId,目标ID,target|Id
PeriodicSpawnBuffDuration,int32,buffLayer,增益层,buff|Layer
PeriodicSpawnBuffDuration,int32,interval,间隔,interval
PeriodicSpawnBuffDuration,TArray<int32>,buffIds,增益ID,buff|Ids
PickFlyDuration,int32,flyTime,飞行时间,fly|Time
PickFlyDuration,int32,chargingFlyTime,蓄力中飞行时间,charging|Fly|Time
PickFlyDuration,int32,distance,距离,distance
PickFlyDuration,int32,initialVelocity,初始速度,initial|Velocity
PickFlyDuration,int32,finalVelocity,最终速度,final|Velocity
PickFlyDuration,int32,hangHeight,挂起高度,hang|Height
PickFlyDuration,float,flyAnimationTransition,飞行动画过渡,fly|Animation|Transition
PickFlyDuration,float,flyAnimationEarlyStopTime,飞行动画早期停止时间,fly|Animation|Early|Stop|Time
PickFlyDuration,bool,bAdjustFlyTimeByFrameDelta,调整飞行时间由帧增量,b|Adjust|Fly|Time|By|Frame|Delta
PickFlyDuration,bool,bMoveAllowed,移动允许,b|Move|Allowed
PickFlyDuration,bool,applyActionSpeed,施加动作速度,apply|Action|Speed
PickFlyDuration,bool,bSetInitialVelocity,设置初始速度,b|Set|Initial|Velocity
PickFlyDuration,bool,bSetFinalVelocity,设置最终速度,b|Set|Final|Velocity
PickFlyDuration,bool,bHangAfterFlyTime,挂起之后飞行时间,b|Hang|After|Fly|Time
PickFlyDuration,bool,bEnableFlyAnimation,启用飞行动画,b|Enable|Fly|Animation
PickFlyDuration,int32,attackId,攻击ID,attack|Id
PickFlyDuration,int32,targetId,目标ID,target|Id
PickFlyDuration,int32,gravity,重力,gravity
PickFlyDuration,int32,chargingGravity,蓄力中重力,charging|Gravity
PickFlyDuration,int32,hurtGravity,伤害重力,hurt|Gravity
PickFlyDuration,int32,extraGravityUpperLimit,额外重力上限制,extra|Gravity|Upper|Limit
PlayAnimDuration,int32,layer,层,layer
PlayAnimDuration,float,crossFadeTime,交叉淡入淡出时间,cross|Fade|Time
PlayAnimDuration,float,startTime,开始时间,start|Time
PlayAnimDuration,float,endTime,结束时间,end|Time
PlayAnimDuration,int32,speedType,速度类型,speed|Type
PlayAnimDuration,float,playSpeed,播放速度,play|Speed
PlayAnimDuration,float,speedRatio,速度比例,speed|Ratio
PlayAnimDuration,int32,identicalAnimBehaviour,相同动画行为,identical|Anim|Behaviour
PlayAnimDuration,int32,breakAnimMode,打断动画模式,break|Anim|Mode
PlayAnimDuration,int32,waitingMode,等待模式,waiting|Mode
PlayAnimDuration,int32,overrideWaitingtime,覆盖等待时间,override|Waitingtime
PlayAnimDuration,int32,priority,优先级,priority
PlayAnimDuration,bool,bLoop,循环,b|Loop
PlayAnimDuration,bool,applyActionSpeed,施加动作速度,apply|Action|Speed
PlayAnimDuration,bool,playNextAnim,播放下一个动画,play|Next|Anim
PlayAnimDuration,bool,setNormalizeTime,设置归一化时间,set|Normalize|Time
PlayAnimDuration,bool,alwaysAnimate,总是动画,always|Animate
PlayAnimDuration,bool,bIgnoreCullTypeRecord,忽略剔除类型记录,b|Ignore|Cull|Type|Record
PlayAnimDuration,bool,multiDirectRunMode,多重直接运行模式,multi|Direct|Run|Mode
PlayAnimDuration,bool,recordAgeEventSeqNum,记录推进事件序列数量,record|Age|Event|Seq|Num
PlayAnimDuration,bool,ignoreIdenticalStateCheck,忽略相同状态检查,ignore|Identical|State|Check
PlayAnimDuration,bool,bResetAniComponent,重置动画组件,b|Reset|Ani|Component
PlayAnimDuration,bool,bIgnoreChangeAnim,忽略变更动画,b|Ignore|Change|Anim
PlayAnimDuration,bool,recoverAfterBreak,恢复之后打断,recover|After|Break
PlayAnimDuration,bool,recoverPlayingTime,恢复播放中时间,recover|Playing|Time
PlayAnimDuration,bool,breakSameLayerAnims,打断相同层动画,break|Same|Layer|Anims
PlayAnimDuration,bool,ignoreWhenMeshChange,忽略当网格变更,ignore|When|Mesh|Change
PlayAnimDuration,bool,bReverse,反向,b|Reverse
PlayAnimDuration,bool,bEnableAutoEnd,启用自动结束,b|Enable|Auto|End
PlayAnimDuration,bool,bDisableAutoSwitchIdleRun,禁用自动切换待机运行,b|Disable|Auto|Switch|Idle|Run
PlayAnimDuration,bool,bFollowFallback,跟随回退,b|Follow|Fallback
PlayAnimDuration,bool,bFallbackSkipPlay,回退跳过播放,b|Fallback|Skip|Play
PlayAnimDuration,StringId,clipName,剪辑名称,clip|Name
PlayAnimDuration,int32,targetId,目标ID,target|Id
PlayAnimationTick,float,playSpeed,播放速度,play|Speed
PlayAnimationTick,int32,breakAnimMode,打断动画模式,break|Anim|Mode
PlayAnimationTick,int32,identicalAnimBehaviour,相同动画行为,identical|Anim|Behaviour
PlayAnimationTick,int32,priority,优先级,priority
PlayAnimationTick,bool,loop,循环,loop
PlayAnimationTick,bool,applyActionSpeed,施加动作速度,apply|Action|Speed
PlayAnimationTick,bool,alwaysAnimate,总是动画,always|Animate
PlayAnimationTick,bool,bNoTimeScale,无时间缩放,b|No|Time|Scale
PlayAnimationTick,bool,bResetAniComponent,重置动画组件,b|Reset|Ani|Component
PlayAnimationTick,bool,onlyReplaceRecordedAgeEventClip,仅替换已记录推进事件剪辑,only|Replace|Recorded|Age|Event|Clip
PlayAnimationTick,bool,breakSameLayerAnims,打断相同层动画,break|Same|Layer|Anims
PlayAnimationTick,bool,bReverse,反向,b|Reverse
PlayAnimationTick,bool,bFollowFallback,跟随回退,b|Follow|Fallback
PlayAnimationTick,bool,bFallbackSkipPlay,回退跳过播放,b|Fallback|Skip|Play
PlayAnimationTick,StringId,clipName,剪辑名称,clip|Name
PlayAnimationTick,int32,targetId,目标ID,target|Id
PlayAnimationTick,float,crossFadeTime,交叉淡入淡出时间,cross|Fade|Time
PlayAnimationTick,int32,layer,层,layer
PlayCDDoneEffectTick,int32,TargetId,目标ID,Target|Id
PlayCDDoneEffectTick,int32,slotType,槽位类型,slot|Type
PlayCDDoneEffectTick,bool,playMusic,播放音乐,play|Music
PlayDeadEffectSoundTick,int32,targetId,目标ID,target|Id
PlayDeadEffectSoundTick,bool,bPlayInvisible,播放不可见,b|Play|Invisible
PlayDeadEffectSoundTick,bool,bSyncWithVisibility,同步与可见性,b|Sync|With|Visibility
PlayDeadEffectSoundTick,bool,bforbidClip,禁止剪辑,bforbid|Clip
PlayDeadEffectSoundTick,StringId,eventName,事件名称,event|Name
PlayDeadEffectSoundTick,StringId,eventName2D,事件名称2D,event|Name|2|D
PlayHeroSoundTick,int32,targetId,目标ID,target|Id
PlayHeroSoundTick,bool,bPlayInvisible,播放不可见,b|Play|Invisible
PlayHeroSoundTick,bool,bSyncWithVisibility,同步与可见性,b|Sync|With|Visibility
PlayHeroSoundTick,bool,bAnimationBreak,动画打断,b|Animation|Break
PlayHeroSoundTick,bool,bNoAttenuation,无衰减,b|No|Attenuation
PlayHeroSoundTick,bool,bforbidClip,禁止剪辑,bforbid|Clip
PlayHeroSoundTick,StringId,eventName,事件名称,event|Name
PlayHeroSoundTick,StringId,eventName2D,事件名称2D,event|Name|2|D
PlayInBattleCommercialActionTick,int32,userId,用户ID,user|Id
PlayLogicSoundTick,StringId,eventName,事件名称,event|Name
PlayLogicSoundTick,int32,targetId,目标ID,target|Id
PlayLogicSoundTick,bool,bPlayInvisible,播放不可见,b|Play|Invisible
PlayMaterialEffectAnimationDuration,StringId,mulColorCurve,乘颜色曲线,mul|Color|Curve
PlayMaterialEffectAnimationDuration,int32,targetId,目标ID,target|Id
PlayMaterialEffectAnimationDuration,int32,effectType,效果类型,effect|Type
PlayMaterialEffectAnimationDuration,StringId,targetColorCurve,目标颜色曲线,target|Color|Curve
PlayMaterialEffectAnimationDuration,StringId,alphaCurve,透明度曲线,alpha|Curve
PlayMaterialEffectDuration,int32,targetId,目标ID,target|Id
PlayMaterialEffectDuration,int32,effectType,效果类型,effect|Type
PlayMaterialEffectDuration,float,alphaVal,透明度值,alpha|Val
PlayMaterialEffectDuration,float,initFactor,初始化系数,init|Factor
PlayMaterialEffectDuration,float,targetFactor,目标系数,target|Factor
PlayMaterialEffectDuration,float,mulColorVal,乘颜色值,mul|Color|Val
PlayMaterialEffectDuration,float,fadeTime,淡入淡出时间,fade|Time
PlayMaterialEffectDuration,float,fadeOutTime,淡入淡出外时间,fade|Out|Time
PlayMaterialEffectDuration,bool,bSetAlpha,设置透明度,b|Set|Alpha
PlayMaterialEffectDuration,bool,bSetHurtColor,设置伤害颜色,b|Set|Hurt|Color
PlayMaterialEffectDuration,bool,bSetMulColor,设置乘颜色,b|Set|Mul|Color
PlayMaterialEffectDuration,Vector3,highLitColor,高受光颜色,high|Lit|Color
PlayMaterialEffectDuration,Vector3,phantomColor,幻影颜色,phantom|Color
PlayPortalSoundTick,int32,seekToMs,寻找到毫秒,seek|To|Ms
PlayPortalSoundTick,bool,bPlayInvisible,播放不可见,b|Play|Invisible
PlayPortalSoundTick,bool,bSyncWithVisibility,同步与可见性,b|Sync|With|Visibility
PlayPortalSoundTick,StringId,eventName,事件名称,event|Name
PlayPortalSoundTick,int32,targetId,目标ID,target|Id
PlayPortalSoundTick,int32,iDefaultSeekTo,i默认寻找到,i|Default|Seek|To
PlayPortalSoundTick,int32,seekFromMs,寻找从毫秒,seek|From|Ms
PlaySoundTick,StringId,eventName,事件名称,event|Name
PlaySoundTick,int32,targetId,目标ID,target|Id
PlaySoundTick,int32,targeTypeMask,目标类型掩码,targe|Type|Mask
PlaySoundTick,bool,bPlayInvisible,播放不可见,b|Play|Invisible
PlaySoundTick,bool,bSyncWithVisibility,同步与可见性,b|Sync|With|Visibility
PlaySoundTick,bool,bforbidClip,禁止剪辑,bforbid|Clip
PlaySoundTick,bool,bNotPlayWhileEmptyActor,非播放当空角色,b|Not|Play|While|Empty|Actor
PlaySoundWhenVisibleDuration,int32,transitionTimeMs,过渡时间毫秒,transition|Time|Ms
PlaySoundWhenVisibleDuration,bool,bIsHeroSound,是否英雄音效,b|Is|Hero|Sound
PlaySoundWhenVisibleDuration,bool,bIncreasePositionUpdateRate,增加位置更新速率,b|Increase|Position|Update|Rate
PlaySoundWhenVisibleDuration,StringId,eventName,事件名称,event|Name
PlaySoundWhenVisibleDuration,int32,targetId,目标ID,target|Id
PlaySubAction,StringId,actionName,动作名称,action|Name
PlaySubAction,TArray<int32>,gameObjectIds,游戏对象ID,game|Object|Ids
PlayVibration,int32,lowQualityRes,低品质资源,low|Quality|Res
PlayVibration,bool,bOnlyVisible,仅可见,b|Only|Visible
PlayVibration,StringId,vibrationResPath,震动资源路径,vibration|Res|Path
PlayVibration,int32,actorId,角色ID,actor|Id
PlayVibration,int32,targetId,目标ID,target|Id
PlayVibration,int32,vibrationType,震动类型,vibration|Type
PlayVibrationDuration,int32,targetId,目标ID,target|Id
PlayVibrationDuration,int32,vibrationType,震动类型,vibration|Type
PlayVibrationDuration,int32,lowQualityRes,低品质资源,low|Quality|Res
PlayVibrationDuration,bool,bOnlyVisible,仅可见,b|Only|Visible
PlayVibrationDuration,StringId,vibrationResPath,震动资源路径,vibration|Res|Path
PlayVibrationDuration,int32,actorId,角色ID,actor|Id
PreChangeSkillTriggerTick,int32,targetId,目标ID,target|Id
PreChangeSkillTriggerTick,int32,slotType,槽位类型,slot|Type
PreChangeSkillTriggerTick,bool,bIsPre,是否预,b|Is|Pre
PreLoadTick,int32,assetType,资源类型,asset|Type
PreLoadTick,TArray<StringId>,assetPaths,资源路径,asset|Paths
PredictLandingPointDuration,int32,actorId,角色ID,actor|Id
PredictLandingPointDuration,int32,landingMarkId,落地标记ID,landing|Mark|Id
PredictLandingPointDuration,TFix<13>,gravity,重力,gravity
PredictLandingPointDuration,int32,maxPredictTime,最大预测时间,max|Predict|Time
PredictLandingPointDuration,bool,bUseGroundY,使用地面Y,b|Use|Ground|Y
PredictMoveDestDuration,bool,bUseFlushMoveOptimization,使用刷新移动优化,b|Use|Flush|Move|Optimization
PredictMoveDestDuration,bool,bUseShiftMoveOptimization,使用偏移移动优化,b|Use|Shift|Move|Optimization
PredictMoveDestDuration,bool,bIgnoreAreaLimit,忽略区域限制,b|Ignore|Area|Limit
PredictMoveDestDuration,int32,srcId,来源ID,src|Id
PredictMoveDestDuration,int32,targetId,目标ID,target|Id
PredictMoveDestDuration,int32,destShowId,目标显示ID,dest|Show|Id
PredictMoveDestDuration,int32,optSearchRaidus,可选搜索半径,opt|Search|Raidus
PredictMoveDestDuration,int32,moveDistanceMultipleLimit,移动距离多重限制,move|Distance|Multiple|Limit
PredictMoveDestDuration,int32,destRecordId,目标记录ID,dest|Record|Id
PrintTick,StringId,printStr,打印字符串,print|Str
PrintTick,int32,actorId,角色ID,actor|Id
PrintTick,int32,duraTime,持续时间时间,dura|Time
PrintTick,bool,outputCurFrameNo,输出当前帧无,output|Cur|Frame|No
PrintTick,bool,bSkillContext,技能上下文,b|Skill|Context
PrintTick,TArray<StringId>,dynamicVars,动态变量,dynamic|Vars
Project8AddRelativeDuration,int32,actorId,角色ID,actor|Id
Project8AddRelativeDuration,int32,relativeType,相对类型,relative|Type
Project8AddRelativeDuration,bool,bReplace,替换,b|Replace
Project8AddRelativeDuration,bool,bNotMale,非男性,b|Not|Male
Project8AddRelativeDuration,bool,bNotFemale,非女性,b|Not|Female
Project8AddRelativeDuration,bool,bNotMelee,非近战,b|Not|Melee
Project8AddRelativeDuration,bool,bNotRemote,非远程,b|Not|Remote
Project8AddRelativeDuration,bool,bNotAD,非物理,b|Not|AD
Project8AddRelativeDuration,bool,bNotAP,非法术,b|Not|AP
Project8AroundSpawnBulletTick,int32,count,计数,count
Project8AroundSpawnBulletTick,bool,bExcludeStartPos,排除开始位置,b|Exclude|Start|Pos
Project8AroundSpawnBulletTick,StringId,actionName,动作名称,action|Name
Project8AroundSpawnBulletTick,int32,targetId,目标ID,target|Id
Project8AroundSpawnBulletTick,int32,bulletTag,子弹标签,bullet|Tag
Project8AroundSpawnBulletTick,int32,range,范围,range
Project8AverageHurtDuration,int32,targetId,目标ID,target|Id
Project8AverageHurtDuration,int32,rate,速率,rate
Project8AverageHurtDuration,int32,minHpPercent,最小生命值百分比,min|Hp|Percent
Project8BianShenFetterCheckDuration,int32,targetId,目标ID,target|Id
Project8BianShenFetterCheckDuration,int32,percent,百分比,percent
Project8BianShenFetterCheckDuration,TArray<int32>,buffIds,增益ID,buff|Ids
Project8ChangeAbilityDuration,int32,targetId,目标ID,target|Id
Project8ChangeAbilityDuration,int32,abilityType,能力类型,ability|Type
Project8CheckBianShenConditionTick,int32,targetId,目标ID,target|Id
Project8CheckBianShenConditionTick,bool,reverse,反向,reverse
Project8CheckCPConditionDuration,TArray<int32>,buffIds,增益ID,buff|Ids
Project8CheckCPConditionDuration,int32,targetId,目标ID,target|Id
Project8CheckCPConditionDuration,int32,conditionType,条件类型,condition|Type
Project8CheckCPConditionDuration,int32,checkActor,检查角色,check|Actor
Project8CheckCPConditionDuration,int32,targetCPActor,目标战力角色,target|CP|Actor
Project8CheckCPConditionDuration,TArray<int32>,posCheckActors,位置检查角色,pos|Check|Actors
Project8CheckConditionTick,int32,targetId,目标ID,target|Id
Project8CheckConditionTick,int32,checkType,检查类型,check|Type
Project8ComboMoveConditionTick,int32,targetId,目标ID,target|Id
Project8ComboMoveConditionTick,int32,range,范围,range
Project8ComboMoveConditionTick,int32,posIndex,位置索引,pos|Index
Project8ConcentrateTargetDuration,int32,actorId,角色ID,actor|Id
Project8ConcentrateTargetDuration,int32,cellRange,格子范围,cell|Range
Project8CoordHitTriggerTick,int32,srcId,来源ID,src|Id
Project8CoordHitTriggerTick,int32,targetId,目标ID,target|Id
Project8CoordHitTriggerTick,int32,buffId,增益ID,buff|Id
Project8CoordHitTriggerTick,int32,probability,概率,probability
Project8CoordHitTriggerTick,int32,maxCount,最大计数,max|Count
Project8CopyActorTick,int32,actorId,角色ID,actor|Id
Project8CopyActorTick,int32,targetId,目标ID,target|Id
Project8CreateVirtualModelDuration,VInt3,targetPosition,目标位置,target|Position
Project8CreateVirtualModelDuration,int32,targetId,目标ID,target|Id
Project8CreateVirtualModelDuration,int32,CfgId,配置ID,Cfg|Id
Project8CustomSplitConditionTick,int32,actorId,角色ID,actor|Id
Project8CustomSplitConditionTick,int32,splitCount,分裂计数,split|Count
Project8FilterAbilityTick,int32,targetId,目标ID,target|Id
Project8FilterAbilityTick,int32,abilityType,能力类型,ability|Type
Project8FilterAbilityTick,bool,reverse,反向,reverse
Project8FilterCameraDirTickClient,bool,forward,前向,forward
Project8FilterHeroTick,int32,targetId,目标ID,target|Id
Project8FilterHeroTick,int32,level,等级,level
Project8FilterHeroTick,int32,camp,阵营,camp
Project8FilterHeroTick,int32,career,职业,career
Project8FilterHeroTick,int32,gender,性别,gender
Project8FilterHeroTick,int32,attackDistance,攻击距离,attack|Distance
Project8FilterHeroTick,int32,enhanceType,增强类型,enhance|Type
Project8FilterIsStrengthUtlSkillTick,int32,actorId,角色ID,actor|Id
Project8FilterIsStrengthUtlSkillTick,bool,reverse,反向,reverse
Project8FilterTargetTypeTickClient,int32,targetId,目标ID,target|Id
Project8FilterTargetTypeTickClient,bool,friendly,友方,friendly
Project8FilterTargetTypeTickClient,bool,enemy,敌方,enemy
Project8HitChessDuration,int32,SelfSkillCombineID_1_Probability,自身技能合并ID1概率,Self|Skill|Combine|ID|1|Probability
Project8HitChessDuration,int32,SelfSkillCombineID_2_Probability,自身技能合并ID2概率,Self|Skill|Combine|ID|2|Probability
Project8HitChessDuration,int32,SelfSkillCombineID_3_Probability,自身技能合并ID3概率,Self|Skill|Combine|ID|3|Probability
Project8HitChessDuration,int32,TargetSkillCombine_1,目标技能合并1,Target|Skill|Combine|1
Project8HitChessDuration,int32,TargetSkillCombine_2,目标技能合并2,Target|Skill|Combine|2
Project8HitChessDuration,int32,TargetSkillCombine_3,目标技能合并3,Target|Skill|Combine|3
Project8HitChessDuration,int32,TargetSkillCombineID_1_Probability,目标技能合并ID1概率,Target|Skill|Combine|ID|1|Probability
Project8HitChessDuration,int32,TargetSkillCombineID_2_Probability,目标技能合并ID2概率,Target|Skill|Combine|ID|2|Probability
Project8HitChessDuration,int32,TargetSkillCombineID_3_Probability,目标技能合并ID3概率,Target|Skill|Combine|ID|3|Probability
Project8HitChessDuration,int32,averageHurt,平均伤害,average|Hurt
Project8HitChessDuration,bool,bExtraBuff,额外增益,b|Extra|Buff
Project8HitChessDuration,bool,bCreateNeededSkillContext,创建所需技能上下文,b|Create|Needed|Skill|Context
Project8HitChessDuration,bool,bStopCurrentActionSkillIfCanNotTrigger,停止当前动作技能如果可非触发,b|Stop|Current|Action|Skill|If|Can|Not|Trigger
Project8HitChessDuration,bool,bTriggerMode,触发模式,b|Trigger|Mode
Project8HitChessDuration,bool,bCheckFirstTrigger,检查首个触发,b|Check|First|Trigger
Project8HitChessDuration,bool,bTriggerWhenLeave,触发当离开,b|Trigger|When|Leave
Project8HitChessDuration,bool,bExtraHurtTarget,额外伤害目标,b|Extra|Hurt|Target
Project8HitChessDuration,int32,attackerId,攻击者ID,attacker|Id
Project8HitChessDuration,int32,targetType,目标类型,target|Type
Project8HitChessDuration,int32,triggerInterval,触发间隔,trigger|Interval
Project8HitChessDuration,int32,SelfSkillCombineID_1,自身技能合并ID1,Self|Skill|Combine|ID|1
Project8HitChessDuration,int32,SelfSkillCombineID_2,自身技能合并ID2,Self|Skill|Combine|ID|2
Project8HitChessDuration,int32,SelfSkillCombineID_3,自身技能合并ID3,Self|Skill|Combine|ID|3
Project8HitChessTick,int32,SelfSkillCombineID_1_Probability,自身技能合并ID1概率,Self|Skill|Combine|ID|1|Probability
Project8HitChessTick,int32,SelfSkillCombineID_2_Probability,自身技能合并ID2概率,Self|Skill|Combine|ID|2|Probability
Project8HitChessTick,int32,SelfSkillCombineID_3_Probability,自身技能合并ID3概率,Self|Skill|Combine|ID|3|Probability
Project8HitChessTick,int32,TargetSkillCombine_1,目标技能合并1,Target|Skill|Combine|1
Project8HitChessTick,int32,TargetSkillCombine_2,目标技能合并2,Target|Skill|Combine|2
Project8HitChessTick,int32,TargetSkillCombine_3,目标技能合并3,Target|Skill|Combine|3
Project8HitChessTick,int32,TargetSkillCombineID_1_Probability,目标技能合并ID1概率,Target|Skill|Combine|ID|1|Probability
Project8HitChessTick,int32,TargetSkillCombineID_2_Probability,目标技能合并ID2概率,Target|Skill|Combine|ID|2|Probability
Project8HitChessTick,int32,TargetSkillCombineID_3_Probability,目标技能合并ID3概率,Target|Skill|Combine|ID|3|Probability
Project8HitChessTick,int32,TargetSkillCombineTag,目标技能合并标签,Target|Skill|Combine|Tag
Project8HitChessTick,int32,MaxHitCount,最大命中计数,Max|Hit|Count
Project8HitChessTick,bool,bSkillCombineChoose,技能合并选择,b|Skill|Combine|Choose
Project8HitChessTick,int32,actorId,角色ID,actor|Id
Project8HitChessTick,int32,targetType,目标类型,target|Type
Project8HitChessTick,int32,targetId,目标ID,target|Id
Project8HitChessTick,int32,SelfSkillCombineID_1,自身技能合并ID1,Self|Skill|Combine|ID|1
Project8HitChessTick,int32,SelfSkillCombineID_2,自身技能合并ID2,Self|Skill|Combine|ID|2
Project8HitChessTick,int32,SelfSkillCombineID_3,自身技能合并ID3,Self|Skill|Combine|ID|3
Project8HitChessTick,int32,SelfSkillCombineTag,自身技能合并标签,Self|Skill|Combine|Tag
Project8InvadeCellTick,int32,actorId,角色ID,actor|Id
Project8LayerBuffTick,int32,targetId,目标ID,target|Id
Project8LayerBuffTick,TArray<int32>,buffIds,增益ID,buff|Ids
Project8ModifyAttackDirTick,int32,targetId,目标ID,target|Id
Project8ModifyAttackDirTick,int32,xAdd,x添加,x|Add
Project8ModifyAttackDirTick,int32,yAdd,y添加,y|Add
Project8ModifyAttackDirTick,int32,dirType,方向类型,dir|Type
Project8PetEffectModifyTick,StringId,prefabName,预制体名称,prefab|Name
Project8PetEffectModifyTick,int32,targetId,目标ID,target|Id
Project8PetEffectModifyTick,bool,remove,移除,remove
Project8RecycleActorTick,int32,actorId,角色ID,actor|Id
Project8ResearchTargetTick,int32,targetId,目标ID,target|Id
Project8SetActorVisibleDuration,int32,targetId,目标ID,target|Id
Project8SetActorVisibleDuration,int32,delayTime,延迟时间,delay|Time
Project8SetActorVisibleDuration,bool,visible,可见,visible
Project8SetBattleFieldCenterTick,int32,targetId,目标ID,target|Id
Project8SetBattleFieldCenterTick,int32,index,索引,index
Project8SetBattleFieldCenterTick,bool,setDirection,设置方向,set|Direction
Project8SetComboPosTick,int32,actorId,角色ID,actor|Id
Project8SetComboPosTick,int32,range,范围,range
Project8SetComboPosTick,int32,posIndex,位置索引,pos|Index
Project8SetComboPosTick,bool,onlyCross,仅交叉,only|Cross
Project8SetCrossEnemyComboPosTick,int32,actorId,角色ID,actor|Id
Project8SetCrossEnemyComboPosTick,int32,range,范围,range
Project8SetCrossEnemyComboPosTick,int32,posIndex,位置索引,pos|Index
Project8SetCrossEnemyComboPosTick,bool,onlyCross,仅交叉,only|Cross
Project8SetCrossEnemyComboPosTick,bool,allowOverlapping,允许重叠,allow|Overlapping
Project8ShowEequipmentIconTick,int32,eventSrcId,事件来源ID,event|Src|Id
Project8ShowEequipmentIconTick,int32,EquipId,装备ID,Equip|Id
Project8TalentCPTick,TArray<int32>,targetList,目标列表,target|List
Project8TalentCPTick,TArray<int32>,buffIds,增益ID,buff|Ids
Project8TalentCPTick,int32,targetId,目标ID,target|Id
Project8TalentCPTick,TArray<int32>,cpList,战力列表,cp|List
Project8TalentCheckDuration,int32,targetId,目标ID,target|Id
Project8TalentCheckDuration,int32,checkType,检查类型,check|Type
Project8TalentCheckDuration,int32,targetType,目标类型,target|Type
Project8TalentCheckDuration,TArray<int32>,buffIds,增益ID,buff|Ids
Project8TalentPositionTick,int32,targetId,目标ID,target|Id
PropertyChangeAtkRangeDuration,int32,targetId,目标ID,target|Id
PropertyChangeAtkRangeDuration,int32,slotType,槽位类型,slot|Type
PropertyChangeAtkRangeDuration,int32,propertyType,属性类型,property|Type
PropertyChangeAtkRangeDuration,int32,changeType,变更类型,change|Type
PropertyChangeAtkRangeDuration,int32,transferRatio,转移比例,transfer|Ratio
PropertyChangeAtkRangeDuration,bool,bUseBaseRange,使用基础范围,b|Use|Base|Range
PropertyConditionDuration,TArray<int32>,arrBuffIds,数组增益ID,arr|Buff|Ids
PropertyConditionDuration,int32,targetId,目标ID,target|Id
PropertyConditionDuration,int32,checkType,检查类型,check|Type
PropertyConditionDuration,TArray<int32>,arrRates,数组速率,arr|Rates
ProtectMoveDuration,int32,targetId,目标ID,target|Id
ProtectThresholdBuffDuration,int32,buffIdHigh,增益ID高,buff|Id|High
ProtectThresholdBuffDuration,int32,targetId,目标ID,target|Id
ProtectThresholdBuffDuration,int32,baseThreshold,基础阈值,base|Threshold
ProtectThresholdBuffDuration,int32,thresholdLow,阈值低,threshold|Low
ProtectThresholdBuffDuration,int32,thresholdMid,阈值中间,threshold|Mid
ProtectThresholdBuffDuration,int32,buffIdLow,增益ID低,buff|Id|Low
ProtectThresholdBuffDuration,int32,buffIdMid,增益ID中间,buff|Id|Mid
RadialBlurDuration,float,falloffExp,衰减经验,falloff|Exp
RadialBlurDuration,float,blurScale,模糊缩放,blur|Scale
RandomAnimDuration,TArray<int32>,randomAnimsRate,随机动画速率,random|Anims|Rate
RandomAnimDuration,TArray<int32>,randomAnimsBuffID,随机动画增益ID,random|Anims|Buff|ID
RandomAnimDuration,StringId,originalAnimName,原始动画名称,original|Anim|Name
RandomAnimDuration,int32,targetId,目标ID,target|Id
RandomAnimDuration,int32,randomInternal,随机内部,random|Internal
RandomAnimDuration,bool,recordAgeEventSeqNum,记录推进事件序列数量,record|Age|Event|Seq|Num
RandomAnimDuration,TArray<StringId>,randomAnims,随机动画,random|Anims
RandomPropertyTick,int32,sourceId,来源ID,source|Id
RandomPropertyTick,int32,operatorType,运算符类型,operator|Type
RealTimeForbidDuration,int32,sourceId,来源ID,source|Id
RealTimeForbidDuration,int32,SpecialSkillSlotToForbid,特殊技能槽位到禁止,Special|Skill|Slot|To|Forbid
RealTimeForbidDuration,int32,SpecialSkillIDToForbid,特殊技能ID到禁止,Special|Skill|ID|To|Forbid
RealTimeForbidDuration,bool,forbidSkillSlotBySlotAndSkillID,禁止技能槽位由槽位和技能ID,forbid|Skill|Slot|By|Slot|And|Skill|ID
RebounceActorDuration,int32,triggerID,触发ID,trigger|ID
RebounceActorDuration,int32,moveSpeed,移动速度,move|Speed
RebounceActorDuration,int32,acceleration,加速度,acceleration
RecordActorPositionTick,int32,destId,目标ID,dest|Id
RecordActorPositionTick,bool,bRecordInSkillLogic,记录内技能逻辑,b|Record|In|Skill|Logic
RecordActorPositionTick,bool,bRecordInCustomParam,记录内自定义参数,b|Record|In|Custom|Param
RecordActorPositionTick,StringId,variableName,变量名称,variable|Name
RecordActorPositionTick,int32,actorId,角色ID,actor|Id
RecordActorPositionTick,int32,recordId,记录ID,record|Id
RecordActorPositionTick,int32,dataDest,数据目标,data|Dest
RecordSpecialMonsterDuration,StringId,refParamName,引用参数名称,ref|Param|Name
RecordSpecialMonsterDuration,int32,MonsterID,野怪ID,Monster|ID
RecordTrackTimeDuration,int32,dataSrc,数据来源,data|Src
RecordTrackTimeDuration,int32,actorId,角色ID,actor|Id
RecordTrackTimeDuration,StringId,variableName,变量名称,variable|Name
RecordTrackTimeDuration,StringId,longTermVariableName,长项变量名称,long|Term|Variable|Name
RecoverHpDuration,int32,recActorId,记录角色ID,rec|Actor|Id
RecoverHpDuration,int32,targetId,目标ID,target|Id
RecoverHpDuration,int32,eRecHpSource,e记录生命值来源,e|Rec|Hp|Source
RecoverHpDuration,int32,recRatio,记录比例,rec|Ratio
RecoverHpDuration,int32,recInterval,记录间隔,rec|Interval
RecoverHpDuration,bool,enableClientHudShow,启用客户端HUD显示,enable|Client|Hud|Show
RecoverSkillBeanTick,int32,targetId,目标ID,target|Id
RefreshActorGroundYTick,int32,targetId,目标ID,target|Id
RefreshActorGroundYTick,int32,groundYType,地面Y类型,ground|Y|Type
RefreshActorGroundYTick,int32,groundYValue,地面Y值,ground|Y|Value
RefreshActorGroundYTick,bool,adjustPos,调整位置,adjust|Pos
RefreshAwakenBadgeConditionMarkTick,int32,targetId,目标ID,target|Id
RefreshAwakenBadgeConditionMarkTick,int32,markid,标记ID,markid
RefreshAwakenBadgeConditionMarkTick,int32,AddLayerCount,添加层计数,Add|Layer|Count
RefreshAwakenBadgeConditionMarkTick,int32,DecLayerCount,减层计数,Dec|Layer|Count
RefreshBloodHudTick,int32,targetId,目标ID,target|Id
RelativeMoveDuration,int32,maxDistance,最大距离,max|Distance
RelativeMoveDuration,int32,lerpPositionSpeed,插值位置速度,lerp|Position|Speed
RelativeMoveDuration,bool,bReachDestStop,到达目标停止,b|Reach|Dest|Stop
RelativeMoveDuration,bool,bIgnoreY,忽略Y,b|Ignore|Y
RelativeMoveDuration,bool,bSyncMoveDirection,同步移动方向,b|Sync|Move|Direction
RelativeMoveDuration,bool,bSyncSelfDirection,同步自身方向,b|Sync|Self|Direction
RelativeMoveDuration,bool,bSyncSlotOffset,同步槽位偏移,b|Sync|Slot|Offset
RelativeMoveDuration,VInt3,offsetPosition,偏移位置,offset|Position
RelativeMoveDuration,int32,actorId,角色ID,actor|Id
RelativeMoveDuration,int32,targetId,目标ID,target|Id
RelativeMoveDuration,int32,moveSpeed,移动速度,move|Speed
ReleaseTamedMonster,int32,srcId,来源ID,src|Id
ReleaseTamedMonster,int32,delayRecycleAfterTame,延迟回收之后驯服,delay|Recycle|After|Tame
ReleaseTamedMonster,int32,buffID,增益ID,buff|ID
ReleaseTamedMonster,bool,bIgnoreAidEquip,忽略援助装备,b|Ignore|Aid|Equip
RemoveBuffTick,TArray<int32>,passiveIds,被动ID,passive|Ids
RemoveBuffTick,int32,targetId,目标ID,target|Id
RemoveBuffTick,int32,buffInstigatorId,增益发起者ID,buff|Instigator|Id
RemoveBuffTick,int32,buffHitTriggerId,增益命中触发ID,buff|Hit|Trigger|Id
RemoveBuffTick,int32,removeLayerCnt,移除层计数,remove|Layer|Cnt
RemoveBuffTick,bool,removeBuffByLayer,移除增益由层,remove|Buff|By|Layer
RemoveBuffTick,bool,removeBuffByLayerNoSpawn,移除增益由层无生成,remove|Buff|By|Layer|No|Spawn
RemoveBuffTick,bool,bSameIDRemoveOnce,相同ID移除一次,b|Same|ID|Remove|Once
RemoveBuffTick,TArray<int32>,buffIds,增益ID,buff|Ids
RemoveBulletTick,int32,needRecordPosBulletTag,需要记录位置子弹标签,need|Record|Pos|Bullet|Tag
RemoveBulletTick,int32,needRecordDirBulletTag,需要记录方向子弹标签,need|Record|Dir|Bullet|Tag
RemoveBulletTick,float,particleLifeTime,粒子生命时间,particle|Life|Time
RemoveBulletTick,int32,removeCount,移除计数,remove|Count
RemoveBulletTick,uint32,removeBulletByUniqueID,移除子弹由唯一ID,remove|Bullet|By|Unique|ID
RemoveBulletTick,bool,bLockBullet,锁定子弹,b|Lock|Bullet
RemoveBulletTick,bool,bSingleBullet,单个子弹,b|Single|Bullet
RemoveBulletTick,bool,bDisableStopAction,禁用停止动作,b|Disable|Stop|Action
RemoveBulletTick,bool,bFirstInFirstOut,首个内首个外,b|First|In|First|Out
RemoveBulletTick,bool,actionImmediateStop,动作立即停止,action|Immediate|Stop
RemoveBulletTick,StringId,particlePrefabName,粒子预制体名称,particle|Prefab|Name
RemoveBulletTick,int32,targetId,目标ID,target|Id
RemoveBulletTick,int32,bulletTypeId,子弹类型ID,bullet|Type|Id
RemoveBulletTick,int32,delayTime,延迟时间,delay|Time
RemoveSkillFuncBuffTick,int32,targetId,目标ID,target|Id
RemoveSkillFuncBuffTick,int32,SkillFuncType,技能函数类型,Skill|Func|Type
RemoveSkillFuncBuffTick,TArray<int32>,skipBuffIds,跳过增益ID,skip|Buff|Ids
RemoveSkillMarkTick,int32,originatorId,发起者ID,originator|Id
RemoveSkillMarkTick,int32,targetId,目标ID,target|Id
RemoveSkillMarkTick,int32,skillMarkID,技能标记ID,skill|Mark|ID
RemoveSkillMarkTick,int32,layer,层,layer
RemoveSpecificBulletTick,int32,bulletActorId,子弹角色ID,bullet|Actor|Id
RemoveSpecificBulletTick,int32,targetId,目标ID,target|Id
RemoveSpecificBulletTick,bool,disableStopAction,禁用停止动作,disable|Stop|Action
RemoveStateTagTickClient,int32,targetId,目标ID,target|Id
RemoveStateTagTickClient,int32,tagId,标签ID,tag|Id
ReplaceActorEquipDuration,int32,orgEquipID,原始装备ID,org|Equip|ID
ReplaceActorEquipDuration,int32,newEquipID,新装备ID,new|Equip|ID
ReplaceActorEquipDuration,bool,bOnlyReplaceIcon,仅替换图标,b|Only|Replace|Icon
ReplaceActorEquipDuration,bool,bDonotRecover,不要恢复,b|Donot|Recover
ReplaceActorEquipDuration,StringId,equipIconPath,装备图标路径,equip|Icon|Path
ReplaceActorEquipDuration,int32,TargetId,目标ID,Target|Id
ReplaceActorHud,int32,replaceTargetId,替换目标ID,replace|Target|Id
ReplaceActorHud,bool,bOpen,打开,b|Open
ReplaceActorHud,bool,bOblyOhterShow,仅其他显示,b|Obly|Ohter|Show
ReplaceActorHud,StringId,replaceHudBuffIcon,替换HUD增益图标,replace|Hud|Buff|Icon
ReplaceActorHud,int32,srcId,来源ID,src|Id
ReplaceActorHud,int32,replaceSrcId,替换来源ID,replace|Src|Id
ReplaceActorHud,int32,targetId,目标ID,target|Id
ReplaceActorHudDuration,int32,srcId,来源ID,src|Id
ReplaceActorHudDuration,int32,replaceSrcId,替换来源ID,replace|Src|Id
ReplaceActorHudDuration,int32,targetId,目标ID,target|Id
ReplaceActorHudDuration,int32,replaceTargetId,替换目标ID,replace|Target|Id
ReplaceActorHudDuration,bool,bOnlyOtherShow,仅其他显示,b|Only|Other|Show
ReplaceSkillDuration,int32,actorId,角色ID,actor|Id
ReplaceSkillDuration,int32,originID,原点ID,origin|ID
ReplaceSkillDuration,int32,targetID,目标ID,target|ID
ReplaceSkillDuration,bool,bChangeSkillObj,变更技能对象,b|Change|Skill|Obj
RepressedEventListenerDuration,int32,targetId,目标ID,target|Id
ResetParticleWhenRebounce,int32,bulletTrackId,子弹追踪ID,bullet|Track|Id
ResetParticleWhenRebounce,TArray<int32>,particleTrackIds,粒子追踪ID,particle|Track|Ids
ResetRtpcValueTick,StringId,rtpcName,RTPC名称,rtpc|Name
ResetRtpcValueTick,int32,actorId,角色ID,actor|Id
ResetRtpcValueTick,bool,bResetWhenInvisible,重置当不可见,b|Reset|When|Invisible
ResetRtpcValueTick,bool,bResetGlobally,重置全局,b|Reset|Globally
ResetRtpcValueTick,bool,bSkipTransition,跳过过渡,b|Skip|Transition
ResizeActorBoundingBoxDuration,VInt3,boxSize,盒尺寸,box|Size
ResizeActorBoundingBoxDuration,int32,actorId,角色ID,actor|Id
ResizeActorBoundingBoxDuration,bool,bAbsolute,绝对,b|Absolute
RetrieveStolenEquipTick,int32,actorId,角色ID,actor|Id
RetrieveStolenEquipTick,int32,stealerId,窃取者ID,stealer|Id
RetrieveStolenEquipTick,int32,quickStealerId,快速窃取者ID,quick|Stealer|Id
RevertPreCrikRate,int32,actorId,角色ID,actor|Id
ReviveDyingHeroDuration,int32,targetId,目标ID,target|Id
ReviveDyingHeroDuration,int32,selfId,自身ID,self|Id
ReviveDyingHeroTick,int32,targetId,目标ID,target|Id
ReviveTimerTick,int32,targetId,目标ID,target|Id
ReviveTimerTick,int32,yOffset,y偏移,y|Offset
RotateActorDuration,int32,maxRotateSpeed,最大旋转速度,max|Rotate|Speed
RotateActorDuration,int32,deceleration,减速,deceleration
RotateActorDuration,bool,immediateRotate,立即旋转,immediate|Rotate
RotateActorDuration,bool,bUseRotateToActor,使用旋转到角色,b|Use|Rotate|To|Actor
RotateActorDuration,bool,bUseRotateSpeed,使用旋转速度,b|Use|Rotate|Speed
RotateActorDuration,bool,bTowardToTargetForwardWhenLeave,朝向到目标前向当离开,b|Toward|To|Target|Forward|When|Leave
RotateActorDuration,bool,bTowardTargetWhenLeave,朝向目标当离开,b|Toward|Target|When|Leave
RotateActorDuration,bool,bUseRotateToActorOnlyY,使用旋转到角色仅Y,b|Use|Rotate|To|Actor|Only|Y
RotateActorDuration,bool,ignoreForbiddenMoveState,忽略被禁止移动状态,ignore|Forbidden|Move|State
RotateActorDuration,bool,checkCmdHostCanRotate,检查指令宿主可旋转,check|Cmd|Host|Can|Rotate
RotateActorDuration,bool,bSetDestDirOnEndByMoveCmd,设置目标方向开结束由移动指令,b|Set|Dest|Dir|On|End|By|Move|Cmd
RotateActorDuration,bool,bUseMoveCmdThenRotateToActor,使用移动指令然后旋转到角色,b|Use|Move|Cmd|Then|Rotate|To|Actor
RotateActorDuration,bool,bRotateToCallActor,旋转到调用角色,b|Rotate|To|Call|Actor
RotateActorDuration,bool,bRotateToMoveActorRecordPos,旋转到移动角色记录位置,b|Rotate|To|Move|Actor|Record|Pos
RotateActorDuration,bool,bAcceleratedRotation,已加速旋转,b|Accelerated|Rotation
RotateActorDuration,int32,targetId,目标ID,target|Id
RotateActorDuration,int32,rotateSpeed,旋转速度,rotate|Speed
RotateActorDuration,int32,RotateToId,旋转到ID,Rotate|To|Id
RotateActorDuration,int32,moveCmdHostId,移动指令宿主ID,move|Cmd|Host|Id
RotateActorDuration,int32,recordPosId,记录位置ID,record|Pos|Id
RotateActorDuration,int32,acceleration,加速度,acceleration
RotateActorSpaceAngleDuration,VInt3,targetDir,目标方向,target|Dir
RotateActorSpaceAngleDuration,int32,actorId,角色ID,actor|Id
RotateActorSpaceAngleDuration,int32,angleSpeed,角度速度,angle|Speed
RotateAssignedDirDuration,int32,counterRotMinAngle,计数旋转最小角度,counter|Rot|Min|Angle
RotateAssignedDirDuration,bool,bRotToTarget,旋转到目标,b|Rot|To|Target
RotateAssignedDirDuration,bool,bRotateClockwise,旋转顺时针,b|Rotate|Clockwise
RotateAssignedDirDuration,bool,bAdjustSpeed,调整速度,b|Adjust|Speed
RotateAssignedDirDuration,bool,bContinuousRotate,持续旋转,b|Continuous|Rotate
RotateAssignedDirDuration,VInt3,targetDir,目标方向,target|Dir
RotateAssignedDirDuration,int32,srcId,来源ID,src|Id
RotateAssignedDirDuration,int32,targetId,目标ID,target|Id
RotateAssignedDirDuration,int32,rotateSpeed,旋转速度,rotate|Speed
RotateUnityObjectByActorRotation,int32,rotateMaxDegree,旋转最大程度,rotate|Max|Degree
RotateUnityObjectByActorRotation,int32,rotateBackDegreeSpeed,旋转返回程度速度,rotate|Back|Degree|Speed
RotateUnityObjectByActorRotation,int32,rotateBackHoldTime,旋转返回保持时间,rotate|Back|Hold|Time
RotateUnityObjectByActorRotation,int32,rotateBackFinishCheckDegree,旋转返回结束检查程度,rotate|Back|Finish|Check|Degree
RotateUnityObjectByActorRotation,Vector3,rotateRatio,旋转比例,rotate|Ratio
RotateUnityObjectByActorRotation,int32,targetUnityObjectId,目标Unity对象ID,target|Unity|Object|Id
RotateUnityObjectByActorRotation,int32,referenceActorId,引用角色ID,reference|Actor|Id
RotateUnityObjectByActorRotation,int32,referenceActorRotateAxis,引用角色旋转轴,reference|Actor|Rotate|Axis
SameSlotTapCacheDuration,int32,targetId,目标ID,target|Id
SaveActionIDTick,StringId,variableName,变量名称,variable|Name
SaveActionIDTick,int32,dataDest,数据目标,data|Dest
SaveActionIDTick,int32,actorId,角色ID,actor|Id
SaveBulletSkillUniqueID,StringId,variableName,变量名称,variable|Name
SaveBulletSkillUniqueID,int32,trackId,追踪ID,track|Id
SaveBulletSkillUniqueID,int32,saveType,保存类型,save|Type
SaveBulletSkillUniqueID,int32,actorId,角色ID,actor|Id
SaveEventSeq,StringId,variableName,变量名称,variable|Name
SaveEventSeq,int32,trackId,追踪ID,track|Id
SaveEventSeq,int32,saveType,保存类型,save|Type
SaveEventSeq,int32,actorId,角色ID,actor|Id
SaveSkillIndicatorDirTick,StringId,variableName,变量名称,variable|Name
SaveSkillIndicatorDirTick,int32,actorId,角色ID,actor|Id
SaveSkillIndicatorDirTick,int32,saveDest,保存目标,save|Dest
SaveSkillIndicatorDirTick,int32,srcObjId,来源对象ID,src|Obj|Id
ScaleMeshDuration,int32,scaleZ,缩放Z,scale|Z
ScaleMeshDuration,bool,bBaseOnNow,基础开当前,b|Base|On|Now
ScaleMeshDuration,bool,bShowProcess,显示处理,b|Show|Process
ScaleMeshDuration,bool,bShowReviveProcess,显示复活处理,b|Show|Revive|Process
ScaleMeshDuration,bool,bNotReviveScale,非复活缩放,b|Not|Revive|Scale
ScaleMeshDuration,bool,bImmediateRecoverWhenEnd,立即恢复当结束,b|Immediate|Recover|When|End
ScaleMeshDuration,bool,bOnlyRecoverWhenEnd,仅恢复当结束,b|Only|Recover|When|End
ScaleMeshDuration,bool,bSetXYZ,设置XYZ,b|Set|XYZ
ScaleMeshDuration,int32,targetId,目标ID,target|Id
ScaleMeshDuration,int32,scaleRate,缩放速率,scale|Rate
ScaleMeshDuration,int32,recoverTime,恢复时间,recover|Time
ScaleMeshDuration,int32,scaleTime,缩放时间,scale|Time
ScaleMeshDuration,int32,scaleX,缩放X,scale|X
ScaleMeshDuration,int32,scaleY,缩放Y,scale|Y
SceneInterpolationTick,int32,targetId,目标ID,target|Id
SceneInterpolationTick,float,fadeTime,淡入淡出时间,fade|Time
ScriptPlaySkillEvent,int32,actorType,角色类型,actor|Type
ScriptPlaySkillEvent,int32,campType,阵营类型,camp|Type
ScriptPlaySkillEvent,int32,configId,配置ID,config|Id
ScriptPlaySkillEvent,int32,skinId,皮肤ID,skin|Id
ScriptPlaySkillEvent,int32,stopFlags,停止标记,stop|Flags
ScriptPlaySkillEvent,int32,slotType,槽位类型,slot|Type
ScriptPlaySkillEvent,int32,pos,位置,pos
ScriptPlaySkillEvent,int32,degree,程度,degree
ScriptPlaySkillEvent,int32,findPosMethod,查找位置方法,find|Pos|Method
ScriptPlaySkillEvent,int32,findDirMethod,查找方向方法,find|Dir|Method
ScriptPlaySkillEvent,int32,findActorMethod,查找角色方法,find|Actor|Method
ScriptPlaySkillEvent,int32,moveActorType,移动角色类型,move|Actor|Type
SearchConditionedActorTick,int32,tempId,临时ID,temp|Id
SearchConditionedActorTick,int32,actorId,角色ID,actor|Id
SearchConditionedActorTick,int32,searchRadius,搜索半径,search|Radius
SearchConditionedActorTick,int32,specifiedBuffId,指定增益ID,specified|Buff|Id
SearchConditionedActorTick,int32,searchType,搜索类型,search|Type
SearchConditionedOrganTick,int32,tempId,临时ID,temp|Id
SearchConditionedOrganTick,int32,actorId,角色ID,actor|Id
SearchConditionedOrganTick,int32,shieldOrganSubType,护盾器官子类型,shield|Organ|Sub|Type
SearchConditionedOrganTick,int32,searchRadius,搜索半径,search|Radius
SearchConditionedOrganTick,bool,bFilterAlive,过滤存活,b|Filter|Alive
SearchConditionedOrganTick,bool,bFilterDead,过滤死亡,b|Filter|Dead
SearchConditionedOrganTick,bool,bFilterSameCamp,过滤相同阵营,b|Filter|Same|Camp
SearchConditionedOrganTick,bool,bFilterEnemyCamp,过滤敌方阵营,b|Filter|Enemy|Camp
SearchSkillTargetTick,int32,sourceId,来源ID,source|Id
SearchSkillTargetTick,int32,angle,角度,angle
SearchSkillTargetTick,int32,range,范围,range
SendBluePrintCommonEventDuration,VInt3,vint3param1,整型3参数1,vint|3|param|1
SendBluePrintCommonEventDuration,VInt3,vint3param2,整型3参数2,vint|3|param|2
SendBluePrintCommonEventDuration,StringId,evtName,事件名称,evt|Name
SendBluePrintCommonEventDuration,int32,actor,角色,actor
SendBluePrintCommonEventDuration,int32,intParam1,整数参数1,int|Param|1
SendBluePrintCommonEventDuration,int32,intParam2,整数参数2,int|Param|2
SendBluePrintCommonEventDuration,int32,eventObjParamId,事件对象参数ID,event|Obj|Param|Id
SendBluePrintCommonEventDuration,int32,eventActorParamId,事件角色参数ID,event|Actor|Param|Id
SendBluePrintCommonEventDuration,int32,eventActorParamId2,事件角色参数ID2,event|Actor|Param|Id|2
SendBluePrintCommonEventDuration,int32,eventActorParamId3,事件角色参数ID3,event|Actor|Param|Id|3
SendBluePrintCommonEventDuration,bool,bparam1,布尔参数1,bparam|1
SendBluePrintCommonEventDuration,bool,bparam2,布尔参数2,bparam|2
SendBluePrintCommonEventDuration,TArray<StringId>,dynamicVars,动态变量,dynamic|Vars
SendBluePrintCommonEventTick,VInt3,vint3param1,整型3参数1,vint|3|param|1
SendBluePrintCommonEventTick,VInt3,vint3param2,整型3参数2,vint|3|param|2
SendBluePrintCommonEventTick,StringId,evtName,事件名称,evt|Name
SendBluePrintCommonEventTick,int32,actor,角色,actor
SendBluePrintCommonEventTick,int32,intParam1,整数参数1,int|Param|1
SendBluePrintCommonEventTick,int32,intParam2,整数参数2,int|Param|2
SendBluePrintCommonEventTick,int32,eventObjParamId,事件对象参数ID,event|Obj|Param|Id
SendBluePrintCommonEventTick,int32,eventActorParamId,事件角色参数ID,event|Actor|Param|Id
SendBluePrintCommonEventTick,int32,eventActorParamId2,事件角色参数ID2,event|Actor|Param|Id|2
SendBluePrintCommonEventTick,int32,eventActorParamId3,事件角色参数ID3,event|Actor|Param|Id|3
SendBluePrintCommonEventTick,bool,bparam1,布尔参数1,bparam|1
SendBluePrintCommonEventTick,bool,bparam2,布尔参数2,bparam|2
SendBluePrintCommonEventTick,TArray<StringId>,dynamicVars,动态变量,dynamic|Vars
SendBluePrintCommonEventTickClient,VInt3,vint3param1,整型3参数1,vint|3|param|1
SendBluePrintCommonEventTickClient,VInt3,vint3param2,整型3参数2,vint|3|param|2
SendBluePrintCommonEventTickClient,StringId,evtName,事件名称,evt|Name
SendBluePrintCommonEventTickClient,int32,actor,角色,actor
SendBluePrintCommonEventTickClient,int32,intParam1,整数参数1,int|Param|1
SendBluePrintCommonEventTickClient,int32,intParam2,整数参数2,int|Param|2
SendBluePrintCommonEventTickClient,int32,eventObjParamId,事件对象参数ID,event|Obj|Param|Id
SendBluePrintCommonEventTickClient,int32,eventActorParamId,事件角色参数ID,event|Actor|Param|Id
SendBluePrintCommonEventTickClient,int32,eventActorParamId2,事件角色参数ID2,event|Actor|Param|Id|2
SendBluePrintCommonEventTickClient,int32,eventActorParamId3,事件角色参数ID3,event|Actor|Param|Id|3
SendBluePrintCommonEventTickClient,bool,bparam1,布尔参数1,bparam|1
SendBluePrintCommonEventTickClient,bool,bparam2,布尔参数2,bparam|2
SendBluePrintCommonEventTickClient,TArray<StringId>,dynamicVars,动态变量,dynamic|Vars
SendGameEventTick,StringId,eventName,事件名称,event|Name
SendGameEventTick,StringId,value1Str,值1字符串,value|1|Str
SendGameEventTick,int32,eventType,事件类型,event|Type
SendGameEventTick,int32,ageDataEventType,推进数据事件类型,age|Data|Event|Type
SendGameEventTick,int32,teleportStatType,传送统计类型,teleport|Stat|Type
SendGameEventTick,int32,eventSrcId,事件来源ID,event|Src|Id
SendGameEventTick,int32,eventAtkerId,事件攻击者ID,event|Atker|Id
SendGameEventTick,int32,skillSlotType,技能槽位类型,skill|Slot|Type
SendGameEventTick,int32,triggerPassiveMode,触发被动模式,trigger|Passive|Mode
SendGameEventTick,int32,value1,值1,value|1
SendGameEventTick,bool,bUseCustomParam,使用自定义参数,b|Use|Custom|Param
SendGameEventTick,TArray<int32>,commonIntParams,通用整数参数,common|Int|Params
SendInBattleCommunicationMsgDuration,int32,targetId,目标ID,target|Id
SendInBattleCommunicationMsgDuration,int32,msgId,消息ID,msg|Id
SendInBattleCommunicationMsgDuration,int32,UIShowDuration,UI显示持续时间,UI|Show|Duration
SendInBattleCommunicationMsgDuration,int32,UIClickCoolDownCD,UI点击冷却下冷却,UI|Click|Cool|Down|CD
SendInBattleCommunicationMsgDuration,bool,bIsBattleAutoChat,是否战斗自动聊天,b|Is|Battle|Auto|Chat
SendInBattleCommunicationMsgDuration,bool,bCheckHost,检查宿主,b|Check|Host
SendInBattleMessage,StringId,printStr,打印字符串,print|Str
SendInBattleMessage,int32,srcId,来源ID,src|Id
SendInBattleMessage,bool,bAllCamp,全部阵营,b|All|Camp
SendInBattleMessage,bool,richText,富文本文本,rich|Text
SendLevelGameEventTick,StringId,eventName,事件名称,event|Name
SendLevelGameEventTick,int32,eventSrcId,事件来源ID,event|Src|Id
SendLevelGameEventTick,int32,eventAtkerId,事件攻击者ID,event|Atker|Id
SendProject8EventTick,int32,eventType,事件类型,event|Type
SendProject8EventTick,int32,eventSrcId,事件来源ID,event|Src|Id
SeriesSkinBroadcastTick,int32,listenerId,监听器ID,listener|Id
SeriesSkinBroadcastTick,int32,speakerId,说话者ID,speaker|Id
SetActionBulletInfoTick,int32,refBulletPosActor,引用子弹位置角色,ref|Bullet|Pos|Actor
SetActionBulletInfoTick,int32,triggerBullet,触发子弹,trigger|Bullet
SetActionBulletInfoTick,bool,setBulletPos,设置子弹位置,set|Bullet|Pos
SetActionBulletInfoTick,bool,setHitTriggerActor,设置命中触发角色,set|Hit|Trigger|Actor
SetActionRefActorParamTick,int32,sourceId,来源ID,source|Id
SetActionRefActorParamTick,int32,refParamType,引用参数类型,ref|Param|Type
SetActionRefActorParamTick,int32,refIndex,引用索引,ref|Index
SetActionRefActorParamTick,bool,modifySkillContext,修改技能上下文,modify|Skill|Context
SetActionRefParamByStrategyTick,StringId,refParamName,引用参数名称,ref|Param|Name
SetActionRefParamByStrategyTick,int32,customStrategy,自定义策略,custom|Strategy
SetActionRefParamByStrategyTick,TArray<int32>,intParams,整数参数,int|Params
SetActionRefParamTick,int32,refParamType,引用参数类型,ref|Param|Type
SetActionRefParamTick,int32,refParamIntValue,引用参数整数值,ref|Param|Int|Value
SetActionRefParamTick,bool,refParamBoolValue,引用参数布尔值,ref|Param|Bool|Value
SetActionRefParamTick,StringId,refParamName,引用参数名称,ref|Param|Name
SetActionRefParamTick,StringId,refParamStringValue,引用参数字符串值,ref|Param|String|Value
SetActionRefSkillContextParamTick,int32,refParamType,引用参数类型,ref|Param|Type
SetActionRefSkillContextParamTick,int32,refParamIntValue,引用参数整数值,ref|Param|Int|Value
SetActionRefSkillContextParamTick,int32,originatorId,发起者ID,originator|Id
SetActionRefSkillContextParamTick,bool,bCreateSkillContext,创建技能上下文,b|Create|Skill|Context
SetActorHPAccordingToTargetTick,int32,actorId,角色ID,actor|Id
SetActorHPAccordingToTargetTick,int32,targetId,目标ID,target|Id
SetActorHPAccordingToTargetTick,int32,SettingRule,设置规则,Setting|Rule
SetActorLifeTimeTick,int32,actorId,角色ID,actor|Id
SetActorLifeTimeTick,int32,lifeTime,生命时间,life|Time
SetActorLifeTimeTick,bool,suicide,自杀,suicide
SetActorMeshTagDuration,bool,bRecursive,递归,b|Recursive
SetActorMeshTagDuration,StringId,nameTag,名称标签,name|Tag
SetActorMeshTagDuration,int32,targetId,目标ID,target|Id
SetActorSightRangeDuration,int32,targetId,目标ID,target|Id
SetActorSightRangeDuration,int32,sightRange,视野范围,sight|Range
SetActorSightRangeDuration,int32,startSightRange,开始视野范围,start|Sight|Range
SetActorSightRangeDuration,int32,endSightRange,结束视野范围,end|Sight|Range
SetActorSightRangeDuration,int32,lerpFreq,插值频率,lerp|Freq
SetActorSightRangeDuration,bool,useLineLerp,使用线插值,use|Line|Lerp
SetActorVisibilityDuration,StringId,node,节点,node
SetActorVisibilityDuration,int32,targetId,目标ID,target|Id
SetActorVisibilityDuration,int32,earlyStopTime,早期停止时间,early|Stop|Time
SetActorVisibilityDuration,bool,useSacredAnimalShowStateAsCondition,使用神圣动物显示状态作为条件,use|Sacred|Animal|Show|State|As|Condition
SetActorVisibilityDuration,bool,inProcessIgnoreShow,内处理忽略显示,in|Process|Ignore|Show
SetActorVisibilityDuration,bool,visible,可见,visible
SetActorVisibilityDuration,bool,fuzzyMatching,模糊匹配,fuzzy|Matching
SetActorVisibilityDuration,bool,bSetVisivleByLayer,设置可见由层,b|Set|Visivle|By|Layer
SetActorVisibilityDuration,bool,bOnlySetNodeLayer,仅设置节点层,b|Only|Set|Node|Layer
SetActorVisibilityDuration,bool,bFilterInBattleAction,过滤内战斗动作,b|Filter|In|Battle|Action
SetActorVisibilityDuration,bool,bSaveToRecover,保存到恢复,b|Save|To|Recover
SetActorVisibilityDuration,bool,bCloseAllSpecialComponent,关闭全部特殊组件,b|Close|All|Special|Component
SetActorVisibilityDuration,bool,bSpecialCompSetByLayer,特殊组件设置由层,b|Special|Comp|Set|By|Layer
SetActorVisibilityDuration,TArray<StringId>,nodes,节点,nodes
SetActorVisibilityTick,StringId,node,节点,node
SetActorVisibilityTick,int32,targetId,目标ID,target|Id
SetActorVisibilityTick,float,delayTime,延迟时间,delay|Time
SetActorVisibilityTick,bool,visible,可见,visible
SetActorVisibilityTick,bool,fuzzyMatching,模糊匹配,fuzzy|Matching
SetActorVisibilityTick,bool,bSetVisivleByLayer,设置可见由层,b|Set|Visivle|By|Layer
SetActorVisibilityTick,bool,bOnlySetNodeLayer,仅设置节点层,b|Only|Set|Node|Layer
SetActorVisibilityTick,bool,bFilterInBattleAction,过滤内战斗动作,b|Filter|In|Battle|Action
SetActorVisibilityTick,bool,bSaveToRecover,保存到恢复,b|Save|To|Recover
SetActorVisibilityTick,bool,bCloseAllSpecialComponent,关闭全部特殊组件,b|Close|All|Special|Component
SetActorVisibilityTick,bool,bSpecialCompSetByLayer,特殊组件设置由层,b|Special|Comp|Set|By|Layer
SetActorVisibilityTick,bool,bForceSearchNode,力搜索节点,b|Force|Search|Node
SetActorVisibilityTick,TArray<StringId>,nodes,节点,nodes
SetAlternativeSkillEffectSkinTick,int32,targetActorId,目标角色ID,target|Actor|Id
SetAlternativeSkillEffectSkinTick,int32,setMethod,设置方法,set|Method
SetAlternativeSkillEffectSkinTick,int32,directlySetValue,直接设置值,directly|Set|Value
SetAlternativeSkillEffectSkinTick,bool,bFuzzyMatching,模糊匹配,b|Fuzzy|Matching
SetAlternativeSkillEffectSkinTick,TArray<StringId>,showHideNodeNameArray,显示隐藏节点名称数组,show|Hide|Node|Name|Array
SetAnimationAlwaysAnimate,int32,targetId,目标ID,target|Id
SetAnimationAlwaysAnimate,bool,alwaysAnimate,总是动画,always|Animate
SetAnimationParamSimpleTick,StringId,animatorRefEventVariableName,动画器引用事件变量名称,animator|Ref|Event|Variable|Name
SetAnimationParamSimpleTick,int32,targetId,目标ID,target|Id
SetAnimationParamSimpleTick,int32,paramType,参数类型,param|Type
SetAnimationParamSimpleTick,float,floatValue,浮点值,float|Value
SetAnimationParamSimpleTick,int32,intValue,整数值,int|Value
SetAnimationParamSimpleTick,float,crossFadeTime,交叉淡入淡出时间,cross|Fade|Time
SetAnimationParamSimpleTick,int32,animatorSourceType,动画器来源类型,animator|Source|Type
SetAnimationParamSimpleTick,int32,animatorRefTrackId,动画器引用追踪ID,animator|Ref|Track|Id
SetAnimationParamSimpleTick,int32,animatorRefEventVariableType,动画器引用事件变量类型,animator|Ref|Event|Variable|Type
SetAnimationParamSimpleTick,bool,boolValue,布尔值,bool|Value
SetAnimationParamSimpleTick,bool,bSimpleSet,简单设置,b|Simple|Set
SetAnimationParamSimpleTick,bool,bSaveToRecover,保存到恢复,b|Save|To|Recover
SetAnimationParamSimpleTick,StringId,animatorName,动画器名称,animator|Name
SetAnimationParamSimpleTick,StringId,paramName,参数名称,param|Name
SetAnimationParamsDuration,TArray<float>,floatValues,浮点值,float|Values
SetAnimationParamsDuration,TArray<StringId>,intNames,整数名称,int|Names
SetAnimationParamsDuration,TArray<int32>,intValues,整数值,int|Values
SetAnimationParamsDuration,TArray<StringId>,boolNames,布尔名称,bool|Names
SetAnimationParamsDuration,TArray<bool>,boolValues,布尔值,bool|Values
SetAnimationParamsDuration,TArray<StringId>,leaveBoolNames,离开布尔名称,leave|Bool|Names
SetAnimationParamsDuration,TArray<bool>,leaveBoolValues,离开布尔值,leave|Bool|Values
SetAnimationParamsDuration,StringId,animatorName,动画器名称,animator|Name
SetAnimationParamsDuration,StringId,animatorRefEventVariableName,动画器引用事件变量名称,animator|Ref|Event|Variable|Name
SetAnimationParamsDuration,int32,targetId,目标ID,target|Id
SetAnimationParamsDuration,float,crossFadeTime,交叉淡入淡出时间,cross|Fade|Time
SetAnimationParamsDuration,int32,animatorSourceType,动画器来源类型,animator|Source|Type
SetAnimationParamsDuration,int32,animatorRefTrackId,动画器引用追踪ID,animator|Ref|Track|Id
SetAnimationParamsDuration,int32,animatorRefEventVariableType,动画器引用事件变量类型,animator|Ref|Event|Variable|Type
SetAnimationParamsDuration,bool,bForceClear,力清除,b|Force|Clear
SetAnimationParamsDuration,bool,bForceSetParamWhenLeave,力设置参数当离开,b|Force|Set|Param|When|Leave
SetAnimationParamsDuration,bool,ignoreWhilePause,忽略当暂停,ignore|While|Pause
SetAnimationParamsDuration,bool,bUseOverallRestore,使用总体恢复,b|Use|Overall|Restore
SetAnimationParamsDuration,TArray<StringId>,floatNames,浮点名称,float|Names
SetAnimationParamsTick,TArray<float>,floatValues,浮点值,float|Values
SetAnimationParamsTick,TArray<StringId>,intNames,整数名称,int|Names
SetAnimationParamsTick,TArray<int32>,intValues,整数值,int|Values
SetAnimationParamsTick,TArray<StringId>,boolNames,布尔名称,bool|Names
SetAnimationParamsTick,TArray<bool>,boolValues,布尔值,bool|Values
SetAnimationParamsTick,TArray<StringId>,triggerNames,触发名称,trigger|Names
SetAnimationParamsTick,StringId,animatorName,动画器名称,animator|Name
SetAnimationParamsTick,StringId,animatorRefEventVariableName,动画器引用事件变量名称,animator|Ref|Event|Variable|Name
SetAnimationParamsTick,int32,targetId,目标ID,target|Id
SetAnimationParamsTick,float,crossFadeTime,交叉淡入淡出时间,cross|Fade|Time
SetAnimationParamsTick,int32,animatorSourceType,动画器来源类型,animator|Source|Type
SetAnimationParamsTick,int32,animatorRefTrackId,动画器引用追踪ID,animator|Ref|Track|Id
SetAnimationParamsTick,int32,animatorRefEventVariableType,动画器引用事件变量类型,animator|Ref|Event|Variable|Type
SetAnimationParamsTick,bool,bSimpleSet,简单设置,b|Simple|Set
SetAnimationParamsTick,bool,bSaveToRecover,保存到恢复,b|Save|To|Recover
SetAnimationParamsTick,TArray<StringId>,floatNames,浮点名称,float|Names
SetAnimationPlayingTime,bool,isNormalizedTime,是否归一化时间,is|Normalized|Time
SetAnimationPlayingTime,bool,isForcePlay,是否力播放,is|Force|Play
SetAnimationPlayingTime,bool,noUpdateAnimator,无更新动画器,no|Update|Animator
SetAnimationPlayingTime,StringId,stateName,状态名称,state|Name
SetAnimationPlayingTime,int32,targetId,目标ID,target|Id
SetAnimationPlayingTime,int32,layer,层,layer
SetAnimationPlayingTime,float,time,时间,time
SetAnimationVectorParamTick,StringId,paramNameX,参数名称X,param|Name|X
SetAnimationVectorParamTick,StringId,paramNameY,参数名称Y,param|Name|Y
SetAnimationVectorParamTick,StringId,paramNameZ,参数名称Z,param|Name|Z
SetAnimationVectorParamTick,Vector3,floatValue,浮点值,float|Value
SetAnimationVectorParamTick,int32,targetId,目标ID,target|Id
SetAnimationVectorParamTick,bool,bUseFloat,使用浮点,b|Use|Float
SetAnimationVectorParamTick,bool,bNormalize,归一化,b|Normalize
SetAnimationVectorParamTick,bool,bSimpleSet,简单设置,b|Simple|Set
SetAnimationVectorParamTick,bool,bSaveToRecover,保存到恢复,b|Save|To|Recover
SetAnimationVectorParamTick,VInt3,intValue,整数值,int|Value
SetAnimationVectorParamTick,StringId,animatorName,动画器名称,animator|Name
SetAttackDirDuration,int32,attackerId,攻击者ID,attacker|Id
SetAttackDirDuration,bool,bIgnoreNoMoveRotateAbilityFlag,忽略无移动旋转能力标记,b|Ignore|No|Move|Rotate|Ability|Flag
SetAttackDirDuration,bool,bChangeRotateByFlash,变更旋转由闪烁,b|Change|Rotate|By|Flash
SetAttackDirDuration,bool,bSetLerpTargetForwardOnEnd,设置插值目标前向开结束,b|Set|Lerp|Target|Forward|On|End
SetBackForwardTick,int32,actor,角色,actor
SetBahaviourTreeTick,int32,srcActor,来源角色,src|Actor
SetBahaviourTreeTick,bool,enable,启用,enable
SetBehaviourModeTick,int32,targetId,目标ID,target|Id
SetBehaviourModeTick,int32,stopSkillIgnoreSlotParam,停止技能忽略槽位参数,stop|Skill|Ignore|Slot|Param
SetBehaviourModeTick,int32,delayStopSkillIgnoreSlotParam,延迟停止技能忽略槽位参数,delay|Stop|Skill|Ignore|Slot|Param
SetBehaviourModeTick,bool,stopMove,停止移动,stop|Move
SetBehaviourModeTick,bool,clearMove,清除移动,clear|Move
SetBehaviourModeTick,bool,stopCurSkill,停止当前技能,stop|Cur|Skill
SetBehaviourModeTick,bool,delayStopCurSkill,延迟停止当前技能,delay|Stop|Cur|Skill
SetBehaviourModeTick,bool,deadControl,死亡控制,dead|Control
SetBehaviourModeTick,bool,setIgnoreBaseAttributeDeadControlState,设置忽略基础属性死亡控制状态,set|Ignore|Base|Attribute|Dead|Control|State
SetBehaviourModeTick,bool,ignoreBaseAttributeDeadControl,忽略基础属性死亡控制,ignore|Base|Attribute|Dead|Control
SetBehaviourModeTick,bool,exitBattle,退出战斗,exit|Battle
SetBehaviourModeTick,bool,clearMoveAnimation,清除移动动画,clear|Move|Animation
SetBehaviourModeTick,bool,clearSkillCache,清除技能缓存,clear|Skill|Cache
SetBehaviourModeTick,bool,clearImmediateSkillCache,清除立即技能缓存,clear|Immediate|Skill|Cache
SetBehaviourModeTick,bool,cancelCommonAtk,取消通用攻击,cancel|Common|Atk
SetBloodHudVisibleTick,bool,visible,可见,visible
SetBulletAbilityTick,int32,srcActor,来源角色,src|Actor
SetBulletAbilityTick,int32,abilityType,能力类型,ability|Type
SetBulletAbilityTick,bool,enable,启用,enable
SetCameraBetweenActorsDuration,int32,actor1Id,角色1ID,actor|1|Id
SetCameraBetweenActorsDuration,int32,actor2Id,角色2ID,actor|2|Id
SetCameraBetweenActorsDuration,int32,hostId,宿主ID,host|Id
SetCameraHeightDuration,int32,cutBackDuration,切割返回持续时间,cut|Back|Duration
SetCameraHeightDuration,float,heightRate,高度速率,height|Rate
SetCameraHeightDuration,int32,lockHeightOffset,锁定高度偏移,lock|Height|Offset
SetCameraHeightDuration,int32,targetId,目标ID,target|Id
SetCameraHeightDuration,float,lockTargetMaxY,锁定目标最大Y,lock|Target|Max|Y
SetCameraHeightDuration,float,lockTargetMinY,锁定目标最小Y,lock|Target|Min|Y
SetCameraHeightDuration,bool,cutBackOnExit,切割返回开退出,cut|Back|On|Exit
SetCameraHeightDuration,bool,holdOnExit,保持开退出,hold|On|Exit
SetCameraHeightDuration,bool,bHeightRateGrownByActorLevel,高度速率已成长由角色等级,b|Height|Rate|Grown|By|Actor|Level
SetCameraHeightDuration,bool,bIgnoreHostActorCheck,忽略宿主角色检查,b|Ignore|Host|Actor|Check
SetCameraHeightDuration,bool,bExtraHeightRate,额外高度速率,b|Extra|Height|Rate
SetCameraHeightDuration,bool,bLockCameraHeight,锁定相机高度,b|Lock|Camera|Height
SetCameraHeightDuration,bool,bLockCameraZoomRate,锁定相机缩放速率,b|Lock|Camera|Zoom|Rate
SetCameraHeightDuration,bool,bLimitLockTargetRangeY,限制锁定目标范围Y,b|Limit|Lock|Target|Range|Y
SetCameraHeightDuration,int32,slerpTick,球面插值每帧,slerp|Tick
SetCameraHeightDuration,int32,accerlerateDuration,加速持续时间,accerlerate|Duration
SetCameraHeightDuration,int32,decelerateDuration,减速持续时间,decelerate|Duration
SetCameraHeightDuration,int32,leaveLerpTick,离开插值每帧,leave|Lerp|Tick
SetCameraHeightDuration,int32,recoverAccerlerateDuration,恢复加速持续时间,recover|Accerlerate|Duration
SetCameraHeightDuration,int32,recoverDecelerateDuration,恢复减速持续时间,recover|Decelerate|Duration
SetCameraLerpParamDuration,int32,startHeight,开始高度,start|Height
SetCameraLerpParamDuration,int32,endHeight,结束高度,end|Height
SetCameraLerpParamDuration,int32,startRotationX,开始旋转X,start|Rotation|X
SetCameraLerpParamDuration,int32,endRotationX,结束旋转X,end|Rotation|X
SetCameraLerpParamDuration,int32,startRotationY,开始旋转Y,start|Rotation|Y
SetCameraLerpParamDuration,int32,endRotationY,结束旋转Y,end|Rotation|Y
SetCollisionAgeParamModifyDuration,int32,ModifyParamType,修改参数类型,Modify|Param|Type
SetCollisionAgeParamModifyDuration,int32,overlayType,叠加类型,overlay|Type
SetCollisionAgeParamModifyDuration,VInt3,changeValue,变更值,change|Value
SetCollisionAgeParamModifyDuration,int32,actorId,角色ID,actor|Id
SetCollisionAgeParamModifyDuration,int32,filterConditionType,过滤条件类型,filter|Condition|Type
SetCollisionAgeParamModifyDuration,int32,slotType,槽位类型,slot|Type
SetCollisionTick,VInt3,Pos,位置,Pos
SetCollisionTick,VInt3,Size,尺寸,Size
SetCollisionTick,VInt3,SizeGrowthValue,尺寸成长值,Size|Growth|Value
SetCollisionTick,VInt3,boxSizeAffectedByEnergy,盒尺寸受影响由能量,box|Size|Affected|By|Energy
SetCollisionTick,int32,targetId,目标ID,target|Id
SetCollisionTick,int32,type,类型,type
SetCollisionTick,int32,GrowthByAttackRange,成长由攻击范围,Growth|By|Attack|Range
SetCollisionTick,int32,BaseAttackRange,基础攻击范围,Base|Attack|Range
SetCollisionTick,int32,Radius,半径,Radius
SetCollisionTick,int32,RadiusGrowthValue,半径成长值,Radius|Growth|Value
SetCollisionTick,int32,RadiusGrowthValueWithEnergy,半径成长值与能量,Radius|Growth|Value|With|Energy
SetCollisionTick,int32,ExternalRadius,外部半径,External|Radius
SetCollisionTick,int32,ExternalRadiusGrowthValue,外部半径成长值,External|Radius|Growth|Value
SetCollisionTick,int32,ExternalRadiusGrowthValueWithProperty,外部半径成长值与属性,External|Radius|Growth|Value|With|Property
SetCollisionTick,int32,GrowthValueProperty,成长值属性,Growth|Value|Property
SetCollisionTick,int32,InnerRadius,内半径,Inner|Radius
SetCollisionTick,int32,InnerRadiusGrowthValue,内半径成长值,Inner|Radius|Growth|Value
SetCollisionTick,int32,SectorRadius,扇形半径,Sector|Radius
SetCollisionTick,int32,SectorInnerRadius,扇形内半径,Sector|Inner|Radius
SetCollisionTick,int32,Height,高度,Height
SetCollisionTick,int32,Degree,程度,Degree
SetCollisionTick,int32,Rotation,旋转,Rotation
SetCollisionTick,int32,SectorRadiusGrow,扇形半径成长,Sector|Radius|Grow
SetCollisionTick,int32,SectorInnerRadiusGrow,扇形内半径成长,Sector|Inner|Radius|Grow
SetCollisionTick,int32,HeightGrow,高度成长,Height|Grow
SetCollisionTick,int32,DegreeGrow,程度成长,Degree|Grow
SetCollisionTick,int32,RotationGrow,旋转成长,Rotation|Grow
SetCollisionTick,int32,ArcTrapezoidRadius,弧梯形半径,Arc|Trapezoid|Radius
SetCollisionTick,int32,ArcTrapezoidRadiusGrow,弧梯形半径成长,Arc|Trapezoid|Radius|Grow
SetCollisionTick,int32,ArcTrapezoidInnerRadius,弧梯形内半径,Arc|Trapezoid|Inner|Radius
SetCollisionTick,int32,ArcTrapezoidInnerRadiusGrow,弧梯形内半径成长,Arc|Trapezoid|Inner|Radius|Grow
SetCollisionTick,int32,ArcTrapezoidDegree,弧梯形程度,Arc|Trapezoid|Degree
SetCollisionTick,int32,ArcTrapezoidRotation,弧梯形旋转,Arc|Trapezoid|Rotation
SetCollisionTick,int32,CapsuleRadius,胶囊半径,Capsule|Radius
SetCollisionTick,int32,CapsuleLength,胶囊长度,Capsule|Length
SetCollisionTick,int32,CapsuleRadiusGrowthValueWithChargingRatio,胶囊半径成长值与蓄力中比例,Capsule|Radius|Growth|Value|With|Charging|Ratio
SetCollisionTick,int32,HexagonLength,六边形长度,Hexagon|Length
SetCollisionTick,int32,HexagonPrismHeight,六边形棱镜高度,Hexagon|Prism|Height
SetCollisionTick,bool,CalcUpAxis,计算上轴,Calc|Up|Axis
SetCollisionTick,bool,CreateBoxProject,创建盒项目,Create|Box|Project
SetCollisionTick,bool,UseEquipProperty,使用装备属性,Use|Equip|Property
SetCollisionTick,bool,bAttachSMNode,附加状态机节点,b|Attach|SM|Node
SetCollisionTick,TArray<VInt3>,posList,位置列表,pos|List
SetCommonAtkObj,int32,lockSrcObj,锁定来源对象,lock|Src|Obj
SetCommonAtkObj,int32,lockTargetObj,锁定目标对象,lock|Target|Obj
SetCommonAtkObj,bool,bClearWhenOutOfRange,清除当外的范围,b|Clear|When|Out|Of|Range
SetCommonAttackStateTick,int32,actorId,角色ID,actor|Id
SetCommonAttackStateTick,bool,setContinueAtk,设置继续攻击,set|Continue|Atk
SetCommonAttackStateTick,bool,continueAtkOpen,继续攻击打开,continue|Atk|Open
SetDeadExtraAgeTick,StringId,deadAgeName,死亡推进名称,dead|Age|Name
SetDeadExtraAgeTick,int32,targetId,目标ID,target|Id
SetDeadExtraAgeTick,bool,bSetOrClear,设置或清除,b|Set|Or|Clear
SetDirNotFollowedByParentDuration,int32,targetId,目标ID,target|Id
SetDirNotFollowedByParentDuration,bool,bDirNotFollowedByParent,方向非被跟随由父级,b|Dir|Not|Followed|By|Parent
SetDynamicParamDuration,float,changeTime,变更时间,change|Time
SetDynamicParamDuration,float,paramValue,参数值,param|Value
SetDynamicParamDuration,int32,totalAnim,总计动画,total|Anim
SetDynamicParamDuration,float,holdTime,保持时间,hold|Time
SetDynamicParamDuration,StringId,paramName,参数名称,param|Name
SetDynamicParamDuration,int32,targetId,目标ID,target|Id
SetEntityAbilityState,int32,targetId,目标ID,target|Id
SetEntityAbilityState,int32,rebounceBullet,反弹子弹,rebounce|Bullet
SetEntityAbilityState,int32,rebounceContinuousCheck,反弹持续检查,rebounce|Continuous|Check
SetEntityAbilityState,int32,flying,飞行,flying
SetEntityAbilityState,int32,reverseLimitCamp,反向限制阵营,reverse|Limit|Camp
SetGameSettingTick,int32,SettingType,设置类型,Setting|Type
SetGameSettingTick,int32,SettingValue,设置值,Setting|Value
SetGameSettingTick,bool,bSetSettingValue,设置设置值,b|Set|Setting|Value
SetGameSettingTick,bool,bSetSettingEnable,设置设置启用,b|Set|Setting|Enable
SetGameSettingTick,bool,bEnable,启用,b|Enable
SetHeroAtkDistTick,int32,TargetId,目标ID,Target|Id
SetHeroAtkDistTick,int32,AtkDistType,攻击距离类型,Atk|Dist|Type
SetHeroPropertyTick,int32,maxHpValue,最大生命值值,max|Hp|Value
SetHeroPropertyTick,int32,epValue,能量值,ep|Value
SetHeroPropertyTick,bool,bChooseCamp,选择阵营,b|Choose|Camp
SetHeroPropertyTick,bool,bSetHeroLevel,设置英雄等级,b|Set|Hero|Level
SetHeroPropertyTick,bool,bSetSkillLevel,设置技能等级,b|Set|Skill|Level
SetHeroPropertyTick,bool,bSetHeroHp,设置英雄生命值,b|Set|Hero|Hp
SetHeroPropertyTick,bool,bSetHeroHpValue,设置英雄生命值值,b|Set|Hero|Hp|Value
SetHeroPropertyTick,bool,bSetHeroMaxHpValue,设置英雄最大生命值值,b|Set|Hero|Max|Hp|Value
SetHeroPropertyTick,bool,bSetHeroEpValue,设置英雄能量值,b|Set|Hero|Ep|Value
SetHeroPropertyTick,int32,camp,阵营,camp
SetHeroPropertyTick,int32,actorID,角色ID,actor|ID
SetHeroPropertyTick,int32,soulLevel,灵魂等级,soul|Level
SetHeroPropertyTick,int32,slotType,槽位类型,slot|Type
SetHeroPropertyTick,int32,skillLevel,技能等级,skill|Level
SetHeroPropertyTick,int32,hpPercent,生命值百分比,hp|Percent
SetHeroPropertyTick,int32,hpValue,生命值值,hp|Value
SetIKTargetTick,StringId,LayerName,层名称,Layer|Name
SetIKTargetTick,int32,srcId,来源ID,src|Id
SetIKTargetTick,int32,targetId,目标ID,target|Id
SetIKTargetTick,int32,goalMask,目标掩码,goal|Mask
SetIKTargetTick,int32,goal,目标,goal
SetIKTargetTick,int32,IKWeight,IK权重,IK|Weight
SetIKTargetTick,VInt3,TargetPosition,目标位置,Target|Position
SetIKTargetTick,StringId,TargetLayerName,目标层名称,Target|Layer|Name
SetIgnoreDynamicScaleDuration,int32,targetId,目标ID,target|Id
SetImmediateAttackDuration,int32,targetId,目标ID,target|Id
SetInvincibilityTick,int32,srcId,来源ID,src|Id
SetInvincibilityTick,int32,atkerId,攻击者ID,atker|Id
SetInvincibilityTick,int32,targetId,目标ID,target|Id
SetInvincibilityTick,bool,bInvincible,无敌,b|Invincible
SetLoopBullet3DAxisTick,int32,actorId,角色ID,actor|Id
SetLoopBullet3DAxisTick,TArray<VInt3>,axisArray,轴数组,axis|Array
SetMaterialParamsDuration,TArray<float>,floatValues,浮点值,float|Values
SetMaterialParamsDuration,TArray<float>,revertFloatValues,还原浮点值,revert|Float|Values
SetMaterialParamsDuration,StringId,materialNamePattern,材质名称模式,material|Name|Pattern
SetMaterialParamsDuration,int32,targetId,目标ID,target|Id
SetMaterialParamsDuration,float,FadeTime,淡入淡出时间,Fade|Time
SetMaterialParamsDuration,int32,paramSpecialType,参数特殊类型,param|Special|Type
SetMaterialParamsDuration,bool,enableFade,启用淡入淡出,enable|Fade
SetMaterialParamsDuration,bool,bCheckInGrass,检查内草丛,b|Check|In|Grass
SetMaterialParamsDuration,bool,bCopyByCallActor,复制由调用角色,b|Copy|By|Call|Actor
SetMaterialParamsDuration,bool,bUseAllMaterial,使用全部材质,b|Use|All|Material
SetMaterialParamsDuration,bool,bUseMainMaterial,使用主材质,b|Use|Main|Material
SetMaterialParamsDuration,TArray<StringId>,paramNames,参数名称,param|Names
SetMaterialParamsTick,TArray<float>,floatValues,浮点值,float|Values
SetMaterialParamsTick,TArray<StringId>,VectorParamNames,向量参数名称,Vector|Param|Names
SetMaterialParamsTick,TArray<Vector3>,VectorValues,向量值,Vector|Values
SetMaterialParamsTick,StringId,materialNamePattern,材质名称模式,material|Name|Pattern
SetMaterialParamsTick,int32,targetId,目标ID,target|Id
SetMaterialParamsTick,float,FadeTime,淡入淡出时间,Fade|Time
SetMaterialParamsTick,int32,specialID,特殊ID,special|ID
SetMaterialParamsTick,bool,enableFade,启用淡入淡出,enable|Fade
SetMaterialParamsTick,bool,bSetUnityObj,设置Unity对象,b|Set|Unity|Obj
SetMaterialParamsTick,bool,bCopyByCallActor,复制由调用角色,b|Copy|By|Call|Actor
SetMaterialParamsTick,bool,bUseAllMaterial,使用全部材质,b|Use|All|Material
SetMaterialParamsTick,bool,bUseMainMaterial,使用主材质,b|Use|Main|Material
SetMaterialParamsTick,TArray<StringId>,paramNames,参数名称,param|Names
SetMaterialVector4Duration,float,fadeTime,淡入淡出时间,fade|Time
SetMaterialVector4Duration,float,x,x,x
SetMaterialVector4Duration,float,y,y,y
SetMaterialVector4Duration,float,z,z,z
SetMaterialVector4Duration,float,w,w,w
SetMaterialVector4Duration,bool,isSetX,是否设置X,is|Set|X
SetMaterialVector4Duration,bool,isSetY,是否设置Y,is|Set|Y
SetMaterialVector4Duration,bool,isSetZ,是否设置Z,is|Set|Z
SetMaterialVector4Duration,bool,isSetW,是否设置W,is|Set|W
SetMaterialVector4Duration,StringId,paramName,参数名称,param|Name
SetMaterialVector4Duration,int32,targetId,目标ID,target|Id
SetMaterialVector4Tick,float,z,z,z
SetMaterialVector4Tick,float,w,w,w
SetMaterialVector4Tick,StringId,paramName,参数名称,param|Name
SetMaterialVector4Tick,int32,targetId,目标ID,target|Id
SetMaterialVector4Tick,float,x,x,x
SetMaterialVector4Tick,float,y,y,y
SetMiniCameraDuration,int32,cameraAngleX,相机角度X,camera|Angle|X
SetMiniCameraDuration,int32,cameraFOV,相机视野角,camera|FOV
SetMiniCameraDuration,bool,bModifyParam,修改参数,b|Modify|Param
SetMiniCameraDuration,int32,srcId,来源ID,src|Id
SetMiniCameraDuration,int32,targetId,目标ID,target|Id
SetMiniCameraDuration,int32,delayEndTime,延迟结束时间,delay|End|Time
SetMiniCameraDuration,int32,cameraHeight,相机高度,camera|Height
SetMiniCameraDuration,int32,cameraDynamicYZ,相机动态YZ,camera|Dynamic|YZ
SetMiniCameraDuration,int32,cameraDynamicZ,相机动态Z,camera|Dynamic|Z
SetMiniMapTransformSyncActorDuration,int32,targetId,目标ID,target|Id
SetMiniMapTransformSyncActorDuration,int32,syncId,同步ID,sync|Id
SetNavRegionFlagTick,int32,targetId,目标ID,target|Id
SetNavRegionFlagTick,int32,regionId,区域ID,region|Id
SetNavRegionFlagTick,bool,overwrite,覆盖,overwrite
SetNavRegionFlagTick,bool,isValid,是否有效,is|Valid
SetNextSkillTargetDuration,int32,targetId,目标ID,target|Id
SetNextSkillTargetDuration,int32,nextSkillTargetID,下一个技能目标ID,next|Skill|Target|ID
SetNextSkillTargetDuration,int32,slotType,槽位类型,slot|Type
SetNextSkillTargetDuration,bool,bNeedLock,需要锁定,b|Need|Lock
SetNextSkillTargetDuration,bool,bNeedLockAndAdd,需要锁定和添加,b|Need|Lock|And|Add
SetNextSkillTargetDuration,bool,bOnlySendEvent,仅发送事件,b|Only|Send|Event
SetNextSkillTargetDuration,bool,bDontRemoveWhenNextSkillTargetDie,不移除当下一个技能目标死亡,b|Dont|Remove|When|Next|Skill|Target|Die
SetNextSkillTargetDuration,bool,bAllowForbidSelectTarget,允许禁止选择目标,b|Allow|Forbid|Select|Target
SetNextSkillTargetTick,int32,targetId,目标ID,target|Id
SetNextSkillTargetTick,int32,nextSkillTargetID,下一个技能目标ID,next|Skill|Target|ID
SetNextSkillTargetTick,int32,slotType,槽位类型,slot|Type
SetNextSkillTargetTick,bool,clear,清除,clear
SetObjActiveTick,int32,targetId,目标ID,target|Id
SetObjActiveTick,bool,enabled,启用,enabled
SetObjBehaviourModeTick,int32,Mode,模式,Mode
SetObjBehaviourModeTick,int32,targetId,目标ID,target|Id
SetObjBehaviourModeTick,int32,setTargetId,设置目标ID,set|Target|Id
SetObjBehaviourModeTick,bool,bSetTarget,设置目标,b|Set|Target
SetObjBehaviourModeTick,bool,bForce,力,b|Force
SetObjBehaviourModeTick,bool,bDontSetWhenDead,不设置当死亡,b|Dont|Set|When|Dead
SetObjectDirectionTick,bool,enableFromActor,启用从角色,enable|From|Actor
SetObjectDirectionTick,bool,ignoreDisableRotate,忽略禁用旋转,ignore|Disable|Rotate
SetObjectDirectionTick,VInt3,targetDir,目标方向,target|Dir
SetObjectDirectionTick,int32,targetId,目标ID,target|Id
SetObjectDirectionTick,int32,disableMask,禁用掩码,disable|Mask
SetObjectDirectionTick,int32,fromActorId,从角色ID,from|Actor|Id
SetObjectDirectionTick,int32,angleOffset,角度偏移,angle|Offset
SetObjectPositionTick,int32,objectId,对象ID,object|Id
SetObjectPositionTick,int32,setType,设置类型,set|Type
SetObjectPositionTick,int32,targetId,目标ID,target|Id
SetObjectPositionTick,int32,minDistance,最小距离,min|Distance
SetObjectPositionTick,int32,maxDistance,最大距离,max|Distance
SetObjectPositionTick,int32,randomDegree,随机程度,random|Degree
SetParticleAutoSynchroActorAnimatorParams,int32,seqNum,序列数量,seq|Num
SetParticleAutoSynchroActorAnimatorParams,int32,synchroAnimatorParamsObjID,同步动画器参数对象ID,synchro|Animator|Params|Obj|ID
SetParticleAutoSynchroActorAnimatorParams,bool,bAutoSynchroActorAnimatorParams,自动同步角色动画器参数,b|Auto|Synchro|Actor|Animator|Params
SetParticleEmissionRateDuration,uint32,particleSeqNum,粒子序列数量,particle|Seq|Num
SetParticleEmissionRateDuration,float,emissionRate,发射速率,emission|Rate
SetParticleEmissionRateDuration,StringId,nodeName,节点名称,node|Name
SetParticleEmissionRateDuration,int32,particleTrackId,粒子追踪ID,particle|Track|Id
SetParticleExtraScaleTick,int32,targetId,目标ID,target|Id
SetParticleExtraScaleTick,int32,extraScale,额外缩放,extra|Scale
SetParticleOffsetTick,int32,targetId,目标ID,target|Id
SetParticleOffsetTick,int32,heightOffset,高度偏移,height|Offset
SetParticleSpriteTick,int32,iconType,图标类型,icon|Type
SetParticleSpriteTick,StringId,particleNodeName,粒子节点名称,particle|Node|Name
SetParticleSpriteTick,int32,targetId,目标ID,target|Id
SetParticleSpriteTick,int32,seqNum,序列数量,seq|Num
SetParticleSpriteTick,int32,iconId,图标ID,icon|Id
SetPassiveSkillCD,int32,targetId,目标ID,target|Id
SetPassiveSkillCD,int32,passiveSkillID,被动技能ID,passive|Skill|ID
SetPassiveSkillCD,int32,cdTime,冷却时间,cd|Time
SetPassiveSkillCD,int32,cdTimeRatio,冷却时间比例,cd|Time|Ratio
SetPassiveSkillCD,bool,isRatio,是否比例,is|Ratio
SetPassiveSkillCD,bool,resetToMaxCD,重置到最大冷却,reset|To|Max|CD
SetPathVisibility,StringId,objPath,对象路径,obj|Path
SetPathVisibility,bool,enabled,启用,enabled
SetPathVisibility,TArray<StringId>,excludeMeshes,排除网格,exclude|Meshes
SetPlayerEffectPathToRefParamsTick,StringId,refParamNameVoice,引用参数名称语音,ref|Param|Name|Voice
SetPlayerEffectPathToRefParamsTick,StringId,refParamNameStartMusic,引用参数名称开始音乐,ref|Param|Name|Start|Music
SetPlayerEffectPathToRefParamsTick,StringId,refParamNameEndMusic,引用参数名称结束音乐,ref|Param|Name|End|Music
SetPlayerEffectPathToRefParamsTick,StringId,refParamBindPointName,引用参数绑定点名称,ref|Param|Bind|Point|Name
SetPlayerEffectPathToRefParamsTick,int32,targetId,目标ID,target|Id
SetPlayerEffectPathToRefParamsTick,int32,iPlayerEffectType,i玩家效果类型,i|Player|Effect|Type
SetPlayerEffectPathToRefParamsTick,StringId,refParamName,引用参数名称,ref|Param|Name
SetPlayerEffectPathToRefParamsTick,StringId,refParamNameAdditional,引用参数名称额外,ref|Param|Name|Additional
SetPlaymakerParam,StringId,paramName,参数名称,param|Name
SetPlaymakerParam,StringId,stringValue,字符串值,string|Value
SetPlaymakerParam,Quaternion,quatValue,四元数值,quat|Value
SetPlaymakerParam,StringId,materialValue,材质值,material|Value
SetPlaymakerParam,StringId,textureValue,贴图值,texture|Value
SetPlaymakerParam,Vector3,vec3Value,向量3值,vec|3|Value
SetPlaymakerParam,int32,targetId,目标ID,target|Id
SetPlaymakerParam,int32,paramType,参数类型,param|Type
SetPlaymakerParam,int32,intValue,整数值,int|Value
SetPlaymakerParam,float,floatValue,浮点值,float|Value
SetPlaymakerParam,int32,gameObjectValue,游戏对象值,game|Object|Value
SetPlaymakerParam,bool,specifyFSM,指定状态机,specify|FSM
SetPlaymakerParam,bool,boolValue,布尔值,bool|Value
SetPlaymakerParam,TArray<StringId>,fsmNames,状态机名称,fsm|Names
SetRVORadiusTick,int32,targetId,目标ID,target|Id
SetRVORadiusTick,int32,radius,半径,radius
SetRVORadiusTick,int32,neighborDistance,邻居距离,neighbor|Distance
SetRVORadiusTick,bool,incrementValue,增量值,increment|Value
SetRVORadiusTick,bool,updateRVONeighborDist,更新RVO邻居距离,update|RVO|Neighbor|Dist
SetRenderFowRegionDuration,int32,FowRegionType,前向区域类型,Fow|Region|Type
SetRtpcValueTick,StringId,rtpcName,RTPC名称,rtpc|Name
SetRtpcValueTick,int32,actorId,角色ID,actor|Id
SetRtpcValueTick,int32,rtpcValue,RTPC值,rtpc|Value
SetRtpcValueTick,bool,bSetWhenInvisible,设置当不可见,b|Set|When|Invisible
SetRtpcValueTick,bool,bSetGlobally,设置全局,b|Set|Globally
SetRtpcValueTick,bool,bSkipTransition,跳过过渡,b|Skip|Transition
SetSceneTintColorDuration,VInt3,colorValue,颜色值,color|Value
SetSceneTintColorDuration,float,intensityValue,强度值,intensity|Value
SetSetMecanimDefaultCullModeTick,int32,targetId,目标ID,target|Id
SetSetMecanimDefaultCullModeTick,int32,cullMode,剔除模式,cull|Mode
SetShapeTriggerParamDuration,int32,targetId,目标ID,target|Id
SetShapeTriggerParamDuration,int32,radius,半径,radius
SetShapeTriggerParamDuration,int32,startRadius,开始半径,start|Radius
SetShapeTriggerParamDuration,int32,endRadius,结束半径,end|Radius
SetShapeTriggerParamDuration,int32,lerpFreq,插值频率,lerp|Freq
SetShapeTriggerParamDuration,bool,useLineLerp,使用线插值,use|Line|Lerp
SetShipDriftModeVelTick,VInt3,Vel,速度,Vel
SetShipDriftModeVelTick,int32,actorId,角色ID,actor|Id
SetSkillLearnLinkEffectTick,StringId,resPath,资源路径,res|Path
SetSkillLearnLinkEffectTick,int32,targetId,目标ID,target|Id
SetSkillLearnLinkEffectTick,int32,skillSlotType,技能槽位类型,skill|Slot|Type
SetSkillLevelTick,int32,targetId,目标ID,target|Id
SetSkillLevelTick,int32,slotType,槽位类型,slot|Type
SetSkillLevelTick,bool,changeZeroUseState,变更零使用状态,change|Zero|Use|State
SetSkillLevelTick,bool,bUnlockZeroLevelSkill,解锁零等级技能,b|Unlock|Zero|Level|Skill
SetSkillLevelTick,bool,changeForbidLevelUpState,变更禁止等级上状态,change|Forbid|Level|Up|State
SetSkillLevelTick,bool,bForbidLevelUp,禁止等级上,b|Forbid|Level|Up
SetSkillLevelTick,bool,bResetSkillLevel,重置技能等级,b|Reset|Skill|Level
SetSkillLevelTick,bool,bUpdateSkillLearnStatus,更新技能学习状态,b|Update|Skill|Learn|Status
SetSkillOperateStateInCdWindowTick,int32,targetId,目标ID,target|Id
SetSkillOperateStateInCdWindowTick,bool,setChargeSkillQuickReleaseInCd,设置蓄力技能快速释放内冷却,set|Charge|Skill|Quick|Release|In|Cd
SetSkillOperateStateInCdWindowTick,bool,openQuickRelease,打开快速释放,open|Quick|Release
SetSkillSelectTargetDuration,int32,targetId,目标ID,target|Id
SetSkillSelectTargetDuration,int32,skillSelectTargetID,技能选择目标ID,skill|Select|Target|ID
SetSkillSelectTargetDuration,int32,skillSlotTypeMask,技能槽位类型掩码,skill|Slot|Type|Mask
SetSkillSelectTargetDuration,int32,extraSkillSelectRadius,额外技能选择半径,extra|Skill|Select|Radius
SetSkillSlotCDTick,bool,setCurMaxCD,设置当前最大冷却,set|Cur|Max|CD
SetSkillSlotCDTick,bool,setCurCD,设置当前冷却,set|Cur|CD
SetSkillSlotCDTick,bool,setIgnoreCdReduce,设置忽略冷却减少,set|Ignore|Cd|Reduce
SetSkillSlotCDTick,bool,isIgnoreCdReduce,是否忽略冷却减少,is|Ignore|Cd|Reduce
SetSkillSlotCDTick,bool,setSkillBeanCDReduction,设置技能豆冷却减少,set|Skill|Bean|CD|Reduction
SetSkillSlotCDTick,bool,reduceRemainingCdByRate,减少剩余冷却由速率,reduce|Remaining|Cd|By|Rate
SetSkillSlotCDTick,int32,targetId,目标ID,target|Id
SetSkillSlotCDTick,int32,slotType,槽位类型,slot|Type
SetSkillSlotCDTick,int32,curMaxCD,当前最大冷却,cur|Max|CD
SetSkillSlotCDTick,int32,curCD,当前冷却,cur|CD
SetSkillSlotCDTick,int32,skillBeanCDReductionType,技能豆冷却减少类型,skill|Bean|CD|Reduction|Type
SetSkillSlotCDTick,int32,reductionRates,减少速率,reduction|Rates
SetSkillSlotCDTick,int32,reductionValue,减少值,reduction|Value
SetSpecialHurtMaterialHostTick,int32,targetId,目标ID,target|Id
SetSpecialHurtMaterialHostTick,int32,hostId,宿主ID,host|Id
SetSpecialHurtTargetDuration,int32,targetId,目标ID,target|Id
SetSpecialHurtTargetDuration,int32,specialHurtTargetID,特殊伤害目标ID,special|Hurt|Target|ID
SetSpecialHurtTargetDuration,bool,bContinueslySet,持续设置,b|Continuesly|Set
SetSpecialHurtTargetDuration,bool,bMultiTarget,多重目标,b|Multi|Target
SetSquadUnitTick,int32,actorId,角色ID,actor|Id
SetSquadUnitTick,bool,refreshCall,刷新调用,refresh|Call
SetTagLayer,StringId,tag,标签,tag
SetTagLayer,int32,targetId,目标ID,target|Id
SetTagLayer,int32,layer,层,layer
SetTagLayer,bool,enableLayer,启用层,enable|Layer
SetTagLayer,bool,enableTag,启用标签,enable|Tag
SetTerminateEffectCountTick,int32,targetId,目标ID,target|Id
SetTerminateEffectCountTick,int32,Count,计数,Count
SetTimeLapsePosDuration,int32,targetId,目标ID,target|Id
SetTimeLapsePosDuration,int32,srcId,来源ID,src|Id
SetTimeLapsePosDuration,int32,timeLapseMaxLen,时间流逝最大长度,time|Lapse|Max|Len
SetTimeLapsePosDuration,int32,slotType,槽位类型,slot|Type
SetTimeLapsePosDuration,bool,bHideBySkillCD,隐藏由技能冷却,b|Hide|By|Skill|CD
SetUnityComponentTick,TArray<float>,floatValues,浮点值,float|Values
SetUnityComponentTick,TArray<StringId>,intNames,整数名称,int|Names
SetUnityComponentTick,TArray<int32>,intValues,整数值,int|Values
SetUnityComponentTick,TArray<StringId>,boolNames,布尔名称,bool|Names
SetUnityComponentTick,TArray<bool>,boolValues,布尔值,bool|Values
SetUnityComponentTick,TArray<StringId>,vector3Names,向量3名称,vector|3|Names
SetUnityComponentTick,TArray<Vector3>,vector3Values,向量3值,vector|3|Values
SetUnityComponentTick,StringId,componentName,组件名称,component|Name
SetUnityComponentTick,StringId,specifiedNodePathOrName,指定节点路径或名称,specified|Node|Path|Or|Name
SetUnityComponentTick,int32,targetId,目标ID,target|Id
SetUnityComponentTick,bool,addNewWhenNoComponent,添加新当无组件,add|New|When|No|Component
SetUnityComponentTick,bool,includeAllSubNode,包含全部子节点,include|All|Sub|Node
SetUnityComponentTick,TArray<StringId>,floatNames,浮点名称,float|Names
SetUnityObjectAnimatorParamTick,int32,targetId,目标ID,target|Id
SetUnityObjectAnimatorParamTick,int32,paramType,参数类型,param|Type
SetUnityObjectAnimatorParamTick,float,floatValue,浮点值,float|Value
SetUnityObjectAnimatorParamTick,int32,intValue,整数值,int|Value
SetUnityObjectAnimatorParamTick,bool,boolValue,布尔值,bool|Value
SetUnityObjectAnimatorParamTick,StringId,childPartName,子级部件名称,child|Part|Name
SetUnityObjectAnimatorParamTick,StringId,paramName,参数名称,param|Name
SetUpSecondEnergyTick,StringId,secBarImg,秒条图片,sec|Bar|Img
SetUpSecondEnergyTick,StringId,secBarMarkPath,秒条标记路径,sec|Bar|Mark|Path
SetUpSecondEnergyTick,int32,targetId,目标ID,target|Id
SetUpSecondEnergyTick,StringId,firstBarImg,首个条图片,first|Bar|Img
SetUpSecondEnergyTick,StringId,firstBarMarkPath,首个条标记路径,first|Bar|Mark|Path
SetVisibility,int32,targetId,目标ID,target|Id
SetVisibility,bool,includeCallMonster,包含调用野怪,include|Call|Monster
SetVisibility,bool,onlyCallMonster,仅调用野怪,only|Call|Monster
SetVisibility,bool,enabled,启用,enabled
SetVisibility,bool,setActorMatTranslucent,设置角色材质半透明,set|Actor|Mat|Translucent
SetVisibility,bool,isTranslucent,是否半透明,is|Translucent
SetVisibility,bool,setActorLayer,设置角色层,set|Actor|Layer
SetVisibility,bool,isActorLayer,是否角色层,is|Actor|Layer
SetVisibility,TArray<StringId>,excludeMeshes,排除网格,exclude|Meshes
SetWeatherDuration,Vector3,_HD_ExposureColor,高清曝光颜色,HD|Exposure|Color
SetWeatherDuration,Vector3,_HD_DarkCornerIntensity,高清暗角落强度,HD|Dark|Corner|Intensity
SetWeatherDuration,Vector3,_HD_MainLightColor,高清主光颜色,HD|Main|Light|Color
SetWeatherDuration,Vector3,_HD_WaterHighLightDir,高清水高光方向,HD|Water|High|Light|Dir
SetWeatherDuration,Vector3,_HD_WaterHighLightColor,高清水高光颜色,HD|Water|High|Light|Color
SetWeatherDuration,Vector3,_HD_AmbientColor,高清环境颜色,HD|Ambient|Color
SetWeatherDuration,Vector3,_HD_GiDiffuseColor,高清GI漫反射颜色,HD|Gi|Diffuse|Color
SetWeatherDuration,Vector3,_HD_GiSpecularColor,高清GI高光颜色,HD|Gi|Specular|Color
SetWeatherDuration,Vector3,_HIGH_ExposureColor,高曝光颜色,HIGH|Exposure|Color
SetWeatherDuration,Vector3,_HIGH_DarkCornerIntensity,高暗角落强度,HIGH|Dark|Corner|Intensity
SetWeatherDuration,Vector3,_HIGH_MainLightColor,高主光颜色,HIGH|Main|Light|Color
SetWeatherDuration,Vector3,_HIGH_WaterHighLightDir,高水高光方向,HIGH|Water|High|Light|Dir
SetWeatherDuration,Vector3,_HIGH_WaterHighLightColor,高水高光颜色,HIGH|Water|High|Light|Color
SetWeatherDuration,Vector3,_HIGH_AmbientColor,高环境颜色,HIGH|Ambient|Color
SetWeatherDuration,Vector3,_HIGH_GiDiffuseColor,高GI漫反射颜色,HIGH|Gi|Diffuse|Color
SetWeatherDuration,Vector3,_HIGH_GiSpecularColor,高GI高光颜色,HIGH|Gi|Specular|Color
SetWeatherDuration,int32,iAnimationPlayTick,i动画播放每帧,i|Animation|Play|Tick
SetWeatherDuration,float,_HD_ExposureColorIntensity,高清曝光颜色强度,HD|Exposure|Color|Intensity
SetWeatherDuration,float,_HD_MainLightIntensity,高清主光强度,HD|Main|Light|Intensity
SetWeatherDuration,float,_HD_GiDiffuseColorIntensity,高清GI漫反射颜色强度,HD|Gi|Diffuse|Color|Intensity
SetWeatherDuration,float,_HD_GiSpecularColorIntensity,高清GI高光颜色强度,HD|Gi|Specular|Color|Intensity
SetWeatherDuration,float,_HD_DirectSpecIntensity,高清直接规格强度,HD|Direct|Spec|Intensity
SetWeatherDuration,float,_HD_RoughPower,高清粗糙威力,HD|Rough|Power
SetWeatherDuration,float,_HIGH_ExposureColorIntensity,高曝光颜色强度,HIGH|Exposure|Color|Intensity
SetWeatherDuration,float,_HIGH_MainLightIntensity,高主光强度,HIGH|Main|Light|Intensity
SetWeatherDuration,float,_HIGH_GiDiffuseColorIntensity,高GI漫反射颜色强度,HIGH|Gi|Diffuse|Color|Intensity
SetWeatherDuration,float,_HIGH_GiSpecularColorIntensity,高GI高光颜色强度,HIGH|Gi|Specular|Color|Intensity
SetWeatherDuration,float,_HIGH_DirectSpecIntensity,高直接规格强度,HIGH|Direct|Spec|Intensity
SetWeatherDuration,float,_HIGH_RoughPower,高粗糙威力,HIGH|Rough|Power
SetWeatherDuration,bool,bEnable,启用,b|Enable
SetWeatherDuration,bool,bPlayAnimation,播放动画,b|Play|Animation
SetWeatherDuration,StringId,_HD_Animation_Name,高清动画名称,HD|Animation|Name
SetWeatherDuration,StringId,_HIGH_Animation_Name,高动画名称,HIGH|Animation|Name
SetWeatherEffectTick,int32,weatherType,天气类型,weather|Type
SetWeatherEffectTick,int32,actionType,动作类型,action|Type
SetWeatherEffectTick,int32,lerpId,插值ID,lerp|Id
SetWeatherEffectTick,int32,paramId,参数ID,param|Id
SetWeatherEffectTick,float,paramIdLerpTime,参数ID插值时间,param|Id|Lerp|Time
SetWeatherEffectTick,bool,enabled,启用,enabled
ShieldTransferHpTick,int32,actorId,角色ID,actor|Id
ShieldTransferHpTick,int32,shieldType,护盾类型,shield|Type
ShieldTransferHpTick,int32,transValue,变换值,trans|Value
ShieldTransferHpTick,bool,ignoreTherapicToShield,忽略治疗到护盾,ignore|Therapic|To|Shield
ShipDriftAutoMove,bool,bEnableWhenForbidMoveCmd,启用当禁止移动指令,b|Enable|When|Forbid|Move|Cmd
ShipDriftAutoMove,VInt3,DstPos,目标位置,Dst|Pos
ShipDriftAutoMove,int32,actorId,角色ID,actor|Id
ShipDriftAutoMove,int32,maxNoReachTime,最大无到达时间,max|No|Reach|Time
ShipDriftAutoMove,int32,distAsReachTarget,距离作为到达目标,dist|As|Reach|Target
ShipDriftMode,TArray<VInt3>,vdspeeds,速度数组,vdspeeds
ShipDriftMode,VInt3,boxsize,盒子尺寸,boxsize
ShipDriftMode,VInt3,posisitonOffset,位置偏移,posisiton|Offset
ShipDriftMode,VInt3,scaleOffset,缩放偏移,scale|Offset
ShipDriftMode,StringId,speedMark,速度标记,speed|Mark
ShipDriftMode,int32,actorId,角色ID,actor|Id
ShipDriftMode,int32,ShipMass,船质量,Ship|Mass
ShipDriftMode,int32,MoveAcc,移动加速,Move|Acc
ShipDriftMode,int32,MaxMoveSpeed,最大移动速度,Max|Move|Speed
ShipDriftMode,int32,MoveDeceleration,移动减速,Move|Deceleration
ShipDriftMode,int32,RotateSmoothTime,旋转平滑时间,Rotate|Smooth|Time
ShipDriftMode,int32,MaxRotateSpeed,最大旋转速度,Max|Rotate|Speed
ShipDriftMode,int32,MoveAccCoefficient,移动加速系数,Move|Acc|Coefficient
ShipDriftMode,int32,MoveDragCoefficient,移动拖拽系数,Move|Drag|Coefficient
ShipDriftMode,int32,MoveRotateDragCoefficient,移动旋转拖拽系数,Move|Rotate|Drag|Coefficient
ShipDriftMode,int32,deCollisionVelAccel,减碰撞速度加速,de|Collision|Vel|Accel
ShipDriftMode,int32,outControlTime,外控制时间,out|Control|Time
ShipDriftMode,int32,sameCampOutControlTime,相同阵营外控制时间,same|Camp|Out|Control|Time
ShipDriftMode,int32,collisionInertia,碰撞惯性,collision|Inertia
ShipDriftMode,int32,deCollisionRotVelAccel,减碰撞旋转速度加速,de|Collision|Rot|Vel|Accel
ShipDriftMode,int32,frontstrength,正面强度,frontstrength
ShipDriftMode,int32,sidestrength,侧面强度,sidestrength
ShipDriftMode,int32,restitution,恢复系数,restitution
ShipDriftMode,int32,samecamprestitution,同阵营恢复系数,samecamprestitution
ShipDriftMode,int32,collisionCD,碰撞冷却,collision|CD
ShipDriftMode,int32,collisionSideAngularDecayRate,碰撞侧角衰减速率,collision|Side|Angular|Decay|Rate
ShipDriftMode,int32,minCollisinImpluse,最小碰撞冲量,min|Collisin|Impluse
ShipDriftMode,int32,maxCollisinImpluse,最大碰撞冲量,max|Collisin|Impluse
ShipDriftMode,int32,maxSpeedMarkRate,最大速度标记速率,max|Speed|Mark|Rate
ShipDriftMode,bool,bOpenSpeedMark,打开速度标记,b|Open|Speed|Mark
ShipDriftMode,bool,bShowAs3DUI,显示作为3DUI,b|Show|As|3|DUI
ShipDriftMode,TArray<int32>,observers,观察者,observers
ShipMode,int32,actorId,角色ID,actor|Id
ShipMode,int32,constAccSpeed,常量加速速度,const|Acc|Speed
ShipMode,int32,maxSpeedRatio,最大速度比例,max|Speed|Ratio
ShipMode,int32,minSpeed,最小速度,min|Speed
ShipMode,int32,brakeSpeed,刹车速度,brake|Speed
ShipMode,int32,idleBrakeSpeed,待机刹车速度,idle|Brake|Speed
ShipMode,int32,angleRotateSpeedNoControl,角度旋转速度无控制,angle|Rotate|Speed|No|Control
ShipMode,int32,bigAngleValue,大角度值,big|Angle|Value
ShipMode,int32,bigAngleBuff,大角度增益,big|Angle|Buff
ShipMode,bool,bForbidMoveRotate,禁止移动旋转,b|Forbid|Move|Rotate
ShipMode,TArray<StringId>,speedMarks,速度标记,speed|Marks
ShowCommonGuideUIFormTick,TArray<StringId>,content,内容,content
ShowCommonGuideUIFormTick,TArray<StringId>,PreLoadRes,预加载资源,Pre|Load|Res
ShowCommonGuideUIFormTick,StringId,formName,形态名称,form|Name
ShowCommonGuideUIFormTick,StringId,formTitle,形态标题,form|Title
ShowCommonGuideUIFormTick,int32,delayShowInteractable,延迟显示可交互,delay|Show|Interactable
ShowCommonGuideUIFormTick,bool,bPauseGame,暂停游戏,b|Pause|Game
ShowCommonGuideUIFormTick,TArray<int32>,contentType,内容类型,content|Type
ShowDeathMatchImgDuration,int32,targetId,目标ID,target|Id
ShowDeathMatchImgDuration,StringId,headFramePath,头部帧路径,head|Frame|Path
ShowDeathMatchImgDuration,int32,sourceId,来源ID,source|Id
ShowGuideIndicatorTick,int32,IndicatorId,指示器ID,Indicator|Id
ShowGuideIndicatorTick,int32,ContentID,内容ID,Content|ID
ShowGuideIndicatorTick,bool,bShow,显示,b|Show
ShowGuideTipsTick,StringId,CloseAnim,关闭动画,Close|Anim
ShowGuideTipsTick,int32,TipsUIType,提示UI类型,Tips|UI|Type
ShowGuideTipsTick,int32,TipsContentID,提示内容ID,Tips|Content|ID
ShowGuideTipsTick,int32,AutoCloseTime,自动关闭时间,Auto|Close|Time
ShowGuideTipsTick,int32,DetailContentType,细节内容类型,Detail|Content|Type
ShowGuideTipsTick,int32,DetailContentID,细节内容ID,Detail|Content|ID
ShowGuideTipsTick,bool,Show,显示,Show
ShowGuideTipsTick,bool,FocusAnimation,焦点动画,Focus|Animation
ShowGuideTipsTick,bool,AutoClose,自动关闭,Auto|Close
ShowGuideTipsTick,bool,ShowDetailBtn,显示细节按钮,Show|Detail|Btn
ShowGuideTipsTick,StringId,IconPath,图标路径,Icon|Path
ShowGuideTipsTick,StringId,AutoCloseText,自动关闭文本,Auto|Close|Text
ShowGuideUIFormTick,int32,FormType,形态类型,Form|Type
ShowGuideUIFormTick,int32,delayShowInteractable,延迟显示可交互,delay|Show|Interactable
ShowGuideUIFormTick,bool,bPauseGame,暂停游戏,b|Pause|Game
ShowHeroIconImageDuration,VInt3,translation,平移,translation
ShowHeroIconImageDuration,int32,targetId,目标ID,target|Id
ShowHeroIconImageDuration,int32,heroId,英雄ID,hero|Id
ShowHonorRoadUITick,int32,targetID,目标ID,target|ID
ShowHonorRoadUITick,int32,originID,原点ID,origin|ID
ShowHonorRoadUITick,bool,bEnable,启用,b|Enable
ShowHudActorHeadIconDuration,int32,srcId,来源ID,src|Id
ShowHudActorHeadIconDuration,int32,targetId,目标ID,target|Id
ShowHudActorHeadIconDuration,int32,countDownTime,计数下时间,count|Down|Time
ShowHudActorHeadIconDuration,int32,headPos,头部位置,head|Pos
ShowImageDuration,int32,srcId,来源ID,src|Id
ShowImageDuration,int32,atkerId,攻击者ID,atker|Id
ShowMaxSkillCDOnHUD,int32,srcId,来源ID,src|Id
ShowMaxSkillCDOnHUD,int32,targetId,目标ID,target|Id
ShowMaxSkillCDOnHUD,int32,slotType,槽位类型,slot|Type
ShowMaxSkillCDOnHUD,int32,minCD,最小冷却,min|CD
ShowMaxSkillCDOnHUD,bool,forceLock,力锁定,force|Lock
ShowMaxSkillCDOnHUD,bool,otherCanSee,其他可见,other|Can|See
ShowMiniMapHeroDynamicAttachDuration,int32,actorId,角色ID,actor|Id
ShowMiniMapHeroDynamicAttachDuration,int32,attachIconType,附加图标类型,attach|Icon|Type
ShowMiniMapHeroDynamicAttachDuration,int32,layer,层,layer
ShowMonsterFightAreaTick,int32,targetMonster,目标野怪,target|Monster
ShowMonsterFightAreaTick,int32,atker,攻击者,atker
ShowMonsterFightAreaTick,int32,timeMs,时间毫秒,time|Ms
ShowPointerUIFormTick,TArray<StringId>,contents,内容,contents
ShowPointerUIFormTick,StringId,formPath,形态路径,form|Path
ShowPointerUIFormTick,StringId,pointerPath,指针路径,pointer|Path
ShowPointerUIFormTick,bool,bShow,显示,b|Show
ShowPointerUIFormTick,bool,bNeedAddition,需要附加,b|Need|Addition
ShowPointerUIFormTick,TArray<StringId>,contentsPath,内容路径,contents|Path
ShowSkillTargetImgDuration,int32,srcId,来源ID,src|Id
ShowSkillTargetImgDuration,int32,targetId,目标ID,target|Id
ShowSkillTargetImgDuration,int32,slotType,槽位类型,slot|Type
ShowSkillTargetImgDuration,int32,targetConfigID,目标配置ID,target|Config|ID
ShowSkillTargetImgDuration,bool,bUseConfigIDInstead,使用配置ID改为,b|Use|Config|ID|Instead
ShowTargetBloodDuration,int32,srcId,来源ID,src|Id
ShowTargetBloodDuration,int32,targetId,目标ID,target|Id
ShowUnactiveBuffDuration,int32,buffOriginatorId,增益发起者ID,buff|Originator|Id
ShowUnactiveBuffDuration,int32,buffId,增益ID,buff|Id
ShowUnactiveBuffDuration,int32,boundaryActorId,边界角色ID,boundary|Actor|Id
ShowUnactiveBuffDuration,bool,bOnlyShowActive,仅显示激活,b|Only|Show|Active
SimpleGameEventTriggerDurationClient,int32,uniqueId,唯一ID,unique|Id
SimpleGameEventTriggerDurationClient,StringId,iconName,图标名称,icon|Name
SimpleGameEventTriggerDurationClient,int32,actorId,角色ID,actor|Id
SimpleMoveDuration,int32,minMoveDistance,最小移动距离,min|Move|Distance
SimpleMoveDuration,int32,maxMoveDistance,最大移动距离,max|Move|Distance
SimpleMoveDuration,int32,moveSpeed,移动速度,move|Speed
SimpleMoveDuration,int32,acceleration,加速度,acceleration
SimpleMoveDuration,int32,maxMoveSpeed,最大移动速度,max|Move|Speed
SimpleMoveDuration,bool,bNotLimitMove,非限制移动,b|Not|Limit|Move
SimpleMoveDuration,bool,IgnoreCollision,忽略碰撞,Ignore|Collision
SimpleMoveDuration,bool,bIgnoreAreaLimit,忽略区域限制,b|Ignore|Area|Limit
SimpleMoveDuration,bool,bContinuousFowDetection,持续前向检测,b|Continuous|Fow|Detection
SimpleMoveDuration,bool,bBullet,子弹,b|Bullet
SimpleMoveDuration,bool,bNoRotate,无旋转,b|No|Rotate
SimpleMoveDuration,int32,actorId,角色ID,actor|Id
SimpleMoveDuration,int32,moveType,移动类型,move|Type
SimpleMoveDuration,int32,destId,目标ID,dest|Id
SimpleMoveDuration,int32,dirType,方向类型,dir|Type
SimpleMoveDuration,int32,destId2,目标ID2,dest|Id|2
SimpleMoveDuration,int32,destId3,目标ID3,dest|Id|3
SimpleScaleActorMeshDuration,int32,scaleX,缩放X,scale|X
SimpleScaleActorMeshDuration,int32,scaleY,缩放Y,scale|Y
SimpleScaleActorMeshDuration,int32,scaleZ,缩放Z,scale|Z
SimpleScaleActorMeshDuration,int32,startTime,开始时间,start|Time
SimpleScaleActorMeshDuration,int32,recoverTime,恢复时间,recover|Time
SimpleScaleActorMeshDuration,bool,recoverOnEnd,恢复开结束,recover|On|End
SimpleScaleActorMeshDuration,StringId,subMeshName,子网格名称,sub|Mesh|Name
SimpleScaleActorMeshDuration,int32,actorId,角色ID,actor|Id
SimpleSpawnBuffDuration,int32,originatorId,发起者ID,originator|Id
SimpleSpawnBuffDuration,int32,targetId,目标ID,target|Id
SimpleSpawnBuffDuration,int32,buffLayer,增益层,buff|Layer
SimpleSpawnBuffDuration,TArray<int32>,buffIds,增益ID,buff|Ids
SimpleSpawnBuffTick,int32,originatorId,发起者ID,originator|Id
SimpleSpawnBuffTick,int32,targetId,目标ID,target|Id
SimpleSpawnBuffTick,int32,distanceLimit,距离限制,distance|Limit
SimpleSpawnBuffTick,int32,buffLayer,增益层,buff|Layer
SimpleSpawnBuffTick,int32,customDuration,自定义持续时间,custom|Duration
SimpleSpawnBuffTick,bool,bSpecify,指定,b|Specify
SimpleSpawnBuffTick,bool,bGetSameCamp,获取相同阵营,b|Get|Same|Camp
SimpleSpawnBuffTick,bool,bGetOtherCamp,获取其他阵营,b|Get|Other|Camp
SimpleSpawnBuffTick,bool,bSpecialHurtTarget,特殊伤害目标,b|Special|Hurt|Target
SimpleSpawnBuffTick,bool,bAllCallActors,全部调用角色,b|All|Call|Actors
SimpleSpawnBuffTick,bool,bFilterDead,过滤死亡,b|Filter|Dead
SimpleSpawnBuffTick,bool,bIgnoreSetTargetBeAttackHit,忽略设置目标为攻击命中,b|Ignore|Set|Target|Be|Attack|Hit
SimpleSpawnBuffTick,bool,bClearContext,清除上下文,b|Clear|Context
SimpleSpawnBuffTick,bool,bOnlyChangeOriginator,仅变更发起者,b|Only|Change|Originator
SimpleSpawnBuffTick,bool,bExtraBuff,额外增益,b|Extra|Buff
SimpleSpawnBuffTick,TArray<int32>,buffIds,增益ID,buff|Ids
SimpleSpawnObjectDuration,StringId,prefabName,预制体名称,prefab|Name
SimpleSpawnObjectDuration,Vector3,scaling,缩放,scaling
SimpleSpawnObjectDuration,int32,targetId,目标ID,target|Id
SimpleSpawnObjectDuration,int32,parentId,父级ID,parent|Id
SimpleSpawnObjectDuration,int32,objectSpaceId,对象空间ID,object|Space|Id
SimpleSpawnObjectDuration,int32,yRotation,y旋转,y|Rotation
SimpleSpawnObjectDuration,int32,offsetDistance,偏移距离,offset|Distance
SimpleSpawnObjectDuration,int32,useThisLayerFlag,使用该层标记,use|This|Layer|Flag
SimpleSpawnObjectDuration,bool,bTransNotFollowParent,变换非跟随父级,b|Trans|Not|Follow|Parent
SimpleSpawnObjectDuration,bool,bDirNotFollowedByParent,方向非被跟随由父级,b|Dir|Not|Followed|By|Parent
SimpleSpawnObjectDuration,bool,bDirKeepOffsetWithParent,方向保持偏移与父级,b|Dir|Keep|Offset|With|Parent
SimpleSpawnObjectDuration,bool,bFixInitRenderPos,固定初始化渲染位置,b|Fix|Init|Render|Pos
SimpleSpawnObjectDuration,bool,bUseAbsoluteDir,使用绝对方向,b|Use|Absolute|Dir
SimpleSpawnObjectDuration,bool,bUseIndicatorDir,使用指示器方向,b|Use|Indicator|Dir
SimpleSpawnObjectDuration,bool,modifyTranslation,修改平移,modify|Translation
SimpleSpawnObjectDuration,bool,needAddToSceneMgr,需要添加到场景管理器,need|Add|To|Scene|Mgr
SimpleSpawnObjectDuration,bool,modifyDirection,修改方向,modify|Direction
SimpleSpawnObjectDuration,bool,modifyScaling,修改缩放,modify|Scaling
SimpleSpawnObjectDuration,bool,bVisibleByFow,可见由前向,b|Visible|By|Fow
SimpleSpawnObjectDuration,bool,bCheckVisibleByShape,检查可见由形状,b|Check|Visible|By|Shape
SimpleSpawnObjectDuration,VInt3,translation,平移,translation
SimpleSpawnObjectDuration,VInt3,direction,方向,direction
SimpleSpawnPassiveDuration,int32,targetId,目标ID,target|Id
SimpleSpawnPassiveDuration,bool,bProject8Player,项目8玩家,b|Project|8|Player
SimpleSpawnPassiveDuration,bool,bIsRemove,是否移除,b|Is|Remove
SimpleSpawnPassiveDuration,bool,bRemoveAll,移除全部,b|Remove|All
SimpleSpawnPassiveDuration,TArray<int32>,passiveIds,被动ID,passive|Ids
SkillButtonUISwitchTick,int32,actorId,角色ID,actor|Id
SkillButtonUISwitchTick,int32,slotTypes,槽位类型,slot|Types
SkillButtonUISwitchTick,int32,extraSlotTypes,额外槽位类型,extra|Slot|Types
SkillButtonUISwitchTick,bool,bOpen,打开,b|Open
SkillButtonUISwitchTick,bool,bModifyExtraButton,修改额外按钮,b|Modify|Extra|Button
SkillCDSpeedUpDuration,int32,srcId,来源ID,src|Id
SkillCDSpeedUpDuration,int32,slotType,槽位类型,slot|Type
SkillCDSpeedUpDuration,int32,speedRatio,速度比例,speed|Ratio
SkillCDTriggerDuration,int32,targetId,目标ID,target|Id
SkillCDTriggerDuration,int32,slotType,槽位类型,slot|Type
SkillCDTriggerDuration,int32,abortReduceTime,中止减少时间,abort|Reduce|Time
SkillCDTriggerDuration,bool,useSlotType,使用槽位类型,use|Slot|Type
SkillCDTriggerDuration,bool,bAbortReduce,中止减少,b|Abort|Reduce
SkillCDTriggerTick,bool,bTriggerOMGConsumableUse,触发OMG消耗品使用,b|Trigger|OMG|Consumable|Use
SkillCDTriggerTick,int32,targetId,目标ID,target|Id
SkillCDTriggerTick,int32,slotType,槽位类型,slot|Type
SkillCDTriggerTick,int32,triggerRatio,触发比例,trigger|Ratio
SkillCDTriggerTick,int32,chargingCDMinRatio,蓄力中冷却最小比例,charging|CD|Min|Ratio
SkillCDTriggerTick,int32,specifiedSkillCfgID,指定技能配置ID,specified|Skill|Cfg|ID
SkillCDTriggerTick,int32,overrideCDValue,覆盖冷却值,override|CD|Value
SkillCDTriggerTick,bool,useSlotType,使用槽位类型,use|Slot|Type
SkillCDTriggerTick,bool,forbidTriggerRepeatedly,禁止触发重复,forbid|Trigger|Repeatedly
SkillCDTriggerTick,bool,bChargingSkillCD,蓄力中技能冷却,b|Charging|Skill|CD
SkillCDTriggerTick,bool,bReduceChangeSkillTime,减少变更技能时间,b|Reduce|Change|Skill|Time
SkillCacheMoveDuration,int32,targetId,目标ID,target|Id
SkillCacheMoveDuration,int32,moveSpeed,移动速度,move|Speed
SkillCacheMoveDuration,int32,moveDistanceMultipleLimit,移动距离多重限制,move|Distance|Multiple|Limit
SkillCacheMoveDuration,bool,bIgnoreObstacle,忽略障碍,b|Ignore|Obstacle
SkillCacheMoveDuration,bool,bIgnoreAreaLimit,忽略区域限制,b|Ignore|Area|Limit
SkillCacheMoveDuration,bool,bLeaveSkillAbort,离开技能中止,b|Leave|Skill|Abort
SkillCacheMoveDuration,bool,bIgnoreForbidMove,忽略禁止移动,b|Ignore|Forbid|Move
SkillCacheMoveDuration,bool,bMoveRotation,移动旋转,b|Move|Rotation
SkillCacheMoveDuration,bool,bRotateToCounterDir,旋转到计数方向,b|Rotate|To|Counter|Dir
SkillCacheMoveDuration,bool,bLerpImmediateRotate,插值立即旋转,b|Lerp|Immediate|Rotate
SkillCacheMoveDuration,bool,bKeepTargetY,保持目标Y,b|Keep|Target|Y
SkillCacheMoveDuration,bool,bLockCacheMoveCmd,锁定缓存移动指令,b|Lock|Cache|Move|Cmd
SkillCastableTriggerDuration,int32,targetId,目标ID,target|Id
SkillCastableTriggerDuration,int32,slotType,槽位类型,slot|Type
SkillCastableTriggerDuration,int32,buffId,增益ID,buff|Id
SkillCastableTriggerDuration,uint32,triggerInterval,触发间隔,trigger|Interval
SkillContextConfigTick,int32,effectCount,效果计数,effect|Count
SkillContextConfigTick,bool,bRestEffectCount,其余效果计数,b|Rest|Effect|Count
SkillEffectDuration,int32,targetId,目标ID,target|Id
SkillEffectDuration,int32,skillCombine_1,技能合并1,skill|Combine|1
SkillEffectDuration,int32,skillCombine_2,技能合并2,skill|Combine|2
SkillEffectDuration,int32,skillCombine_3,技能合并3,skill|Combine|3
SkillEffectDuration,bool,bClearAll,清除全部,b|Clear|All
SkillEnergyCostDuration,int32,targetId,目标ID,target|Id
SkillEnergyCostDuration,int32,energyCostTotal,能量消耗总计,energy|Cost|Total
SkillEnergyCostDuration,int32,energyCostCurrEpMode,能量消耗当前能量模式,energy|Cost|Curr|Ep|Mode
SkillEnergyCostDuration,int32,tarPosId,目标位置ID,tar|Pos|Id
SkillEnergyCostDuration,int32,tarRadius,目标半径,tar|Radius
SkillEnergyCostDuration,bool,bUseSkillCost,使用技能消耗,b|Use|Skill|Cost
SkillEnergyCostDuration,bool,bInheritCostWhenBulletTriggered,继承消耗当子弹已触发,b|Inherit|Cost|When|Bullet|Triggered
SkillEnergyCostDuration,bool,bCostWhenStop,消耗当停止,b|Cost|When|Stop
SkillEnergyCostDuration,bool,bTargetPositionReached,目标位置已到达,b|Target|Position|Reached
SkillEnergyCostTriggerTick,int32,targetId,目标ID,target|Id
SkillForbidAverageTick,int32,targetId,目标ID,target|Id
SkillFuncDuration,int32,SkillFuncType,技能函数类型,Skill|Func|Type
SkillFuncDuration,int32,effectParamIndex,效果参数索引,effect|Param|Index
SkillFuncDuration,int32,SkillFuncDynamicParameter,技能函数动态参数,Skill|Func|Dynamic|Parameter
SkillFuncDuration,int32,changeSkillSlot,变更技能槽位,change|Skill|Slot
SkillFuncDuration,bool,bChangeSkillSlot,变更技能槽位,b|Change|Skill|Slot
SkillFuncInstant,int32,SkillFuncType,技能函数类型,Skill|Func|Type
SkillFuncInstant,int32,effectParamIndex,效果参数索引,effect|Param|Index
SkillFuncInstant,int32,changeSkillSlot,变更技能槽位,change|Skill|Slot
SkillFuncInstant,int32,SkillFuncDynamicParameter,技能函数动态参数,Skill|Func|Dynamic|Parameter
SkillFuncInstant,bool,ignorePredict,忽略预测,ignore|Predict
SkillFuncInstant,bool,bChangeSkillSlot,变更技能槽位,b|Change|Skill|Slot
SkillFuncPerioidc,int32,SkillFuncType,技能函数类型,Skill|Func|Type
SkillFuncPerioidc,int32,SkillFuncDynamicParameter,技能函数动态参数,Skill|Func|Dynamic|Parameter
SkillFuncPerioidc,int32,effectParamIndex,效果参数索引,effect|Param|Index
SkillFuncPerioidc,int32,changeSkillSlot,变更技能槽位,change|Skill|Slot
SkillFuncPerioidc,bool,bAccurateTiming,精确时机,b|Accurate|Timing
SkillFuncPerioidc,bool,bOpenClientRender,打开客户端渲染,b|Open|Client|Render
SkillFuncPerioidc,bool,bChangeSkillSlot,变更技能槽位,b|Change|Skill|Slot
SkillGatherDuration,int32,targetId,目标ID,target|Id
SkillGatherDuration,int32,triggerRadius,触发半径,trigger|Radius
SkillGatherDuration,int32,triggerTime,触发时间,trigger|Time
SkillGatherDuration,int32,gatherTimeAmplificationFactor,聚集时间增幅系数,gather|Time|Amplification|Factor
SkillGatherDuration,bool,bGatherTime,聚集时间,b|Gather|Time
SkillGatherDuration,bool,bRoundOff,圆关,b|Round|Off
SkillHidingDuration,int32,targetId,目标ID,target|Id
SkillHidingDuration,int32,skillCombineID,技能合并ID,skill|Combine|ID
SkillHidingDuration,int32,checkBuffID,检查增益ID,check|Buff|ID
SkillHidingDuration,bool,bCheckSpawn,检查生成,b|Check|Spawn
SkillHitCountDuration,StringId,soundName3,音效名称3,sound|Name|3
SkillHitCountDuration,int32,targetId,目标ID,target|Id
SkillHitCountDuration,int32,fromType,从类型,from|Type
SkillHitCountDuration,int32,maxDisplayHitNum,最大显示命中数量,max|Display|Hit|Num
SkillHitCountDuration,int32,showTag,显示标签,show|Tag
SkillHitCountDuration,int32,hitNum0,命中数量0,hit|Num|0
SkillHitCountDuration,int32,hitNum1,命中数量1,hit|Num|1
SkillHitCountDuration,int32,hitNum2,命中数量2,hit|Num|2
SkillHitCountDuration,int32,hitNum3,命中数量3,hit|Num|3
SkillHitCountDuration,int32,buffId,增益ID,buff|Id
SkillHitCountDuration,bool,bResetHitCount,重置命中计数,b|Reset|Hit|Count
SkillHitCountDuration,bool,bPlaySoundAtEnd,播放音效在结束,b|Play|Sound|At|End
SkillHitCountDuration,StringId,soundName1,音效名称1,sound|Name|1
SkillHitCountDuration,StringId,soundName2,音效名称2,sound|Name|2
SkillHitNumDuration,int32,targetId,目标ID,target|Id
SkillHitNumDuration,int32,maxDisplayHitNum,最大显示命中数量,max|Display|Hit|Num
SkillHitNumDuration,int32,showTag,显示标签,show|Tag
SkillHitNumDuration,bool,bResetHitCount,重置命中计数,b|Reset|Hit|Count
SkillHitNumDuration,bool,bShowAllSlot,显示全部槽位,b|Show|All|Slot
SkillHudCtrlTick,bool,bPlayerShowAnim,玩家显示动画,b|Player|Show|Anim
SkillHudCtrlTick,bool,bOpRestSkillBtn,操作其余技能按钮,b|Op|Rest|Skill|Btn
SkillHudCtrlTick,bool,bHideOtherBtn,隐藏其他按钮,b|Hide|Other|Btn
SkillHudCtrlTick,bool,bHighlightOterBtn,高亮其他按钮,b|Highlight|Oter|Btn
SkillHudCtrlTick,bool,bOpEnemyHeroAtkBtn,操作敌方英雄攻击按钮,b|Op|Enemy|Hero|Atk|Btn
SkillHudCtrlTick,bool,bHighlightEnemyHeroAtkBtn,高亮敌方英雄攻击按钮,b|Highlight|Enemy|Hero|Atk|Btn
SkillHudCtrlTick,bool,bYes,是,b|Yes
SkillHudCtrlTick,bool,bPauseGame,暂停游戏,b|Pause|Game
SkillHudCtrlTick,bool,bRecordUseTime,记录使用时间,b|Record|Use|Time
SkillHudCtrlTick,int32,SlotType,槽位类型,Slot|Type
SkillHudCtrlTick,int32,restSkillBtnType,其余技能按钮类型,rest|Skill|Btn|Type
SkillHudCtrlTick,int32,enemyHeroAtkBtnIndex,敌方英雄攻击按钮索引,enemy|Hero|Atk|Btn|Index
SkillHudCtrlTick,int32,recordTimeId,记录时间ID,record|Time|Id
SkillHudCtrlTick,bool,bSkillSlot,技能槽位,b|Skill|Slot
SkillHudCtrlTick,bool,bOpSkillBtn,操作技能按钮,b|Op|Skill|Btn
SkillHudCtrlTick,bool,bHighlight,高亮,b|Highlight
SkillHudCtrlTick,bool,bHighlightLearnBtn,高亮学习按钮,b|Highlight|Learn|Btn
SkillHudCtrlTick,bool,bActivate,激活,b|Activate
SkillHudCtrlTick,bool,bActivateLearnBtn,激活学习按钮,b|Activate|Learn|Btn
SkillHudCtrlTick,bool,bShow,显示,b|Show
SkillHudCtrlTick,bool,bShowLearnBtn,显示学习按钮,b|Show|Learn|Btn
SkillHudCtrlTick,bool,bAllSkillSlots,全部技能槽位,b|All|Skill|Slots
SkillHudCtrlTick,bool,bNoActivatingOthers,无激活中其他,b|No|Activating|Others
SkillHudCtrlTick,bool,bJoystick,摇杆,b|Joystick
SkillHudCtrlTick,bool,bHighlightJoystick,高亮摇杆,b|Highlight|Joystick
SkillHudCtrlTickNew,int32,SlotType,槽位类型,Slot|Type
SkillHudCtrlTickNew,int32,OpBtnType,操作按钮类型,Op|Btn|Type
SkillHudCtrlTickNew,int32,OpType,操作类型,Op|Type
SkillHudCtrlTickNew,int32,recordTimeId,记录时间ID,record|Time|Id
SkillHudCtrlTickNew,bool,bPauseGame,暂停游戏,b|Pause|Game
SkillHudCtrlTickNew,bool,bRecordUseTime,记录使用时间,b|Record|Use|Time
SkillIndicatorCameraAgeEventTick,float,backDelayTime,返回延迟时间,back|Delay|Time
SkillIndicatorCameraAgeEventTick,int32,smoothType,平滑类型,smooth|Type
SkillIndicatorCameraAgeEventTick,float,smoothParam,平滑参数,smooth|Param
SkillIndicatorCameraAgeEventTick,bool,bInjectParam,注入参数,b|Inject|Param
SkillIndicatorFollowDuration,int32,selfId,自身ID,self|Id
SkillIndicatorFollowDuration,int32,targetId,目标ID,target|Id
SkillIndicatorFollowDuration,int32,skillSlotMask,技能槽位掩码,skill|Slot|Mask
SkillIndicatorFollowDuration,int32,indicateSearchType,指示搜索类型,indicate|Search|Type
SkillIndicatorFollowDuration,bool,bAllSkillIndicator,全部技能指示器,b|All|Skill|Indicator
SkillIndicatorFollowDuration,bool,bApplySearchTarget,施加搜索目标,b|Apply|Search|Target
SkillIndicatorFollowDuration,bool,bNotChangeLogicSearch,非变更逻辑搜索,b|Not|Change|Logic|Search
SkillIndicatorForceGroundTick,int32,srcId,来源ID,src|Id
SkillIndicatorForceGroundTick,int32,slotMask,槽位掩码,slot|Mask
SkillIndicatorForceGroundTick,bool,bOpen,打开,b|Open
SkillIndicatorForceGroundTick,bool,bForceUP,力上,b|Force|UP
SkillIndicatorForceGroundTick,bool,bKeepWhenSkillChange,保持当技能变更,b|Keep|When|Skill|Change
SkillInputCacheDuration,bool,cacheFilterSkill0,缓存过滤技能0,cache|Filter|Skill|0
SkillInputCacheDuration,bool,cacheFilterSkill1,缓存过滤技能1,cache|Filter|Skill|1
SkillInputCacheDuration,bool,cacheFilterSkill2,缓存过滤技能2,cache|Filter|Skill|2
SkillInputCacheDuration,bool,cacheFilterSkill3,缓存过滤技能3,cache|Filter|Skill|3
SkillInputCacheDuration,bool,cacheFilterSkillEX3,缓存过滤技能扩展3,cache|Filter|Skill|EX|3
SkillInputCacheDuration,bool,cacheMove,缓存移动,cache|Move
SkillInputCacheDuration,bool,forceCacheMove,力缓存移动,force|Cache|Move
SkillInputCacheDuration,bool,noClearCommonAttackWhenSkillCache,无清除通用攻击当技能缓存,no|Clear|Common|Attack|When|Skill|Cache
SkillInputCacheDuration,bool,clearCommonAttackWhenEntering,清除通用攻击当进入中,clear|Common|Attack|When|Entering
SkillInputCacheDuration,bool,checkMoveAbortCurSkill,检查移动中止当前技能,check|Move|Abort|Cur|Skill
SkillInputCacheDuration,bool,checkNoMove,检查无移动,check|No|Move
SkillInputCacheDuration,bool,clearCacheMoveWhenEntering,清除缓存移动当进入中,clear|Cache|Move|When|Entering
SkillInputCacheDuration,bool,clearCacheMoveWhenLeaving,清除缓存移动当离开,clear|Cache|Move|When|Leaving
SkillInputCacheDuration,bool,cacheSkillList,缓存技能列表,cache|Skill|List
SkillInputCacheDuration,bool,cacheSkillListContainsComAtk,缓存技能列表包含普通攻击,cache|Skill|List|Contains|Com|Atk
SkillInputCacheDuration,bool,openMoveSkillCacheOptimization,打开移动技能缓存优化,open|Move|Skill|Cache|Optimization
SkillInputCacheDuration,bool,cacheImmediateUseSkill,缓存立即使用技能,cache|Immediate|Use|Skill
SkillInputCacheDuration,bool,checkImmediateUseSkillCache,检查立即使用技能缓存,check|Immediate|Use|Skill|Cache
SkillInputCacheDuration,bool,isCloseControlProtectDuration,是否关闭控制保护持续时间,is|Close|Control|Protect|Duration
SkillInputCacheDuration,bool,clearCommonAttackWhenInterrupt,清除通用攻击当打断,clear|Common|Attack|When|Interrupt
SkillInputCacheDuration,int32,targetId,目标ID,target|Id
SkillInputCacheDuration,int32,cacheIgnoreCommonAttackDuration,缓存忽略通用攻击持续时间,cache|Ignore|Common|Attack|Duration
SkillInputCacheDuration,int32,cacheSkillListTimeBegin,缓存技能列表时间开始,cache|Skill|List|Time|Begin
SkillInputCacheDuration,int32,maxCacheNum,最大缓存数量,max|Cache|Num
SkillInputCacheDuration,int32,immediateUseCacheSlot,立即使用缓存槽位,immediate|Use|Cache|Slot
SkillInputCacheDuration,bool,cacheSkill,缓存技能,cache|Skill
SkillInputCacheDuration,bool,forceCacheSkill,力缓存技能,force|Cache|Skill
SkillInputCacheDuration,bool,accurateCacheSkill,精确缓存技能,accurate|Cache|Skill
SkillInputCacheDuration,bool,useSkillIfFilter,使用技能如果过滤,use|Skill|If|Filter
SkillMarkUsingDuration,int32,srcId,来源ID,src|Id
SkillMarkUsingDuration,int32,slotType,槽位类型,slot|Type
SkillNoCostDuration,int32,srcId,来源ID,src|Id
SkillNoCostDuration,int32,slotType,槽位类型,slot|Type
SkillStateTick,int32,targetId,目标ID,target|Id
SkillStateTick,int32,SkillState,技能状态,Skill|State
SkillTimerProcessBarDuration,int32,barType,条类型,bar|Type
SkillTimerProcessBarDuration,int32,maxNum,最大数量,max|Num
SkillTimerProcessBarDuration,int32,midNum,中间数量,mid|Num
SkillTimerProcessBarDuration,int32,separateTime,分离时间,separate|Time
SkillTimerProcessBarDuration,int32,barTime,条时间,bar|Time
SkillTimerProcessBarDuration,int32,weight,权重,weight
SkillTimerProcessBarDuration,bool,bUseAdjustTime,使用调整时间,b|Use|Adjust|Time
SkillTimerProcessBarDuration,StringId,timerBarSpriteName,计时器条精灵名称,timer|Bar|Sprite|Name
SkillTimerProcessBarDuration,int32,targetId,目标ID,target|Id
SkillTimerProcessBarDurationEx,int32,weight,权重,weight
SkillTimerProcessBarDurationEx,bool,bProcessBarAdd,处理条添加,b|Process|Bar|Add
SkillTimerProcessBarDurationEx,bool,bUseAdjustTime,使用调整时间,b|Use|Adjust|Time
SkillTimerProcessBarDurationEx,int32,srcId,来源ID,src|Id
SkillTimerProcessBarDurationEx,int32,targetId,目标ID,target|Id
SkillTimerProcessBarDurationEx,int32,displayType,显示类型,display|Type
SkillTimerProcessBarDurationEx,int32,barType,条类型,bar|Type
SkillTimerProcessBarDurationEx,int32,barTime,条时间,bar|Time
SkillTimerProcessBarDurationEx,int32,separateTime,分离时间,separate|Time
SkillUIEffect,int32,skillSlot,技能槽位,skill|Slot
SkillUIEffect,int32,scale,缩放,scale
SkillUIEffect,bool,stopCurrEffect,停止当前效果,stop|Curr|Effect
SkillUIEffect,bool,isJointSkill,是否关节技能,is|Joint|Skill
SkillUIEffect,bool,bUseActionSkillSlot,使用动作技能槽位,b|Use|Action|Skill|Slot
SkillUIEffect,bool,scaleGameObject,缩放游戏对象,scale|Game|Object
SkillUIEffect,StringId,effectName,效果名称,effect|Name
SkillUIEffect,int32,selfId,自身ID,self|Id
SkillUseCacheTick,int32,targetId,目标ID,target|Id
SkillUseCacheTick,int32,useSkillFlag,使用技能标记,use|Skill|Flag
SkillUseCacheTick,bool,excuteRotation,执行旋转,excute|Rotation
SkillUseCacheTick,bool,excuteMoveCmd,执行移动指令,excute|Move|Cmd
SkillUseCacheTick,bool,excuteCommonAtk,执行通用攻击,excute|Common|Atk
SkillUseCacheTick,bool,onlyExecImmediateSkill,仅执行立即技能,only|Exec|Immediate|Skill
SkillUseCacheTick,bool,useChargingCache,使用蓄力中缓存,use|Charging|Cache
SkillUseExposingTick,int32,targetId,目标ID,target|Id
SkillUseExposingTick,int32,BeneficiaryId,受益者ID,Beneficiary|Id
SkillUseExposingTick,int32,ExposeDuration,暴露持续时间,Expose|Duration
SkillUseExposingTick,int32,InvolveRange,涉及范围,Involve|Range
SkinBattleFeatureDuration,int32,actorId,角色ID,actor|Id
SkinBattleFeatureDuration,int32,FeatureType,特性类型,Feature|Type
SmoothSteerMoveDuration,int32,actorId,角色ID,actor|Id
SmoothSteerMoveDuration,int32,destId,目标ID,dest|Id
SmoothSteerMoveDuration,int32,rotateSpeed,旋转速度,rotate|Speed
SmoothSteerMoveDuration,int32,moveSpeed,移动速度,move|Speed
SneerActorDuration,int32,attackId,攻击ID,attack|Id
SneerActorDuration,int32,targetId,目标ID,target|Id
SpawnBuffByLeftDir,int32,actorId,角色ID,actor|Id
SpawnBuffByLeftDir,int32,NoDirBuffId,无方向增益ID,No|Dir|Buff|Id
SpawnBuffByLeftDir,int32,UpBuffId,上增益ID,Up|Buff|Id
SpawnBuffByLeftDir,int32,DownBuffId,下增益ID,Down|Buff|Id
SpawnBuffByLeftDir,int32,LeftBuffId,左增益ID,Left|Buff|Id
SpawnBuffByLeftDir,int32,RightBuffId,右增益ID,Right|Buff|Id
SpawnBuffWhenActorDamaged,int32,targetId,目标ID,target|Id
SpawnBuffWhenActorDamaged,int32,skillSlotMask,技能槽位掩码,skill|Slot|Mask
SpawnBuffWhenActorDamaged,int32,hpTenThousandthRatioAdd,生命值十千分之一比例添加,hp|Ten|Thousandth|Ratio|Add
SpawnBuffWhenActorDamaged,int32,hpTenThousandthRatioDec,生命值十千分之一比例减,hp|Ten|Thousandth|Ratio|Dec
SpawnBuffWhenActorDamaged,int32,buffId,增益ID,buff|Id
SpawnBuffWhenActorDamaged,StringId,refParamName,引用参数名称,ref|Param|Name
SpawnBuffWhenActorDamaged,StringId,refTargetName,引用目标名称,ref|Target|Name
SpawnBulletByPositionDuration,TArray<VInt3>,posInfoArr,位置信息数组,pos|Info|Arr
SpawnBulletByPositionDuration,TArray<int32>,delayInfoArr,延迟信息数组,delay|Info|Arr
SpawnBulletByPositionDuration,int32,targetId,目标ID,target|Id
SpawnBulletByPositionDuration,int32,referenceObjectId,引用对象ID,reference|Object|Id
SpawnBulletByPositionDuration,bool,bUseWorldPos,使用世界位置,b|Use|World|Pos
SpawnBulletByPositionDuration,bool,bUseWorldDir,使用世界方向,b|Use|World|Dir
SpawnBulletByPositionDuration,VInt3,worldDir,世界方向,world|Dir
SpawnBulletByPositionDuration,StringId,ActionName,动作名称,Action|Name
SpawnBulletDuration,TArray<StringId>,specificActionNameArray,指定动作名称数组,specific|Action|Name|Array
SpawnBulletDuration,TArray<StringId>,strengthenBulletActionNameArray,强化子弹动作名称数组,strengthen|Bullet|Action|Name|Array
SpawnBulletDuration,StringId,ActionName,动作名称,Action|Name
SpawnBulletDuration,StringId,strengthenBulletActionName,强化子弹动作名称,strengthen|Bullet|Action|Name
SpawnBulletDuration,StringId,bulletUpperLimitActionName,子弹上限制动作名称,bullet|Upper|Limit|Action|Name
SpawnBulletDuration,StringId,IndexParamName,索引参数名称,Index|Param|Name
SpawnBulletDuration,int32,targetId,目标ID,target|Id
SpawnBulletDuration,int32,referenceObjectId,引用对象ID,reference|Object|Id
SpawnBulletDuration,int32,bulletTag,子弹标签,bullet|Tag
SpawnBulletDuration,int32,totalDistance,总计距离,total|Distance
SpawnBulletDuration,int32,spawnMax,生成最大,spawn|Max
SpawnBulletDuration,int32,spawnFreq,生成频率,spawn|Freq
SpawnBulletDuration,int32,spawnFreqGrowth,生成频率成长,spawn|Freq|Growth
SpawnBulletDuration,int32,exchangeHeroRmvType,交换英雄移除类型,exchange|Hero|Rmv|Type
SpawnBulletDuration,int32,bulletTypeId,子弹类型ID,bullet|Type|Id
SpawnBulletDuration,int32,bulletUpperLimit,子弹上限制,bullet|Upper|Limit
SpawnBulletDuration,bool,bSpecificActionName,指定动作名称,b|Specific|Action|Name
SpawnBulletDuration,bool,bTriggerStrengthenBullet,触发强化子弹,b|Trigger|Strengthen|Bullet
SpawnBulletDuration,bool,bGroupBulletsParallel,分组子弹平行,b|Group|Bullets|Parallel
SpawnBulletDuration,bool,bAccumulateCount,累积计数,b|Accumulate|Count
SpawnBulletDuration,bool,bShuffle,洗牌,b|Shuffle
SpawnBulletDuration,bool,bRandom,随机,b|Random
SpawnBulletDuration,bool,bDeadRemove,死亡移除,b|Dead|Remove
SpawnBulletDuration,bool,bDeadRemoveNoImmRevive,死亡移除无免疫复活,b|Dead|Remove|No|Imm|Revive
SpawnBulletDuration,bool,bNeedPurgeByDogpath,需要清除由寻路,b|Need|Purge|By|Dogpath
SpawnBulletDuration,bool,bExitBattleRemove,退出战斗移除,b|Exit|Battle|Remove
SpawnBulletDuration,bool,bAgeImmeExcute,推进立即执行,b|Age|Imme|Excute
SpawnBulletDuration,bool,bAgeEternal,推进永恒,b|Age|Eternal
SpawnBulletDuration,bool,bDestroyedBySpecialBullet,已销毁由特殊子弹,b|Destroyed|By|Special|Bullet
SpawnBulletDuration,bool,bReplaceBullet,替换子弹,b|Replace|Bullet
SpawnBulletDuration,bool,bUseRefIndex,使用引用索引,b|Use|Ref|Index
SpawnBulletDuration,bool,bRemoveWhenCallActorStateChange,移除当调用角色状态变更,b|Remove|When|Call|Actor|State|Change
SpawnBulletDuration,bool,bImmuneByBullet,免疫由子弹,b|Immune|By|Bullet
SpawnBulletDuration,TArray<VInt3>,transArray,变换数组,trans|Array
SpawnBulletTick,TArray<int32>,randomActionProbabilityArray,随机动作概率数组,random|Action|Probability|Array
SpawnBulletTick,TArray<StringId>,randomSpecialActionNameArray,随机特殊动作名称数组,random|Special|Action|Name|Array
SpawnBulletTick,TArray<int32>,randomSpecialActionProbabilityArray,随机特殊动作概率数组,random|Special|Action|Probability|Array
SpawnBulletTick,StringId,ActionName,动作名称,Action|Name
SpawnBulletTick,StringId,StrengthenActionName,强化动作名称,Strengthen|Action|Name
SpawnBulletTick,StringId,SpecialActionName,特殊动作名称,Special|Action|Name
SpawnBulletTick,StringId,StrengthenSpecialActionName,强化特殊动作名称,Strengthen|Special|Action|Name
SpawnBulletTick,StringId,bulletUpperLimitActionName,子弹上限制动作名称,bullet|Upper|Limit|Action|Name
SpawnBulletTick,int32,targetId,目标ID,target|Id
SpawnBulletTick,int32,actionIndex,动作索引,action|Index
SpawnBulletTick,int32,bulletCount,子弹计数,bullet|Count
SpawnBulletTick,int32,bulletTag,子弹标签,bullet|Tag
SpawnBulletTick,int32,exchangeHeroRmvType,交换英雄移除类型,exchange|Hero|Rmv|Type
SpawnBulletTick,int32,playSpeedScaleRatio,播放速度缩放比例,play|Speed|Scale|Ratio
SpawnBulletTick,int32,SetPlaySpeedType,设置播放速度类型,Set|Play|Speed|Type
SpawnBulletTick,int32,AgeLengthGrownByAttackerAtt,推进长度已成长由攻击者属性,Age|Length|Grown|By|Attacker|Att
SpawnBulletTick,int32,growRatio,成长比例,grow|Ratio
SpawnBulletTick,int32,bulletTypeId,子弹类型ID,bullet|Type|Id
SpawnBulletTick,int32,bulletUpperLimit,子弹上限制,bullet|Upper|Limit
SpawnBulletTick,int32,bulletUpperLimitCampHero,子弹上限制阵营英雄,bullet|Upper|Limit|Camp|Hero
SpawnBulletTick,int32,referenceObjectId,引用对象ID,reference|Object|Id
SpawnBulletTick,int32,maxMoveDistance,最大移动距离,max|Move|Distance
SpawnBulletTick,int32,reachMaxMoveDistanceSkillCombineId,到达最大移动距离技能合并ID,reach|Max|Move|Distance|Skill|Combine|Id
SpawnBulletTick,int32,controlRemoveParam,控制移除参数,control|Remove|Param
SpawnBulletTick,int32,spawnSlotSrc,生成槽位来源,spawn|Slot|Src
SpawnBulletTick,bool,bUseRandomActionName,使用随机动作名称,b|Use|Random|Action|Name
SpawnBulletTick,bool,bStrengthenBullet,强化子弹,b|Strengthen|Bullet
SpawnBulletTick,bool,bSelectFromActionList,选择从动作列表,b|Select|From|Action|List
SpawnBulletTick,bool,bUseRandomSpecialActionName,使用随机特殊动作名称,b|Use|Random|Special|Action|Name
SpawnBulletTick,bool,bControlRemove,控制移除,b|Control|Remove
SpawnBulletTick,bool,bDeadRemove,死亡移除,b|Dead|Remove
SpawnBulletTick,bool,bDeadRemoveNoImmRevive,死亡移除无免疫复活,b|Dead|Remove|No|Imm|Revive
SpawnBulletTick,bool,bNeedPurgeByDogpath,需要清除由寻路,b|Need|Purge|By|Dogpath
SpawnBulletTick,bool,bExitBattleRemove,退出战斗移除,b|Exit|Battle|Remove
SpawnBulletTick,bool,bAgeImmeExcute,推进立即执行,b|Age|Imme|Excute
SpawnBulletTick,bool,bAttackSpdAffectPlaySpeed,攻击速度影响播放速度,b|Attack|Spd|Affect|Play|Speed
SpawnBulletTick,bool,bAgeEternal,推进永恒,b|Age|Eternal
SpawnBulletTick,bool,bReplaceBullet,替换子弹,b|Replace|Bullet
SpawnBulletTick,bool,bSpawnBounceBullet,生成弹跳子弹,b|Spawn|Bounce|Bullet
SpawnBulletTick,bool,bDestroyedBySpecialBullet,已销毁由特殊子弹,b|Destroyed|By|Special|Bullet
SpawnBulletTick,bool,bNotDestroyedByAbsorbBullet,非已销毁由吸收子弹,b|Not|Destroyed|By|Absorb|Bullet
SpawnBulletTick,bool,bForceDestroyByAbsorbBullet,力销毁由吸收子弹,b|Force|Destroy|By|Absorb|Bullet
SpawnBulletTick,bool,bRemoveWhenControlled,移除当受控,b|Remove|When|Controlled
SpawnBulletTick,bool,bRemoveWhenRepressed,移除当压制,b|Remove|When|Repressed
SpawnBulletTick,bool,bUseOriginHost,使用原点宿主,b|Use|Origin|Host
SpawnBulletTick,bool,bAgeImmeStop,推进立即停止,b|Age|Imme|Stop
SpawnBulletTick,bool,bRemoveWhenCallActorStateChange,移除当调用角色状态变更,b|Remove|When|Call|Actor|State|Change
SpawnBulletTick,bool,bCanReflect,可反射,b|Can|Reflect
SpawnBulletTick,bool,bCanReflectDamage,可反射伤害,b|Can|Reflect|Damage
SpawnBulletTick,bool,bImmuneByBullet,免疫由子弹,b|Immune|By|Bullet
SpawnBulletTick,TArray<StringId>,randomActionNameArray,随机动作名称数组,random|Action|Name|Array
SpawnGroupIntervalInstant,int32,targetId,目标ID,target|Id
SpawnGroupIntervalInstant,int32,PropValue,属性值,Prop|Value
SpawnGroupIntervalInstant,int32,Radius,半径,Radius
SpawnGroupIntervalInstant,int32,RecoverDuration,恢复持续时间,Recover|Duration
SpawnGroupIntervalInstant,int32,OpType,操作类型,Op|Type
SpawnMonsterTick,bool,useNumberForPlayerCamp,使用数字用于玩家阵营,use|Number|For|Player|Camp
SpawnMonsterTick,bool,Invincible,无敌,Invincible
SpawnMonsterTick,bool,Moveable,可移动,Moveable
SpawnMonsterTick,bool,CheckWalkable,检查可行走,Check|Walkable
SpawnMonsterTick,bool,useEmptyModel,使用空模型,use|Empty|Model
SpawnMonsterTick,bool,bForbidRVO,禁止RVO,b|Forbid|RVO
SpawnMonsterTick,int32,TargetId,目标ID,Target|Id
SpawnMonsterTick,int32,WayPointId,路径点ID,Way|Point|Id
SpawnMonsterTick,int32,MonserId,野怪ID,Monser|Id
SpawnMonsterTick,int32,ConfigID,配置ID,Config|ID
SpawnMonsterTick,int32,PlayerCamp,玩家阵营,Player|Camp
SpawnMonsterTick,int32,PlayerCampNum,玩家阵营数量,Player|Camp|Num
SpawnMonsterTick,int32,LifeTime,生命时间,Life|Time
SpawnObjectDuration,VInt3,transOffsetToTarget,变换偏移到目标,trans|Offset|To|Target
SpawnObjectDuration,VInt3,direction,方向,direction
SpawnObjectDuration,VInt3,moveProbeTranslation,移动探测平移,move|Probe|Translation
SpawnObjectDuration,StringId,prefabName,预制体名称,prefab|Name
SpawnObjectDuration,StringId,tag,标签,tag
SpawnObjectDuration,StringId,avoidAreaTag,规避区域标签,avoid|Area|Tag
SpawnObjectDuration,Vector3,scaling,缩放,scaling
SpawnObjectDuration,int32,targetId,目标ID,target|Id
SpawnObjectDuration,int32,parentId,父级ID,parent|Id
SpawnObjectDuration,int32,objectSpaceId,对象空间ID,object|Space|Id
SpawnObjectDuration,int32,pointToTargetId,点到目标ID,point|To|Target|Id
SpawnObjectDuration,int32,translationTarId,平移目标ID,translation|Tar|Id
SpawnObjectDuration,int32,transDisToTarget,变换否到目标,trans|Dis|To|Target
SpawnObjectDuration,int32,yRotation,y旋转,y|Rotation
SpawnObjectDuration,int32,layer,层,layer
SpawnObjectDuration,int32,sightRadius,视野半径,sight|Radius
SpawnObjectDuration,int32,SightRadiusGrowth,视野半径成长,Sight|Radius|Growth
SpawnObjectDuration,int32,specifiedVisibilityTarget,指定可见性目标,specified|Visibility|Target
SpawnObjectDuration,int32,blockTargetId,阻挡目标ID,block|Target|Id
SpawnObjectDuration,int32,BlockId,阻挡ID,Block|Id
SpawnObjectDuration,int32,EyeLifeTime,眼睛生命时间,Eye|Life|Time
SpawnObjectDuration,int32,EyeLiftTimeGrowth,眼睛抬升时间成长,Eye|Lift|Time|Growth
SpawnObjectDuration,int32,EyePerishAdvTime,眼睛消亡高级时间,Eye|Perish|Adv|Time
SpawnObjectDuration,int32,EyeCfgIdByMonster,眼睛配置ID由野怪,Eye|Cfg|Id|By|Monster
SpawnObjectDuration,int32,bulletValidReferTargetId,子弹有效引用目标ID,bullet|Valid|Refer|Target|Id
SpawnObjectDuration,int32,moveDistanceMultipleLimit,移动距离多重限制,move|Distance|Multiple|Limit
SpawnObjectDuration,int32,bulletFlushOptRadius,子弹刷新可选半径,bullet|Flush|Opt|Radius
SpawnObjectDuration,int32,distanceRatio,距离比例,distance|Ratio
SpawnObjectDuration,int32,forbidLayerFlgMask,禁止层标记掩码,forbid|Layer|Flg|Mask
SpawnObjectDuration,int32,posInvalidFlushRadius,位置无效刷新半径,pos|Invalid|Flush|Radius
SpawnObjectDuration,int32,recordTargeID,记录目标ID,record|Targe|ID
SpawnObjectDuration,int32,randomRange,随机范围,random|Range
SpawnObjectDuration,int32,randomPrecision,随机精度,random|Precision
SpawnObjectDuration,int32,randomMinRange,随机最小范围,random|Min|Range
SpawnObjectDuration,int32,randomHeight,随机高度,random|Height
SpawnObjectDuration,int32,specialID,特殊ID,special|ID
SpawnObjectDuration,int32,absoluteRotation,绝对旋转,absolute|Rotation
SpawnObjectDuration,int32,useThisLayerFlag,使用该层标记,use|This|Layer|Flag
SpawnObjectDuration,int32,useCampTarget,使用阵营目标,use|Camp|Target
SpawnObjectDuration,int32,debugID,调试ID,debug|ID
SpawnObjectDuration,bool,bTransNotFollowParent,变换非跟随父级,b|Trans|Not|Follow|Parent
SpawnObjectDuration,bool,bDirNotFollowedByParent,方向非被跟随由父级,b|Dir|Not|Followed|By|Parent
SpawnObjectDuration,bool,bOffsetInWorldCoordinate,偏移内世界坐标,b|Offset|In|World|Coordinate
SpawnObjectDuration,bool,bFixInitRenderPos,固定初始化渲染位置,b|Fix|Init|Render|Pos
SpawnObjectDuration,bool,bUseSpawnPos,使用生成位置,b|Use|Spawn|Pos
SpawnObjectDuration,bool,bTargetPosition,目标位置,b|Target|Position
SpawnObjectDuration,bool,bUseRecordPos,使用记录位置,b|Use|Record|Pos
SpawnObjectDuration,bool,bUseRecordDir,使用记录方向,b|Use|Record|Dir
SpawnObjectDuration,bool,bUseAbsoluteDir,使用绝对方向,b|Use|Absolute|Dir
SpawnObjectDuration,bool,bUseIndicatorPos,使用指示器位置,b|Use|Indicator|Pos
SpawnObjectDuration,bool,bUseIndicatorDir,使用指示器方向,b|Use|Indicator|Dir
SpawnObjectDuration,bool,bUseChargeIndicatorDir,使用蓄力指示器方向,b|Use|Charge|Indicator|Dir
SpawnObjectDuration,bool,bUsePointToTargetDir,使用点到目标方向,b|Use|Point|To|Target|Dir
SpawnObjectDuration,bool,bMoveCollision,移动碰撞,b|Move|Collision
SpawnObjectDuration,bool,bUseLCCD,使用LCCD,b|Use|LCCD
SpawnObjectDuration,bool,bRebounceContinuousCheck,反弹持续检查,b|Rebounce|Continuous|Check
SpawnObjectDuration,bool,recreateExisting,重建已存在,recreate|Existing
SpawnObjectDuration,bool,superTranslation,超级平移,super|Translation
SpawnObjectDuration,bool,superTranslationUseIndicatorDir,超级平移使用指示器方向,super|Translation|Use|Indicator|Dir
SpawnObjectDuration,bool,modifyTranslation,修改平移,modify|Translation
SpawnObjectDuration,bool,needAddToSceneMgr,需要添加到场景管理器,need|Add|To|Scene|Mgr
SpawnObjectDuration,bool,modifyTranslationAlongNavMesh,修改平移沿导航网格,modify|Translation|Along|Nav|Mesh
SpawnObjectDuration,bool,modifyTranslationToTarget,修改平移到目标,modify|Translation|To|Target
SpawnObjectDuration,bool,modifyDirection,修改方向,modify|Direction
SpawnObjectDuration,bool,bRotation,旋转,b|Rotation
SpawnObjectDuration,bool,modifyScaling,修改缩放,modify|Scaling
SpawnObjectDuration,bool,enableLayer,启用层,enable|Layer
SpawnObjectDuration,bool,enableTag,启用标签,enable|Tag
SpawnObjectDuration,bool,applyActionSpeedToAnimation,施加动作速度到动画,apply|Action|Speed|To|Animation
SpawnObjectDuration,bool,applyActionSpeedToParticle,施加动作速度到粒子,apply|Action|Speed|To|Particle
SpawnObjectDuration,bool,bVisibleByFow,可见由前向,b|Visible|By|Fow
SpawnObjectDuration,bool,bCheckVisibleByShape,检查可见由形状,b|Check|Visible|By|Shape
SpawnObjectDuration,bool,bParentVisibility,父级可见性,b|Parent|Visibility
SpawnObjectDuration,bool,bFollowSpecifiedTargetVisibility,跟随指定目标可见性,b|Follow|Specified|Target|Visibility
SpawnObjectDuration,bool,bBlockObj,阻挡对象,b|Block|Obj
SpawnObjectDuration,bool,bBlockAllCamp,阻挡全部阵营,b|Block|All|Camp
SpawnObjectDuration,bool,bMoveAlongBlockEdge,移动沿阻挡边缘,b|Move|Along|Block|Edge
SpawnObjectDuration,bool,bNotExcludeActors,非排除角色,b|Not|Exclude|Actors
SpawnObjectDuration,bool,bOnlyRebounceBullet,仅反弹子弹,b|Only|Rebounce|Bullet
SpawnObjectDuration,bool,bIsWallInside,是否墙内部,b|Is|Wall|Inside
SpawnObjectDuration,bool,bEyeObj,眼睛对象,b|Eye|Obj
SpawnObjectDuration,bool,bEyeUseParentCamp,眼睛使用父级阵营,b|Eye|Use|Parent|Camp
SpawnObjectDuration,bool,bInvisibleBullet,不可见子弹,b|Invisible|Bullet
SpawnObjectDuration,bool,bForbidBulletInObstacle,禁止子弹内障碍,b|Forbid|Bullet|In|Obstacle
SpawnObjectDuration,bool,bUseMoveProbe,使用移动探测,b|Use|Move|Probe
SpawnObjectDuration,bool,bUseShiftMoveOptimization,使用偏移移动优化,b|Use|Shift|Move|Optimization
SpawnObjectDuration,bool,bFixBulletByFlushOptimizeRule,固定子弹由刷新优化规则,b|Fix|Bullet|By|Flush|Optimize|Rule
SpawnObjectDuration,bool,bSpawnInOriginatorPos,生成内发起者位置,b|Spawn|In|Originator|Pos
SpawnObjectDuration,bool,bSpawnInOriginPosWhenDeviate,生成内原点位置当偏移,b|Spawn|In|Origin|Pos|When|Deviate
SpawnObjectDuration,bool,bBothPosInvalidUseFlushOptRadius,两者位置无效使用刷新可选半径,b|Both|Pos|Invalid|Use|Flush|Opt|Radius
SpawnObjectDuration,bool,bRecordObjPosition,记录对象位置,b|Record|Obj|Position
SpawnObjectDuration,bool,bRandomPosition,随机位置,b|Random|Position
SpawnObjectDuration,bool,bAddChargingRandomPos,添加蓄力中随机位置,b|Add|Charging|Random|Pos
SpawnObjectDuration,bool,bNotCreateWhileNull,非创建当空,b|Not|Create|While|Null
SpawnObjectDuration,bool,bOnGround,开地面,b|On|Ground
SpawnObjectDuration,bool,bOnWall,开墙,b|On|Wall
SpawnObjectDuration,bool,bSetForbidClip,设置禁止剪辑,b|Set|Forbid|Clip
SpawnObjectDuration,bool,bAbsoluteRotation,绝对旋转,b|Absolute|Rotation
SpawnObjectDuration,bool,bFakeBulletSkill,假子弹技能,b|Fake|Bullet|Skill
SpawnObjectDuration,bool,bDestroyedBySpecialBullet,已销毁由特殊子弹,b|Destroyed|By|Special|Bullet
SpawnObjectDuration,bool,bIgnoreForwardYComponent,忽略前向Y组件,b|Ignore|Forward|Y|Component
SpawnObjectDuration,bool,bReversePosAndDirByCampParam,反向位置和方向由阵营参数,b|Reverse|Pos|And|Dir|By|Camp|Param
SpawnObjectDuration,bool,bUseSpaceActorBulletHeight,使用空间角色子弹高度,b|Use|Space|Actor|Bullet|Height
SpawnObjectDuration,VInt3,targetPosition,目标位置,target|Position
SpawnObjectDuration,VInt3,translation,平移,translation
SpawnPetDuration,int32,targetId,目标ID,target|Id
SpawnPetDuration,int32,petType,宠物类型,pet|Type
SpawnPetDuration,StringId,prefabName,预制体名称,prefab|Name
SpawnPetDuration,Vector3,offset,偏移,offset
SpawnShenFuTick,int32,RefBornActorID,引用出生角色ID,Ref|Born|Actor|ID
SpawnShenFuTick,int32,atkID,攻击ID,atk|ID
SpawnShenFuTick,int32,ConfigID,配置ID,Config|ID
SpawnShenFuTickAdv,int32,refSrcId,引用来源ID,ref|Src|Id
SpawnShenFuTickAdv,int32,cfgID,配置ID,cfg|ID
SpawnShenFuTickAdv,int32,belongType,属于类型,belong|Type
SpawnShenFuTickAdv,bool,isUseShenfuLib,是否使用神符库,is|Use|Shenfu|Lib
SpecialBulletDuration,StringId,particlePrefabName,粒子预制体名称,particle|Prefab|Name
SpecialBulletDuration,StringId,particlePrefabName2,粒子预制体名称2,particle|Prefab|Name|2
SpecialBulletDuration,StringId,newBulletActionName,新子弹动作名称,new|Bullet|Action|Name
SpecialBulletDuration,StringId,soundEventName,音效事件名称,sound|Event|Name
SpecialBulletDuration,StringId,recordName,记录名称,record|Name
SpecialBulletDuration,int32,triggerId,触发ID,trigger|Id
SpecialBulletDuration,int32,attackerId,攻击者ID,attacker|Id
SpecialBulletDuration,int32,targetBulletType,目标子弹类型,target|Bullet|Type
SpecialBulletDuration,int32,targetTag,目标标签,target|Tag
SpecialBulletDuration,int32,triggerInterval,触发间隔,trigger|Interval
SpecialBulletDuration,int32,maxTriggerCountPerInterval,最大触发计数每间隔,max|Trigger|Count|Per|Interval
SpecialBulletDuration,int32,particleParentId,粒子父级ID,particle|Parent|Id
SpecialBulletDuration,float,particleLifeTime,粒子生命时间,particle|Life|Time
SpecialBulletDuration,int32,particleCreateInterval,粒子创建间隔,particle|Create|Interval
SpecialBulletDuration,int32,particleParentId2,粒子父级ID2,particle|Parent|Id|2
SpecialBulletDuration,float,particleLifeTime2,粒子生命时间2,particle|Life|Time|2
SpecialBulletDuration,int32,particleCreateInterval2,粒子创建间隔2,particle|Create|Interval|2
SpecialBulletDuration,int32,bulletTypeId,子弹类型ID,bullet|Type|Id
SpecialBulletDuration,int32,newBulletTypeId,新子弹类型ID,new|Bullet|Type|Id
SpecialBulletDuration,int32,bulletPosObjId,子弹位置对象ID,bullet|Pos|Obj|Id
SpecialBulletDuration,int32,enemyBulletDamageFadeRate,敌方子弹伤害淡入淡出速率,enemy|Bullet|Damage|Fade|Rate
SpecialBulletDuration,int32,SelfSkillCombineID_1,自身技能合并ID1,Self|Skill|Combine|ID|1
SpecialBulletDuration,int32,SelfSkillCombineID_2,自身技能合并ID2,Self|Skill|Combine|ID|2
SpecialBulletDuration,int32,SelfSkillCombineID_3,自身技能合并ID3,Self|Skill|Combine|ID|3
SpecialBulletDuration,int32,specialIntersectRadius,特殊相交半径,special|Intersect|Radius
SpecialBulletDuration,int32,bulletSpeedChangeType,子弹速度变更类型,bullet|Speed|Change|Type
SpecialBulletDuration,int32,bulletSpeedChangeRatio,子弹速度变更比例,bullet|Speed|Change|Ratio
SpecialBulletDuration,int32,FilterCollisionByDir,过滤碰撞由方向,Filter|Collision|By|Dir
SpecialBulletDuration,int32,reflectShiftAngle,反射偏移角度,reflect|Shift|Angle
SpecialBulletDuration,bool,bStopAllHitTrigger,停止全部命中触发,b|Stop|All|Hit|Trigger
SpecialBulletDuration,bool,bStopBulletMove,停止子弹移动,b|Stop|Bullet|Move
SpecialBulletDuration,bool,bDestroyTarget,销毁目标,b|Destroy|Target
SpecialBulletDuration,bool,bSetActiveTarget,设置激活目标,b|Set|Active|Target
SpecialBulletDuration,bool,bOnlyCheckCollison,仅检查碰撞,b|Only|Check|Collison
SpecialBulletDuration,bool,bFilterAttackerTarget,过滤攻击者目标,b|Filter|Attacker|Target
SpecialBulletDuration,bool,bEmitDestroyEvent,发射销毁事件,b|Emit|Destroy|Event
SpecialBulletDuration,bool,bUseOldBulletContext,使用旧子弹上下文,b|Use|Old|Bullet|Context
SpecialBulletDuration,bool,bRecordBulletPredictDamage,记录子弹预测伤害,b|Record|Bullet|Predict|Damage
SpecialBulletDuration,bool,bDestroySelf,销毁自身,b|Destroy|Self
SpecialBulletDuration,bool,bStopHitIfNotExecutingMove,停止命中如果非执行中移动,b|Stop|Hit|If|Not|Executing|Move
SpecialBulletDuration,bool,bEdgeCheck,边缘检查,b|Edge|Check
SpecialBulletDuration,bool,IsNewBulletDestroyedBySpecialBullet,是否新子弹已销毁由特殊子弹,Is|New|Bullet|Destroyed|By|Special|Bullet
SpecialBulletDuration,bool,bUseOrgBulletTime,使用原始子弹时间,b|Use|Org|Bullet|Time
SpecialBulletDuration,bool,bSaveLoopBulletState,保存循环子弹状态,b|Save|Loop|Bullet|State
SpecialBulletDuration,bool,bRecordBulletStartMovePos,记录子弹开始移动位置,b|Record|Bullet|Start|Move|Pos
SpecialBulletDuration,bool,bUseBeDestoryedObjPos,使用为已销毁对象位置,b|Use|Be|Destoryed|Obj|Pos
SpecialBulletDuration,bool,bUseBeDestoryedObjDir,使用为已销毁对象方向,b|Use|Be|Destoryed|Obj|Dir
SpecialBulletDuration,bool,bRecordCurBullet,记录当前子弹,b|Record|Cur|Bullet
SpecialBulletDuration,bool,bChangeBulletSpeed,变更子弹速度,b|Change|Bullet|Speed
SpecialBulletDuration,bool,bRecoverBulletSpeedOnLeave,恢复子弹速度开离开,b|Recover|Bullet|Speed|On|Leave
SpecialBulletDuration,bool,bAbsorbBullet,吸收子弹,b|Absorb|Bullet
SpecialBulletDuration,bool,bReflectBullet,反射子弹,b|Reflect|Bullet
SpecialBulletDuration,VInt3,particlePosOffset,粒子位置偏移,particle|Pos|Offset
SpecialBulletDuration,VInt3,particlePosOffset2,粒子位置偏移2,particle|Pos|Offset|2
SpecialGetNearPositionTick,StringId,extraParamName,额外参数名称,extra|Param|Name
SpecialGetNearPositionTick,int32,calculateType,计算类型,calculate|Type
SpecialGetNearPositionTick,int32,searchRadius,搜索半径,search|Radius
SpecialGetNearPositionTick,int32,actorId,角色ID,actor|Id
SpecialGetNearPositionTick,VInt3,srcPos,来源位置,src|Pos
SpecialGetNearPositionTick,StringId,refParamName,引用参数名称,ref|Param|Name
SplineBulletDuration,int32,ControlOffset,控制偏移,Control|Offset
SplineBulletDuration,int32,moveSpeed,移动速度,move|Speed
SplineBulletDuration,int32,minSpeed,最小速度,min|Speed
SplineBulletDuration,int32,moveAccelerate,移动加速,move|Accelerate
SplineBulletDuration,bool,bExtraControlPoint,额外控制点,b|Extra|Control|Point
SplineBulletDuration,bool,mirrorExtraControlPt,镜像额外控制点,mirror|Extra|Control|Pt
SplineBulletDuration,bool,bDisAdjustControl,否调整控制,b|Dis|Adjust|Control
SplineBulletDuration,int32,moveBulletId,移动子弹ID,move|Bullet|Id
SplineBulletDuration,int32,targetId,目标ID,target|Id
SplineBulletDuration,int32,midPathId,中间路径ID,mid|Path|Id
SplineBulletDuration,int32,OffsetDistanceInForward,偏移距离内前向,Offset|Distance|In|Forward
SplineBulletDuration,int32,forwardActorId,前向角色ID,forward|Actor|Id
SplineBulletDuration,int32,OffsetInMoveDir,偏移内移动方向,Offset|In|Move|Dir
SplitBulletDuration,int32,srcId,来源ID,src|Id
SplitBulletDuration,int32,SplitBulletCountMax,分裂子弹计数最大,Split|Bullet|Count|Max
SplitBulletDuration,int32,BulletDamageFadeRate,子弹伤害淡入淡出速率,Bullet|Damage|Fade|Rate
SplitBulletDuration,int32,BulletHemophagiaFadeRate,子弹吸血淡入淡出速率,Bullet|Hemophagia|Fade|Rate
SplitMultiBulletDuration,int32,BulletDamageFadeRate,子弹伤害淡入淡出速率,Bullet|Damage|Fade|Rate
SplitMultiBulletDuration,int32,BulletDamageMaxFadeRate,子弹伤害最大淡入淡出速率,Bullet|Damage|Max|Fade|Rate
SplitMultiBulletDuration,int32,srcId,来源ID,src|Id
SplitMultiBulletDuration,int32,Slottype,槽位类型,Slottype
SplitMultiBulletDuration,int32,TimeInterval,时间间隔,Time|Interval
SplitMultiBulletDuration,int32,Count,计数,Count
SplitMultiBulletDuration,int32,rate,速率,rate
SplitMultiBulletDuration,int32,extraAttackRange,额外攻击范围,extra|Attack|Range
SpringNodeDuration,int32,targetId,目标ID,target|Id
SpringNodeDuration,TArray<StringId>,AffectAnimNames,影响动画名称,Affect|Anim|Names
StopAge,bool,bAbortUsed,中止已使用,b|Abort|Used
StopAge,bool,bImmediateStop,立即停止,b|Immediate|Stop
StopChargingTick,int32,targetId,目标ID,target|Id
StopChargingTick,int32,slotType,槽位类型,slot|Type
StopChargingTick,bool,forceButtonUp,力按钮上,force|Button|Up
StopCurrentActionSkillDuration,int32,checkTargetId,检查目标ID,check|Target|Id
StopCurrentActionSkillDuration,int32,CheckCondition,检查条件,Check|Condition
StopCurrentActionSkillDuration,int32,CheckCondition2,检查条件2,Check|Condition|2
StopCurrentActionSkillDuration,int32,actorRecordAnimInterrupttedSkillCombineID,角色记录动画被打断技能合并ID,actor|Record|Anim|Interruptted|Skill|Combine|ID
StopCurrentActionSkillDuration,bool,CheckRecordAnimInterrupt,检查记录动画打断,Check|Record|Anim|Interrupt
StopFollowParent,int32,trackId,追踪ID,track|Id
StopTrack,int32,trackId,追踪ID,track|Id
StopTrack,bool,alsoStopNotStartedTrack,也停止非已开始追踪,also|Stop|Not|Started|Track
StopTracks,bool,alsoStopNotStartedTrack,也停止非已开始追踪,also|Stop|Not|Started|Track
StopTracks,TArray<int32>,trackIds,追踪ID,track|Ids
SuperArmorDuration,Vector3,highLitColor,高受光颜色,high|Lit|Color
SuperArmorDuration,int32,targetId,目标ID,target|Id
SwitchCameraDuration,int32,cameraId,相机ID,camera|Id
SwitchCameraDuration,int32,cameraId2,相机ID2,camera|Id|2
SwitchCameraDuration,int32,slerpTick,球面插值每帧,slerp|Tick
SwitchCameraDuration,bool,cutBackOnExit,切割返回开退出,cut|Back|On|Exit
SwitchCameraDuration,bool,forbidDrag,禁止拖拽,forbid|Drag
SwitchIndicatorControlDuration,int32,selfId,自身ID,self|Id
SwitchIndicatorControlDuration,int32,targetId,目标ID,target|Id
SwitchIndicatorControlDuration,bool,enableAllSlot,启用全部槽位,enable|All|Slot
SwitchIndicatorControlDuration,bool,enableSkill0,启用技能0,enable|Skill|0
SwitchIndicatorControlDuration,bool,enableSkill1,启用技能1,enable|Skill|1
SwitchIndicatorControlDuration,bool,enableSkill2,启用技能2,enable|Skill|2
SwitchIndicatorControlDuration,bool,enableSkill3,启用技能3,enable|Skill|3
SwitchIndicatorControlDuration,bool,enableSkillEX3,启用技能扩展3,enable|Skill|EX|3
SwitchIndicatorControlDuration,bool,enableSkill5,启用技能5,enable|Skill|5
SwitchIndicatorControlDuration,bool,enableSkill7,启用技能7,enable|Skill|7
SwitchIndicatorControlDuration,bool,enableSkill9,启用技能9,enable|Skill|9
SwitchIndicatorControlDuration,bool,enableSkill11,启用技能11,enable|Skill|11
SyncActorRotationDuration,int32,targetId,目标ID,target|Id
SyncActorRotationDuration,int32,SyncToId,同步到ID,Sync|To|Id
SyncActorRotationDuration,bool,bSyncMoveCmdDir,同步移动指令方向,b|Sync|Move|Cmd|Dir
SyncAnimParamsTick,StringId,timeParamName,时间参数名称,time|Param|Name
SyncAnimParamsTick,int32,srcId,来源ID,src|Id
SyncAnimParamsTick,int32,actorId,角色ID,actor|Id
SyncAnimParamsTick,bool,syncCurrentAnimTime,同步当前动画时间,sync|Current|Anim|Time
SyncHeroTransToBoatNode,StringId,NodeName,节点名称,Node|Name
SyncHeroTransToBoatNode,int32,actorId,角色ID,actor|Id
SyncHeroTransToBoatNode,int32,NodeActorId,节点角色ID,Node|Actor|Id
SyncMoveSpeedDuration,int32,targetId,目标ID,target|Id
SyncMoveSpeedDuration,int32,hostId,宿主ID,host|Id
SyncMoveSpeedDuration,int32,syncSpeedType,同步速度类型,sync|Speed|Type
SyncMoveSpeedDuration,int32,speedFactor,速度系数,speed|Factor
SyncShipVelDirToModelDir,int32,actorId,角色ID,actor|Id
SyncShipVelDirToModelDir,int32,syncAngleSpeed,同步角度速度,sync|Angle|Speed
SyncShipVelDirToModelDir,int32,stopDiffAngle,停止差异角度,stop|Diff|Angle
SyncShipVelDirToModelDir,bool,bForbidMoveRotate,禁止移动旋转,b|Forbid|Move|Rotate
SyncSkillSlotStateDuration,int32,actorId,角色ID,actor|Id
SyncSkillSlotStateDuration,int32,srcSlotType,来源槽位类型,src|Slot|Type
SyncSkillSlotStateDuration,int32,dstSlotType,目标槽位类型,dst|Slot|Type
SyncSkillSlotStateDuration,bool,bIgnoreSkillLock,忽略技能锁定,b|Ignore|Skill|Lock
SyncSkillSlotStateDuration,bool,bSyncSkillBean,同步技能豆,b|Sync|Skill|Bean
SyncSkillSlotStateDuration,bool,bSyncSkillLimitFlag,同步技能限制标记,b|Sync|Skill|Limit|Flag
SyncSkillSlotStateDuration,bool,bSyncSkillLevel,同步技能等级,b|Sync|Skill|Level
SyncSkillSlotStateDuration,bool,bSyncSkillCD,同步技能冷却,b|Sync|Skill|CD
SynchLocationToPlayerCaptain,int32,targetActorId,目标角色ID,target|Actor|Id
SynchLocationToPlayerCaptain,int32,xValue,x值,x|Value
SynchLocationToPlayerCaptain,int32,yValue,y值,y|Value
SynchLocationToPlayerCaptain,int32,zValue,z值,z|Value
SynchLocationToPlayerCaptain,bool,ignoreComputerCaptain,忽略电脑队长,ignore|Computer|Captain
SynchLocationToPlayerCaptain,bool,bSynchX,同步X,b|Synch|X
SynchLocationToPlayerCaptain,bool,bSetX,设置X,b|Set|X
SynchLocationToPlayerCaptain,bool,bSynchY,同步Y,b|Synch|Y
SynchLocationToPlayerCaptain,bool,bSetY,设置Y,b|Set|Y
SynchLocationToPlayerCaptain,bool,bSynchZ,同步Z,b|Synch|Z
SynchLocationToPlayerCaptain,bool,bSetZ,设置Z,b|Set|Z
TameJungleMonster,int32,srcId,来源ID,src|Id
TameJungleMonster,int32,targetId,目标ID,target|Id
TeamMemberBuffTick,int32,BuffID,增益ID,Buff|ID
TeamMemberBuffTick,int32,PlayerCamp,玩家阵营,Player|Camp
TeamMemberBuffTick,bool,bPlayer1,玩家1,b|Player|1
TeamMemberBuffTick,bool,bPlayer2,玩家2,b|Player|2
TeamMemberBuffTick,bool,bPlayer3,玩家3,b|Player|3
TeamMemberBuffTick,bool,bPlayer4,玩家4,b|Player|4
TeamMemberBuffTick,bool,bPlayer5,玩家5,b|Player|5
TeamMemberBuffTick,bool,bTeammate1,队友1,b|Teammate|1
TeamMemberBuffTick,bool,bTeammate2,队友2,b|Teammate|2
TeamMemberBuffTick,bool,bTeammate3,队友3,b|Teammate|3
TeamMemberBuffTick,bool,bSkipDead,跳过死亡,b|Skip|Dead
TeamMemberResetSkillCDTick,int32,PlayerCamp,玩家阵营,Player|Camp
TeamMemberResetSkillCDTick,bool,bPlayer1,玩家1,b|Player|1
TeamMemberResetSkillCDTick,bool,bPlayer2,玩家2,b|Player|2
TeamMemberResetSkillCDTick,bool,bPlayer3,玩家3,b|Player|3
TeamMemberResetSkillCDTick,bool,bPlayer4,玩家4,b|Player|4
TeamMemberResetSkillCDTick,bool,bPlayer5,玩家5,b|Player|5
TeamMemberResetSkillCDTick,bool,bTeammate1,队友1,b|Teammate|1
TeamMemberResetSkillCDTick,bool,bTeammate2,队友2,b|Teammate|2
TeamMemberResetSkillCDTick,bool,bTeammate3,队友3,b|Teammate|3
TeamMemberResetSkillCDTick,bool,bSetZero,设置零,b|Set|Zero
TeleportActorTick,int32,srcId,来源ID,src|Id
TeleportActorTick,int32,targetId,目标ID,target|Id
TeleportActorTick,int32,BuffID1,增益ID1,Buff|ID|1
TeleportActorTick,int32,BuffID2,增益ID2,Buff|ID|2
TeleportActorTick,int32,BuffID3,增益ID3,Buff|ID|3
TeleportActorTick,int32,BuffID4,增益ID4,Buff|ID|4
TeleportActorTick,bool,RemoveBuff,移除增益,Remove|Buff
TeleportActorTick,bool,RemoveAllBuff,移除全部增益,Remove|All|Buff
TestFuncDuration,int32,actorId,角色ID,actor|Id
TestFuncDuration,int32,targetId,目标ID,target|Id
TestFuncDuration,int32,intVal1,整数值1,int|Val|1
TestFuncDuration,int32,intVal2,整数值2,int|Val|2
TestFuncDuration,int32,intVal3,整数值3,int|Val|3
TestFuncDuration,bool,boolVal1,布尔值1,bool|Val|1
TestFuncDuration,bool,boolVal2,布尔值2,bool|Val|2
TestFuncDuration,bool,boolVal3,布尔值3,bool|Val|3
TestFuncTick,bool,boolVal1,布尔值1,bool|Val|1
TestFuncTick,bool,boolVal2,布尔值2,bool|Val|2
TestFuncTick,bool,boolVal3,布尔值3,bool|Val|3
TestFuncTick,int32,actorId,角色ID,actor|Id
TestFuncTick,int32,targetId,目标ID,target|Id
TestFuncTick,int32,intVal1,整数值1,int|Val|1
TestFuncTick,int32,intVal2,整数值2,int|Val|2
TestFuncTick,int32,intVal3,整数值3,int|Val|3
TestFuncTick,int32,enumVal1,枚举值1,enum|Val|1
TestFuncTick,int32,enumFlag1,枚举标记1,enum|Flag|1
TimeDebugCondition,int32,triggerTime,触发时间,trigger|Time
TimeLapseDuration,int32,recoverHpIntervalTime,恢复生命值间隔时间,recover|Hp|Interval|Time
TimeLapseDuration,bool,bAdjustSpeed,调整速度,b|Adjust|Speed
TimeLapseDuration,bool,bIgnoreCollision,忽略碰撞,b|Ignore|Collision
TimeLapseDuration,bool,bHpPredict,生命值预测,b|Hp|Predict
TimeLapseDuration,bool,bTriggerWhenEnter,触发当进入,b|Trigger|When|Enter
TimeLapseDuration,bool,bAccurateTiming,精确时机,b|Accurate|Timing
TimeLapseDuration,int32,targetId,目标ID,target|Id
TimeLapseDuration,int32,timeLapseLen,时间流逝长度,time|Lapse|Len
TimeLapseDuration,int32,recoverHpRate,恢复生命值速率,recover|Hp|Rate
TimeLapseDuration,int32,lapseMoveSpeed,流逝移动速度,lapse|Move|Speed
TimeLapseDuration,int32,lapseMoveAcceleration,流逝移动加速度,lapse|Move|Acceleration
TimeLapseDuration,int32,maxMoveDistance,最大移动距离,max|Move|Distance
TimeLapseTick,int32,targetId,目标ID,target|Id
TimeLapseTick,int32,timeLapseLen,时间流逝长度,time|Lapse|Len
TimeLapseTick,int32,recoverHpRate,恢复生命值速率,recover|Hp|Rate
TimeScalerDuration,float,TimeScale,时间缩放,Time|Scale
TipProcessorDura,int32,GuideTipId,引导提示ID,Guide|Tip|Id
TipProcessorTick,int32,GuideTipId,引导提示ID,Guide|Tip|Id
TipProcessorTick,bool,bPlayTip,播放提示,b|Play|Tip
ToggleHudComponentTick,int32,targetId,目标ID,target|Id
ToggleHudComponentTick,int32,toggleType,切换类型,toggle|Type
ToggleHudComponentTick,int32,param,参数,param
ToggleHudComponentTick,int32,param2,参数2,param|2
ToggleHudComponentTick,bool,enable,启用,enable
ToggleTalentPanelTick,bool,bShow,显示,b|Show
TowerAttackCount,StringId,countId,计数ID,count|Id
TowerAttackCount,int32,actorId,角色ID,actor|Id
TrembleDuration,VInt3,amplitude,振幅,amplitude
TrembleDuration,int32,actorId,角色ID,actor|Id
TrembleDuration,int32,trembleDuration,颤抖持续时间,tremble|Duration
TrembleDuration,int32,recoverDuration,恢复持续时间,recover|Duration
TriggerAgeDuration,int32,triggerInterval,触发间隔,trigger|Interval
TriggerAgeDuration,int32,triggerPlayAgeCount,触发播放推进计数,trigger|Play|Age|Count
TriggerAgeDuration,int32,firstTriggerDelayTime,首个触发延迟时间,first|Trigger|Delay|Time
TriggerAgeDuration,int32,ageLength,推进长度,age|Length
TriggerAgeDuration,int32,ageRefParamIntValue,推进引用参数整数值,age|Ref|Param|Int|Value
TriggerAgeDuration,bool,bLogicAction,逻辑动作,b|Logic|Action
TriggerAgeDuration,bool,bKeepNotEndWithActionDurationEventLength,保持非结束与动作持续时间事件长度,b|Keep|Not|End|With|Action|Duration|Event|Length
TriggerAgeDuration,bool,bDisableScaleEventStart,禁用缩放事件开始,b|Disable|Scale|Event|Start
TriggerAgeDuration,StringId,actionName,动作名称,action|Name
TriggerAgeDuration,StringId,ageRefParamName,推进引用参数名称,age|Ref|Param|Name
TriggerBluePrintInstDuration,StringId,resourceName,资源名称,resource|Name
TriggerBluePrintInstTick,StringId,resourceName,资源名称,resource|Name
TriggerBuffIconGlowTick,int32,targetId,目标ID,target|Id
TriggerBuffIconGlowTick,int32,checkShowType,检查显示类型,check|Show|Type
TriggerBuffIconGlowTick,bool,bOpen,打开,b|Open
TriggerBulletTick,int32,targetId,目标ID,target|Id
TriggerBulletTick,int32,triggerRadius,触发半径,trigger|Radius
TriggerCameraEffectDuration,int32,targetID,目标ID,target|ID
TriggerCameraEffectDuration,int32,flipTargetID,翻转目标ID,flip|Target|ID
TriggerCameraEffectDuration,int32,slerpTick,球面插值每帧,slerp|Tick
TriggerCameraEffectDuration,bool,cutBackOnExit,切割返回开退出,cut|Back|On|Exit
TriggerCameraEffectDuration,bool,forbidDrag,禁止拖拽,forbid|Drag
TriggerCameraEffectDuration,StringId,cameraId1,相机ID1,camera|Id|1
TriggerCameraEffectDuration,StringId,cameraId2,相机ID2,camera|Id|2
TriggerCampHeroEffectClient,VInt3,targetPos,目标位置,target|Pos
TriggerCampHeroEffectClient,VInt3,targetRot,目标旋转,target|Rot
TriggerCampHeroEffectClient,StringId,campEffect,阵营效果,camp|Effect
TriggerCampHeroEffectClient,int32,targetId,目标ID,target|Id
TriggerCampHeroEffectClient,int32,goOffMidwayTime,对象关中途时间,go|Off|Midway|Time
TriggerCampHeroEffectClient,TArray<StringId>,bindList,绑定列表,bind|List
TriggerChangeHeroFeature,StringId,replaceFeatureIcon,替换特性图标,replace|Feature|Icon
TriggerChangeHeroFeature,int32,actorId,角色ID,actor|Id
TriggerChangeHeroFeature,int32,featureIndex,特性索引,feature|Index
TriggerChangeHeroFeature,int32,featureHeight,特性高度,feature|Height
TriggerChangeHeroFeature,int32,featureWidth,特性宽度,feature|Width
TriggerChangeHeroFeature,int32,featurePosX,特性位置X,feature|Pos|X
TriggerChangeHeroFeature,int32,featurePosY,特性位置Y,feature|Pos|Y
TriggerChangeHeroFeature,bool,bOpen,打开,b|Open
TriggerChangeHeroFeature,StringId,featureIcon,特性图标,feature|Icon
TriggerChangeHeroFeature,StringId,featureBgIcon,特性背景图标,feature|Bg|Icon
TriggerChangeHeroFeatureRootBg,int32,featureBgRootPosX,特性背景根位置X,feature|Bg|Root|Pos|X
TriggerChangeHeroFeatureRootBg,int32,featureBgRootPosY,特性背景根位置Y,feature|Bg|Root|Pos|Y
TriggerChangeHeroFeatureRootBg,bool,bOpen,打开,b|Open
TriggerChangeHeroFeatureRootBg,StringId,featureRootBgIcon,特性根背景图标,feature|Root|Bg|Icon
TriggerChangeHeroFeatureRootBg,int32,actorId,角色ID,actor|Id
TriggerChangeHeroFeatureRootBg,int32,featureBgRootHeight,特性背景根高度,feature|Bg|Root|Height
TriggerChangeHeroFeatureRootBg,int32,featureBgRootWidth,特性背景根宽度,feature|Bg|Root|Width
TriggerChangeHudEnergy,StringId,replaceAtalsName,替换图集名称,replace|Atals|Name
TriggerChangeHudEnergy,int32,targetId,目标ID,target|Id
TriggerChangeHudEnergy,int32,energyState,能量状态,energy|State
TriggerChangeHudEnergy,bool,bPermanentReplace,永久替换,b|Permanent|Replace
TriggerComboGuideTask,int32,taskID,任务ID,task|ID
TriggerComboGuideTask,int32,TaskType,任务类型,Task|Type
TriggerDeadExtraEffectTick,int32,actorId,角色ID,actor|Id
TriggerDeadExtraEffectTick,int32,triggerId,触发ID,trigger|Id
TriggerDeadExtraEffectTick,int32,buffId,增益ID,buff|Id
TriggerDeadExtraEffectTick,int32,atkSlot,攻击槽位,atk|Slot
TriggerDeadExtraEffectTick,bool,bDirectKill,直接击杀,b|Direct|Kill
TriggerDeadExtraEffectTick,bool,bAidEquipActorIgnore,援助装备角色忽略,b|Aid|Equip|Actor|Ignore
TriggerDynamicHUDPart,StringId,path,路径,path
TriggerDynamicHUDPart,StringId,referenceNode,引用节点,reference|Node
TriggerDynamicHUDPart,int32,actorId,角色ID,actor|Id
TriggerDynamicHUDPart,int32,horizontalAlign,水平对齐,horizontal|Align
TriggerDynamicHUDPart,int32,verticalAlign,垂直对齐,vertical|Align
TriggerDynamicHUDPart,int32,layoutPriority,布局优先级,layout|Priority
TriggerDynamicHUDPart,int32,layoutWidth,布局宽度,layout|Width
TriggerDynamicHUDPart,int32,visibleFlag,可见标记,visible|Flag
TriggerDynamicHUDPart,bool,finishRecycle,结束回收,finish|Recycle
TriggerDynamicHUDPart,bool,setByLocalScale,设置由本地缩放,set|By|Local|Scale
TriggerDynamicHUDPart,bool,syncBloodImmunityStyle,同步血量免疫风格,sync|Blood|Immunity|Style
TriggerDynamicHUDPart,bool,autoTriggerAnim,自动触发动画,auto|Trigger|Anim
TriggerDynamicHUDPart,bool,isBatchable,是否可批处理,is|Batchable
TriggerDynamicHUDPart,VInt3,offset,偏移,offset
TriggerDynamicHUDPart,VInt3,scale,缩放,scale
TriggerHeroHudParticle,TArray<int32>,notObservers,非观察者,not|Observers
TriggerHeroHudParticle,StringId,path,路径,path
TriggerHeroHudParticle,int32,actorId,角色ID,actor|Id
TriggerHeroHudParticle,int32,scale,缩放,scale
TriggerHeroHudParticle,int32,offset,偏移,offset
TriggerHeroHudParticle,bool,open,打开,open
TriggerHeroHudParticle,bool,bScaleY,缩放Y,b|Scale|Y
TriggerHeroHudParticle,bool,b3DUI,3DUI,b|3|DUI
TriggerHeroHudParticle,bool,bWatchingVisible,观察可见,b|Watching|Visible
TriggerHeroHudParticle,bool,bPosOffset,位置偏移,b|Pos|Offset
TriggerHeroHudParticle,TArray<int32>,observers,观察者,observers
TriggerHexagonMapActionDuration,StringId,refreshActionName,刷新动作名称,refresh|Action|Name
TriggerHexagonMapActionDuration,StringId,BulletActionName,子弹动作名称,Bullet|Action|Name
TriggerHexagonMapActionDuration,StringId,bulletLimitActionName,子弹限制动作名称,bullet|Limit|Action|Name
TriggerHexagonMapActionDuration,int32,actorId,角色ID,actor|Id
TriggerHexagonMapActionDuration,int32,triggerType,触发类型,trigger|Type
TriggerHexagonMapActionDuration,int32,centerRefActorId,中心引用角色ID,center|Ref|Actor|Id
TriggerHexagonMapActionDuration,int32,triggerInterval,触发间隔,trigger|Interval
TriggerHexagonMapActionDuration,int32,radius,半径,radius
TriggerHexagonMapActionDuration,int32,triggerActorInterval,触发角色间隔,trigger|Actor|Interval
TriggerHexagonMapActionDuration,int32,continuousTriggerTime,持续触发时间,continuous|Trigger|Time
TriggerHexagonMapActionDuration,int32,maxSingleSpreadCount,最大单个扩散计数,max|Single|Spread|Count
TriggerHexagonMapActionDuration,int32,maxSingleTriggerCount,最大单个触发计数,max|Single|Trigger|Count
TriggerHexagonMapActionDuration,int32,bulletTypeId,子弹类型ID,bullet|Type|Id
TriggerHexagonMapActionDuration,int32,bulletNumLimit,子弹数量限制,bullet|Num|Limit
TriggerHexagonMapActionDuration,int32,protectTime,保护时间,protect|Time
TriggerHexagonMapActionDuration,bool,rmvClosestWhenLimit,移除最近当限制,rmv|Closest|When|Limit
TriggerHexagonMapActionDuration,bool,bExtendCurrent,延长当前,b|Extend|Current
TriggerHexagonMapActionDuration,VInt3,centerPos,中心位置,center|Pos
TriggerHexagonMapActionDuration,VInt3,triggerDir,触发方向,trigger|Dir
TriggerHudBuffIcon,int32,targetId,目标ID,target|Id
TriggerHudBuffIcon,int32,virtualBuffId,虚拟增益ID,virtual|Buff|Id
TriggerHudBuffIcon,int32,priority,优先级,priority
TriggerHudBuffIcon,StringId,spriteName,精灵名称,sprite|Name
TriggerHudBuffIcon,StringId,color,颜色,color
TriggerHudComponent3DDuration,int32,hudComponentType,HUD组件类型,hud|Component|Type
TriggerHudComponent3DDuration,StringId,prefabPath,预制体路径,prefab|Path
TriggerHudComponent3DDuration,int32,targetId,目标ID,target|Id
TriggerHudLockBlood,int32,actorId,角色ID,actor|Id
TriggerHudShake,int32,shakeMode,抖动模式,shake|Mode
TriggerHudShake,bool,openFriend,打开友方,open|Friend
TriggerHudShake,bool,openEnemy,打开敌方,open|Enemy
TriggerHudShake,StringId,shakeResPath,抖动资源路径,shake|Res|Path
TriggerHudShake,int32,actorId,角色ID,actor|Id
TriggerIncomeMarkTick,int32,srcId,来源ID,src|Id
TriggerIncomeMarkTick,int32,triggerId,触发ID,trigger|Id
TriggerIncomeMarkTick,int32,tmpObjId,临时对象ID,tmp|Obj|Id
TriggerIndicatorDynamicConnectVecTick,int32,actorId,角色ID,actor|Id
TriggerIndicatorDynamicConnectVecTick,int32,connectVecId,连接向量ID,connect|Vec|Id
TriggerIndicatorDynamicConnectVecTick,int32,connectType,连接类型,connect|Type
TriggerIndicatorDynamicConnectVecTick,int32,slotType,槽位类型,slot|Type
TriggerIndicatorDynamicConnectVecTick,int32,skillID,技能ID,skill|ID
TriggerIndicatorDynamicConnectVecTick,bool,bOpen,打开,b|Open
TriggerKilledIncomeTick,int32,actorId,角色ID,actor|Id
TriggerKilledIncomeTick,int32,incomeSoulRatio,收益灵魂比例,income|Soul|Ratio
TriggerKilledIncomeTick,int32,incomeGoldRatio,收益金币比例,income|Gold|Ratio
TriggerMapEffectDuration,int32,selfId,自身ID,self|Id
TriggerMapEffectDuration,int32,targetId,目标ID,target|Id
TriggerMinimapParticle,int32,targetId,目标ID,target|Id
TriggerMinimapParticle,int32,particleId,粒子ID,particle|Id
TriggerMinimapParticle,int32,signalId,信号ID,signal|Id
TriggerMinimapParticle,StringId,effect,效果,effect
TriggerMinimapParticle,int32,selfId,自身ID,self|Id
TriggerMutiMatsTick,int32,srcId,来源ID,src|Id
TriggerMutiMatsTick,int32,scale,缩放,scale
TriggerMutiMatsTick,int32,fnlArea,最终区域,fnl|Area
TriggerMutiMatsTick,int32,fnlScale,最终缩放,fnl|Scale
TriggerMutiMatsTick,int32,dissolveLowBodyHeight,溶解低躯体高度,dissolve|Low|Body|Height
TriggerMutiMatsTick,int32,dissolveMaxHeight,溶解最大高度,dissolve|Max|Height
TriggerMutiMatsTick,int32,delayFollowTime,延迟跟随时间,delay|Follow|Time
TriggerMutiMatsTick,int32,modelMidY,模型中间Y,model|Mid|Y
TriggerMutiMatsTick,int32,key,键,key
TriggerMutiMatsTick,bool,bOpen,打开,b|Open
TriggerMutiMatsTick,bool,bForbidDefaultDisplayCurve,禁止默认显示曲线,b|Forbid|Default|Display|Curve
TriggerMutiMatsTick,VInt3,offsetModel,偏移模型,offset|Model
TriggerMutiMatsTick,VInt3,mainColor,主颜色,main|Color
TriggerMutiMatsTick,StringId,diaplayCurve,显示曲线,diaplay|Curve
TriggerMutiMatsWithMoreParamTick,VInt3,mainTextureOffset,主贴图偏移,main|Texture|Offset
TriggerMutiMatsWithMoreParamTick,VInt3,fresnelColor,菲涅尔颜色,fresnel|Color
TriggerMutiMatsWithMoreParamTick,VInt3,selfLuminousColor,自身自发光颜色,self|Luminous|Color
TriggerMutiMatsWithMoreParamTick,VInt3,secondaryTextureTilling,次要贴图平铺,secondary|Texture|Tilling
TriggerMutiMatsWithMoreParamTick,VInt3,secondaryTextureOffset,次要贴图偏移,secondary|Texture|Offset
TriggerMutiMatsWithMoreParamTick,VInt3,uvflow,UV流动,uvflow
TriggerMutiMatsWithMoreParamTick,StringId,secondaryTextureName,次要贴图名称,secondary|Texture|Name
TriggerMutiMatsWithMoreParamTick,int32,srcId,来源ID,src|Id
TriggerMutiMatsWithMoreParamTick,int32,scale,缩放,scale
TriggerMutiMatsWithMoreParamTick,int32,fnlArea,最终区域,fnl|Area
TriggerMutiMatsWithMoreParamTick,int32,fnlScale,最终缩放,fnl|Scale
TriggerMutiMatsWithMoreParamTick,int32,mainColorAlpha,主颜色透明度,main|Color|Alpha
TriggerMutiMatsWithMoreParamTick,int32,dissolveLowBodyHeight,溶解低躯体高度,dissolve|Low|Body|Height
TriggerMutiMatsWithMoreParamTick,int32,dissolveMaxHeight,溶解最大高度,dissolve|Max|Height
TriggerMutiMatsWithMoreParamTick,int32,delayFollowTime,延迟跟随时间,delay|Follow|Time
TriggerMutiMatsWithMoreParamTick,int32,modelMidY,模型中间Y,model|Mid|Y
TriggerMutiMatsWithMoreParamTick,int32,fresnelColorAlpha,菲涅尔颜色透明度,fresnel|Color|Alpha
TriggerMutiMatsWithMoreParamTick,int32,selfLuminousScale,自身自发光缩放,self|Luminous|Scale
TriggerMutiMatsWithMoreParamTick,int32,selfLuminousAlpha,自身自发光透明度,self|Luminous|Alpha
TriggerMutiMatsWithMoreParamTick,int32,uvflowWValue,UV流动W值,uvflow|W|Value
TriggerMutiMatsWithMoreParamTick,int32,key,键,key
TriggerMutiMatsWithMoreParamTick,bool,bOpen,打开,b|Open
TriggerMutiMatsWithMoreParamTick,bool,bOpenRemoveTextureColor,打开移除贴图颜色,b|Open|Remove|Texture|Color
TriggerMutiMatsWithMoreParamTick,VInt3,offsetModel,偏移模型,offset|Model
TriggerMutiMatsWithMoreParamTick,VInt3,mainColor,主颜色,main|Color
TriggerMutiMatsWithMoreParamTick,VInt3,mainTextureTilling,主贴图平铺,main|Texture|Tilling
TriggerNewbieEquipTick,int32,triggerTimeType,触发时间类型,trigger|Time|Type
TriggerNewbieEquipTick,bool,bHide,隐藏,b|Hide
TriggerNewbieGuideByNameTick,int32,newbieGuideType,新手引导类型,newbie|Guide|Type
TriggerNewbieGuideTick,int32,NewbieTriggerType,新手触发类型,Newbie|Trigger|Type
TriggerNewbieGuideTick,bool,bCurrentGuideOver,当前引导超过,b|Current|Guide|Over
TriggerParticle,StringId,resourceName,资源名称,resource|Name
TriggerParticle,StringId,bindPointName,绑定点名称,bind|Point|Name
TriggerParticle,Quaternion,bindRotOffset,绑定旋转偏移,bind|Rot|Offset
TriggerParticle,StringId,tag,标签,tag
TriggerParticle,StringId,animNameWhenLeave,动画名称当离开,anim|Name|When|Leave
TriggerParticle,StringId,seqName,序列名称,seq|Name
TriggerParticle,StringId,scaleXNum,缩放X数量,scale|X|Num
TriggerParticle,StringId,scaleYNum,缩放Y数量,scale|Y|Num
TriggerParticle,StringId,scaleZNum,缩放Z数量,scale|Z|Num
TriggerParticle,Vector3,bindPosOffset,绑定位置偏移,bind|Pos|Offset
TriggerParticle,Vector3,scaling,缩放,scaling
TriggerParticle,Vector3,rootScale,根缩放,root|Scale
TriggerParticle,int32,targetId,目标ID,target|Id
TriggerParticle,int32,objectSpaceId,对象空间ID,object|Space|Id
TriggerParticle,int32,VirtualAttachBulletId,虚拟附加子弹ID,Virtual|Attach|Bullet|Id
TriggerParticle,int32,choosePrefabRule,选择预制体规则,choose|Prefab|Rule
TriggerParticle,int32,choosePrefabID,选择预制体ID,choose|Prefab|ID
TriggerParticle,int32,preloadPriority,预加载优先级,preload|Priority
TriggerParticle,int32,startTimeOffset,开始时间偏移,start|Time|Offset
TriggerParticle,int32,speedMultiplier,速度乘数,speed|Multiplier
TriggerParticle,float,worldY,世界Y,world|Y
TriggerParticle,int32,extraYOffset,额外Y偏移,extra|Y|Offset
TriggerParticle,int32,extraOffsetCheckId,额外偏移检查ID,extra|Offset|Check|Id
TriggerParticle,int32,extraOffsetCheckBuff,额外偏移检查增益,extra|Offset|Check|Buff
TriggerParticle,int32,maxLimit,最大限制,max|Limit
TriggerParticle,int32,limitTargetId,限制目标ID,limit|Target|Id
TriggerParticle,int32,limitType,限制类型,limit|Type
TriggerParticle,int32,cameraCullType,相机剔除类型,camera|Cull|Type
TriggerParticle,int32,extend,延长,extend
TriggerParticle,int32,rotToTargetId,旋转到目标ID,rot|To|Target|Id
TriggerParticle,int32,mapResType,地图资源类型,map|Res|Type
TriggerParticle,int32,layer,层,layer
TriggerParticle,int32,skinReserveRefObjId,皮肤保留引用对象ID,skin|Reserve|Ref|Obj|Id
TriggerParticle,int32,skinSpecifiedRefObjId,皮肤指定引用对象ID,skin|Specified|Ref|Obj|Id
TriggerParticle,int32,iDelayDisappearTime,i延迟消失时间,i|Delay|Disappear|Time
TriggerParticle,int32,particleScaleGrow,粒子缩放成长,particle|Scale|Grow
TriggerParticle,int32,particleScaleAffectByCharingRatio,粒子缩放影响由蓄力比例,particle|Scale|Affect|By|Charing|Ratio
TriggerParticle,int32,particleScaleGrowAffectedByProperty,粒子缩放成长受影响由属性,particle|Scale|Grow|Affected|By|Property
TriggerParticle,int32,particleScaleGrowAffectProperty,粒子缩放成长影响属性,particle|Scale|Grow|Affect|Property
TriggerParticle,int32,particleScaleGrowAffectedByEnergy,粒子缩放成长受影响由能量,particle|Scale|Grow|Affected|By|Energy
TriggerParticle,int32,particleScaleDynamicGrowAffectedByEnergy,粒子缩放动态成长受影响由能量,particle|Scale|Dynamic|Grow|Affected|By|Energy
TriggerParticle,int32,particleScaleDynamicGrowAffectedByTime,粒子缩放动态成长受影响由时间,particle|Scale|Dynamic|Grow|Affected|By|Time
TriggerParticle,int32,particleHurtType,粒子伤害类型,particle|Hurt|Type
TriggerParticle,int32,hostPlayerTriggerParticleSortingOrder,宿主玩家触发粒子排序顺序,host|Player|Trigger|Particle|Sorting|Order
TriggerParticle,int32,particleObjId,粒子对象ID,particle|Obj|Id
TriggerParticle,int32,particleBusinessType,粒子业务类型,particle|Business|Type
TriggerParticle,int32,scaleXStandard,缩放X标准,scale|X|Standard
TriggerParticle,int32,scaleYStandard,缩放Y标准,scale|Y|Standard
TriggerParticle,int32,scaleZStandard,缩放Z标准,scale|Z|Standard
TriggerParticle,int32,headParticleType,头部粒子类型,head|Particle|Type
TriggerParticle,bool,bTeamFightCanCull,队伍战斗可剔除,b|Team|Fight|Can|Cull
TriggerParticle,bool,bIgnoreParticleWhenTargetDead,忽略粒子当目标死亡,b|Ignore|Particle|When|Target|Dead
TriggerParticle,bool,bDirNotFollowedByParent,方向非被跟随由父级,b|Dir|Not|Followed|By|Parent
TriggerParticle,bool,bInitFixRenderPos,初始化固定渲染位置,b|Init|Fix|Render|Pos
TriggerParticle,bool,bChoseFromPrefabList,选择从预制体列表,b|Chose|From|Prefab|List
TriggerParticle,bool,bStrongBind,强绑定,b|Strong|Bind
TriggerParticle,bool,bQuitWhenNotFindBindPoint,退出当非查找绑定点,b|Quit|When|Not|Find|Bind|Point
TriggerParticle,bool,bSetWorldY,设置世界Y,b|Set|World|Y
TriggerParticle,bool,bUseActorBulletHeightOffset,使用角色子弹高度偏移,b|Use|Actor|Bullet|Height|Offset
TriggerParticle,bool,bFollowTargetSkillCtxParticleOffsetY,跟随目标技能上下文粒子偏移Y,b|Follow|Target|Skill|Ctx|Particle|Offset|Y
TriggerParticle,bool,keepY,保持Y,keep|Y
TriggerParticle,bool,useExtraYOffset,使用额外Y偏移,use|Extra|Y|Offset
TriggerParticle,bool,enableLayer,启用层,enable|Layer
TriggerParticle,bool,bBulletPos,子弹位置,b|Bullet|Pos
TriggerParticle,bool,bBulletDir,子弹方向,b|Bullet|Dir
TriggerParticle,bool,bBullerPosDir,子弹位置方向,b|Buller|Pos|Dir
TriggerParticle,bool,bUseIndicatorDir,使用指示器方向,b|Use|Indicator|Dir
TriggerParticle,bool,isReverseTarget,是否反向目标,is|Reverse|Target
TriggerParticle,bool,rotToTargetIgnoreY,旋转到目标忽略Y,rot|To|Target|Ignore|Y
TriggerParticle,bool,bUseTransformByMap,使用变换由地图,b|Use|Transform|By|Map
TriggerParticle,bool,bIgnoreHideLayer,忽略隐藏层,b|Ignore|Hide|Layer
TriggerParticle,bool,bIgnoreHideLayerOnlySameCamp,忽略隐藏层仅相同阵营,b|Ignore|Hide|Layer|Only|Same|Camp
TriggerParticle,bool,enableTag,启用标签,enable|Tag
TriggerParticle,bool,applyActionSpeedToParticle,施加动作速度到粒子,apply|Action|Speed|To|Particle
TriggerParticle,bool,bOnlyFollowPos,仅跟随位置,b|Only|Follow|Pos
TriggerParticle,bool,bUpdatePosLater,更新位置之后,b|Update|Pos|Later
TriggerParticle,bool,bPartyDelayDisppear,队伍延迟消失,b|Party|Delay|Disppear
TriggerParticle,bool,bStopEmitWhenDelayDisppear,停止发射当延迟消失,b|Stop|Emit|When|Delay|Disppear
TriggerParticle,bool,bAffectedByParentLogic,受影响由父级逻辑,b|Affected|By|Parent|Logic
TriggerParticle,bool,bAffectedByEquipProperty,受影响由装备属性,b|Affected|By|Equip|Property
TriggerParticle,bool,bScaleByPlayer,缩放由玩家,b|Scale|By|Player
TriggerParticle,bool,saveParticleObj,保存粒子对象,save|Particle|Obj
TriggerParticle,bool,bSaveSeqNum,保存序列数量,b|Save|Seq|Num
TriggerParticle,bool,bRealDestory,真实销毁,b|Real|Destory
TriggerParticle,bool,bScaleNotFollow,缩放非跟随,b|Scale|Not|Follow
TriggerParticle,bool,bUseCommonAtkRangeScale,使用通用攻击范围缩放,b|Use|Common|Atk|Range|Scale
TriggerParticle,bool,bDistortion,扭曲,b|Distortion
TriggerParticle,bool,bGhostShadow,幽灵阴影,b|Ghost|Shadow
TriggerParticle,bool,bNotCull,非剔除,b|Not|Cull
TriggerParticle,bool,bUseDefaultParticle,使用默认粒子,b|Use|Default|Particle
TriggerParticle,bool,bNotCreateWhileEmptyActor,非创建当空角色,b|Not|Create|While|Empty|Actor
TriggerParticle,bool,bRootScaleByNum,根缩放由数量,b|Root|Scale|By|Num
TriggerParticle,bool,bNotUseSkin,非使用皮肤,b|Not|Use|Skin
TriggerParticle,bool,bPauseWhenParentStop,暂停当父级停止,b|Pause|When|Parent|Stop
TriggerParticle,bool,bResetBornScale,重置出生缩放,b|Reset|Born|Scale
TriggerParticle,bool,bForceUseLod3,力使用LOD3,b|Force|Use|Lod|3
TriggerParticle,bool,bEncapsulateParticleBounds,封装粒子边界,b|Encapsulate|Particle|Bounds
TriggerParticle,bool,bSubMeshOfTarget,子网格的目标,b|Sub|Mesh|Of|Target
TriggerParticle,bool,bApplyTranslucentOfTarget,施加半透明的目标,b|Apply|Translucent|Of|Target
TriggerParticle,bool,bIgnoreActorExtraScale,忽略角色额外缩放,b|Ignore|Actor|Extra|Scale
TriggerParticle,bool,bReverseAnim,反向动画,b|Reverse|Anim
TriggerParticle,TArray<StringId>,resourceNameList,资源名称列表,resource|Name|List
TriggerParticleAgeParamModifyDuration,int32,ModifyParamType,修改参数类型,Modify|Param|Type
TriggerParticleAgeParamModifyDuration,int32,overlayType,叠加类型,overlay|Type
TriggerParticleAgeParamModifyDuration,Vector3,changeValue,变更值,change|Value
TriggerParticleAgeParamModifyDuration,int32,actorId,角色ID,actor|Id
TriggerParticleAgeParamModifyDuration,int32,filterConditionType,过滤条件类型,filter|Condition|Type
TriggerParticleAgeParamModifyDuration,int32,slotType,槽位类型,slot|Type
TriggerParticlePerioidc,StringId,tag,标签,tag
TriggerParticlePerioidc,StringId,InitialEffectName,初始效果名称,Initial|Effect|Name
TriggerParticlePerioidc,StringId,PeriodicEffectName,周期效果名称,Periodic|Effect|Name
TriggerParticlePerioidc,StringId,FinalEffectName,最终效果名称,Final|Effect|Name
TriggerParticlePerioidc,Vector3,bindPosOffset,绑定位置偏移,bind|Pos|Offset
TriggerParticlePerioidc,Vector3,scaling,缩放,scaling
TriggerParticlePerioidc,int32,targetId,目标ID,target|Id
TriggerParticlePerioidc,int32,objectSpaceId,对象空间ID,object|Space|Id
TriggerParticlePerioidc,int32,layer,层,layer
TriggerParticlePerioidc,int32,PeriodicInterval,周期间隔,Periodic|Interval
TriggerParticlePerioidc,bool,enableLayer,启用层,enable|Layer
TriggerParticlePerioidc,bool,enableTag,启用标签,enable|Tag
TriggerParticlePerioidc,bool,applyActionSpeedToParticle,施加动作速度到粒子,apply|Action|Speed|To|Particle
TriggerParticlePerioidc,bool,bAutoDestruct,自动销毁,b|Auto|Destruct
TriggerParticlePerioidc,StringId,bindPointName,绑定点名称,bind|Point|Name
TriggerParticlePerioidc,Quaternion,bindRotOffset,绑定旋转偏移,bind|Rot|Offset
TriggerParticleTick,Quaternion,bindRotOffset,绑定旋转偏移,bind|Rot|Offset
TriggerParticleTick,StringId,tag,标签,tag
TriggerParticleTick,StringId,scaleXNum,缩放X数量,scale|X|Num
TriggerParticleTick,StringId,scaleYNum,缩放Y数量,scale|Y|Num
TriggerParticleTick,StringId,scaleZNum,缩放Z数量,scale|Z|Num
TriggerParticleTick,Vector3,bindPosOffset,绑定位置偏移,bind|Pos|Offset
TriggerParticleTick,Vector3,scaling,缩放,scaling
TriggerParticleTick,Vector3,rootScale,根缩放,root|Scale
TriggerParticleTick,int32,targetId,目标ID,target|Id
TriggerParticleTick,int32,objectSpaceId,对象空间ID,object|Space|Id
TriggerParticleTick,int32,VirtualAttachBulletId,虚拟附加子弹ID,Virtual|Attach|Bullet|Id
TriggerParticleTick,int32,preloadPriority,预加载优先级,preload|Priority
TriggerParticleTick,float,lifeTime,生命时间,life|Time
TriggerParticleTick,int32,startTimeOffset,开始时间偏移,start|Time|Offset
TriggerParticleTick,int32,speedMultiplier,速度乘数,speed|Multiplier
TriggerParticleTick,int32,cameraCullType,相机剔除类型,camera|Cull|Type
TriggerParticleTick,int32,extend,延长,extend
TriggerParticleTick,int32,rotToTargetId,旋转到目标ID,rot|To|Target|Id
TriggerParticleTick,int32,layer,层,layer
TriggerParticleTick,int32,maxLimit,最大限制,max|Limit
TriggerParticleTick,int32,limitTargetId,限制目标ID,limit|Target|Id
TriggerParticleTick,int32,limitType,限制类型,limit|Type
TriggerParticleTick,int32,skinReserveRefObjId,皮肤保留引用对象ID,skin|Reserve|Ref|Obj|Id
TriggerParticleTick,int32,skinSpecifiedRefObjId,皮肤指定引用对象ID,skin|Specified|Ref|Obj|Id
TriggerParticleTick,int32,particleScaleGrow,粒子缩放成长,particle|Scale|Grow
TriggerParticleTick,int32,particleScaleGrowAffectedByEnergy,粒子缩放成长受影响由能量,particle|Scale|Grow|Affected|By|Energy
TriggerParticleTick,int32,particleScaleGrowAffectedByProperty,粒子缩放成长受影响由属性,particle|Scale|Grow|Affected|By|Property
TriggerParticleTick,int32,particleScaleGrowAffectProperty,粒子缩放成长影响属性,particle|Scale|Grow|Affect|Property
TriggerParticleTick,int32,particleHurtType,粒子伤害类型,particle|Hurt|Type
TriggerParticleTick,int32,hostPlayerTriggerParticleSortingOrder,宿主玩家触发粒子排序顺序,host|Player|Trigger|Particle|Sorting|Order
TriggerParticleTick,int32,particleObjId,粒子对象ID,particle|Obj|Id
TriggerParticleTick,int32,extraYOffset,额外Y偏移,extra|Y|Offset
TriggerParticleTick,int32,extraOffsetCheckId,额外偏移检查ID,extra|Offset|Check|Id
TriggerParticleTick,int32,extraOffsetCheckBuff,额外偏移检查增益,extra|Offset|Check|Buff
TriggerParticleTick,int32,scaleXStandard,缩放X标准,scale|X|Standard
TriggerParticleTick,int32,scaleYStandard,缩放Y标准,scale|Y|Standard
TriggerParticleTick,int32,scaleZStandard,缩放Z标准,scale|Z|Standard
TriggerParticleTick,int32,particleRecycleStrategy,粒子回收策略,particle|Recycle|Strategy
TriggerParticleTick,int32,particleBusinessType,粒子业务类型,particle|Business|Type
TriggerParticleTick,int32,headParticleType,头部粒子类型,head|Particle|Type
TriggerParticleTick,bool,bTeamFightCanCull,队伍战斗可剔除,b|Team|Fight|Can|Cull
TriggerParticleTick,bool,bFixInitRenderPos,固定初始化渲染位置,b|Fix|Init|Render|Pos
TriggerParticleTick,bool,bDirNotFollowedByParent,方向非被跟随由父级,b|Dir|Not|Followed|By|Parent
TriggerParticleTick,bool,bQuitWhenNotFindBindPoint,退出当非查找绑定点,b|Quit|When|Not|Find|Bind|Point
TriggerParticleTick,bool,enableLayer,启用层,enable|Layer
TriggerParticleTick,bool,bBlueprintPos,蓝图位置,b|Blueprint|Pos
TriggerParticleTick,bool,bBulletPos,子弹位置,b|Bullet|Pos
TriggerParticleTick,bool,bBulletDir,子弹方向,b|Bullet|Dir
TriggerParticleTick,bool,bBulletMovingDir,子弹移动中方向,b|Bullet|Moving|Dir
TriggerParticleTick,bool,bBullerPosDir,子弹位置方向,b|Buller|Pos|Dir
TriggerParticleTick,bool,bUseIndicatorDir,使用指示器方向,b|Use|Indicator|Dir
TriggerParticleTick,bool,bUseIndicatorDirRealTime,使用指示器方向真实时间,b|Use|Indicator|Dir|Real|Time
TriggerParticleTick,bool,isReverseTarget,是否反向目标,is|Reverse|Target
TriggerParticleTick,bool,bIgnoreHideLayer,忽略隐藏层,b|Ignore|Hide|Layer
TriggerParticleTick,bool,bIgnoreHideLayerOnlySameCamp,忽略隐藏层仅相同阵营,b|Ignore|Hide|Layer|Only|Same|Camp
TriggerParticleTick,bool,enableTag,启用标签,enable|Tag
TriggerParticleTick,bool,applyActionSpeedToParticle,施加动作速度到粒子,apply|Action|Speed|To|Particle
TriggerParticleTick,bool,bAffectedByEquipProperty,受影响由装备属性,b|Affected|By|Equip|Property
TriggerParticleTick,bool,bNotCreateWhileNull,非创建当空,b|Not|Create|While|Null
TriggerParticleTick,bool,bNotCreateWhileEmptyActor,非创建当空角色,b|Not|Create|While|Empty|Actor
TriggerParticleTick,bool,bScaleByPlayer,缩放由玩家,b|Scale|By|Player
TriggerParticleTick,bool,saveParticleObj,保存粒子对象,save|Particle|Obj
TriggerParticleTick,bool,bRealDestory,真实销毁,b|Real|Destory
TriggerParticleTick,bool,bAdjustPosOffsetY,调整位置偏移Y,b|Adjust|Pos|Offset|Y
TriggerParticleTick,bool,bUseActorBulletHeightOffset,使用角色子弹高度偏移,b|Use|Actor|Bullet|Height|Offset
TriggerParticleTick,bool,useExtraYOffset,使用额外Y偏移,use|Extra|Y|Offset
TriggerParticleTick,bool,bDistortion,扭曲,b|Distortion
TriggerParticleTick,bool,bGhostShadow,幽灵阴影,b|Ghost|Shadow
TriggerParticleTick,bool,bNotCull,非剔除,b|Not|Cull
TriggerParticleTick,bool,bRootScaleByNum,根缩放由数量,b|Root|Scale|By|Num
TriggerParticleTick,bool,bNotUseSkin,非使用皮肤,b|Not|Use|Skin
TriggerParticleTick,bool,bResetBornScale,重置出生缩放,b|Reset|Born|Scale
TriggerParticleTick,bool,bDestoryWhenCallActorStateChange,销毁当调用角色状态变更,b|Destory|When|Call|Actor|State|Change
TriggerParticleTick,bool,bForceUseLod3,力使用LOD3,b|Force|Use|Lod|3
TriggerParticleTick,bool,bEncapsulateParticleBounds,封装粒子边界,b|Encapsulate|Particle|Bounds
TriggerParticleTick,bool,bSubMeshOfTarget,子网格的目标,b|Sub|Mesh|Of|Target
TriggerParticleTick,bool,bApplyTranslucentOfTarget,施加半透明的目标,b|Apply|Translucent|Of|Target
TriggerParticleTick,bool,bIgnoreActorExtraScale,忽略角色额外缩放,b|Ignore|Actor|Extra|Scale
TriggerParticleTick,bool,bReverseAnim,反向动画,b|Reverse|Anim
TriggerParticleTick,StringId,resourceName,资源名称,resource|Name
TriggerParticleTick,StringId,bindPointName,绑定点名称,bind|Point|Name
TriggerPlaymakerEvent,StringId,sendEvent,发送事件,send|Event
TriggerPlaymakerEvent,int32,targetId,目标ID,target|Id
TriggerPlaymakerEvent,float,delay,延迟,delay
TriggerPlaymakerEvent,bool,broadcast,广播,broadcast
TriggerRemoveActiveEquipDuration,int32,targetId,目标ID,target|Id
TriggerRemoveActiveEquipDuration,int32,equipID,装备ID,equip|ID
TriggerRemoveEquipTick,int32,targetId,目标ID,target|Id
TriggerRemoveEquipTick,int32,equipID,装备ID,equip|ID
TriggerSkillBtnTimer,int32,targetId,目标ID,target|Id
TriggerSkillBtnTimer,int32,slotType,槽位类型,slot|Type
TriggerSkillBtnTimer,int32,sumTimer,总和计时器,sum|Timer
TriggerSkillBtnTimer,int32,changeColorR,变更颜色R,change|Color|R
TriggerSkillBtnTimer,int32,changeColorG,变更颜色G,change|Color|G
TriggerSkillBtnTimer,int32,changeColorB,变更颜色,change|Color|B
TriggerSkillBtnTimer,bool,bShow,显示,b|Show
TriggerSkillMarkParticleTick,StringId,resourceName,资源名称,resource|Name
TriggerSkillSideButton,int32,sourceId,来源ID,source|Id
TriggerSkillSideButton,int32,slotType,槽位类型,slot|Type
TriggerSkillSideButton,int32,uniqueID,唯一ID,unique|ID
TriggerSkillSideButton,StringId,iconName,图标名称,icon|Name
TriggerSkillSideButton,StringId,buttonText,按钮文本,button|Text
TriggerSpecielHurtEffectTick,StringId,resourceName,资源名称,resource|Name
TriggerSpecielHurtEffectTick,int32,actorId,角色ID,actor|Id
TriggerSpecielHurtEffectTick,int32,replayCount,重放计数,replay|Count
TriggerSpecielHurtEffectTick,bool,bActive,激活,b|Active
TriggerTerminateEffectTick,StringId,unkillableEffectPath,不死效果路径,unkillable|Effect|Path
TriggerTerminateEffectTick,int32,targetId,目标ID,target|Id
TriggerTerminateEffectTick,int32,attackerId,攻击者ID,attacker|Id
TriggerTerminateEffectTick,int32,index,索引,index
TriggerTerminateEffectTick,int32,visibleFlag,可见标记,visible|Flag
TriggerTerminateEffectTick,int32,terminateHp,终止生命值,terminate|Hp
TriggerTerminateEffectTick,int32,displayHp,显示生命值,display|Hp
TriggerTerminateEffectTick,bool,bOpen,打开,b|Open
TriggerTerminateEffectTick,bool,bShowMask,显示掩码,b|Show|Mask
TriggerTerminateEffectTick,bool,bClampPosX,钳制位置X,b|Clamp|Pos|X
TriggerTerminateEffectTick,StringId,effectPath,效果路径,effect|Path
TriggerTerminateEffectTick,StringId,killableEffectPath,可击杀效果路径,killable|Effect|Path
TrigonometricBulletDuration,int32,nesting,嵌套,nesting
TrigonometricBulletDuration,int32,magnitude,幅值,magnitude
TrigonometricBulletDuration,int32,maxTrackDistance,最大追踪距离,max|Track|Distance
TrigonometricBulletDuration,int32,traceAdjustThreshold,追踪调整阈值,trace|Adjust|Threshold
TrigonometricBulletDuration,bool,isRotate,是否旋转,is|Rotate
TrigonometricBulletDuration,bool,trackRealTimePos,追踪真实时间位置,track|Real|Time|Pos
TrigonometricBulletDuration,int32,targetId,目标ID,target|Id
TrigonometricBulletDuration,int32,destId,目标ID,dest|Id
TrigonometricBulletDuration,int32,eCurveType,e曲线类型,e|Curve|Type
TrigonometricBulletDuration,int32,moveSpeed,移动速度,move|Speed
TrigonometricBulletDuration,int32,acceleration,加速度,acceleration
TrigonometricBulletDuration,int32,period,周期,period
TriigerUIAddPartical,float,playTime,播放时间,play|Time
TriigerUIAddPartical,StringId,particleName,粒子名称,particle|Name
TriigerUIAddPartical,Vector3,screenPos,屏幕位置,screen|Pos
TsScriptEventReceiveDuration,StringId,eventName,事件名称,event|Name
TsScriptEventReceiveDuration,int32,eventParamCount,事件参数计数,event|Param|Count
TsScriptEventReceiveDuration,int32,eventParamType1,事件参数类型1,event|Param|Type|1
TsScriptEventReceiveDuration,int32,eventParamType2,事件参数类型2,event|Param|Type|2
TsScriptEventReceiveDuration,int32,eventParamType3,事件参数类型3,event|Param|Type|3
TsScriptEventReceiveDuration,int32,eventParamType4,事件参数类型4,event|Param|Type|4
TsScriptEventReceiveDuration,int32,eventParamType5,事件参数类型5,event|Param|Type|5
TsScriptEventReceiveDuration,int32,eventParamType6,事件参数类型6,event|Param|Type|6
TsScriptEventReceiveDuration,int32,eventParamType7,事件参数类型7,event|Param|Type|7
TsScriptEventReceiveDuration,int32,eventParamType8,事件参数类型8,event|Param|Type|8
TsScriptEventReceiveDuration,int32,eventParamType9,事件参数类型9,event|Param|Type|9
TsScriptEventReceiveDuration,int32,eventParamType10,事件参数类型10,event|Param|Type|10
TsScriptEventReceiveDuration,int32,eventParamType11,事件参数类型11,event|Param|Type|11
TsScriptEventReceiveDuration,int32,eventParamType12,事件参数类型12,event|Param|Type|12
TsScriptEventReceiveDuration,int32,eventParamType13,事件参数类型13,event|Param|Type|13
TsScriptEventReceiveDuration,int32,eventParamType14,事件参数类型14,event|Param|Type|14
TsScriptEventReceiveDuration,int32,eventParamType15,事件参数类型15,event|Param|Type|15
TsScriptEventReceiveDuration,int32,eventParamType16,事件参数类型16,event|Param|Type|16
TsScriptEventReceiveDuration,int32,eventParamType17,事件参数类型17,event|Param|Type|17
TsScriptEventReceiveDuration,int32,eventParamType18,事件参数类型18,event|Param|Type|18
TsScriptEventReceiveDuration,int32,eventParamType19,事件参数类型19,event|Param|Type|19
TsScriptEventReceiveDuration,int32,eventParamType20,事件参数类型20,event|Param|Type|20
TsScriptEventReceiveDuration,int32,saveDest,保存目标,save|Dest
TsScriptEventReceiveDuration,int32,actorId,角色ID,actor|Id
TsScriptEventReceiveDuration,TArray<StringId>,variableList,变量列表,variable|List
TsScriptEventTick,StringId,stringParam2,字符串参数2,string|Param|2
TsScriptEventTick,StringId,stringParam3,字符串参数3,string|Param|3
TsScriptEventTick,StringId,stringParam4,字符串参数4,string|Param|4
TsScriptEventTick,StringId,stringParam5,字符串参数5,string|Param|5
TsScriptEventTick,StringId,stringParam6,字符串参数6,string|Param|6
TsScriptEventTick,StringId,stringParam7,字符串参数7,string|Param|7
TsScriptEventTick,StringId,stringParam8,字符串参数8,string|Param|8
TsScriptEventTick,StringId,stringParam9,字符串参数9,string|Param|9
TsScriptEventTick,StringId,stringParam10,字符串参数10,string|Param|10
TsScriptEventTick,StringId,stringParam11,字符串参数11,string|Param|11
TsScriptEventTick,StringId,stringParam12,字符串参数12,string|Param|12
TsScriptEventTick,StringId,stringParam13,字符串参数13,string|Param|13
TsScriptEventTick,StringId,stringParam14,字符串参数14,string|Param|14
TsScriptEventTick,StringId,stringParam15,字符串参数15,string|Param|15
TsScriptEventTick,StringId,stringParam16,字符串参数16,string|Param|16
TsScriptEventTick,StringId,stringParam17,字符串参数17,string|Param|17
TsScriptEventTick,StringId,stringParam18,字符串参数18,string|Param|18
TsScriptEventTick,StringId,stringParam19,字符串参数19,string|Param|19
TsScriptEventTick,StringId,stringParam20,字符串参数20,string|Param|20
TsScriptEventTick,int32,eventParamCount,事件参数计数,event|Param|Count
TsScriptEventTick,int32,eventParamType1,事件参数类型1,event|Param|Type|1
TsScriptEventTick,int32,intParam1,整数参数1,int|Param|1
TsScriptEventTick,int32,objectParam1,对象参数1,object|Param|1
TsScriptEventTick,int32,eventParamType2,事件参数类型2,event|Param|Type|2
TsScriptEventTick,int32,intParam2,整数参数2,int|Param|2
TsScriptEventTick,int32,objectParam2,对象参数2,object|Param|2
TsScriptEventTick,int32,eventParamType3,事件参数类型3,event|Param|Type|3
TsScriptEventTick,int32,intParam3,整数参数3,int|Param|3
TsScriptEventTick,int32,objectParam3,对象参数3,object|Param|3
TsScriptEventTick,int32,eventParamType4,事件参数类型4,event|Param|Type|4
TsScriptEventTick,int32,intParam4,整数参数4,int|Param|4
TsScriptEventTick,int32,objectParam4,对象参数4,object|Param|4
TsScriptEventTick,int32,eventParamType5,事件参数类型5,event|Param|Type|5
TsScriptEventTick,int32,intParam5,整数参数5,int|Param|5
TsScriptEventTick,int32,objectParam5,对象参数5,object|Param|5
TsScriptEventTick,int32,eventParamType6,事件参数类型6,event|Param|Type|6
TsScriptEventTick,int32,intParam6,整数参数6,int|Param|6
TsScriptEventTick,int32,objectParam6,对象参数6,object|Param|6
TsScriptEventTick,int32,eventParamType7,事件参数类型7,event|Param|Type|7
TsScriptEventTick,int32,intParam7,整数参数7,int|Param|7
TsScriptEventTick,int32,objectParam7,对象参数7,object|Param|7
TsScriptEventTick,int32,eventParamType8,事件参数类型8,event|Param|Type|8
TsScriptEventTick,int32,intParam8,整数参数8,int|Param|8
TsScriptEventTick,int32,objectParam8,对象参数8,object|Param|8
TsScriptEventTick,int32,eventParamType9,事件参数类型9,event|Param|Type|9
TsScriptEventTick,int32,intParam9,整数参数9,int|Param|9
TsScriptEventTick,int32,objectParam9,对象参数9,object|Param|9
TsScriptEventTick,int32,eventParamType10,事件参数类型10,event|Param|Type|10
TsScriptEventTick,int32,intParam10,整数参数10,int|Param|10
TsScriptEventTick,int32,objectParam10,对象参数10,object|Param|10
TsScriptEventTick,int32,eventParamType11,事件参数类型11,event|Param|Type|11
TsScriptEventTick,int32,intParam11,整数参数11,int|Param|11
TsScriptEventTick,int32,objectParam11,对象参数11,object|Param|11
TsScriptEventTick,int32,eventParamType12,事件参数类型12,event|Param|Type|12
TsScriptEventTick,int32,intParam12,整数参数12,int|Param|12
TsScriptEventTick,int32,objectParam12,对象参数12,object|Param|12
TsScriptEventTick,int32,eventParamType13,事件参数类型13,event|Param|Type|13
TsScriptEventTick,int32,intParam13,整数参数13,int|Param|13
TsScriptEventTick,int32,objectParam13,对象参数13,object|Param|13
TsScriptEventTick,int32,eventParamType14,事件参数类型14,event|Param|Type|14
TsScriptEventTick,int32,intParam14,整数参数14,int|Param|14
TsScriptEventTick,int32,objectParam14,对象参数14,object|Param|14
TsScriptEventTick,int32,eventParamType15,事件参数类型15,event|Param|Type|15
TsScriptEventTick,int32,intParam15,整数参数15,int|Param|15
TsScriptEventTick,int32,objectParam15,对象参数15,object|Param|15
TsScriptEventTick,int32,eventParamType16,事件参数类型16,event|Param|Type|16
TsScriptEventTick,int32,intParam16,整数参数16,int|Param|16
TsScriptEventTick,int32,objectParam16,对象参数16,object|Param|16
TsScriptEventTick,int32,eventParamType17,事件参数类型17,event|Param|Type|17
TsScriptEventTick,int32,intParam17,整数参数17,int|Param|17
TsScriptEventTick,int32,objectParam17,对象参数17,object|Param|17
TsScriptEventTick,int32,eventParamType18,事件参数类型18,event|Param|Type|18
TsScriptEventTick,int32,intParam18,整数参数18,int|Param|18
TsScriptEventTick,int32,objectParam18,对象参数18,object|Param|18
TsScriptEventTick,int32,eventParamType19,事件参数类型19,event|Param|Type|19
TsScriptEventTick,int32,intParam19,整数参数19,int|Param|19
TsScriptEventTick,int32,objectParam19,对象参数19,object|Param|19
TsScriptEventTick,int32,eventParamType20,事件参数类型20,event|Param|Type|20
TsScriptEventTick,int32,intParam20,整数参数20,int|Param|20
TsScriptEventTick,int32,objectParam20,对象参数20,object|Param|20
TsScriptEventTick,bool,boolParam1,布尔参数1,bool|Param|1
TsScriptEventTick,bool,boolParam2,布尔参数2,bool|Param|2
TsScriptEventTick,bool,boolParam3,布尔参数3,bool|Param|3
TsScriptEventTick,bool,boolParam4,布尔参数4,bool|Param|4
TsScriptEventTick,bool,boolParam5,布尔参数5,bool|Param|5
TsScriptEventTick,bool,boolParam6,布尔参数6,bool|Param|6
TsScriptEventTick,bool,boolParam7,布尔参数7,bool|Param|7
TsScriptEventTick,bool,boolParam8,布尔参数8,bool|Param|8
TsScriptEventTick,bool,boolParam9,布尔参数9,bool|Param|9
TsScriptEventTick,bool,boolParam10,布尔参数10,bool|Param|10
TsScriptEventTick,bool,boolParam11,布尔参数11,bool|Param|11
TsScriptEventTick,bool,boolParam12,布尔参数12,bool|Param|12
TsScriptEventTick,bool,boolParam13,布尔参数13,bool|Param|13
TsScriptEventTick,bool,boolParam14,布尔参数14,bool|Param|14
TsScriptEventTick,bool,boolParam15,布尔参数15,bool|Param|15
TsScriptEventTick,bool,boolParam16,布尔参数16,bool|Param|16
TsScriptEventTick,bool,boolParam17,布尔参数17,bool|Param|17
TsScriptEventTick,bool,boolParam18,布尔参数18,bool|Param|18
TsScriptEventTick,bool,boolParam19,布尔参数19,bool|Param|19
TsScriptEventTick,bool,boolParam20,布尔参数20,bool|Param|20
TsScriptEventTick,StringId,eventName,事件名称,event|Name
TsScriptEventTick,StringId,stringParam1,字符串参数1,string|Param|1
TwinMode,int32,secBloodBarOffset,秒血量条偏移,sec|Blood|Bar|Offset
TwinMode,int32,actorId,角色ID,actor|Id
TwinMode,int32,twinLId,双LID,twin|L|Id
TwinMode,int32,twinRId,双RID,twin|R|Id
TwinMode,int32,centerRotSpeed,中心旋转速度,center|Rot|Speed
TwinMode,int32,twinRotSpeed,双旋转速度,twin|Rot|Speed
TwinMode,int32,twinPosOffset,双位置偏移,twin|Pos|Offset
USGPlayAnimDuration,float,crossFadeTime,交叉淡入淡出时间,cross|Fade|Time
USGPlayAnimDuration,StringId,animState,动画状态,anim|State
USGPlayAnimDuration,int32,targetId,目标ID,target|Id
USGPlayAnimTick,int32,targetId,目标ID,target|Id
USGPlayAnimTick,float,crossFadeTime,交叉淡入淡出时间,cross|Fade|Time
USGPlayAnimTick,int32,endBehavior,结束行为,end|Behavior
USGPlayAnimTick,StringId,animState,动画状态,anim|State
USGPlayAnimTick,StringId,nextAnimState,下一个动画状态,next|Anim|State
USGStopAnimTick,int32,targetId,目标ID,target|Id
UnPackDyingHeroTick,int32,selfId,自身ID,self|Id
UnPackDyingHeroTick,int32,targetId,目标ID,target|Id
UnityObjAnimIntParam,StringId,strName,字符串名称,str|Name
UnityObjAnimIntParam,int32,targetId,目标ID,target|Id
UnityObjAnimIntParam,int32,intParam,整数参数,int|Param
UnityObjAnimIntParam,bool,detachParent,分离父级,detach|Parent
UnityObjLoopDuration,int32,selfId,自身ID,self|Id
UnityObjLoopDuration,int32,targetId,目标ID,target|Id
UnityObjLoopDuration,int32,loopRadius,循环半径,loop|Radius
UnityObjLoopDuration,int32,loopSpd,循环速度,loop|Spd
UnityObjLoopDuration,bool,transNotEffectedByParent,变换非受影响由父级,trans|Not|Effected|By|Parent
UnityObjMoveDuration,int32,selfId,自身ID,self|Id
UnityObjMoveDuration,int32,moveTime,移动时间,move|Time
UnityObjMoveDuration,int32,moveType,移动类型,move|Type
UnityObjMoveDuration,int32,refObjID,引用对象ID,ref|Obj|ID
UnityObjMoveDuration,bool,useUnityObjRefPos,使用Unity对象引用位置,use|Unity|Obj|Ref|Pos
UnityObjMoveDuration,bool,lockRotate,锁定旋转,lock|Rotate
UnityObjMoveDuration,bool,setMoveTime,设置移动时间,set|Move|Time
UnityObjMoveDuration,VInt3,rotateDir,旋转方向,rotate|Dir
UnityObjMoveDuration,VInt3,offset,偏移,offset
UnityObjPlayAnimDuration,bool,bResetAni,重置动画,b|Reset|Ani
UnityObjPlayAnimDuration,bool,bPlayOnFirstChild,播放开首个子级,b|Play|On|First|Child
UnityObjPlayAnimDuration,StringId,clipName,剪辑名称,clip|Name
UnityObjPlayAnimDuration,int32,targetId,目标ID,target|Id
UpdateCurrentNormalAtkSpeed,int32,targetId,目标ID,target|Id
UpdateWallParticleLocationDuration,int32,targetId,目标ID,target|Id
UpdateWallParticleLocationDuration,int32,particleObjId,粒子对象ID,particle|Obj|Id
UpdateWallParticleLocationDuration,int32,searchRadius,搜索半径,search|Radius
UpdateWallParticleLocationDuration,int32,searchCnt,搜索计数,search|Cnt
UpdateWallParticleLocationDuration,bool,showGround,显示地面,show|Ground
UseCommonAttackDuration,int32,actorId,角色ID,actor|Id
UseCommonAttackDuration,int32,targetId,目标ID,target|Id
UseCommonAttackDuration,int32,attempPlayDelayTime,尝试播放延迟时间,attemp|Play|Delay|Time
UseSkillDuration,int32,skillUserId,技能用户ID,skill|User|Id
UtilityCollisionGenerator,int32,vertexLifeTime,顶点生命时间,vertex|Life|Time
UtilityCollisionGenerator,bool,isMergeSampleResult,是否合并采样结果,is|Merge|Sample|Result
UtilityCollisionGenerator,bool,trailCapsuleAutoMerge,拖尾胶囊自动合并,trail|Capsule|Auto|Merge
UtilityCollisionGenerator,bool,notMergeEndPoint,非合并结束点,not|Merge|End|Point
UtilityCollisionGenerator,int32,refPointId,引用点ID,ref|Point|Id
UtilityCollisionGenerator,int32,colliderId,碰撞体ID,collider|Id
UtilityCollisionGenerator,int32,CollisionType,碰撞类型,Collision|Type
UtilityCollisionGenerator,int32,sampleInterval,采样间隔,sample|Interval
UtilityCollisionGenerator,int32,sampleWidth,采样宽度,sample|Width
UtilityCollisionGenerator,int32,trailCapsuleAutoMergeAngle,拖尾胶囊自动合并角度,trail|Capsule|Auto|Merge|Angle
ValidateActorPositionTick,int32,targetId,目标ID,target|Id
ValidateActorPositionTick,int32,radius,半径,radius
ValidateActorPositionTick,bool,enhanceSearch,增强搜索,enhance|Search
VarIntCaclTick,StringId,rightVarName,右变量名称,right|Var|Name
VarIntCaclTick,int32,leftValue,左值,left|Value
VarIntCaclTick,int32,opType,操作类型,op|Type
VarIntCaclTick,int32,rightValue,右值,right|Value
VarIntCaclTick,bool,bLeftIsVar,左是否变量,b|Left|Is|Var
VarIntCaclTick,bool,bRightIsVar,右是否变量,b|Right|Is|Var
VarIntCaclTick,bool,bIsFloat,是否浮点,b|Is|Float
VarIntCaclTick,StringId,outVar,外变量,out|Var
VarIntCaclTick,StringId,leftVarName,左变量名称,left|Var|Name
VariableScopeBuffTick,int32,shieldType,护盾类型,shield|Type
VariableScopeBuffTick,int32,referDataType,引用数据类型,refer|Data|Type
VariableScopeBuffTick,int32,threshold1,阈值1,threshold|1
VariableScopeBuffTick,int32,threshold2,阈值2,threshold|2
VariableScopeBuffTick,int32,buffId1,增益ID1,buff|Id|1
VariableScopeBuffTick,int32,buffId2,增益ID2,buff|Id|2
VariableScopeBuffTick,int32,buffId3,增益ID3,buff|Id|3
VariableScopeBuffTick,bool,bCompareRatio,比较比例,b|Compare|Ratio
VariableScopeBuffTick,StringId,refParamName,引用参数名称,ref|Param|Name
VariableScopeBuffTick,int32,targetId,目标ID,target|Id
VariableScopeBuffTick,int32,srcId,来源ID,src|Id
VariableScopeBuffTick,int32,targetDataType,目标数据类型,target|Data|Type
WallWalkFuncDuration,int32,actorId,角色ID,actor|Id
WallWalkFuncDuration,int32,ToGroundDirectionSearchRadius,到地面方向搜索半径,To|Ground|Direction|Search|Radius
WallWalkFuncDuration,int32,ToGroundDirectionSearchAngle,到地面方向搜索角度,To|Ground|Direction|Search|Angle
WallWalkFuncDuration,bool,bWallWalkAbility,墙行走能力,b|Wall|Walk|Ability
WallWalkFuncDuration,bool,bCheckWallAreaCondition,检查墙区域条件,b|Check|Wall|Area|Condition
WallWalkFuncDuration,bool,bKeepWallPos,保持墙位置,b|Keep|Wall|Pos
WatchCameraFollowBulletDuration,int32,srcId,来源ID,src|Id
WatchCameraFollowBulletDuration,int32,targetId,目标ID,target|Id
